// Created by Crowbar 0.68
version 1
nodes
  0 "root" -1
  1 "bip_upperArm_L" 0
  2 "bip_upperArm_R" 0
  3 "bip_lowerArm_L" 1
  4 "bip_lowerArm_R" 2
  5 "bip_wrist_L" 3
  6 "bip_wrist_R" 4
  7 "bip_hand_L" 3
  8 "bip_hand_R" 6
  9 "arm_attach_R" 4
  10 "bip_twist_R" 4
  11 "forearm_twist_01_L" 3
  12 "effect_hand_L" 7
  13 "effect_hand_R" 8
  14 "vm_weapon_bone" 8
  15 "vm_weapon_bone_1" 8
  16 "vm_weapon_bone_2" 8
  17 "vm_weapon_bone_3" 8
  18 "vm_weapon_bone_4" 8
  19 "vm_weapon_bone_5" 8
  20 "vm_weapon_bone_6" 8
  21 "vm_weapon_bone_7" 8
  22 "vm_weapon_bone_L" 7
  23 "vm_weapon_bone_L_1" 7
  24 "vm_weapon_bone_L_2" 7
  25 "weapon_bone" 8
  26 "weapon_bone_1" 8
  27 "weapon_bone_2" 8
  28 "weapon_bone_3" 8
  29 "weapon_bone_L" 7
  30 "bip_thumb_0_L" 7
  31 "bip_thumb_0_R" 8
  32 "bip_thumb_1_L" 30
  33 "bip_thumb_1_R" 31
  34 "bip_thumb_2_L" 32
  35 "bip_thumb_2_R" 33
  36 "bip_index_meta_0_L" 7
  37 "bip_index_meta_0_R" 8
  38 "bip_index_0_L" 36
  39 "bip_index_0_R" 37
  40 "bip_index_1_L" 38
  41 "bip_index_1_R" 39
  42 "bip_index_2_L" 40
  43 "bip_index_2_R" 41
  44 "bip_middle_meta_0_L" 7
  45 "bip_middle_meta_0_R" 8
  46 "bip_middle_0_L" 44
  47 "bip_middle_0_R" 45
  48 "bip_middle_1_L" 46
  49 "bip_middle_1_R" 47
  50 "bip_middle_2_L" 48
  51 "bip_middle_2_R" 49
  52 "bip_ring_meta_0_L" 7
  53 "bip_ring_meta_0_R" 8
  54 "bip_ring_0_L" 52
  55 "bip_ring_0_R" 53
  56 "bip_ring_1_L" 54
  57 "bip_ring_1_R" 55
  58 "bip_ring_2_L" 56
  59 "bip_ring_2_R" 57
  60 "bip_pinky_meta_0_L" 7
  61 "bip_pinky_meta_0_R" 8
  62 "bip_pinky_0_L" 60
  63 "bip_pinky_0_R" 61
  64 "bip_pinky_1_L" 62
  65 "bip_pinky_1_R" 63
  66 "bip_pinky_2_L" 64
  67 "bip_pinky_2_R" 65
end
skeleton
  time 0
    0 0.000000 60.106396 -4.292783 0.000000 0.000000 0.000000
    1 10.092304 0.000000 0.000000 -0.159072 -0.006046 0.486515
    2 -10.092300 0.000004 0.000003 2.982521 0.006046 -0.486515
    3 0.000000 -11.937256 0.000000 -0.220182 0.000000 0.000000
    4 -0.000008 11.937298 0.000002 -0.220182 0.000000 0.000000
    5 0.000000 -9.999998 -0.000002 -0.012401 0.000000 0.000000
    6 0.000000 10.533932 0.000002 -0.012401 0.000000 0.000000
    7 0.000000 -11.592720 0.013129 -0.012401 0.000000 0.000000
    8 0.000027 1.058876 0.000007 0.000000 0.000000 0.000000
    9 -0.000004 0.000000 0.000001 0.000000 0.000000 0.000000
    10 -0.000004 5.300001 0.000000 0.000000 0.000000 0.000000
    11 0.000008 -5.303598 -0.001716 -0.012401 0.000000 0.000000
    12 -2.078655 -1.771875 0.100797 0.026156 -0.190579 2.894816
    13 2.261845 1.906815 -0.064198 -0.026153 0.190586 -0.246777
    14 6.006599 2.049641 0.807188 -2.794047 0.184456 -0.452847
    15 6.721283 3.300211 1.318987 -2.794047 0.184456 -0.452847
    16 7.410255 4.505789 1.812372 -2.794047 0.184456 -0.452847
    17 8.175129 5.844181 2.360109 -2.794047 0.184456 -0.452847
    18 8.709616 6.779434 2.742866 -2.794047 0.184456 -0.452847
    19 9.367310 7.930285 3.213854 -2.794047 0.184456 -0.452847
    20 10.168661 9.332505 3.787714 -2.794047 0.184456 -0.452847
    21 10.923656 10.653618 4.328383 -2.794047 0.184456 -0.452847
    22 -4.987762 -3.401390 1.043530 0.347546 0.184456 -0.452847
    23 -5.525152 -4.341726 0.658694 0.347546 0.184456 -0.452847
    24 -6.148640 -5.432716 0.212205 0.347546 0.184456 -0.452847
    25 5.090199 2.495529 0.997334 -2.794047 0.184456 -0.452847
    26 5.804890 3.746096 1.509130 -2.794047 0.184456 -0.452847
    27 6.493858 4.951681 2.002517 -2.794047 0.184456 -0.452847
    28 7.258736 6.290068 2.550255 -2.794047 0.184456 -0.452847
    29 -2.407539 -4.656857 0.508154 1.738660 0.051219 0.077554
    30 -1.809814 -0.499929 2.575144 -0.541117 -0.109267 -0.446081
    31 1.809803 0.499863 -2.575165 -0.541117 -0.109267 -0.446081
    32 -0.000004 -3.099537 -0.000008 0.206417 0.000000 0.000000
    33 -0.000050 3.099520 0.000008 0.206417 0.000000 0.000000
    34 -0.000004 -1.649410 0.000004 -0.142580 0.000000 0.000000
    35 0.000000 1.649420 0.000010 -0.142580 0.000000 0.000000
    36 -0.008202 -1.168287 1.640406 -2.024223 1.068121 -2.073437
    37 0.008183 1.168306 -1.640392 -2.024222 1.068122 -2.073437
    38 0.000004 -3.307283 0.000002 0.211357 -0.265296 0.397843
    39 0.000040 3.307251 0.000002 0.211357 -0.265296 0.397843
    40 -0.000003 -2.892881 -0.000002 0.690008 0.000000 0.000000
    41 0.000006 2.892891 0.000051 0.690007 0.000000 0.000000
    42 0.000000 -1.789223 0.000000 0.156442 0.000000 0.000000
    43 -0.000023 1.789169 -0.000064 0.156442 0.000000 0.000000
    44 -0.108307 -1.322851 0.774750 -2.523993 1.312139 -2.576994
    45 0.108303 1.322773 -0.774776 -2.523993 1.312139 -2.576994
    46 -0.000002 -3.408819 -0.000002 0.227219 -0.107196 0.206411
    47 -0.000008 3.408844 -0.000019 0.227218 -0.107196 0.206411
    48 0.000000 -2.799513 0.000000 0.682691 0.000000 0.000000
    49 -0.000019 2.799555 -0.000031 0.682692 0.000000 0.000000
    50 0.000000 -1.822449 0.000005 0.256564 0.000000 0.000000
    51 0.000011 1.822418 0.000038 0.256564 0.000000 0.000000
    52 -0.205322 -1.375326 -0.310266 2.617887 1.344672 2.547875
    53 0.205257 1.375311 0.310268 2.617887 1.344672 2.547874
    54 -0.000001 -3.388149 0.000008 0.281454 0.013589 -0.012578
    55 0.000000 3.388145 0.000072 0.281453 0.013589 -0.012578
    56 0.000002 -2.085268 -0.000002 0.620756 0.000000 0.000000
    57 -0.000010 2.085281 0.000004 0.620756 0.000000 0.000000
    58 -0.000001 -1.544365 0.000005 0.215560 0.000000 0.000000
    59 0.000022 1.544292 0.000012 0.215560 0.000000 0.000000
    60 -0.193996 -1.163881 -1.333147 2.172033 1.206597 2.017126
    61 0.194004 1.163836 1.333138 2.172033 1.206597 2.017125
    62 0.000000 -3.297543 -0.000002 0.250408 0.023667 -0.123566
    63 0.000001 3.297546 -0.000027 0.250407 0.023667 -0.123566
    64 0.000000 -1.951864 0.000006 0.498892 0.000000 0.000000
    65 0.000002 1.951904 -0.000051 0.498892 0.000000 0.000000
    66 -0.000001 -1.231834 0.000000 0.394878 0.000000 0.000000
    67 -0.000010 1.231846 0.000063 0.394878 0.000000 0.000000
end
triangles
engineer_red
  1 11.439879 52.185696 -0.039471 -0.520474 -0.497901 0.693687 0.535345 0.358965 1 1 1.000000
  1 9.450418 53.691406 1.371781 -0.130880 -0.715157 0.686601 0.544948 0.390218 1 1 1.000000
  1 8.970366 53.209930 -0.585187 -0.468989 -0.848198 0.246187 0.529012 0.376347 1 1 1.000000
engineer_red
  1 8.876595 52.899719 -2.536980 -0.526350 -0.846750 0.077273 0.516416 0.365383 1 1 1.000000
  1 11.092523 51.776703 -1.378557 -0.771152 -0.580299 0.261873 0.524496 0.353490 1 1 1.000000
  1 8.970366 53.209930 -0.585187 -0.468989 -0.848198 0.246187 0.529012 0.376347 1 1 1.000000
engineer_red
  1 11.439879 52.185696 -0.039471 -0.520474 -0.497901 0.693687 0.535345 0.358965 1 1 1.000000
  1 8.970366 53.209930 -0.585187 -0.468989 -0.848198 0.246187 0.529012 0.376347 1 1 1.000000
  1 11.092523 51.776703 -1.378557 -0.771152 -0.580299 0.261873 0.524496 0.353490 1 1 1.000000
engineer_red
  1 11.092523 51.776703 -1.378557 -0.771152 -0.580299 0.261873 0.524496 0.353490 1 1 1.000000
  1 12.085257 50.739807 0.227360 -0.776106 -0.193697 0.600117 0.539417 0.339306 2 1 0.800374 3 0.199626
  1 11.439879 52.185696 -0.039471 -0.520474 -0.497901 0.693687 0.535345 0.358965 1 1 1.000000
engineer_red
  1 8.876595 52.899719 -2.536980 -0.526350 -0.846750 0.077273 0.516416 0.365383 1 1 1.000000
  1 11.113651 51.499462 -2.845356 -0.829601 -0.553018 0.077027 0.515922 0.349162 1 1 1.000000
  1 11.092523 51.776703 -1.378557 -0.771152 -0.580299 0.261873 0.524496 0.353490 1 1 1.000000
engineer_red
  1 11.429753 50.312729 -1.383047 -0.930059 -0.259502 0.260093 0.526448 0.333707 2 1 0.826586 3 0.173414
  1 11.092523 51.776703 -1.378557 -0.771152 -0.580299 0.261873 0.524496 0.353490 1 1 1.000000
  1 11.113651 51.499462 -2.845356 -0.829601 -0.553018 0.077027 0.515922 0.349162 1 1 1.000000
engineer_red
  1 11.092523 51.776703 -1.378557 -0.771152 -0.580299 0.261873 0.524496 0.353490 1 1 1.000000
  1 11.429753 50.312729 -1.383047 -0.930059 -0.259502 0.260093 0.526448 0.333707 2 1 0.826586 3 0.173414
  1 12.085257 50.739807 0.227360 -0.776106 -0.193697 0.600117 0.539417 0.339306 2 1 0.800374 3 0.199626
engineer_red
  3 12.553546 47.450390 -0.825625 -0.640770 -0.691806 0.332893 0.533001 0.287723 2 3 0.936459 1 0.063541
  1 12.085257 50.739807 0.227360 -0.776106 -0.193697 0.600117 0.539417 0.339306 2 1 0.800374 3 0.199626
  1 11.429753 50.312729 -1.383047 -0.930059 -0.259502 0.260093 0.526448 0.333707 2 1 0.826586 3 0.173414
engineer_red
  3 12.553546 47.450390 -0.825625 -0.640770 -0.691806 0.332893 0.533001 0.287723 2 3 0.936459 1 0.063541
  3 13.158896 48.017921 0.868890 -0.513832 -0.563567 0.646815 0.546459 0.292304 2 3 0.926345 1 0.073655
  1 12.085257 50.739807 0.227360 -0.776106 -0.193697 0.600117 0.539417 0.339306 2 1 0.800374 3 0.199626
engineer_red
  3 12.553546 47.450390 -0.825625 -0.640770 -0.691806 0.332893 0.533001 0.287723 2 3 0.936459 1 0.063541
  1 13.743914 47.743523 0.599902 -0.156721 -0.828996 0.536846 0.544143 0.275903 1 1 1.000000
  3 13.158896 48.017921 0.868890 -0.513832 -0.563567 0.646815 0.546459 0.292304 2 3 0.926345 1 0.073655
engineer_red
  3 12.553546 47.450390 -0.825625 -0.640770 -0.691806 0.332893 0.533001 0.287723 2 3 0.936459 1 0.063541
  1 13.216493 47.256451 -0.875955 -0.231625 -0.923266 0.306480 0.533808 0.272389 1 1 1.000000
  1 13.743914 47.743523 0.599902 -0.156721 -0.828996 0.536846 0.544143 0.275903 1 1 1.000000
engineer_red
  3 12.462384 47.027859 -2.560229 -0.640206 -0.759343 0.116334 0.522365 0.284102 2 3 0.948411 1 0.051589
  1 13.216493 47.256451 -0.875955 -0.231625 -0.923266 0.306480 0.533808 0.272389 1 1 1.000000
  3 12.553546 47.450390 -0.825625 -0.640770 -0.691806 0.332893 0.533001 0.287723 2 3 0.936459 1 0.063541
engineer_red
  3 12.462384 47.027859 -2.560229 -0.640206 -0.759343 0.116334 0.522365 0.284102 2 3 0.948411 1 0.051589
  1 13.197189 46.897472 -2.482432 -0.205305 -0.968508 0.140860 0.525639 0.269611 1 1 1.000000
  1 13.216493 47.256451 -0.875955 -0.231625 -0.923266 0.306480 0.533808 0.272389 1 1 1.000000
engineer_red
  3 12.462384 47.027859 -2.560229 -0.640206 -0.759343 0.116334 0.522365 0.284102 2 3 0.948411 1 0.051589
  1 13.390692 46.798237 -3.608501 -0.146142 -0.988658 -0.034619 0.514362 0.267359 1 1 1.000000
  1 13.197189 46.897472 -2.482432 -0.205305 -0.968508 0.140860 0.525639 0.269611 1 1 1.000000
engineer_red
  3 12.462384 47.027859 -2.560229 -0.640206 -0.759343 0.116334 0.522365 0.284102 2 3 0.948411 1 0.051589
  3 12.582365 46.934696 -3.976124 -0.586333 -0.804040 -0.098651 0.512772 0.281255 2 3 0.940033 1 0.059967
  1 13.390692 46.798237 -3.608501 -0.146142 -0.988658 -0.034619 0.514362 0.267359 1 1 1.000000
engineer_red
  3 12.582365 46.934696 -3.976124 -0.586333 -0.804040 -0.098651 0.512772 0.281255 2 3 0.940033 1 0.059967
  1 13.738832 46.868664 -4.456704 -0.039288 -0.968349 -0.246489 0.506219 0.265733 1 1 1.000000
  1 13.390692 46.798237 -3.608501 -0.146142 -0.988658 -0.034619 0.514362 0.267359 1 1 1.000000
engineer_red
  3 12.582365 46.934696 -3.976124 -0.586333 -0.804040 -0.098651 0.512772 0.281255 2 3 0.940033 1 0.059967
  3 12.906404 47.021400 -5.009188 -0.409337 -0.809008 -0.421841 0.505844 0.279200 2 3 0.931298 1 0.068702
  1 13.738832 46.868664 -4.456704 -0.039288 -0.968349 -0.246489 0.506219 0.265733 1 1 1.000000
engineer_red
  3 12.906404 47.021400 -5.009188 -0.409337 -0.809008 -0.421841 0.505844 0.279200 2 3 0.931298 1 0.068702
  1 14.368875 47.163155 -5.253893 0.096404 -0.884091 -0.457262 0.495245 0.263793 1 1 1.000000
  1 13.738832 46.868664 -4.456704 -0.039288 -0.968349 -0.246489 0.506219 0.265733 1 1 1.000000
engineer_red
  3 12.906404 47.021400 -5.009188 -0.409337 -0.809008 -0.421841 0.505844 0.279200 2 3 0.931298 1 0.068702
  3 13.762633 47.474949 -5.988842 -0.135449 -0.688748 -0.712235 0.495518 0.276640 2 3 0.924238 1 0.075762
  1 14.368875 47.163155 -5.253893 0.096404 -0.884091 -0.457262 0.495245 0.263793 1 1 1.000000
engineer_red
  3 13.762633 47.474949 -5.988842 -0.135449 -0.688748 -0.712235 0.495518 0.276640 2 3 0.924238 1 0.075762
  1 15.354723 47.642162 -5.764821 0.305371 -0.717318 -0.626261 0.485069 0.261995 1 1 1.000000
  1 14.368875 47.163155 -5.253893 0.096404 -0.884091 -0.457262 0.495245 0.263793 1 1 1.000000
engineer_red
  3 13.762633 47.474949 -5.988842 -0.135449 -0.688748 -0.712235 0.495518 0.276640 2 3 0.924238 1 0.075762
  3 14.975396 48.119652 -6.532460 0.173908 -0.480367 -0.859653 0.485943 0.274267 2 3 0.924804 1 0.075196
  1 15.354723 47.642162 -5.764821 0.305371 -0.717318 -0.626261 0.485069 0.261995 1 1 1.000000
engineer_red
  3 14.975396 48.119652 -6.532460 0.173908 -0.480367 -0.859653 0.485943 0.274267 2 3 0.924804 1 0.075196
  1 16.582447 48.424507 -5.770910 0.593844 -0.473087 -0.650798 0.472860 0.260158 1 1 1.000000
  1 15.354723 47.642162 -5.764821 0.305371 -0.717318 -0.626261 0.485069 0.261995 1 1 1.000000
engineer_red
  1 12.226120 53.266045 -6.697224 -0.051008 -0.031558 -0.998200 0.480199 0.355820 1 1 1.000000
  1 13.198659 54.099163 -6.383868 0.278616 0.218983 -0.935104 0.471116 0.356575 1 1 1.000000
  1 14.765095 52.066265 -6.825716 0.313487 0.200918 -0.928093 0.471582 0.320711 2 1 0.856643 3 0.143357
engineer_red
  1 12.226120 53.266045 -6.697224 -0.051008 -0.031558 -0.998200 0.480199 0.355820 1 1 1.000000
  1 14.765095 52.066265 -6.825716 0.313487 0.200918 -0.928093 0.471582 0.320711 2 1 0.856643 3 0.143357
  1 13.503246 51.154152 -7.069386 -0.051008 -0.031558 -0.998200 0.481654 0.320958 2 1 0.842628 3 0.157372
engineer_red
  3 16.416416 49.062164 -6.291268 0.524380 -0.217931 -0.823123 0.473156 0.272399 2 3 0.927469 1 0.072531
  1 13.503246 51.154152 -7.069386 -0.051008 -0.031558 -0.998200 0.481654 0.320958 2 1 0.842628 3 0.157372
  1 14.765095 52.066265 -6.825716 0.313487 0.200918 -0.928093 0.471582 0.320711 2 1 0.856643 3 0.143357
engineer_red
  3 16.416416 49.062164 -6.291268 0.524380 -0.217931 -0.823123 0.473156 0.272399 2 3 0.927469 1 0.072531
  3 14.975396 48.119652 -6.532460 0.173908 -0.480367 -0.859653 0.485943 0.274267 2 3 0.924804 1 0.075196
  1 13.503246 51.154152 -7.069386 -0.051008 -0.031558 -0.998200 0.481654 0.320958 2 1 0.842628 3 0.157372
engineer_red
  3 14.975396 48.119652 -6.532460 0.173908 -0.480367 -0.859653 0.485943 0.274267 2 3 0.924804 1 0.075196
  1 12.390140 50.387962 -6.735681 -0.410562 -0.238148 -0.880184 0.489359 0.320075 2 1 0.829061 3 0.170939
  1 13.503246 51.154152 -7.069386 -0.051008 -0.031558 -0.998200 0.481654 0.320958 2 1 0.842628 3 0.157372
engineer_red
  3 14.975396 48.119652 -6.532460 0.173908 -0.480367 -0.859653 0.485943 0.274267 2 3 0.924804 1 0.075196
  3 13.762633 47.474949 -5.988842 -0.135449 -0.688748 -0.712235 0.495518 0.276640 2 3 0.924238 1 0.075762
  1 12.390140 50.387962 -6.735681 -0.410562 -0.238148 -0.880184 0.489359 0.320075 2 1 0.829061 3 0.170939
engineer_red
  3 13.762633 47.474949 -5.988842 -0.135449 -0.688748 -0.712235 0.495518 0.276640 2 3 0.924238 1 0.075762
  1 11.624369 49.800903 -5.962357 -0.779068 -0.362794 -0.511306 0.497668 0.319123 2 1 0.813170 3 0.186830
  1 12.390140 50.387962 -6.735681 -0.410562 -0.238148 -0.880184 0.489359 0.320075 2 1 0.829061 3 0.170939
engineer_red
  3 13.762633 47.474949 -5.988842 -0.135449 -0.688748 -0.712235 0.495518 0.276640 2 3 0.924238 1 0.075762
  3 12.906404 47.021400 -5.009188 -0.409337 -0.809008 -0.421841 0.505844 0.279200 2 3 0.931298 1 0.068702
  1 11.624369 49.800903 -5.962357 -0.779068 -0.362794 -0.511306 0.497668 0.319123 2 1 0.813170 3 0.186830
engineer_red
  3 12.906404 47.021400 -5.009188 -0.409337 -0.809008 -0.421841 0.505844 0.279200 2 3 0.931298 1 0.068702
  1 11.324999 49.795471 -4.729378 -0.939461 -0.328046 -0.098988 0.505438 0.323382 2 1 0.823203 3 0.176797
  1 11.624369 49.800903 -5.962357 -0.779068 -0.362794 -0.511306 0.497668 0.319123 2 1 0.813170 3 0.186830
engineer_red
  3 12.906404 47.021400 -5.009188 -0.409337 -0.809008 -0.421841 0.505844 0.279200 2 3 0.931298 1 0.068702
  3 12.582365 46.934696 -3.976124 -0.586333 -0.804040 -0.098651 0.512772 0.281255 2 3 0.940033 1 0.059967
  1 11.324999 49.795471 -4.729378 -0.939461 -0.328046 -0.098988 0.505438 0.323382 2 1 0.823203 3 0.176797
engineer_red
  3 12.582365 46.934696 -3.976124 -0.586333 -0.804040 -0.098651 0.512772 0.281255 2 3 0.940033 1 0.059967
  1 11.229688 50.006969 -3.046084 -0.961033 -0.268860 0.064265 0.516198 0.329281 2 1 0.834071 3 0.165929
  1 11.324999 49.795471 -4.729378 -0.939461 -0.328046 -0.098988 0.505438 0.323382 2 1 0.823203 3 0.176797
engineer_red
  3 12.582365 46.934696 -3.976124 -0.586333 -0.804040 -0.098651 0.512772 0.281255 2 3 0.940033 1 0.059967
  3 12.462384 47.027859 -2.560229 -0.640206 -0.759343 0.116334 0.522365 0.284102 2 3 0.948411 1 0.051589
  1 11.229688 50.006969 -3.046084 -0.961033 -0.268860 0.064265 0.516198 0.329281 2 1 0.834071 3 0.165929
engineer_red
  3 12.553546 47.450390 -0.825625 -0.640770 -0.691806 0.332893 0.533001 0.287723 2 3 0.936459 1 0.063541
  1 11.229688 50.006969 -3.046084 -0.961033 -0.268860 0.064265 0.516198 0.329281 2 1 0.834071 3 0.165929
  3 12.462384 47.027859 -2.560229 -0.640206 -0.759343 0.116334 0.522365 0.284102 2 3 0.948411 1 0.051589
engineer_red
  3 12.553546 47.450390 -0.825625 -0.640770 -0.691806 0.332893 0.533001 0.287723 2 3 0.936459 1 0.063541
  1 11.429753 50.312729 -1.383047 -0.930059 -0.259502 0.260093 0.526448 0.333707 2 1 0.826586 3 0.173414
  1 11.229688 50.006969 -3.046084 -0.961033 -0.268860 0.064265 0.516198 0.329281 2 1 0.834071 3 0.165929
engineer_red
  1 11.429753 50.312729 -1.383047 -0.930059 -0.259502 0.260093 0.526448 0.333707 2 1 0.826586 3 0.173414
  1 11.113651 51.499462 -2.845356 -0.829601 -0.553018 0.077027 0.515922 0.349162 1 1 1.000000
  1 11.229688 50.006969 -3.046084 -0.961033 -0.268860 0.064265 0.516198 0.329281 2 1 0.834071 3 0.165929
engineer_red
  1 11.229688 50.006969 -3.046084 -0.961033 -0.268860 0.064265 0.516198 0.329281 2 1 0.834071 3 0.165929
  1 11.113651 51.499462 -2.845356 -0.829601 -0.553018 0.077027 0.515922 0.349162 1 1 1.000000
  1 10.891694 51.615372 -4.616681 -0.819627 -0.566733 -0.083812 0.503302 0.351048 1 1 1.000000
engineer_red
  1 11.229688 50.006969 -3.046084 -0.961033 -0.268860 0.064265 0.516198 0.329281 2 1 0.834071 3 0.165929
  1 10.891694 51.615372 -4.616681 -0.819627 -0.566733 -0.083812 0.503302 0.351048 1 1 1.000000
  1 11.324999 49.795471 -4.729378 -0.939461 -0.328046 -0.098988 0.505438 0.323382 2 1 0.823203 3 0.176797
engineer_red
  1 11.624369 49.800903 -5.962357 -0.779068 -0.362794 -0.511306 0.497668 0.319123 2 1 0.813170 3 0.186830
  1 11.324999 49.795471 -4.729378 -0.939461 -0.328046 -0.098988 0.505438 0.323382 2 1 0.823203 3 0.176797
  1 10.891694 51.615372 -4.616681 -0.819627 -0.566733 -0.083812 0.503302 0.351048 1 1 1.000000
engineer_red
  1 11.624369 49.800903 -5.962357 -0.779068 -0.362794 -0.511306 0.497668 0.319123 2 1 0.813170 3 0.186830
  1 10.891694 51.615372 -4.616681 -0.819627 -0.566733 -0.083812 0.503302 0.351048 1 1 1.000000
  1 10.922438 51.884010 -5.911337 -0.683135 -0.463313 -0.564507 0.494188 0.352410 1 1 1.000000
engineer_red
  1 10.922438 51.884010 -5.911337 -0.683135 -0.463313 -0.564507 0.494188 0.352410 1 1 1.000000
  1 12.390140 50.387962 -6.735681 -0.410562 -0.238148 -0.880184 0.489359 0.320075 2 1 0.829061 3 0.170939
  1 11.624369 49.800903 -5.962357 -0.779068 -0.362794 -0.511306 0.497668 0.319123 2 1 0.813170 3 0.186830
engineer_red
  1 10.922438 51.884010 -5.911337 -0.683135 -0.463313 -0.564507 0.494188 0.352410 1 1 1.000000
  1 11.462826 52.523262 -6.447575 -0.356145 -0.216526 -0.908998 0.486930 0.354179 1 1 1.000000
  1 12.390140 50.387962 -6.735681 -0.410562 -0.238148 -0.880184 0.489359 0.320075 2 1 0.829061 3 0.170939
engineer_red
  1 11.462826 52.523262 -6.447575 -0.356145 -0.216526 -0.908998 0.486930 0.354179 1 1 1.000000
  1 13.503246 51.154152 -7.069386 -0.051008 -0.031558 -0.998200 0.481654 0.320958 2 1 0.842628 3 0.157372
  1 12.390140 50.387962 -6.735681 -0.410562 -0.238148 -0.880184 0.489359 0.320075 2 1 0.829061 3 0.170939
engineer_red
  1 11.462826 52.523262 -6.447575 -0.356145 -0.216526 -0.908998 0.486930 0.354179 1 1 1.000000
  1 12.226120 53.266045 -6.697224 -0.051008 -0.031558 -0.998200 0.480199 0.355820 1 1 1.000000
  1 13.503246 51.154152 -7.069386 -0.051008 -0.031558 -0.998200 0.481654 0.320958 2 1 0.842628 3 0.157372
engineer_red
  1 15.818487 52.847988 -5.865040 0.609018 0.408094 -0.680115 0.461358 0.320461 2 1 0.866499 3 0.133502
  1 14.030464 54.831062 -5.737525 0.558982 0.396378 -0.728302 0.461896 0.357342 1 1 1.000000
  1 14.643356 55.079773 -4.784168 0.726709 0.523820 -0.444417 0.453594 0.353974 1 1 1.000000
engineer_red
  1 15.818487 52.847988 -5.865040 0.609018 0.408094 -0.680115 0.461358 0.320461 2 1 0.866499 3 0.133502
  1 13.198659 54.099163 -6.383868 0.278616 0.218983 -0.935104 0.471116 0.356575 1 1 1.000000
  1 14.030464 54.831062 -5.737525 0.558982 0.396378 -0.728302 0.461896 0.357342 1 1 1.000000
engineer_red
  1 15.818487 52.847988 -5.865040 0.609018 0.408094 -0.680115 0.461358 0.320461 2 1 0.866499 3 0.133502
  1 14.765095 52.066265 -6.825716 0.313487 0.200918 -0.928093 0.471582 0.320711 2 1 0.856643 3 0.143357
  1 13.198659 54.099163 -6.383868 0.278616 0.218983 -0.935104 0.471116 0.356575 1 1 1.000000
engineer_red
  3 16.416416 49.062164 -6.291268 0.524380 -0.217931 -0.823123 0.473156 0.272399 2 3 0.927469 1 0.072531
  1 14.765095 52.066265 -6.825716 0.313487 0.200918 -0.928093 0.471582 0.320711 2 1 0.856643 3 0.143357
  1 15.818487 52.847988 -5.865040 0.609018 0.408094 -0.680115 0.461358 0.320461 2 1 0.866499 3 0.133502
engineer_red
  1 11.198918 61.778950 -2.048274 0.841393 0.419518 0.340679 0.432628 0.461904 1 1 1.000000
  1 14.474138 54.953644 -1.829852 0.715910 0.574120 0.397314 0.431113 0.352212 1 1 1.000000
  1 14.975587 55.145428 -3.752597 0.787031 0.615334 -0.044116 0.446625 0.351147 1 1 1.000000
engineer_red
  1 11.198918 61.778950 -2.048274 0.841393 0.419518 0.340679 0.432628 0.461904 1 1 1.000000
  1 14.975587 55.145428 -3.752597 0.787031 0.615334 -0.044116 0.446625 0.351147 1 1 1.000000
  1 11.174674 62.140266 -4.411883 0.882388 0.458011 -0.107782 0.447883 0.465874 1 1 1.000000
engineer_red
  1 14.643356 55.079773 -4.784168 0.726709 0.523820 -0.444417 0.453594 0.353974 1 1 1.000000
  1 11.174674 62.140266 -4.411883 0.882388 0.458011 -0.107782 0.447883 0.465874 1 1 1.000000
  1 14.975587 55.145428 -3.752597 0.787031 0.615334 -0.044116 0.446625 0.351147 1 1 1.000000
engineer_red
  1 14.643356 55.079773 -4.784168 0.726709 0.523820 -0.444417 0.453594 0.353974 1 1 1.000000
  1 10.861172 61.693787 -5.445477 0.790949 0.399145 -0.463771 0.453971 0.463444 1 1 1.000000
  1 11.174674 62.140266 -4.411883 0.882388 0.458011 -0.107782 0.447883 0.465874 1 1 1.000000
engineer_red
  1 10.435779 60.999966 -6.500040 0.604190 0.270051 -0.749684 0.461222 0.460550 1 1 1.000000
  1 10.861172 61.693787 -5.445477 0.790949 0.399145 -0.463771 0.453971 0.463444 1 1 1.000000
  1 14.643356 55.079773 -4.784168 0.726709 0.523820 -0.444417 0.453594 0.353974 1 1 1.000000
engineer_red
  1 10.435779 60.999966 -6.500040 0.604190 0.270051 -0.749684 0.461222 0.460550 1 1 1.000000
  1 14.643356 55.079773 -4.784168 0.726709 0.523820 -0.444417 0.453594 0.353974 1 1 1.000000
  1 14.030464 54.831062 -5.737525 0.558982 0.396378 -0.728302 0.461896 0.357342 1 1 1.000000
engineer_red
  1 9.773386 59.088497 -7.022039 0.334139 0.101519 -0.937041 0.472577 0.443839 1 1 1.000000
  1 10.435779 60.999966 -6.500040 0.604190 0.270051 -0.749684 0.461222 0.460550 1 1 1.000000
  1 14.030464 54.831062 -5.737525 0.558982 0.396378 -0.728302 0.461896 0.357342 1 1 1.000000
engineer_red
  1 9.773386 59.088497 -7.022039 0.334139 0.101519 -0.937041 0.472577 0.443839 1 1 1.000000
  1 14.030464 54.831062 -5.737525 0.558982 0.396378 -0.728302 0.461896 0.357342 1 1 1.000000
  1 13.198659 54.099163 -6.383868 0.278616 0.218983 -0.935104 0.471116 0.356575 1 1 1.000000
engineer_red
  1 8.876490 57.021225 -7.311888 0.030246 -0.123710 -0.991857 0.483763 0.427378 1 1 1.000000
  1 9.773386 59.088497 -7.022039 0.334139 0.101519 -0.937041 0.472577 0.443839 1 1 1.000000
  1 13.198659 54.099163 -6.383868 0.278616 0.218983 -0.935104 0.471116 0.356575 1 1 1.000000
engineer_red
  1 8.876490 57.021225 -7.311888 0.030246 -0.123710 -0.991857 0.483763 0.427378 1 1 1.000000
  1 13.198659 54.099163 -6.383868 0.278616 0.218983 -0.935104 0.471116 0.356575 1 1 1.000000
  1 12.226120 53.266045 -6.697224 -0.051008 -0.031558 -0.998200 0.480199 0.355820 1 1 1.000000
engineer_red
  1 8.675419 55.329960 -6.637391 -0.242485 -0.334233 -0.910763 0.491371 0.412359 1 1 1.000000
  1 8.876490 57.021225 -7.311888 0.030246 -0.123710 -0.991857 0.483763 0.427378 1 1 1.000000
  1 12.226120 53.266045 -6.697224 -0.051008 -0.031558 -0.998200 0.480199 0.355820 1 1 1.000000
engineer_red
  1 8.675419 55.329960 -6.637391 -0.242485 -0.334233 -0.910763 0.491371 0.412359 1 1 1.000000
  1 12.226120 53.266045 -6.697224 -0.051008 -0.031558 -0.998200 0.480199 0.355820 1 1 1.000000
  1 11.462826 52.523262 -6.447575 -0.356145 -0.216526 -0.908998 0.486930 0.354179 1 1 1.000000
engineer_red
  1 8.411065 53.594433 -5.861350 -0.469598 -0.657601 -0.589100 0.499576 0.396163 1 1 1.000000
  1 8.675419 55.329960 -6.637391 -0.242485 -0.334233 -0.910763 0.491371 0.412359 1 1 1.000000
  1 11.462826 52.523262 -6.447575 -0.356145 -0.216526 -0.908998 0.486930 0.354179 1 1 1.000000
engineer_red
  1 8.411065 53.594433 -5.861350 -0.469598 -0.657601 -0.589100 0.499576 0.396163 1 1 1.000000
  1 11.462826 52.523262 -6.447575 -0.356145 -0.216526 -0.908998 0.486930 0.354179 1 1 1.000000
  1 10.922438 51.884010 -5.911337 -0.683135 -0.463313 -0.564507 0.494188 0.352410 1 1 1.000000
engineer_red
  1 8.512524 53.168175 -4.454963 -0.547251 -0.831118 -0.098786 0.506637 0.383256 1 1 1.000000
  1 8.411065 53.594433 -5.861350 -0.469598 -0.657601 -0.589100 0.499576 0.396163 1 1 1.000000
  1 10.922438 51.884010 -5.911337 -0.683135 -0.463313 -0.564507 0.494188 0.352410 1 1 1.000000
engineer_red
  1 8.512524 53.168175 -4.454963 -0.547251 -0.831118 -0.098786 0.506637 0.383256 1 1 1.000000
  1 10.922438 51.884010 -5.911337 -0.683135 -0.463313 -0.564507 0.494188 0.352410 1 1 1.000000
  1 10.891694 51.615372 -4.616681 -0.819627 -0.566733 -0.083812 0.503302 0.351048 1 1 1.000000
engineer_red
  1 8.876595 52.899719 -2.536980 -0.526350 -0.846750 0.077273 0.516416 0.365383 1 1 1.000000
  1 8.512524 53.168175 -4.454963 -0.547251 -0.831118 -0.098786 0.506637 0.383256 1 1 1.000000
  1 10.891694 51.615372 -4.616681 -0.819627 -0.566733 -0.083812 0.503302 0.351048 1 1 1.000000
engineer_red
  1 8.876595 52.899719 -2.536980 -0.526350 -0.846750 0.077273 0.516416 0.365383 1 1 1.000000
  1 10.891694 51.615372 -4.616681 -0.819627 -0.566733 -0.083812 0.503302 0.351048 1 1 1.000000
  1 11.113651 51.499462 -2.845356 -0.829601 -0.553018 0.077027 0.515922 0.349162 1 1 1.000000
engineer_red
  3 14.975396 48.119652 -6.532460 0.173908 -0.480367 -0.859653 0.485943 0.274267 2 3 0.924804 1 0.075196
  3 16.416416 49.062164 -6.291268 0.524380 -0.217931 -0.823123 0.473156 0.272399 2 3 0.927469 1 0.072531
  1 16.582447 48.424507 -5.770910 0.593844 -0.473087 -0.650798 0.472860 0.260158 1 1 1.000000
engineer_red
  3 17.737877 49.913589 -5.219193 0.821664 0.005299 -0.569947 0.460176 0.270503 2 3 0.939812 1 0.060188
  1 16.582447 48.424507 -5.770910 0.593844 -0.473087 -0.650798 0.472860 0.260158 1 1 1.000000
  3 16.416416 49.062164 -6.291268 0.524380 -0.217931 -0.823123 0.473156 0.272399 2 3 0.927469 1 0.072531
engineer_red
  3 16.416416 49.062164 -6.291268 0.524380 -0.217931 -0.823123 0.473156 0.272399 2 3 0.927469 1 0.072531
  1 15.818487 52.847988 -5.865040 0.609018 0.408094 -0.680115 0.461358 0.320461 2 1 0.866499 3 0.133502
  3 17.737877 49.913589 -5.219193 0.821664 0.005299 -0.569947 0.460176 0.270503 2 3 0.939812 1 0.060188
engineer_red
  3 17.737877 49.913589 -5.219193 0.821664 0.005299 -0.569947 0.460176 0.270503 2 3 0.939812 1 0.060188
  1 15.818487 52.847988 -5.865040 0.609018 0.408094 -0.680115 0.461358 0.320461 2 1 0.866499 3 0.133502
  1 16.488253 53.359474 -4.476438 0.749845 0.529632 -0.396512 0.451010 0.318010 2 1 0.865928 3 0.134072
engineer_red
  1 15.818487 52.847988 -5.865040 0.609018 0.408094 -0.680115 0.461358 0.320461 2 1 0.866499 3 0.133502
  1 14.643356 55.079773 -4.784168 0.726709 0.523820 -0.444417 0.453594 0.353974 1 1 1.000000
  1 16.488253 53.359474 -4.476438 0.749845 0.529632 -0.396512 0.451010 0.318010 2 1 0.865928 3 0.134072
engineer_red
  1 14.975587 55.145428 -3.752597 0.787031 0.615334 -0.044116 0.446625 0.351147 1 1 1.000000
  1 16.488253 53.359474 -4.476438 0.749845 0.529632 -0.396512 0.451010 0.318010 2 1 0.865928 3 0.134072
  1 14.643356 55.079773 -4.784168 0.726709 0.523820 -0.444417 0.453594 0.353974 1 1 1.000000
engineer_red
  1 14.975587 55.145428 -3.752597 0.787031 0.615334 -0.044116 0.446625 0.351147 1 1 1.000000
  1 16.850573 53.665447 -3.098755 0.752371 0.657753 0.036047 0.442322 0.315952 2 1 0.853276 3 0.146724
  1 16.488253 53.359474 -4.476438 0.749845 0.529632 -0.396512 0.451010 0.318010 2 1 0.865928 3 0.134072
engineer_red
  1 16.850573 53.665447 -3.098755 0.752371 0.657753 0.036047 0.442322 0.315952 2 1 0.853276 3 0.146724
  1 14.975587 55.145428 -3.752597 0.787031 0.615334 -0.044116 0.446625 0.351147 1 1 1.000000
  1 14.474138 54.953644 -1.829852 0.715910 0.574120 0.397314 0.431113 0.352212 1 1 1.000000
engineer_red
  1 16.850573 53.665447 -3.098755 0.752371 0.657753 0.036047 0.442322 0.315952 2 1 0.853276 3 0.146724
  1 14.474138 54.953644 -1.829852 0.715910 0.574120 0.397314 0.431113 0.352212 1 1 1.000000
  1 15.926600 53.292393 -1.355467 0.598134 0.666788 0.444556 0.429791 0.321167 2 1 0.858322 3 0.141678
engineer_red
  1 15.926600 53.292393 -1.355467 0.598134 0.666788 0.444556 0.429791 0.321167 2 1 0.858322 3 0.141678
  1 14.474138 54.953644 -1.829852 0.715910 0.574120 0.397314 0.431113 0.352212 1 1 1.000000
  1 13.572246 54.458694 -0.422278 0.569195 0.457697 0.683030 0.418857 0.353350 1 1 1.000000
engineer_red
  1 15.926600 53.292393 -1.355467 0.598134 0.666788 0.444556 0.429791 0.321167 2 1 0.858322 3 0.141678
  1 13.572246 54.458694 -0.422278 0.569195 0.457697 0.683030 0.418857 0.353350 1 1 1.000000
  1 15.207227 52.857162 0.041794 0.412170 0.593042 0.691676 0.419815 0.321974 2 1 0.829624 3 0.170376
engineer_red
  1 15.207227 52.857162 0.041794 0.412170 0.593042 0.691676 0.419815 0.321974 2 1 0.829624 3 0.170376
  1 13.572246 54.458694 -0.422278 0.569195 0.457697 0.683030 0.418857 0.353350 1 1 1.000000
  1 12.918930 53.823189 0.277250 0.349982 0.308329 0.884560 0.412028 0.350954 1 1 1.000000
engineer_red
  1 15.207227 52.857162 0.041794 0.412170 0.593042 0.691676 0.419815 0.321974 2 1 0.829624 3 0.170376
  1 12.918930 53.823189 0.277250 0.349982 0.308329 0.884560 0.412028 0.350954 1 1 1.000000
  1 14.214313 52.292694 0.717448 0.153931 0.436411 0.886482 0.411039 0.323744 2 1 0.817522 3 0.182478
engineer_red
  1 14.214313 52.292694 0.717448 0.153931 0.436411 0.886482 0.411039 0.323744 2 1 0.817522 3 0.182478
  1 12.918930 53.823189 0.277250 0.349982 0.308329 0.884560 0.412028 0.350954 1 1 1.000000
  1 12.336919 53.203144 0.479944 0.109452 0.108835 0.988016 0.406361 0.348966 1 1 1.000000
engineer_red
  1 14.214313 52.292694 0.717448 0.153931 0.436411 0.886482 0.411039 0.323744 2 1 0.817522 3 0.182478
  1 12.336919 53.203144 0.479944 0.109452 0.108835 0.988016 0.406361 0.348966 1 1 1.000000
  1 13.423365 51.753925 1.104043 -0.157314 0.220048 0.962721 0.403757 0.325213 2 1 0.801335 3 0.198665
engineer_red
  1 13.423365 51.753925 1.104043 -0.157314 0.220048 0.962721 0.403757 0.325213 2 1 0.801335 3 0.198665
  1 12.336919 53.203144 0.479944 0.109452 0.108835 0.988016 0.406361 0.348966 1 1 1.000000
  1 11.799273 52.660461 0.367475 -0.143433 -0.173558 0.974323 0.401459 0.346272 1 1 1.000000
engineer_red
  1 13.423365 51.753925 1.104043 -0.157314 0.220048 0.962721 0.403757 0.325213 2 1 0.801335 3 0.198665
  1 11.799273 52.660461 0.367475 -0.143433 -0.173558 0.974323 0.401459 0.346272 1 1 1.000000
  1 12.655080 51.218121 0.803603 -0.496337 -0.021536 0.867863 0.398215 0.326519 2 1 0.800551 3 0.199449
engineer_red
  3 14.020597 48.537609 1.497252 -0.253565 -0.373512 0.892297 0.392296 0.281973 2 3 0.929561 1 0.070439
  1 13.423365 51.753925 1.104043 -0.157314 0.220048 0.962721 0.403757 0.325213 2 1 0.801335 3 0.198665
  1 12.655080 51.218121 0.803603 -0.496337 -0.021536 0.867863 0.398215 0.326519 2 1 0.800551 3 0.199449
engineer_red
  3 15.970128 49.699299 1.754554 0.287215 0.047480 0.956689 0.405846 0.278973 2 3 0.930184 1 0.069816
  1 14.214313 52.292694 0.717448 0.153931 0.436411 0.886482 0.411039 0.323744 2 1 0.817522 3 0.182478
  1 13.423365 51.753925 1.104043 -0.157314 0.220048 0.962721 0.403757 0.325213 2 1 0.801335 3 0.198665
engineer_red
  3 16.940866 50.248940 1.235710 0.574097 0.272139 0.772238 0.414007 0.277227 2 3 0.930805 1 0.069195
  1 14.214313 52.292694 0.717448 0.153931 0.436411 0.886482 0.411039 0.323744 2 1 0.817522 3 0.182478
  3 15.970128 49.699299 1.754554 0.287215 0.047480 0.956689 0.405846 0.278973 2 3 0.930184 1 0.069816
engineer_red
  3 16.940866 50.248940 1.235710 0.574097 0.272139 0.772238 0.414007 0.277227 2 3 0.930805 1 0.069195
  1 15.207227 52.857162 0.041794 0.412170 0.593042 0.691676 0.419815 0.321974 2 1 0.829624 3 0.170376
  1 14.214313 52.292694 0.717448 0.153931 0.436411 0.886482 0.411039 0.323744 2 1 0.817522 3 0.182478
engineer_red
  3 17.945528 50.677235 -0.191633 0.821892 0.329041 0.465001 0.424367 0.275239 2 3 0.939838 1 0.060162
  1 15.207227 52.857162 0.041794 0.412170 0.593042 0.691676 0.419815 0.321974 2 1 0.829624 3 0.170376
  3 16.940866 50.248940 1.235710 0.574097 0.272139 0.772238 0.414007 0.277227 2 3 0.930805 1 0.069195
engineer_red
  3 17.945528 50.677235 -0.191633 0.821892 0.329041 0.465001 0.424367 0.275239 2 3 0.939838 1 0.060162
  1 15.926600 53.292393 -1.355467 0.598134 0.666788 0.444556 0.429791 0.321167 2 1 0.858322 3 0.141678
  1 15.207227 52.857162 0.041794 0.412170 0.593042 0.691676 0.419815 0.321974 2 1 0.829624 3 0.170376
engineer_red
  1 15.926600 53.292393 -1.355467 0.598134 0.666788 0.444556 0.429791 0.321167 2 1 0.858322 3 0.141678
  3 17.945528 50.677235 -0.191633 0.821892 0.329041 0.465001 0.424367 0.275239 2 3 0.939838 1 0.060162
  3 18.488943 50.801975 -2.124986 0.974904 0.211973 0.068039 0.436275 0.271410 2 3 0.941479 1 0.058521
engineer_red
  1 15.926600 53.292393 -1.355467 0.598134 0.666788 0.444556 0.429791 0.321167 2 1 0.858322 3 0.141678
  3 18.488943 50.801975 -2.124986 0.974904 0.211973 0.068039 0.436275 0.271410 2 3 0.941479 1 0.058521
  1 16.850573 53.665447 -3.098755 0.752371 0.657753 0.036047 0.442322 0.315952 2 1 0.853276 3 0.146724
engineer_red
  3 18.260029 50.449718 -3.662883 0.953113 0.112996 -0.280728 0.447183 0.270996 2 3 0.946813 1 0.053187
  1 16.850573 53.665447 -3.098755 0.752371 0.657753 0.036047 0.442322 0.315952 2 1 0.853276 3 0.146724
  3 18.488943 50.801975 -2.124986 0.974904 0.211973 0.068039 0.436275 0.271410 2 3 0.941479 1 0.058521
engineer_red
  3 18.260029 50.449718 -3.662883 0.953113 0.112996 -0.280728 0.447183 0.270996 2 3 0.946813 1 0.053187
  1 16.488253 53.359474 -4.476438 0.749845 0.529632 -0.396512 0.451010 0.318010 2 1 0.865928 3 0.134072
  1 16.850573 53.665447 -3.098755 0.752371 0.657753 0.036047 0.442322 0.315952 2 1 0.853276 3 0.146724
engineer_red
  3 17.737877 49.913589 -5.219193 0.821664 0.005299 -0.569947 0.460176 0.270503 2 3 0.939812 1 0.060188
  1 16.488253 53.359474 -4.476438 0.749845 0.529632 -0.396512 0.451010 0.318010 2 1 0.865928 3 0.134072
  3 18.260029 50.449718 -3.662883 0.953113 0.112996 -0.280728 0.447183 0.270996 2 3 0.946813 1 0.053187
engineer_red
  3 14.020597 48.537609 1.497252 -0.253565 -0.373512 0.892297 0.392296 0.281973 2 3 0.929561 1 0.070439
  3 15.098372 49.125240 1.781196 0.022816 -0.182364 0.982966 0.399073 0.280422 2 3 0.934709 1 0.065291
  1 13.423365 51.753925 1.104043 -0.157314 0.220048 0.962721 0.403757 0.325213 2 1 0.801335 3 0.198665
engineer_red
  3 15.970128 49.699299 1.754554 0.287215 0.047480 0.956689 0.405846 0.278973 2 3 0.930184 1 0.069816
  1 13.423365 51.753925 1.104043 -0.157314 0.220048 0.962721 0.403757 0.325213 2 1 0.801335 3 0.198665
  3 15.098372 49.125240 1.781196 0.022816 -0.182364 0.982966 0.399073 0.280422 2 3 0.934709 1 0.065291
engineer_red
  3 15.098372 49.125240 1.781196 0.022816 -0.182364 0.982966 0.399073 0.280422 2 3 0.934709 1 0.065291
  1 16.123997 49.227047 1.474415 0.405104 -0.332749 0.851569 0.407102 0.265161 1 1 1.000000
  3 15.970128 49.699299 1.754554 0.287215 0.047480 0.956689 0.405846 0.278973 2 3 0.930184 1 0.069816
engineer_red
  3 15.970128 49.699299 1.754554 0.287215 0.047480 0.956689 0.405846 0.278973 2 3 0.930184 1 0.069816
  1 16.123997 49.227047 1.474415 0.405104 -0.332749 0.851569 0.407102 0.265161 1 1 1.000000
  1 17.004951 49.786747 1.155605 0.671810 -0.081167 0.736263 0.415745 0.264616 2 1 0.892414 3 0.107586
engineer_red
  3 15.970128 49.699299 1.754554 0.287215 0.047480 0.956689 0.405846 0.278973 2 3 0.930184 1 0.069816
  1 17.004951 49.786747 1.155605 0.671810 -0.081167 0.736263 0.415745 0.264616 2 1 0.892414 3 0.107586
  3 16.940866 50.248940 1.235710 0.574097 0.272139 0.772238 0.414007 0.277227 2 3 0.930805 1 0.069195
engineer_red
  3 16.940866 50.248940 1.235710 0.574097 0.272139 0.772238 0.414007 0.277227 2 3 0.930805 1 0.069195
  1 17.004951 49.786747 1.155605 0.671810 -0.081167 0.736263 0.415745 0.264616 2 1 0.892414 3 0.107586
  3 17.983372 50.198578 -0.173038 0.907932 -0.018634 0.418703 0.425985 0.261803 1 3 1.000000
engineer_red
  3 16.940866 50.248940 1.235710 0.574097 0.272139 0.772238 0.414007 0.277227 2 3 0.930805 1 0.069195
  3 17.983372 50.198578 -0.173038 0.907932 -0.018634 0.418703 0.425985 0.261803 1 3 1.000000
  3 17.945528 50.677235 -0.191633 0.821892 0.329041 0.465001 0.424367 0.275239 2 3 0.939838 1 0.060162
engineer_red
  3 18.319391 50.125843 -2.010312 0.987395 -0.137959 0.077579 0.436225 0.258990 1 3 1.000000
  3 17.945528 50.677235 -0.191633 0.821892 0.329041 0.465001 0.424367 0.275239 2 3 0.939838 1 0.060162
  3 17.983372 50.198578 -0.173038 0.907932 -0.018634 0.418703 0.425985 0.261803 1 3 1.000000
engineer_red
  3 18.319391 50.125843 -2.010312 0.987395 -0.137959 0.077579 0.436225 0.258990 1 3 1.000000
  3 18.488943 50.801975 -2.124986 0.974904 0.211973 0.068039 0.436275 0.271410 2 3 0.941479 1 0.058521
  3 17.945528 50.677235 -0.191633 0.821892 0.329041 0.465001 0.424367 0.275239 2 3 0.939838 1 0.060162
engineer_red
  3 18.488943 50.801975 -2.124986 0.974904 0.211973 0.068039 0.436275 0.271410 2 3 0.941479 1 0.058521
  3 18.319391 50.125843 -2.010312 0.987395 -0.137959 0.077579 0.436225 0.258990 1 3 1.000000
  3 18.210552 49.830296 -3.378599 0.967103 -0.195490 -0.162770 0.447288 0.258672 1 3 1.000000
engineer_red
  3 18.488943 50.801975 -2.124986 0.974904 0.211973 0.068039 0.436275 0.271410 2 3 0.941479 1 0.058521
  3 18.210552 49.830296 -3.378599 0.967103 -0.195490 -0.162770 0.447288 0.258672 1 3 1.000000
  3 18.260029 50.449718 -3.662883 0.953113 0.112996 -0.280728 0.447183 0.270996 2 3 0.946813 1 0.053187
engineer_red
  3 18.260029 50.449718 -3.662883 0.953113 0.112996 -0.280728 0.447183 0.270996 2 3 0.946813 1 0.053187
  3 18.210552 49.830296 -3.378599 0.967103 -0.195490 -0.162770 0.447288 0.258672 1 3 1.000000
  3 17.694706 49.225731 -4.806343 0.857613 -0.280970 -0.430761 0.460466 0.258293 1 3 1.000000
engineer_red
  3 18.260029 50.449718 -3.662883 0.953113 0.112996 -0.280728 0.447183 0.270996 2 3 0.946813 1 0.053187
  3 17.694706 49.225731 -4.806343 0.857613 -0.280970 -0.430761 0.460466 0.258293 1 3 1.000000
  3 17.737877 49.913589 -5.219193 0.821664 0.005299 -0.569947 0.460176 0.270503 2 3 0.939812 1 0.060188
engineer_red
  3 17.737877 49.913589 -5.219193 0.821664 0.005299 -0.569947 0.460176 0.270503 2 3 0.939812 1 0.060188
  3 17.694706 49.225731 -4.806343 0.857613 -0.280970 -0.430761 0.460466 0.258293 1 3 1.000000
  1 16.582447 48.424507 -5.770910 0.593844 -0.473087 -0.650798 0.472860 0.260158 1 1 1.000000
engineer_red
  3 15.098372 49.125240 1.781196 0.022816 -0.182364 0.982966 0.399073 0.280422 2 3 0.934709 1 0.065291
  1 15.296480 48.681805 1.447170 0.198495 -0.520320 0.830582 0.399929 0.265613 1 1 1.000000
  1 16.123997 49.227047 1.474415 0.405104 -0.332749 0.851569 0.407102 0.265161 1 1 1.000000
engineer_red
  3 14.020597 48.537609 1.497252 -0.253565 -0.373512 0.892297 0.392296 0.281973 2 3 0.929561 1 0.070439
  1 15.296480 48.681805 1.447170 0.198495 -0.520320 0.830582 0.399929 0.265613 1 1 1.000000
  3 15.098372 49.125240 1.781196 0.022816 -0.182364 0.982966 0.399073 0.280422 2 3 0.934709 1 0.065291
engineer_red
  3 14.020597 48.537609 1.497252 -0.253565 -0.373512 0.892297 0.392296 0.281973 2 3 0.929561 1 0.070439
  1 14.422241 48.186203 1.185375 0.013583 -0.665052 0.746673 0.393393 0.265497 1 1 1.000000
  1 15.296480 48.681805 1.447170 0.198495 -0.520320 0.830582 0.399929 0.265613 1 1 1.000000
engineer_red
  3 14.020597 48.537609 1.497252 -0.253565 -0.373512 0.892297 0.392296 0.281973 2 3 0.929561 1 0.070439
  1 13.743914 47.743523 0.599902 -0.156721 -0.828996 0.536846 0.387607 0.265394 1 1 1.000000
  1 14.422241 48.186203 1.185375 0.013583 -0.665052 0.746673 0.393393 0.265497 1 1 1.000000
engineer_red
  3 14.020597 48.537609 1.497252 -0.253565 -0.373512 0.892297 0.392296 0.281973 2 3 0.929561 1 0.070439
  3 13.158896 48.017921 0.868890 -0.513832 -0.563567 0.646815 0.386297 0.283345 2 3 0.926345 1 0.073655
  1 13.743914 47.743523 0.599902 -0.156721 -0.828996 0.536846 0.387607 0.265394 1 1 1.000000
engineer_red
  3 14.020597 48.537609 1.497252 -0.253565 -0.373512 0.892297 0.392296 0.281973 2 3 0.929561 1 0.070439
  1 12.085257 50.739807 0.227360 -0.776106 -0.193697 0.600117 0.393310 0.327675 2 1 0.800374 3 0.199626
  3 13.158896 48.017921 0.868890 -0.513832 -0.563567 0.646815 0.386297 0.283345 2 3 0.926345 1 0.073655
engineer_red
  3 14.020597 48.537609 1.497252 -0.253565 -0.373512 0.892297 0.392296 0.281973 2 3 0.929561 1 0.070439
  1 12.655080 51.218121 0.803603 -0.496337 -0.021536 0.867863 0.398215 0.326519 2 1 0.800551 3 0.199449
  1 12.085257 50.739807 0.227360 -0.776106 -0.193697 0.600117 0.393310 0.327675 2 1 0.800374 3 0.199626
engineer_red
  1 11.439879 52.185696 -0.039471 -0.520474 -0.497901 0.693687 0.397120 0.343887 1 1 1.000000
  1 12.085257 50.739807 0.227360 -0.776106 -0.193697 0.600117 0.393310 0.327675 2 1 0.800374 3 0.199626
  1 12.655080 51.218121 0.803603 -0.496337 -0.021536 0.867863 0.398215 0.326519 2 1 0.800551 3 0.199449
engineer_red
  1 11.439879 52.185696 -0.039471 -0.520474 -0.497901 0.693687 0.397120 0.343887 1 1 1.000000
  1 12.655080 51.218121 0.803603 -0.496337 -0.021536 0.867863 0.398215 0.326519 2 1 0.800551 3 0.199449
  1 11.799273 52.660461 0.367475 -0.143433 -0.173558 0.974323 0.401459 0.346272 1 1 1.000000
engineer_red
  1 9.450418 53.691406 1.371781 -0.130880 -0.715157 0.686601 0.389041 0.374827 1 1 1.000000
  1 11.439879 52.185696 -0.039471 -0.520474 -0.497901 0.693687 0.397120 0.343887 1 1 1.000000
  1 11.799273 52.660461 0.367475 -0.143433 -0.173558 0.974323 0.401459 0.346272 1 1 1.000000
engineer_red
  1 9.450418 53.691406 1.371781 -0.130880 -0.715157 0.686601 0.389041 0.374827 1 1 1.000000
  1 11.799273 52.660461 0.367475 -0.143433 -0.173558 0.974323 0.401459 0.346272 1 1 1.000000
  1 9.469543 54.774185 1.634020 0.250119 -0.286353 0.924901 0.392422 0.387450 1 1 1.000000
engineer_red
  1 12.336919 53.203144 0.479944 0.109452 0.108835 0.988016 0.406361 0.348966 1 1 1.000000
  1 9.469543 54.774185 1.634020 0.250119 -0.286353 0.924901 0.392422 0.387450 1 1 1.000000
  1 11.799273 52.660461 0.367475 -0.143433 -0.173558 0.974323 0.401459 0.346272 1 1 1.000000
engineer_red
  1 12.336919 53.203144 0.479944 0.109452 0.108835 0.988016 0.406361 0.348966 1 1 1.000000
  1 9.626458 56.054504 1.567665 0.356470 -0.034785 0.933659 0.396241 0.401711 1 1 1.000000
  1 9.469543 54.774185 1.634020 0.250119 -0.286353 0.924901 0.392422 0.387450 1 1 1.000000
engineer_red
  1 9.626458 56.054504 1.567665 0.356470 -0.034785 0.933659 0.396241 0.401711 1 1 1.000000
  1 12.336919 53.203144 0.479944 0.109452 0.108835 0.988016 0.406361 0.348966 1 1 1.000000
  1 12.918930 53.823189 0.277250 0.349982 0.308329 0.884560 0.412028 0.350954 1 1 1.000000
engineer_red
  1 9.626458 56.054504 1.567665 0.356470 -0.034785 0.933659 0.396241 0.401711 1 1 1.000000
  1 12.918930 53.823189 0.277250 0.349982 0.308329 0.884560 0.412028 0.350954 1 1 1.000000
  1 10.145669 58.048676 1.079847 0.496447 0.148920 0.855198 0.405848 0.422689 1 1 1.000000
engineer_red
  1 13.572246 54.458694 -0.422278 0.569195 0.457697 0.683030 0.418857 0.353350 1 1 1.000000
  1 10.145669 58.048676 1.079847 0.496447 0.148920 0.855198 0.405848 0.422689 1 1 1.000000
  1 12.918930 53.823189 0.277250 0.349982 0.308329 0.884560 0.412028 0.350954 1 1 1.000000
engineer_red
  1 13.572246 54.458694 -0.422278 0.569195 0.457697 0.683030 0.418857 0.353350 1 1 1.000000
  1 10.729751 60.290970 0.038524 0.689593 0.300355 0.658976 0.417425 0.447969 1 1 1.000000
  1 10.145669 58.048676 1.079847 0.496447 0.148920 0.855198 0.405848 0.422689 1 1 1.000000
engineer_red
  1 14.474138 54.953644 -1.829852 0.715910 0.574120 0.397314 0.431113 0.352212 1 1 1.000000
  1 10.729751 60.290970 0.038524 0.689593 0.300355 0.658976 0.417425 0.447969 1 1 1.000000
  1 13.572246 54.458694 -0.422278 0.569195 0.457697 0.683030 0.418857 0.353350 1 1 1.000000
engineer_red
  1 14.474138 54.953644 -1.829852 0.715910 0.574120 0.397314 0.431113 0.352212 1 1 1.000000
  1 11.198918 61.778950 -2.048274 0.841393 0.419518 0.340679 0.432628 0.461904 1 1 1.000000
  1 10.729751 60.290970 0.038524 0.689593 0.300355 0.658976 0.417425 0.447969 1 1 1.000000
engineer_red
  2 -11.439873 52.185692 -0.039471 0.520474 -0.497901 0.693686 0.535345 0.358965 2 2 0.876742 4 0.123258
  2 -8.970364 53.209938 -0.585189 0.468991 -0.848198 0.246188 0.529012 0.376347 1 2 1.000000
  2 -9.450415 53.691418 1.371779 0.130882 -0.715156 0.686602 0.544948 0.390218 1 2 1.000000
engineer_red
  2 -12.085253 50.739811 0.227361 0.776106 -0.193698 0.600117 0.539417 0.339306 2 2 0.605750 4 0.394250
  2 -11.092517 51.776711 -1.378558 0.771152 -0.580299 0.261873 0.524496 0.353490 2 2 0.828336 4 0.171665
  2 -11.439873 52.185692 -0.039471 0.520474 -0.497901 0.693686 0.535345 0.358965 2 2 0.876742 4 0.123258
engineer_red
  2 -11.439873 52.185692 -0.039471 0.520474 -0.497901 0.693686 0.535345 0.358965 2 2 0.876742 4 0.123258
  2 -11.092517 51.776711 -1.378558 0.771152 -0.580299 0.261873 0.524496 0.353490 2 2 0.828336 4 0.171665
  2 -8.970364 53.209938 -0.585189 0.468991 -0.848198 0.246188 0.529012 0.376347 1 2 1.000000
engineer_red
  2 -11.092517 51.776711 -1.378558 0.771152 -0.580299 0.261873 0.524496 0.353490 2 2 0.828336 4 0.171665
  2 -8.876592 52.899727 -2.536982 0.526343 -0.846753 0.077280 0.516416 0.365383 1 2 1.000000
  2 -8.970364 53.209938 -0.585189 0.468991 -0.848198 0.246188 0.529012 0.376347 1 2 1.000000
engineer_red
  2 -11.174670 62.140270 -4.411885 -0.882388 0.458011 -0.107783 0.447883 0.465874 1 2 1.000000
  2 -10.861167 61.693790 -5.445479 -0.790947 0.399145 -0.463774 0.453971 0.463444 1 2 1.000000
  2 -14.643353 55.079781 -4.784169 -0.726709 0.523819 -0.444419 0.453594 0.353974 1 2 1.000000
engineer_red
  2 -10.435774 60.999958 -6.500041 -0.604190 0.270051 -0.749685 0.461222 0.460550 1 2 1.000000
  2 -14.643353 55.079781 -4.784169 -0.726709 0.523819 -0.444419 0.453594 0.353974 1 2 1.000000
  2 -10.861167 61.693790 -5.445479 -0.790947 0.399145 -0.463774 0.453971 0.463444 1 2 1.000000
engineer_red
  2 -10.435774 60.999958 -6.500041 -0.604190 0.270051 -0.749685 0.461222 0.460550 1 2 1.000000
  2 -14.030461 54.831078 -5.737526 -0.558982 0.396378 -0.728301 0.461896 0.357342 1 2 1.000000
  2 -14.643353 55.079781 -4.784169 -0.726709 0.523819 -0.444419 0.453594 0.353974 1 2 1.000000
engineer_red
  2 -14.030461 54.831078 -5.737526 -0.558982 0.396378 -0.728301 0.461896 0.357342 1 2 1.000000
  2 -10.435774 60.999958 -6.500041 -0.604190 0.270051 -0.749685 0.461222 0.460550 1 2 1.000000
  2 -9.773381 59.088493 -7.022041 -0.334138 0.101519 -0.937041 0.472577 0.443839 1 2 1.000000
engineer_red
  2 -14.030461 54.831078 -5.737526 -0.558982 0.396378 -0.728301 0.461896 0.357342 1 2 1.000000
  2 -9.773381 59.088493 -7.022041 -0.334138 0.101519 -0.937041 0.472577 0.443839 1 2 1.000000
  2 -13.198656 54.099178 -6.383870 -0.278616 0.218983 -0.935104 0.471116 0.356575 2 2 0.942806 4 0.057194
engineer_red
  2 -8.876487 57.021236 -7.311889 -0.030247 -0.123710 -0.991857 0.483763 0.427378 1 2 1.000000
  2 -13.198656 54.099178 -6.383870 -0.278616 0.218983 -0.935104 0.471116 0.356575 2 2 0.942806 4 0.057194
  2 -9.773381 59.088493 -7.022041 -0.334138 0.101519 -0.937041 0.472577 0.443839 1 2 1.000000
engineer_red
  2 -8.876487 57.021236 -7.311889 -0.030247 -0.123710 -0.991857 0.483763 0.427378 1 2 1.000000
  2 -12.226115 53.266048 -6.697225 0.051009 -0.031559 -0.998199 0.480199 0.355820 2 2 0.901871 4 0.098129
  2 -13.198656 54.099178 -6.383870 -0.278616 0.218983 -0.935104 0.471116 0.356575 2 2 0.942806 4 0.057194
engineer_red
  2 -12.226115 53.266048 -6.697225 0.051009 -0.031559 -0.998199 0.480199 0.355820 2 2 0.901871 4 0.098129
  2 -8.876487 57.021236 -7.311889 -0.030247 -0.123710 -0.991857 0.483763 0.427378 1 2 1.000000
  2 -8.675415 55.329967 -6.637393 0.242485 -0.334232 -0.910763 0.491371 0.412359 1 2 1.000000
engineer_red
  2 -12.226115 53.266048 -6.697225 0.051009 -0.031559 -0.998199 0.480199 0.355820 2 2 0.901871 4 0.098129
  2 -8.675415 55.329967 -6.637393 0.242485 -0.334232 -0.910763 0.491371 0.412359 1 2 1.000000
  2 -11.462822 52.523270 -6.447576 0.356146 -0.216526 -0.908998 0.486930 0.354179 2 2 0.864025 4 0.135976
engineer_red
  2 -8.411062 53.594440 -5.861352 0.469589 -0.657597 -0.589111 0.499576 0.396163 1 2 1.000000
  2 -11.462822 52.523270 -6.447576 0.356146 -0.216526 -0.908998 0.486930 0.354179 2 2 0.864025 4 0.135976
  2 -8.675415 55.329967 -6.637393 0.242485 -0.334232 -0.910763 0.491371 0.412359 1 2 1.000000
engineer_red
  2 -8.411062 53.594440 -5.861352 0.469589 -0.657597 -0.589111 0.499576 0.396163 1 2 1.000000
  2 -10.922434 51.884018 -5.911339 0.683130 -0.463312 -0.564513 0.494188 0.352410 2 2 0.831562 4 0.168438
  2 -11.462822 52.523270 -6.447576 0.356146 -0.216526 -0.908998 0.486930 0.354179 2 2 0.864025 4 0.135976
engineer_red
  2 -8.512509 53.168106 -4.454959 0.547240 -0.831124 -0.098793 0.506637 0.383256 1 2 1.000000
  2 -10.922434 51.884018 -5.911339 0.683130 -0.463312 -0.564513 0.494188 0.352410 2 2 0.831562 4 0.168438
  2 -8.411062 53.594440 -5.861352 0.469589 -0.657597 -0.589111 0.499576 0.396163 1 2 1.000000
engineer_red
  2 -8.512509 53.168106 -4.454959 0.547240 -0.831124 -0.098793 0.506637 0.383256 1 2 1.000000
  2 -10.891688 51.615379 -4.616683 0.819624 -0.566738 -0.083816 0.503302 0.351048 2 2 0.847161 4 0.152839
  2 -10.922434 51.884018 -5.911339 0.683130 -0.463312 -0.564513 0.494188 0.352410 2 2 0.831562 4 0.168438
engineer_red
  2 -8.876592 52.899727 -2.536982 0.526343 -0.846753 0.077280 0.516416 0.365383 1 2 1.000000
  2 -10.891688 51.615379 -4.616683 0.819624 -0.566738 -0.083816 0.503302 0.351048 2 2 0.847161 4 0.152839
  2 -8.512509 53.168106 -4.454959 0.547240 -0.831124 -0.098793 0.506637 0.383256 1 2 1.000000
engineer_red
  2 -8.876592 52.899727 -2.536982 0.526343 -0.846753 0.077280 0.516416 0.365383 1 2 1.000000
  2 -11.113646 51.499470 -2.845357 0.829599 -0.553021 0.077031 0.515922 0.349162 2 2 0.854711 4 0.145289
  2 -10.891688 51.615379 -4.616683 0.819624 -0.566738 -0.083816 0.503302 0.351048 2 2 0.847161 4 0.152839
engineer_red
  2 -11.092517 51.776711 -1.378558 0.771152 -0.580299 0.261873 0.524496 0.353490 2 2 0.828336 4 0.171665
  2 -11.113646 51.499470 -2.845357 0.829599 -0.553021 0.077031 0.515922 0.349162 2 2 0.854711 4 0.145289
  2 -8.876592 52.899727 -2.536982 0.526343 -0.846753 0.077280 0.516416 0.365383 1 2 1.000000
engineer_red
  2 -11.429750 50.312737 -1.383048 0.930059 -0.259505 0.260091 0.526448 0.333707 2 2 0.614453 4 0.385547
  2 -11.113646 51.499470 -2.845357 0.829599 -0.553021 0.077031 0.515922 0.349162 2 2 0.854711 4 0.145289
  2 -11.092517 51.776711 -1.378558 0.771152 -0.580299 0.261873 0.524496 0.353490 2 2 0.828336 4 0.171665
engineer_red
  2 -12.085253 50.739811 0.227361 0.776106 -0.193698 0.600117 0.539417 0.339306 2 2 0.605750 4 0.394250
  2 -11.429750 50.312737 -1.383048 0.930059 -0.259505 0.260091 0.526448 0.333707 2 2 0.614453 4 0.385547
  2 -11.092517 51.776711 -1.378558 0.771152 -0.580299 0.261873 0.524496 0.353490 2 2 0.828336 4 0.171665
engineer_red
  2 -12.390137 50.387970 -6.735682 0.410562 -0.238148 -0.880184 0.489359 0.320075 2 2 0.647046 4 0.352954
  2 -11.462822 52.523270 -6.447576 0.356146 -0.216526 -0.908998 0.486930 0.354179 2 2 0.864025 4 0.135976
  2 -10.922434 51.884018 -5.911339 0.683130 -0.463312 -0.564513 0.494188 0.352410 2 2 0.831562 4 0.168438
engineer_red
  2 -12.390137 50.387970 -6.735682 0.410562 -0.238148 -0.880184 0.489359 0.320075 2 2 0.647046 4 0.352954
  2 -10.922434 51.884018 -5.911339 0.683130 -0.463312 -0.564513 0.494188 0.352410 2 2 0.831562 4 0.168438
  2 -11.624367 49.800915 -5.962357 0.779068 -0.362794 -0.511306 0.497668 0.319123 2 2 0.621230 4 0.378770
engineer_red
  2 -11.624367 49.800915 -5.962357 0.779068 -0.362794 -0.511306 0.497668 0.319123 2 2 0.621230 4 0.378770
  4 -13.762634 47.474941 -5.988842 0.135449 -0.688749 -0.712235 0.495518 0.276640 2 4 0.614807 2 0.385194
  2 -12.390137 50.387970 -6.735682 0.410562 -0.238148 -0.880184 0.489359 0.320075 2 2 0.647046 4 0.352954
engineer_red
  2 -11.624367 49.800915 -5.962357 0.779068 -0.362794 -0.511306 0.497668 0.319123 2 2 0.621230 4 0.378770
  4 -12.906405 47.021389 -5.009189 0.409335 -0.809008 -0.421842 0.505844 0.279200 2 4 0.619875 2 0.380125
  4 -13.762634 47.474941 -5.988842 0.135449 -0.688749 -0.712235 0.495518 0.276640 2 4 0.614807 2 0.385194
engineer_red
  4 -12.906405 47.021389 -5.009189 0.409335 -0.809008 -0.421842 0.505844 0.279200 2 4 0.619875 2 0.380125
  2 -11.624367 49.800915 -5.962357 0.779068 -0.362794 -0.511306 0.497668 0.319123 2 2 0.621230 4 0.378770
  2 -11.324995 49.795479 -4.729379 0.939461 -0.328047 -0.098985 0.505438 0.323382 2 2 0.640395 4 0.359605
engineer_red
  4 -12.906405 47.021389 -5.009189 0.409335 -0.809008 -0.421842 0.505844 0.279200 2 4 0.619875 2 0.380125
  2 -11.324995 49.795479 -4.729379 0.939461 -0.328047 -0.098985 0.505438 0.323382 2 2 0.640395 4 0.359605
  4 -12.582365 46.934685 -3.976123 0.586342 -0.804035 -0.098642 0.512772 0.281255 2 4 0.589672 2 0.410328
engineer_red
  4 -12.582365 46.934685 -3.976123 0.586342 -0.804035 -0.098642 0.512772 0.281255 2 4 0.589672 2 0.410328
  2 -11.324995 49.795479 -4.729379 0.939461 -0.328047 -0.098985 0.505438 0.323382 2 2 0.640395 4 0.359605
  2 -11.229685 50.006973 -3.046084 0.961032 -0.268863 0.064266 0.516198 0.329281 2 2 0.660561 4 0.339439
engineer_red
  4 -12.582365 46.934685 -3.976123 0.586342 -0.804035 -0.098642 0.512772 0.281255 2 4 0.589672 2 0.410328
  2 -11.229685 50.006973 -3.046084 0.961032 -0.268863 0.064266 0.516198 0.329281 2 2 0.660561 4 0.339439
  4 -12.462402 47.027920 -2.560230 0.640221 -0.759330 0.116335 0.522365 0.284102 2 4 0.607748 2 0.392252
engineer_red
  4 -12.553546 47.450386 -0.825624 0.640780 -0.691801 0.332884 0.533001 0.287723 1 4 1.000000
  4 -12.462402 47.027920 -2.560230 0.640221 -0.759330 0.116335 0.522365 0.284102 2 4 0.607748 2 0.392252
  2 -11.229685 50.006973 -3.046084 0.961032 -0.268863 0.064266 0.516198 0.329281 2 2 0.660561 4 0.339439
engineer_red
  4 -12.553546 47.450386 -0.825624 0.640780 -0.691801 0.332884 0.533001 0.287723 1 4 1.000000
  2 -11.229685 50.006973 -3.046084 0.961032 -0.268863 0.064266 0.516198 0.329281 2 2 0.660561 4 0.339439
  2 -11.429750 50.312737 -1.383048 0.930059 -0.259505 0.260091 0.526448 0.333707 2 2 0.614453 4 0.385547
engineer_red
  2 -11.429750 50.312737 -1.383048 0.930059 -0.259505 0.260091 0.526448 0.333707 2 2 0.614453 4 0.385547
  2 -11.229685 50.006973 -3.046084 0.961032 -0.268863 0.064266 0.516198 0.329281 2 2 0.660561 4 0.339439
  2 -11.113646 51.499470 -2.845357 0.829599 -0.553021 0.077031 0.515922 0.349162 2 2 0.854711 4 0.145289
engineer_red
  2 -11.229685 50.006973 -3.046084 0.961032 -0.268863 0.064266 0.516198 0.329281 2 2 0.660561 4 0.339439
  2 -10.891688 51.615379 -4.616683 0.819624 -0.566738 -0.083816 0.503302 0.351048 2 2 0.847161 4 0.152839
  2 -11.113646 51.499470 -2.845357 0.829599 -0.553021 0.077031 0.515922 0.349162 2 2 0.854711 4 0.145289
engineer_red
  2 -11.229685 50.006973 -3.046084 0.961032 -0.268863 0.064266 0.516198 0.329281 2 2 0.660561 4 0.339439
  2 -11.324995 49.795479 -4.729379 0.939461 -0.328047 -0.098985 0.505438 0.323382 2 2 0.640395 4 0.359605
  2 -10.891688 51.615379 -4.616683 0.819624 -0.566738 -0.083816 0.503302 0.351048 2 2 0.847161 4 0.152839
engineer_red
  2 -11.624367 49.800915 -5.962357 0.779068 -0.362794 -0.511306 0.497668 0.319123 2 2 0.621230 4 0.378770
  2 -10.891688 51.615379 -4.616683 0.819624 -0.566738 -0.083816 0.503302 0.351048 2 2 0.847161 4 0.152839
  2 -11.324995 49.795479 -4.729379 0.939461 -0.328047 -0.098985 0.505438 0.323382 2 2 0.640395 4 0.359605
engineer_red
  2 -11.624367 49.800915 -5.962357 0.779068 -0.362794 -0.511306 0.497668 0.319123 2 2 0.621230 4 0.378770
  2 -10.922434 51.884018 -5.911339 0.683130 -0.463312 -0.564513 0.494188 0.352410 2 2 0.831562 4 0.168438
  2 -10.891688 51.615379 -4.616683 0.819624 -0.566738 -0.083816 0.503302 0.351048 2 2 0.847161 4 0.152839
engineer_red
  2 -11.462822 52.523270 -6.447576 0.356146 -0.216526 -0.908998 0.486930 0.354179 2 2 0.864025 4 0.135976
  2 -13.503242 51.154160 -7.069387 0.051009 -0.031559 -0.998199 0.481654 0.320958 2 2 0.680782 4 0.319218
  2 -12.226115 53.266048 -6.697225 0.051009 -0.031559 -0.998199 0.480199 0.355820 2 2 0.901871 4 0.098129
engineer_red
  2 -11.462822 52.523270 -6.447576 0.356146 -0.216526 -0.908998 0.486930 0.354179 2 2 0.864025 4 0.135976
  2 -12.390137 50.387970 -6.735682 0.410562 -0.238148 -0.880184 0.489359 0.320075 2 2 0.647046 4 0.352954
  2 -13.503242 51.154160 -7.069387 0.051009 -0.031559 -0.998199 0.481654 0.320958 2 2 0.680782 4 0.319218
engineer_red
  2 -12.390137 50.387970 -6.735682 0.410562 -0.238148 -0.880184 0.489359 0.320075 2 2 0.647046 4 0.352954
  4 -14.975397 48.119644 -6.532458 -0.173907 -0.480367 -0.859653 0.485943 0.274267 2 4 0.595067 2 0.404934
  2 -13.503242 51.154160 -7.069387 0.051009 -0.031559 -0.998199 0.481654 0.320958 2 2 0.680782 4 0.319218
engineer_red
  2 -12.390137 50.387970 -6.735682 0.410562 -0.238148 -0.880184 0.489359 0.320075 2 2 0.647046 4 0.352954
  4 -13.762634 47.474941 -5.988842 0.135449 -0.688749 -0.712235 0.495518 0.276640 2 4 0.614807 2 0.385194
  4 -14.975397 48.119644 -6.532458 -0.173907 -0.480367 -0.859653 0.485943 0.274267 2 4 0.595067 2 0.404934
engineer_red
  4 -12.553546 47.450386 -0.825624 0.640780 -0.691801 0.332884 0.533001 0.287723 1 4 1.000000
  2 -11.429750 50.312737 -1.383048 0.930059 -0.259505 0.260091 0.526448 0.333707 2 2 0.614453 4 0.385547
  2 -12.085253 50.739811 0.227361 0.776106 -0.193698 0.600117 0.539417 0.339306 2 2 0.605750 4 0.394250
engineer_red
  4 -12.553546 47.450386 -0.825624 0.640780 -0.691801 0.332884 0.533001 0.287723 1 4 1.000000
  2 -12.085253 50.739811 0.227361 0.776106 -0.193698 0.600117 0.539417 0.339306 2 2 0.605750 4 0.394250
  4 -13.158896 48.017921 0.868891 0.513834 -0.563566 0.646814 0.546459 0.292304 1 4 1.000000
engineer_red
  4 -13.743906 47.743530 0.599901 0.156725 -0.828995 0.536847 0.544143 0.275903 1 4 1.000000
  4 -12.553546 47.450386 -0.825624 0.640780 -0.691801 0.332884 0.533001 0.287723 1 4 1.000000
  4 -13.158896 48.017921 0.868891 0.513834 -0.563566 0.646814 0.546459 0.292304 1 4 1.000000
engineer_red
  4 -13.743906 47.743530 0.599901 0.156725 -0.828995 0.536847 0.544143 0.275903 1 4 1.000000
  4 -13.216486 47.256458 -0.875956 0.231652 -0.923262 0.306471 0.533808 0.272389 1 4 1.000000
  4 -12.553546 47.450386 -0.825624 0.640780 -0.691801 0.332884 0.533001 0.287723 1 4 1.000000
engineer_red
  4 -13.216486 47.256458 -0.875956 0.231652 -0.923262 0.306471 0.533808 0.272389 1 4 1.000000
  4 -12.462402 47.027920 -2.560230 0.640221 -0.759330 0.116335 0.522365 0.284102 2 4 0.607748 2 0.392252
  4 -12.553546 47.450386 -0.825624 0.640780 -0.691801 0.332884 0.533001 0.287723 1 4 1.000000
engineer_red
  4 -13.216486 47.256458 -0.875956 0.231652 -0.923262 0.306471 0.533808 0.272389 1 4 1.000000
  4 -13.197186 46.897480 -2.482432 0.205350 -0.968499 0.140861 0.525639 0.269611 2 4 0.640916 2 0.359084
  4 -12.462402 47.027920 -2.560230 0.640221 -0.759330 0.116335 0.522365 0.284102 2 4 0.607748 2 0.392252
engineer_red
  4 -13.390686 46.798244 -3.608502 0.146162 -0.988655 -0.034610 0.514362 0.267359 2 4 0.628584 2 0.371416
  4 -12.462402 47.027920 -2.560230 0.640221 -0.759330 0.116335 0.522365 0.284102 2 4 0.607748 2 0.392252
  4 -13.197186 46.897480 -2.482432 0.205350 -0.968499 0.140861 0.525639 0.269611 2 4 0.640916 2 0.359084
engineer_red
  4 -13.390686 46.798244 -3.608502 0.146162 -0.988655 -0.034610 0.514362 0.267359 2 4 0.628584 2 0.371416
  4 -12.582365 46.934685 -3.976123 0.586342 -0.804035 -0.098642 0.512772 0.281255 2 4 0.589672 2 0.410328
  4 -12.462402 47.027920 -2.560230 0.640221 -0.759330 0.116335 0.522365 0.284102 2 4 0.607748 2 0.392252
engineer_red
  4 -13.738827 46.868671 -4.456705 0.039284 -0.968349 -0.246489 0.506219 0.265733 2 4 0.630892 2 0.369108
  4 -12.582365 46.934685 -3.976123 0.586342 -0.804035 -0.098642 0.512772 0.281255 2 4 0.589672 2 0.410328
  4 -13.390686 46.798244 -3.608502 0.146162 -0.988655 -0.034610 0.514362 0.267359 2 4 0.628584 2 0.371416
engineer_red
  4 -13.738827 46.868671 -4.456705 0.039284 -0.968349 -0.246489 0.506219 0.265733 2 4 0.630892 2 0.369108
  4 -12.906405 47.021389 -5.009189 0.409335 -0.809008 -0.421842 0.505844 0.279200 2 4 0.619875 2 0.380125
  4 -12.582365 46.934685 -3.976123 0.586342 -0.804035 -0.098642 0.512772 0.281255 2 4 0.589672 2 0.410328
engineer_red
  4 -14.368870 47.163162 -5.253894 -0.096405 -0.884092 -0.457260 0.495245 0.263793 2 4 0.620306 2 0.379694
  4 -12.906405 47.021389 -5.009189 0.409335 -0.809008 -0.421842 0.505844 0.279200 2 4 0.619875 2 0.380125
  4 -13.738827 46.868671 -4.456705 0.039284 -0.968349 -0.246489 0.506219 0.265733 2 4 0.630892 2 0.369108
engineer_red
  4 -14.368870 47.163162 -5.253894 -0.096405 -0.884092 -0.457260 0.495245 0.263793 2 4 0.620306 2 0.379694
  4 -13.762634 47.474941 -5.988842 0.135449 -0.688749 -0.712235 0.495518 0.276640 2 4 0.614807 2 0.385194
  4 -12.906405 47.021389 -5.009189 0.409335 -0.809008 -0.421842 0.505844 0.279200 2 4 0.619875 2 0.380125
engineer_red
  4 -15.354718 47.642170 -5.764822 -0.305371 -0.717319 -0.626261 0.485069 0.261995 2 4 0.608681 2 0.391319
  4 -13.762634 47.474941 -5.988842 0.135449 -0.688749 -0.712235 0.495518 0.276640 2 4 0.614807 2 0.385194
  4 -14.368870 47.163162 -5.253894 -0.096405 -0.884092 -0.457260 0.495245 0.263793 2 4 0.620306 2 0.379694
engineer_red
  4 -15.354718 47.642170 -5.764822 -0.305371 -0.717319 -0.626261 0.485069 0.261995 2 4 0.608681 2 0.391319
  4 -14.975397 48.119644 -6.532458 -0.173907 -0.480367 -0.859653 0.485943 0.274267 2 4 0.595067 2 0.404934
  4 -13.762634 47.474941 -5.988842 0.135449 -0.688749 -0.712235 0.495518 0.276640 2 4 0.614807 2 0.385194
engineer_red
  4 -16.582441 48.424511 -5.770912 -0.593844 -0.473086 -0.650799 0.472860 0.260158 2 4 0.644319 2 0.355681
  4 -14.975397 48.119644 -6.532458 -0.173907 -0.480367 -0.859653 0.485943 0.274267 2 4 0.595067 2 0.404934
  4 -15.354718 47.642170 -5.764822 -0.305371 -0.717319 -0.626261 0.485069 0.261995 2 4 0.608681 2 0.391319
engineer_red
  4 -16.582441 48.424511 -5.770912 -0.593844 -0.473086 -0.650799 0.472860 0.260158 2 4 0.644319 2 0.355681
  4 -16.416418 49.062160 -6.291267 -0.524379 -0.217930 -0.823124 0.473156 0.272399 2 4 0.623556 2 0.376444
  4 -14.975397 48.119644 -6.532458 -0.173907 -0.480367 -0.859653 0.485943 0.274267 2 4 0.595067 2 0.404934
engineer_red
  2 -13.503242 51.154160 -7.069387 0.051009 -0.031559 -0.998199 0.481654 0.320958 2 2 0.680782 4 0.319218
  4 -14.975397 48.119644 -6.532458 -0.173907 -0.480367 -0.859653 0.485943 0.274267 2 4 0.595067 2 0.404934
  4 -16.416418 49.062160 -6.291267 -0.524379 -0.217930 -0.823124 0.473156 0.272399 2 4 0.623556 2 0.376444
engineer_red
  2 -13.503242 51.154160 -7.069387 0.051009 -0.031559 -0.998199 0.481654 0.320958 2 2 0.680782 4 0.319218
  4 -16.416418 49.062160 -6.291267 -0.524379 -0.217930 -0.823124 0.473156 0.272399 2 4 0.623556 2 0.376444
  2 -14.765092 52.066269 -6.825719 -0.313487 0.200918 -0.928093 0.471582 0.320711 2 2 0.726219 4 0.273781
engineer_red
  4 -16.416418 49.062160 -6.291267 -0.524379 -0.217930 -0.823124 0.473156 0.272399 2 4 0.623556 2 0.376444
  2 -15.818483 52.847992 -5.865042 -0.609019 0.408094 -0.680114 0.461358 0.320461 2 2 0.778605 4 0.221395
  2 -14.765092 52.066269 -6.825719 -0.313487 0.200918 -0.928093 0.471582 0.320711 2 2 0.726219 4 0.273781
engineer_red
  2 -12.226115 53.266048 -6.697225 0.051009 -0.031559 -0.998199 0.480199 0.355820 2 2 0.901871 4 0.098129
  2 -13.503242 51.154160 -7.069387 0.051009 -0.031559 -0.998199 0.481654 0.320958 2 2 0.680782 4 0.319218
  2 -14.765092 52.066269 -6.825719 -0.313487 0.200918 -0.928093 0.471582 0.320711 2 2 0.726219 4 0.273781
engineer_red
  2 -12.226115 53.266048 -6.697225 0.051009 -0.031559 -0.998199 0.480199 0.355820 2 2 0.901871 4 0.098129
  2 -14.765092 52.066269 -6.825719 -0.313487 0.200918 -0.928093 0.471582 0.320711 2 2 0.726219 4 0.273781
  2 -13.198656 54.099178 -6.383870 -0.278616 0.218983 -0.935104 0.471116 0.356575 2 2 0.942806 4 0.057194
engineer_red
  2 -15.818483 52.847992 -5.865042 -0.609019 0.408094 -0.680114 0.461358 0.320461 2 2 0.778605 4 0.221395
  2 -13.198656 54.099178 -6.383870 -0.278616 0.218983 -0.935104 0.471116 0.356575 2 2 0.942806 4 0.057194
  2 -14.765092 52.066269 -6.825719 -0.313487 0.200918 -0.928093 0.471582 0.320711 2 2 0.726219 4 0.273781
engineer_red
  2 -15.818483 52.847992 -5.865042 -0.609019 0.408094 -0.680114 0.461358 0.320461 2 2 0.778605 4 0.221395
  2 -14.030461 54.831078 -5.737526 -0.558982 0.396378 -0.728301 0.461896 0.357342 1 2 1.000000
  2 -13.198656 54.099178 -6.383870 -0.278616 0.218983 -0.935104 0.471116 0.356575 2 2 0.942806 4 0.057194
engineer_red
  2 -14.643353 55.079781 -4.784169 -0.726709 0.523819 -0.444419 0.453594 0.353974 1 2 1.000000
  2 -14.030461 54.831078 -5.737526 -0.558982 0.396378 -0.728301 0.461896 0.357342 1 2 1.000000
  2 -15.818483 52.847992 -5.865042 -0.609019 0.408094 -0.680114 0.461358 0.320461 2 2 0.778605 4 0.221395
engineer_red
  2 -14.643353 55.079781 -4.784169 -0.726709 0.523819 -0.444419 0.453594 0.353974 1 2 1.000000
  2 -15.818483 52.847992 -5.865042 -0.609019 0.408094 -0.680114 0.461358 0.320461 2 2 0.778605 4 0.221395
  2 -16.488251 53.359486 -4.476439 -0.749846 0.529631 -0.396513 0.451010 0.318010 2 2 0.815118 4 0.184882
engineer_red
  2 -14.975586 55.145451 -3.752600 -0.787031 0.615334 -0.044117 0.446625 0.351147 1 2 1.000000
  2 -14.643353 55.079781 -4.784169 -0.726709 0.523819 -0.444419 0.453594 0.353974 1 2 1.000000
  2 -16.488251 53.359486 -4.476439 -0.749846 0.529631 -0.396513 0.451010 0.318010 2 2 0.815118 4 0.184882
engineer_red
  2 -14.975586 55.145451 -3.752600 -0.787031 0.615334 -0.044117 0.446625 0.351147 1 2 1.000000
  2 -16.488251 53.359486 -4.476439 -0.749846 0.529631 -0.396513 0.451010 0.318010 2 2 0.815118 4 0.184882
  2 -16.850571 53.665455 -3.098756 -0.752372 0.657752 0.036047 0.442322 0.315952 2 2 0.804583 4 0.195417
engineer_red
  2 -14.474133 54.953648 -1.829853 -0.715909 0.574120 0.397316 0.431113 0.352212 1 2 1.000000
  2 -14.975586 55.145451 -3.752600 -0.787031 0.615334 -0.044117 0.446625 0.351147 1 2 1.000000
  2 -16.850571 53.665455 -3.098756 -0.752372 0.657752 0.036047 0.442322 0.315952 2 2 0.804583 4 0.195417
engineer_red
  2 -14.474133 54.953648 -1.829853 -0.715909 0.574120 0.397316 0.431113 0.352212 1 2 1.000000
  2 -16.850571 53.665455 -3.098756 -0.752372 0.657752 0.036047 0.442322 0.315952 2 2 0.804583 4 0.195417
  2 -15.926595 53.292400 -1.355468 -0.598134 0.666787 0.444557 0.429791 0.321167 2 2 0.812633 4 0.187367
engineer_red
  2 -15.926595 53.292400 -1.355468 -0.598134 0.666787 0.444557 0.429791 0.321167 2 2 0.812633 4 0.187367
  2 -13.572239 54.458698 -0.422281 -0.569195 0.457697 0.683030 0.418857 0.353350 2 2 0.940258 4 0.059742
  2 -14.474133 54.953648 -1.829853 -0.715909 0.574120 0.397316 0.431113 0.352212 1 2 1.000000
engineer_red
  2 -15.926595 53.292400 -1.355468 -0.598134 0.666787 0.444557 0.429791 0.321167 2 2 0.812633 4 0.187367
  2 -15.207221 52.857170 0.041793 -0.412170 0.593043 0.691676 0.419815 0.321974 2 2 0.813092 4 0.186908
  2 -13.572239 54.458698 -0.422281 -0.569195 0.457697 0.683030 0.418857 0.353350 2 2 0.940258 4 0.059742
engineer_red
  2 -15.207221 52.857170 0.041793 -0.412170 0.593043 0.691676 0.419815 0.321974 2 2 0.813092 4 0.186908
  2 -12.918925 53.823189 0.277247 -0.349983 0.308329 0.884560 0.412028 0.350954 1 2 1.000000
  2 -13.572239 54.458698 -0.422281 -0.569195 0.457697 0.683030 0.418857 0.353350 2 2 0.940258 4 0.059742
engineer_red
  2 -15.207221 52.857170 0.041793 -0.412170 0.593043 0.691676 0.419815 0.321974 2 2 0.813092 4 0.186908
  2 -14.214309 52.292694 0.717447 -0.153931 0.436412 0.886482 0.411039 0.323744 2 2 0.797656 4 0.202344
  2 -12.918925 53.823189 0.277247 -0.349983 0.308329 0.884560 0.412028 0.350954 1 2 1.000000
engineer_red
  2 -14.214309 52.292694 0.717447 -0.153931 0.436412 0.886482 0.411039 0.323744 2 2 0.797656 4 0.202344
  2 -12.336913 53.203144 0.479943 -0.109453 0.108836 0.988016 0.406361 0.348966 1 2 1.000000
  2 -12.918925 53.823189 0.277247 -0.349983 0.308329 0.884560 0.412028 0.350954 1 2 1.000000
engineer_red
  2 -14.214309 52.292694 0.717447 -0.153931 0.436412 0.886482 0.411039 0.323744 2 2 0.797656 4 0.202344
  2 -13.423362 51.753933 1.104043 0.157313 0.220049 0.962721 0.403757 0.325213 2 2 0.780221 4 0.219779
  2 -12.336913 53.203144 0.479943 -0.109453 0.108836 0.988016 0.406361 0.348966 1 2 1.000000
engineer_red
  2 -13.423362 51.753933 1.104043 0.157313 0.220049 0.962721 0.403757 0.325213 2 2 0.780221 4 0.219779
  2 -11.799267 52.660461 0.367475 0.143433 -0.173557 0.974323 0.401459 0.346272 1 2 1.000000
  2 -12.336913 53.203144 0.479943 -0.109453 0.108836 0.988016 0.406361 0.348966 1 2 1.000000
engineer_red
  2 -13.423362 51.753933 1.104043 0.157313 0.220049 0.962721 0.403757 0.325213 2 2 0.780221 4 0.219779
  2 -12.655075 51.218124 0.803604 0.496337 -0.021536 0.867863 0.398215 0.326519 2 2 0.632191 4 0.367809
  2 -11.799267 52.660461 0.367475 0.143433 -0.173557 0.974323 0.401459 0.346272 1 2 1.000000
engineer_red
  4 -14.020595 48.537601 1.497254 0.253565 -0.373512 0.892297 0.392296 0.281973 1 4 1.000000
  2 -12.655075 51.218124 0.803604 0.496337 -0.021536 0.867863 0.398215 0.326519 2 2 0.632191 4 0.367809
  2 -13.423362 51.753933 1.104043 0.157313 0.220049 0.962721 0.403757 0.325213 2 2 0.780221 4 0.219779
engineer_red
  4 -14.020595 48.537601 1.497254 0.253565 -0.373512 0.892297 0.392296 0.281973 1 4 1.000000
  2 -13.423362 51.753933 1.104043 0.157313 0.220049 0.962721 0.403757 0.325213 2 2 0.780221 4 0.219779
  4 -15.098371 49.125233 1.781198 -0.022815 -0.182362 0.982967 0.399073 0.280422 1 4 1.000000
engineer_red
  4 -15.970127 49.699291 1.754555 -0.287216 0.047481 0.956688 0.405846 0.278973 2 4 0.938083 2 0.061917
  4 -15.098371 49.125233 1.781198 -0.022815 -0.182362 0.982967 0.399073 0.280422 1 4 1.000000
  2 -13.423362 51.753933 1.104043 0.157313 0.220049 0.962721 0.403757 0.325213 2 2 0.780221 4 0.219779
engineer_red
  4 -15.970127 49.699291 1.754555 -0.287216 0.047481 0.956688 0.405846 0.278973 2 4 0.938083 2 0.061917
  2 -13.423362 51.753933 1.104043 0.157313 0.220049 0.962721 0.403757 0.325213 2 2 0.780221 4 0.219779
  2 -14.214309 52.292694 0.717447 -0.153931 0.436412 0.886482 0.411039 0.323744 2 2 0.797656 4 0.202344
engineer_red
  2 -14.214309 52.292694 0.717447 -0.153931 0.436412 0.886482 0.411039 0.323744 2 2 0.797656 4 0.202344
  4 -16.940866 50.248928 1.235712 -0.574099 0.272138 0.772237 0.414007 0.277227 2 4 0.936466 2 0.063534
  4 -15.970127 49.699291 1.754555 -0.287216 0.047481 0.956688 0.405846 0.278973 2 4 0.938083 2 0.061917
engineer_red
  2 -14.214309 52.292694 0.717447 -0.153931 0.436412 0.886482 0.411039 0.323744 2 2 0.797656 4 0.202344
  2 -15.207221 52.857170 0.041793 -0.412170 0.593043 0.691676 0.419815 0.321974 2 2 0.813092 4 0.186908
  4 -16.940866 50.248928 1.235712 -0.574099 0.272138 0.772237 0.414007 0.277227 2 4 0.936466 2 0.063534
engineer_red
  4 -17.945526 50.677219 -0.191631 -0.821893 0.329038 0.465000 0.424367 0.275239 1 4 1.000000
  4 -16.940866 50.248928 1.235712 -0.574099 0.272138 0.772237 0.414007 0.277227 2 4 0.936466 2 0.063534
  2 -15.207221 52.857170 0.041793 -0.412170 0.593043 0.691676 0.419815 0.321974 2 2 0.813092 4 0.186908
engineer_red
  4 -17.945526 50.677219 -0.191631 -0.821893 0.329038 0.465000 0.424367 0.275239 1 4 1.000000
  2 -15.207221 52.857170 0.041793 -0.412170 0.593043 0.691676 0.419815 0.321974 2 2 0.813092 4 0.186908
  2 -15.926595 53.292400 -1.355468 -0.598134 0.666787 0.444557 0.429791 0.321167 2 2 0.812633 4 0.187367
engineer_red
  2 -15.926595 53.292400 -1.355468 -0.598134 0.666787 0.444557 0.429791 0.321167 2 2 0.812633 4 0.187367
  4 -18.488943 50.801971 -2.124985 -0.974905 0.211971 0.068039 0.436275 0.271410 2 4 0.786968 2 0.213032
  4 -17.945526 50.677219 -0.191631 -0.821893 0.329038 0.465000 0.424367 0.275239 1 4 1.000000
engineer_red
  2 -15.926595 53.292400 -1.355468 -0.598134 0.666787 0.444557 0.429791 0.321167 2 2 0.812633 4 0.187367
  2 -16.850571 53.665455 -3.098756 -0.752372 0.657752 0.036047 0.442322 0.315952 2 2 0.804583 4 0.195417
  4 -18.488943 50.801971 -2.124985 -0.974905 0.211971 0.068039 0.436275 0.271410 2 4 0.786968 2 0.213032
engineer_red
  4 -18.260029 50.449703 -3.662882 -0.953113 0.112996 -0.280728 0.447183 0.270996 2 4 0.715859 2 0.284141
  4 -18.488943 50.801971 -2.124985 -0.974905 0.211971 0.068039 0.436275 0.271410 2 4 0.786968 2 0.213032
  2 -16.850571 53.665455 -3.098756 -0.752372 0.657752 0.036047 0.442322 0.315952 2 2 0.804583 4 0.195417
engineer_red
  4 -18.260029 50.449703 -3.662882 -0.953113 0.112996 -0.280728 0.447183 0.270996 2 4 0.715859 2 0.284141
  2 -16.850571 53.665455 -3.098756 -0.752372 0.657752 0.036047 0.442322 0.315952 2 2 0.804583 4 0.195417
  2 -16.488251 53.359486 -4.476439 -0.749846 0.529631 -0.396513 0.451010 0.318010 2 2 0.815118 4 0.184882
engineer_red
  4 -17.737877 49.913582 -5.219193 -0.821665 0.005300 -0.569947 0.460176 0.270503 2 4 0.671859 2 0.328141
  4 -18.260029 50.449703 -3.662882 -0.953113 0.112996 -0.280728 0.447183 0.270996 2 4 0.715859 2 0.284141
  2 -16.488251 53.359486 -4.476439 -0.749846 0.529631 -0.396513 0.451010 0.318010 2 2 0.815118 4 0.184882
engineer_red
  4 -17.737877 49.913582 -5.219193 -0.821665 0.005300 -0.569947 0.460176 0.270503 2 4 0.671859 2 0.328141
  2 -16.488251 53.359486 -4.476439 -0.749846 0.529631 -0.396513 0.451010 0.318010 2 2 0.815118 4 0.184882
  2 -15.818483 52.847992 -5.865042 -0.609019 0.408094 -0.680114 0.461358 0.320461 2 2 0.778605 4 0.221395
engineer_red
  4 -16.416418 49.062160 -6.291267 -0.524379 -0.217930 -0.823124 0.473156 0.272399 2 4 0.623556 2 0.376444
  4 -17.737877 49.913582 -5.219193 -0.821665 0.005300 -0.569947 0.460176 0.270503 2 4 0.671859 2 0.328141
  2 -15.818483 52.847992 -5.865042 -0.609019 0.408094 -0.680114 0.461358 0.320461 2 2 0.778605 4 0.221395
engineer_red
  4 -16.582441 48.424511 -5.770912 -0.593844 -0.473086 -0.650799 0.472860 0.260158 2 4 0.644319 2 0.355681
  4 -17.737877 49.913582 -5.219193 -0.821665 0.005300 -0.569947 0.460176 0.270503 2 4 0.671859 2 0.328141
  4 -16.416418 49.062160 -6.291267 -0.524379 -0.217930 -0.823124 0.473156 0.272399 2 4 0.623556 2 0.376444
engineer_red
  4 -16.582441 48.424511 -5.770912 -0.593844 -0.473086 -0.650799 0.472860 0.260158 2 4 0.644319 2 0.355681
  4 -17.694706 49.225716 -4.806343 -0.857614 -0.280969 -0.430761 0.460466 0.258293 2 4 0.689553 2 0.310447
  4 -17.737877 49.913582 -5.219193 -0.821665 0.005300 -0.569947 0.460176 0.270503 2 4 0.671859 2 0.328141
engineer_red
  4 -17.694706 49.225716 -4.806343 -0.857614 -0.280969 -0.430761 0.460466 0.258293 2 4 0.689553 2 0.310447
  4 -18.260029 50.449703 -3.662882 -0.953113 0.112996 -0.280728 0.447183 0.270996 2 4 0.715859 2 0.284141
  4 -17.737877 49.913582 -5.219193 -0.821665 0.005300 -0.569947 0.460176 0.270503 2 4 0.671859 2 0.328141
engineer_red
  4 -17.694706 49.225716 -4.806343 -0.857614 -0.280969 -0.430761 0.460466 0.258293 2 4 0.689553 2 0.310447
  2 -18.210554 49.830288 -3.378599 -0.967103 -0.195491 -0.162771 0.447288 0.258672 2 2 0.791147 4 0.208853
  4 -18.260029 50.449703 -3.662882 -0.953113 0.112996 -0.280728 0.447183 0.270996 2 4 0.715859 2 0.284141
engineer_red
  2 -18.210554 49.830288 -3.378599 -0.967103 -0.195491 -0.162771 0.447288 0.258672 2 2 0.791147 4 0.208853
  4 -18.488943 50.801971 -2.124985 -0.974905 0.211971 0.068039 0.436275 0.271410 2 4 0.786968 2 0.213032
  4 -18.260029 50.449703 -3.662882 -0.953113 0.112996 -0.280728 0.447183 0.270996 2 4 0.715859 2 0.284141
engineer_red
  2 -18.210554 49.830288 -3.378599 -0.967103 -0.195491 -0.162771 0.447288 0.258672 2 2 0.791147 4 0.208853
  2 -18.319397 50.125839 -2.010312 -0.987394 -0.137964 0.077578 0.436225 0.258990 2 2 0.789925 4 0.210076
  4 -18.488943 50.801971 -2.124985 -0.974905 0.211971 0.068039 0.436275 0.271410 2 4 0.786968 2 0.213032
engineer_red
  2 -18.319397 50.125839 -2.010312 -0.987394 -0.137964 0.077578 0.436225 0.258990 2 2 0.789925 4 0.210076
  4 -17.945526 50.677219 -0.191631 -0.821893 0.329038 0.465000 0.424367 0.275239 1 4 1.000000
  4 -18.488943 50.801971 -2.124985 -0.974905 0.211971 0.068039 0.436275 0.271410 2 4 0.786968 2 0.213032
engineer_red
  2 -18.319397 50.125839 -2.010312 -0.987394 -0.137964 0.077578 0.436225 0.258990 2 2 0.789925 4 0.210076
  4 -17.983370 50.198566 -0.173037 -0.907933 -0.018638 0.418701 0.425985 0.261803 1 4 1.000000
  4 -17.945526 50.677219 -0.191631 -0.821893 0.329038 0.465000 0.424367 0.275239 1 4 1.000000
engineer_red
  4 -17.983370 50.198566 -0.173037 -0.907933 -0.018638 0.418701 0.425985 0.261803 1 4 1.000000
  4 -16.940866 50.248928 1.235712 -0.574099 0.272138 0.772237 0.414007 0.277227 2 4 0.936466 2 0.063534
  4 -17.945526 50.677219 -0.191631 -0.821893 0.329038 0.465000 0.424367 0.275239 1 4 1.000000
engineer_red
  4 -17.983370 50.198566 -0.173037 -0.907933 -0.018638 0.418701 0.425985 0.261803 1 4 1.000000
  4 -17.004944 49.786755 1.155604 -0.671813 -0.081170 0.736260 0.415745 0.264616 1 4 1.000000
  4 -16.940866 50.248928 1.235712 -0.574099 0.272138 0.772237 0.414007 0.277227 2 4 0.936466 2 0.063534
engineer_red
  4 -17.004944 49.786755 1.155604 -0.671813 -0.081170 0.736260 0.415745 0.264616 1 4 1.000000
  4 -15.970127 49.699291 1.754555 -0.287216 0.047481 0.956688 0.405846 0.278973 2 4 0.938083 2 0.061917
  4 -16.940866 50.248928 1.235712 -0.574099 0.272138 0.772237 0.414007 0.277227 2 4 0.936466 2 0.063534
engineer_red
  4 -17.004944 49.786755 1.155604 -0.671813 -0.081170 0.736260 0.415745 0.264616 1 4 1.000000
  4 -16.123989 49.227051 1.474415 -0.405104 -0.332748 0.851569 0.407102 0.265161 1 4 1.000000
  4 -15.970127 49.699291 1.754555 -0.287216 0.047481 0.956688 0.405846 0.278973 2 4 0.938083 2 0.061917
engineer_red
  4 -16.123989 49.227051 1.474415 -0.405104 -0.332748 0.851569 0.407102 0.265161 1 4 1.000000
  4 -15.098371 49.125233 1.781198 -0.022815 -0.182362 0.982967 0.399073 0.280422 1 4 1.000000
  4 -15.970127 49.699291 1.754555 -0.287216 0.047481 0.956688 0.405846 0.278973 2 4 0.938083 2 0.061917
engineer_red
  4 -16.123989 49.227051 1.474415 -0.405104 -0.332748 0.851569 0.407102 0.265161 1 4 1.000000
  4 -15.296472 48.681808 1.447170 -0.198493 -0.520318 0.830584 0.399929 0.265613 1 4 1.000000
  4 -15.098371 49.125233 1.781198 -0.022815 -0.182362 0.982967 0.399073 0.280422 1 4 1.000000
engineer_red
  4 -15.296472 48.681808 1.447170 -0.198493 -0.520318 0.830584 0.399929 0.265613 1 4 1.000000
  4 -14.020595 48.537601 1.497254 0.253565 -0.373512 0.892297 0.392296 0.281973 1 4 1.000000
  4 -15.098371 49.125233 1.781198 -0.022815 -0.182362 0.982967 0.399073 0.280422 1 4 1.000000
engineer_red
  4 -15.296472 48.681808 1.447170 -0.198493 -0.520318 0.830584 0.399929 0.265613 1 4 1.000000
  4 -14.422231 48.186211 1.185374 0.013583 -0.665052 0.746673 0.393393 0.265497 1 4 1.000000
  4 -14.020595 48.537601 1.497254 0.253565 -0.373512 0.892297 0.392296 0.281973 1 4 1.000000
engineer_red
  4 -13.743906 47.743530 0.599901 0.156725 -0.828995 0.536847 0.387607 0.265394 1 4 1.000000
  4 -14.020595 48.537601 1.497254 0.253565 -0.373512 0.892297 0.392296 0.281973 1 4 1.000000
  4 -14.422231 48.186211 1.185374 0.013583 -0.665052 0.746673 0.393393 0.265497 1 4 1.000000
engineer_red
  4 -13.743906 47.743530 0.599901 0.156725 -0.828995 0.536847 0.387607 0.265394 1 4 1.000000
  4 -13.158896 48.017921 0.868891 0.513834 -0.563566 0.646814 0.386297 0.283345 1 4 1.000000
  4 -14.020595 48.537601 1.497254 0.253565 -0.373512 0.892297 0.392296 0.281973 1 4 1.000000
engineer_red
  4 -14.020595 48.537601 1.497254 0.253565 -0.373512 0.892297 0.392296 0.281973 1 4 1.000000
  4 -13.158896 48.017921 0.868891 0.513834 -0.563566 0.646814 0.386297 0.283345 1 4 1.000000
  2 -12.085253 50.739811 0.227361 0.776106 -0.193698 0.600117 0.393310 0.327675 2 2 0.605750 4 0.394250
engineer_red
  4 -14.020595 48.537601 1.497254 0.253565 -0.373512 0.892297 0.392296 0.281973 1 4 1.000000
  2 -12.085253 50.739811 0.227361 0.776106 -0.193698 0.600117 0.393310 0.327675 2 2 0.605750 4 0.394250
  2 -12.655075 51.218124 0.803604 0.496337 -0.021536 0.867863 0.398215 0.326519 2 2 0.632191 4 0.367809
engineer_red
  2 -12.655075 51.218124 0.803604 0.496337 -0.021536 0.867863 0.398215 0.326519 2 2 0.632191 4 0.367809
  2 -12.085253 50.739811 0.227361 0.776106 -0.193698 0.600117 0.393310 0.327675 2 2 0.605750 4 0.394250
  2 -11.439873 52.185692 -0.039471 0.520474 -0.497901 0.693686 0.397120 0.343887 2 2 0.876742 4 0.123258
engineer_red
  2 -12.655075 51.218124 0.803604 0.496337 -0.021536 0.867863 0.398215 0.326519 2 2 0.632191 4 0.367809
  2 -11.439873 52.185692 -0.039471 0.520474 -0.497901 0.693686 0.397120 0.343887 2 2 0.876742 4 0.123258
  2 -11.799267 52.660461 0.367475 0.143433 -0.173557 0.974323 0.401459 0.346272 1 2 1.000000
engineer_red
  2 -11.799267 52.660461 0.367475 0.143433 -0.173557 0.974323 0.401459 0.346272 1 2 1.000000
  2 -11.439873 52.185692 -0.039471 0.520474 -0.497901 0.693686 0.397120 0.343887 2 2 0.876742 4 0.123258
  2 -9.450415 53.691418 1.371779 0.130882 -0.715156 0.686602 0.389041 0.374827 1 2 1.000000
engineer_red
  2 -11.799267 52.660461 0.367475 0.143433 -0.173557 0.974323 0.401459 0.346272 1 2 1.000000
  2 -9.450415 53.691418 1.371779 0.130882 -0.715156 0.686602 0.389041 0.374827 1 2 1.000000
  2 -9.469540 54.774193 1.634019 -0.250117 -0.286353 0.924902 0.392422 0.387450 1 2 1.000000
engineer_red
  2 -12.336913 53.203144 0.479943 -0.109453 0.108836 0.988016 0.406361 0.348966 1 2 1.000000
  2 -11.799267 52.660461 0.367475 0.143433 -0.173557 0.974323 0.401459 0.346272 1 2 1.000000
  2 -9.469540 54.774193 1.634019 -0.250117 -0.286353 0.924902 0.392422 0.387450 1 2 1.000000
engineer_red
  2 -12.336913 53.203144 0.479943 -0.109453 0.108836 0.988016 0.406361 0.348966 1 2 1.000000
  2 -9.469540 54.774193 1.634019 -0.250117 -0.286353 0.924902 0.392422 0.387450 1 2 1.000000
  2 -9.626455 56.054512 1.567664 -0.356470 -0.034785 0.933659 0.396241 0.401711 1 2 1.000000
engineer_red
  2 -12.918925 53.823189 0.277247 -0.349983 0.308329 0.884560 0.412028 0.350954 1 2 1.000000
  2 -12.336913 53.203144 0.479943 -0.109453 0.108836 0.988016 0.406361 0.348966 1 2 1.000000
  2 -9.626455 56.054512 1.567664 -0.356470 -0.034785 0.933659 0.396241 0.401711 1 2 1.000000
engineer_red
  2 -12.918925 53.823189 0.277247 -0.349983 0.308329 0.884560 0.412028 0.350954 1 2 1.000000
  2 -9.626455 56.054512 1.567664 -0.356470 -0.034785 0.933659 0.396241 0.401711 1 2 1.000000
  2 -10.145668 58.048683 1.079847 -0.496448 0.148919 0.855197 0.405848 0.422689 1 2 1.000000
engineer_red
  2 -13.572239 54.458698 -0.422281 -0.569195 0.457697 0.683030 0.418857 0.353350 2 2 0.940258 4 0.059742
  2 -12.918925 53.823189 0.277247 -0.349983 0.308329 0.884560 0.412028 0.350954 1 2 1.000000
  2 -10.145668 58.048683 1.079847 -0.496448 0.148919 0.855197 0.405848 0.422689 1 2 1.000000
engineer_red
  2 -13.572239 54.458698 -0.422281 -0.569195 0.457697 0.683030 0.418857 0.353350 2 2 0.940258 4 0.059742
  2 -10.145668 58.048683 1.079847 -0.496448 0.148919 0.855197 0.405848 0.422689 1 2 1.000000
  2 -10.729750 60.290977 0.038524 -0.689593 0.300354 0.658975 0.417425 0.447969 1 2 1.000000
engineer_red
  2 -14.474133 54.953648 -1.829853 -0.715909 0.574120 0.397316 0.431113 0.352212 1 2 1.000000
  2 -13.572239 54.458698 -0.422281 -0.569195 0.457697 0.683030 0.418857 0.353350 2 2 0.940258 4 0.059742
  2 -10.729750 60.290977 0.038524 -0.689593 0.300354 0.658975 0.417425 0.447969 1 2 1.000000
engineer_red
  2 -14.474133 54.953648 -1.829853 -0.715909 0.574120 0.397316 0.431113 0.352212 1 2 1.000000
  2 -10.729750 60.290977 0.038524 -0.689593 0.300354 0.658975 0.417425 0.447969 1 2 1.000000
  2 -11.198916 61.778957 -2.048276 -0.841393 0.419518 0.340680 0.432628 0.461904 1 2 1.000000
engineer_red
  2 -14.975586 55.145451 -3.752600 -0.787031 0.615334 -0.044117 0.446625 0.351147 1 2 1.000000
  2 -14.474133 54.953648 -1.829853 -0.715909 0.574120 0.397316 0.431113 0.352212 1 2 1.000000
  2 -11.198916 61.778957 -2.048276 -0.841393 0.419518 0.340680 0.432628 0.461904 1 2 1.000000
engineer_red
  2 -14.975586 55.145451 -3.752600 -0.787031 0.615334 -0.044117 0.446625 0.351147 1 2 1.000000
  2 -11.198916 61.778957 -2.048276 -0.841393 0.419518 0.340680 0.432628 0.461904 1 2 1.000000
  2 -11.174670 62.140270 -4.411885 -0.882388 0.458011 -0.107783 0.447883 0.465874 1 2 1.000000
engineer_red
  2 -11.174670 62.140270 -4.411885 -0.882388 0.458011 -0.107783 0.447883 0.465874 1 2 1.000000
  2 -14.643353 55.079781 -4.784169 -0.726709 0.523819 -0.444419 0.453594 0.353974 1 2 1.000000
  2 -14.975586 55.145451 -3.752600 -0.787031 0.615334 -0.044117 0.446625 0.351147 1 2 1.000000
engineer_handL
  3 15.213860 45.852730 1.453733 -0.665778 -0.159076 0.728996 0.919237 0.224185 2 3 0.638569 11 0.361431
  3 13.649581 49.049000 0.570997 -0.627059 -0.097796 0.772809 0.958859 0.089978 1 3 1.000000
  3 13.013761 48.502079 -0.260328 -0.816953 -0.330662 0.472495 0.925167 0.077425 1 3 1.000000
engineer_handL
  3 12.816206 48.192326 -1.123346 -0.862656 -0.430473 0.265551 0.879036 0.061591 1 3 1.000000
  3 14.860182 45.332230 0.594224 -0.815522 -0.375283 0.440552 0.891967 0.216557 2 3 0.634269 11 0.365731
  3 13.013761 48.502079 -0.260328 -0.816953 -0.330662 0.472495 0.925167 0.077425 1 3 1.000000
engineer_handL
  3 15.213860 45.852730 1.453733 -0.665778 -0.159076 0.728996 0.919237 0.224185 2 3 0.638569 11 0.361431
  3 13.013761 48.502079 -0.260328 -0.816953 -0.330662 0.472495 0.925167 0.077425 1 3 1.000000
  3 14.860182 45.332230 0.594224 -0.815522 -0.375283 0.440552 0.891967 0.216557 2 3 0.634269 11 0.365731
engineer_handL
  11 16.464939 43.674572 1.980174 -0.757040 -0.252740 0.602506 0.880939 0.353091 2 11 0.674578 3 0.325422
  3 15.213860 45.852730 1.453733 -0.665778 -0.159076 0.728996 0.919237 0.224185 2 3 0.638569 11 0.361431
  3 14.860182 45.332230 0.594224 -0.815522 -0.375283 0.440552 0.891967 0.216557 2 3 0.634269 11 0.365731
engineer_handL
  11 16.464939 43.674572 1.980174 -0.757040 -0.252740 0.602506 0.880939 0.353091 2 11 0.674578 3 0.325422
  3 14.860182 45.332230 0.594224 -0.815522 -0.375283 0.440552 0.891967 0.216557 2 3 0.634269 11 0.365731
  11 16.302954 43.208302 1.222979 -0.823988 -0.447204 0.347925 0.857127 0.347934 2 11 0.674577 3 0.325423
engineer_handL
  5 17.492428 41.821491 2.546408 -0.854270 -0.291865 0.430160 0.848808 0.460347 2 5 0.818234 3 0.181767
  11 16.464939 43.674572 1.980174 -0.757040 -0.252740 0.602506 0.880939 0.353091 2 11 0.674578 3 0.325422
  11 16.302954 43.208302 1.222979 -0.823988 -0.447204 0.347925 0.857127 0.347934 2 11 0.674577 3 0.325423
engineer_handL
  3 14.744576 44.959831 -0.181866 -0.842169 -0.469450 0.265271 0.844791 0.205789 2 3 0.634471 11 0.365530
  11 16.302954 43.208302 1.222979 -0.823988 -0.447204 0.347925 0.857127 0.347934 2 11 0.674577 3 0.325423
  3 14.860182 45.332230 0.594224 -0.815522 -0.375283 0.440552 0.891967 0.216557 2 3 0.634269 11 0.365731
engineer_handL
  3 12.816206 48.192326 -1.123346 -0.862656 -0.430473 0.265551 0.879036 0.061591 1 3 1.000000
  3 14.744576 44.959831 -0.181866 -0.842169 -0.469450 0.265271 0.844791 0.205789 2 3 0.634471 11 0.365530
  3 14.860182 45.332230 0.594224 -0.815522 -0.375283 0.440552 0.891967 0.216557 2 3 0.634269 11 0.365731
engineer_handL
  3 14.744576 44.959831 -0.181866 -0.842169 -0.469450 0.265271 0.844791 0.205789 2 3 0.634471 11 0.365530
  3 12.816206 48.192326 -1.123346 -0.862656 -0.430473 0.265551 0.879036 0.061591 1 3 1.000000
  3 12.772615 47.848259 -2.284672 -0.866320 -0.496424 0.055258 0.824354 0.049277 1 3 1.000000
engineer_handL
  5 19.437763 39.610855 -0.536789 -0.580136 -0.534680 -0.614458 0.662567 0.507309 2 5 0.876605 7 0.123395
  5 19.718910 40.519920 -1.507339 -0.038759 -0.573881 -0.818021 0.639931 0.456127 2 5 0.818223 3 0.181777
  5 20.194378 39.699100 -0.955946 -0.104986 -0.473511 -0.874509 0.641484 0.508832 2 5 0.876605 7 0.123395
engineer_handL
  5 19.437763 39.610855 -0.536789 -0.580136 -0.534680 -0.614458 0.662567 0.507309 2 5 0.876605 7 0.123395
  5 18.964176 40.401108 -1.053937 -0.496473 -0.697875 -0.516222 0.663920 0.454163 2 5 0.818228 3 0.181772
  5 19.718910 40.519920 -1.507339 -0.038759 -0.573881 -0.818021 0.639931 0.456127 2 5 0.818223 3 0.181777
engineer_handL
  5 18.964176 40.401108 -1.053937 -0.496473 -0.697875 -0.516222 0.663920 0.454163 2 5 0.818228 3 0.181772
  11 18.516130 42.301918 -2.839975 0.002060 -0.553120 -0.833099 0.630961 0.328168 2 11 0.674582 3 0.325418
  5 19.718910 40.519920 -1.507339 -0.038759 -0.573881 -0.818021 0.639931 0.456127 2 5 0.818223 3 0.181777
engineer_handL
  5 18.964176 40.401108 -1.053937 -0.496473 -0.697875 -0.516222 0.663920 0.454163 2 5 0.818228 3 0.181772
  11 17.621212 42.076813 -2.237589 -0.463351 -0.717705 -0.519813 0.668842 0.331832 2 11 0.674580 3 0.325420
  11 18.516130 42.301918 -2.839975 0.002060 -0.553120 -0.833099 0.630961 0.328168 2 11 0.674582 3 0.325418
engineer_handL
  11 17.621212 42.076813 -2.237589 -0.463351 -0.717705 -0.519813 0.668842 0.331832 2 11 0.674580 3 0.325420
  3 16.857071 44.587059 -4.221122 -0.008624 -0.472830 -0.881111 0.640610 0.178802 2 3 0.677873 11 0.322128
  11 18.516130 42.301918 -2.839975 0.002060 -0.553120 -0.833099 0.630961 0.328168 2 11 0.674582 3 0.325418
engineer_handL
  11 17.621212 42.076813 -2.237589 -0.463351 -0.717705 -0.519813 0.668842 0.331832 2 11 0.674580 3 0.325420
  3 15.839258 44.230942 -3.555571 -0.500941 -0.649202 -0.572358 0.678844 0.182706 2 3 0.669872 11 0.330128
  3 16.857071 44.587059 -4.221122 -0.008624 -0.472830 -0.881111 0.640610 0.178802 2 3 0.677873 11 0.322128
engineer_handL
  3 13.842415 47.671856 -5.174737 -0.503989 -0.611552 -0.609917 0.683218 0.019510 1 3 1.000000
  3 16.857071 44.587059 -4.221122 -0.008624 -0.472830 -0.881111 0.640610 0.178802 2 3 0.677873 11 0.322128
  3 15.839258 44.230942 -3.555571 -0.500941 -0.649202 -0.572358 0.678844 0.182706 2 3 0.669872 11 0.330128
engineer_handL
  3 13.269314 47.613159 -4.129811 -0.733240 -0.592259 -0.334049 0.736841 0.029893 1 3 1.000000
  3 13.842415 47.671856 -5.174737 -0.503989 -0.611552 -0.609917 0.683218 0.019510 1 3 1.000000
  3 15.839258 44.230942 -3.555571 -0.500941 -0.649202 -0.572358 0.678844 0.182706 2 3 0.669872 11 0.330128
engineer_handL
  3 13.269314 47.613159 -4.129811 -0.733240 -0.592259 -0.334049 0.736841 0.029893 1 3 1.000000
  3 15.839258 44.230942 -3.555571 -0.500941 -0.649202 -0.572358 0.678844 0.182706 2 3 0.669872 11 0.330128
  3 15.381254 44.236626 -2.761524 -0.668712 -0.677888 -0.305437 0.718635 0.188983 2 3 0.613483 11 0.386517
engineer_handL
  3 12.934614 47.693756 -3.308562 -0.825283 -0.538755 -0.169266 0.777396 0.036416 1 3 1.000000
  3 13.269314 47.613159 -4.129811 -0.733240 -0.592259 -0.334049 0.736841 0.029893 1 3 1.000000
  3 15.381254 44.236626 -2.761524 -0.668712 -0.677888 -0.305437 0.718635 0.188983 2 3 0.613483 11 0.386517
engineer_handL
  3 12.934614 47.693756 -3.308562 -0.825283 -0.538755 -0.169266 0.777396 0.036416 1 3 1.000000
  3 15.381254 44.236626 -2.761524 -0.668712 -0.677888 -0.305437 0.718635 0.188983 2 3 0.613483 11 0.386517
  3 15.007751 44.337784 -1.898809 -0.756915 -0.630089 -0.173400 0.760382 0.195624 2 3 0.643868 11 0.356132
engineer_handL
  3 15.007751 44.337784 -1.898809 -0.756915 -0.630089 -0.173400 0.760382 0.195624 2 3 0.643868 11 0.356132
  3 12.772615 47.848259 -2.284672 -0.866320 -0.496424 0.055258 0.824354 0.049277 1 3 1.000000
  3 12.934614 47.693756 -3.308562 -0.825283 -0.538755 -0.169266 0.777396 0.036416 1 3 1.000000
engineer_handL
  3 15.007751 44.337784 -1.898809 -0.756915 -0.630089 -0.173400 0.760382 0.195624 2 3 0.643868 11 0.356132
  3 14.716661 44.568115 -1.015178 -0.840179 -0.540863 0.039565 0.802101 0.201451 2 3 0.640571 11 0.359429
  3 12.772615 47.848259 -2.284672 -0.866320 -0.496424 0.055258 0.824354 0.049277 1 3 1.000000
engineer_handL
  3 14.744576 44.959831 -0.181866 -0.842169 -0.469450 0.265271 0.844791 0.205789 2 3 0.634471 11 0.365530
  3 12.772615 47.848259 -2.284672 -0.866320 -0.496424 0.055258 0.824354 0.049277 1 3 1.000000
  3 14.716661 44.568115 -1.015178 -0.840179 -0.540863 0.039565 0.802101 0.201451 2 3 0.640571 11 0.359429
engineer_handL
  3 14.716661 44.568115 -1.015178 -0.840179 -0.540863 0.039565 0.802101 0.201451 2 3 0.640571 11 0.359429
  11 16.258888 42.843925 0.577218 -0.812577 -0.541954 0.214487 0.817051 0.340435 2 11 0.674577 3 0.325423
  3 14.744576 44.959831 -0.181866 -0.842169 -0.469450 0.265271 0.844791 0.205789 2 3 0.634471 11 0.365530
engineer_handL
  3 14.744576 44.959831 -0.181866 -0.842169 -0.469450 0.265271 0.844791 0.205789 2 3 0.634471 11 0.365530
  11 16.258888 42.843925 0.577218 -0.812577 -0.541954 0.214487 0.817051 0.340435 2 11 0.674577 3 0.325423
  11 16.302954 43.208302 1.222979 -0.823988 -0.447204 0.347925 0.857127 0.347934 2 11 0.674577 3 0.325423
engineer_handL
  5 17.563618 41.426136 1.844078 -0.853601 -0.482912 0.195348 0.827472 0.457958 2 5 0.818235 3 0.181765
  11 16.302954 43.208302 1.222979 -0.823988 -0.447204 0.347925 0.857127 0.347934 2 11 0.674577 3 0.325423
  11 16.258888 42.843925 0.577218 -0.812577 -0.541954 0.214487 0.817051 0.340435 2 11 0.674577 3 0.325423
engineer_handL
  5 17.492428 41.821491 2.546408 -0.854270 -0.291865 0.430160 0.848808 0.460347 2 5 0.818234 3 0.181767
  11 16.302954 43.208302 1.222979 -0.823988 -0.447204 0.347925 0.857127 0.347934 2 11 0.674577 3 0.325423
  5 17.563618 41.426136 1.844078 -0.853601 -0.482912 0.195348 0.827472 0.457958 2 5 0.818235 3 0.181765
engineer_handL
  11 17.621212 42.076813 -2.237589 -0.463351 -0.717705 -0.519813 0.668842 0.331832 2 11 0.674580 3 0.325420
  3 15.381254 44.236626 -2.761524 -0.668712 -0.677888 -0.305437 0.718635 0.188983 2 3 0.613483 11 0.386517
  3 15.839258 44.230942 -3.555571 -0.500941 -0.649202 -0.572358 0.678844 0.182706 2 3 0.669872 11 0.330128
engineer_handL
  3 13.842415 47.671856 -5.174737 -0.503989 -0.611552 -0.609917 0.683218 0.019510 1 3 1.000000
  3 14.869782 48.127396 -5.792980 -0.023930 -0.423570 -0.905547 0.645289 0.015783 1 3 1.000000
  3 16.857071 44.587059 -4.221122 -0.008624 -0.472830 -0.881111 0.640610 0.178802 2 3 0.677873 11 0.322128
engineer_handL
  60 19.883797 37.786224 0.067952 -0.627481 -0.423630 -0.653303 0.662763 0.594691 1 60 1.000000
  7 19.250187 38.900246 0.322554 -0.873229 -0.355904 -0.332870 0.696424 0.551201 2 7 0.758600 5 0.241400
  7 19.618578 38.814995 -0.273401 -0.620123 -0.386722 -0.682564 0.662607 0.553580 2 7 0.758600 5 0.241400
engineer_handL
  7 19.618578 38.814995 -0.273401 -0.620123 -0.386722 -0.682564 0.662607 0.553580 2 7 0.758600 5 0.241400
  7 19.250187 38.900246 0.322554 -0.873229 -0.355904 -0.332870 0.696424 0.551201 2 7 0.758600 5 0.241400
  5 19.067123 39.731731 0.002135 -0.778611 -0.516595 -0.356224 0.696721 0.506691 2 5 0.876592 7 0.123408
engineer_handL
  7 19.618578 38.814995 -0.273401 -0.620123 -0.386722 -0.682564 0.662607 0.553580 2 7 0.758600 5 0.241400
  5 19.067123 39.731731 0.002135 -0.778611 -0.516595 -0.356224 0.696721 0.506691 2 5 0.876592 7 0.123408
  5 19.437763 39.610855 -0.536789 -0.580136 -0.534680 -0.614458 0.662567 0.507309 2 5 0.876605 7 0.123395
engineer_handL
  5 19.437763 39.610855 -0.536789 -0.580136 -0.534680 -0.614458 0.662567 0.507309 2 5 0.876605 7 0.123395
  5 19.067123 39.731731 0.002135 -0.778611 -0.516595 -0.356224 0.696721 0.506691 2 5 0.876592 7 0.123408
  5 18.580847 40.521610 -0.473702 -0.668712 -0.677888 -0.305437 0.698299 0.453833 2 5 0.818232 3 0.181768
engineer_handL
  5 19.437763 39.610855 -0.536789 -0.580136 -0.534680 -0.614458 0.662567 0.507309 2 5 0.876605 7 0.123395
  5 18.580847 40.521610 -0.473702 -0.668712 -0.677888 -0.305437 0.698299 0.453833 2 5 0.818232 3 0.181768
  5 18.964176 40.401108 -1.053937 -0.496473 -0.697875 -0.516222 0.663920 0.454163 2 5 0.818228 3 0.181772
engineer_handL
  11 17.621212 42.076813 -2.237589 -0.463351 -0.717705 -0.519813 0.668842 0.331832 2 11 0.674580 3 0.325420
  5 18.964176 40.401108 -1.053937 -0.496473 -0.697875 -0.516222 0.663920 0.454163 2 5 0.818228 3 0.181772
  5 18.580847 40.521610 -0.473702 -0.668712 -0.677888 -0.305437 0.698299 0.453833 2 5 0.818232 3 0.181768
engineer_handL
  11 17.621212 42.076813 -2.237589 -0.463351 -0.717705 -0.519813 0.668842 0.331832 2 11 0.674580 3 0.325420
  5 18.580847 40.521610 -0.473702 -0.668712 -0.677888 -0.305437 0.698299 0.453833 2 5 0.818232 3 0.181768
  11 17.172039 42.158787 -1.566508 -0.641703 -0.715237 -0.276863 0.705181 0.333732 2 11 0.674578 3 0.325422
engineer_handL
  11 17.621212 42.076813 -2.237589 -0.463351 -0.717705 -0.519813 0.668842 0.331832 2 11 0.674580 3 0.325420
  11 17.172039 42.158787 -1.566508 -0.641703 -0.715237 -0.276863 0.705181 0.333732 2 11 0.674578 3 0.325422
  3 15.381254 44.236626 -2.761524 -0.668712 -0.677888 -0.305437 0.718635 0.188983 2 3 0.613483 11 0.386517
engineer_handL
  3 15.381254 44.236626 -2.761524 -0.668712 -0.677888 -0.305437 0.718635 0.188983 2 3 0.613483 11 0.386517
  11 17.172039 42.158787 -1.566508 -0.641703 -0.715237 -0.276863 0.705181 0.333732 2 11 0.674578 3 0.325422
  11 16.780325 42.308117 -0.872156 -0.691848 -0.697380 -0.187100 0.741815 0.335512 3 11 0.586550 3 0.315587 5 0.097862
engineer_handL
  3 15.381254 44.236626 -2.761524 -0.668712 -0.677888 -0.305437 0.718635 0.188983 2 3 0.613483 11 0.386517
  11 16.780325 42.308117 -0.872156 -0.691848 -0.697380 -0.187100 0.741815 0.335512 3 11 0.586550 3 0.315587 5 0.097862
  3 15.007751 44.337784 -1.898809 -0.756915 -0.630089 -0.173400 0.760382 0.195624 2 3 0.643868 11 0.356132
engineer_handL
  3 15.007751 44.337784 -1.898809 -0.756915 -0.630089 -0.173400 0.760382 0.195624 2 3 0.643868 11 0.356132
  11 16.780325 42.308117 -0.872156 -0.691848 -0.697380 -0.187100 0.741815 0.335512 3 11 0.586550 3 0.315587 5 0.097862
  11 16.396564 42.518703 -0.148765 -0.765726 -0.643146 -0.005175 0.782708 0.335070 2 11 0.674575 3 0.325426
engineer_handL
  3 15.007751 44.337784 -1.898809 -0.756915 -0.630089 -0.173400 0.760382 0.195624 2 3 0.643868 11 0.356132
  11 16.396564 42.518703 -0.148765 -0.765726 -0.643146 -0.005175 0.782708 0.335070 2 11 0.674575 3 0.325426
  3 14.716661 44.568115 -1.015178 -0.840179 -0.540863 0.039565 0.802101 0.201451 2 3 0.640571 11 0.359429
engineer_handL
  3 14.716661 44.568115 -1.015178 -0.840179 -0.540863 0.039565 0.802101 0.201451 2 3 0.640571 11 0.359429
  11 16.396564 42.518703 -0.148765 -0.765726 -0.643146 -0.005175 0.782708 0.335070 2 11 0.674575 3 0.325426
  11 16.258888 42.843925 0.577218 -0.812577 -0.541954 0.214487 0.817051 0.340435 2 11 0.674577 3 0.325423
engineer_handL
  5 17.640701 41.112293 1.275108 -0.812500 -0.574914 0.096528 0.790718 0.454097 2 5 0.818236 3 0.181764
  11 16.258888 42.843925 0.577218 -0.812577 -0.541954 0.214487 0.817051 0.340435 2 11 0.674577 3 0.325423
  11 16.396564 42.518703 -0.148765 -0.765726 -0.643146 -0.005175 0.782708 0.335070 2 11 0.674575 3 0.325426
engineer_handL
  5 17.563618 41.426136 1.844078 -0.853601 -0.482912 0.195348 0.827472 0.457958 2 5 0.818235 3 0.181765
  11 16.258888 42.843925 0.577218 -0.812577 -0.541954 0.214487 0.817051 0.340435 2 11 0.674577 3 0.325423
  5 17.640701 41.112293 1.275108 -0.812500 -0.574914 0.096528 0.790718 0.454097 2 5 0.818236 3 0.181764
engineer_handL
  5 18.039154 40.642612 2.191573 -0.915737 -0.401457 -0.016089 0.821246 0.508162 2 5 0.876608 7 0.123392
  5 17.563618 41.426136 1.844078 -0.853601 -0.482912 0.195348 0.827472 0.457958 2 5 0.818235 3 0.181765
  5 17.640701 41.112293 1.275108 -0.812500 -0.574914 0.096528 0.790718 0.454097 2 5 0.818236 3 0.181764
engineer_handL
  5 18.039154 40.642612 2.191573 -0.915737 -0.401457 -0.016089 0.821246 0.508162 2 5 0.876608 7 0.123392
  5 17.640701 41.112293 1.275108 -0.812500 -0.574914 0.096528 0.790718 0.454097 2 5 0.818236 3 0.181764
  5 18.211599 40.357033 1.642175 -0.864841 -0.495922 -0.078173 0.784314 0.507074 2 5 0.876605 7 0.123395
engineer_handL
  7 18.235455 39.856567 2.572338 -0.931695 -0.270214 -0.242752 0.818313 0.545572 2 7 0.758616 5 0.241384
  5 18.039154 40.642612 2.191573 -0.915737 -0.401457 -0.016089 0.821246 0.508162 2 5 0.876608 7 0.123392
  5 18.211599 40.357033 1.642175 -0.864841 -0.495922 -0.078173 0.784314 0.507074 2 5 0.876605 7 0.123395
engineer_handL
  7 19.250187 38.900246 0.322554 -0.873229 -0.355904 -0.332870 0.696424 0.551201 2 7 0.758600 5 0.241400
  60 19.476198 37.915279 0.703380 -0.891427 -0.396146 -0.220056 0.697589 0.594571 1 60 1.000000
  7 19.342194 38.173321 1.219650 -0.906479 -0.414844 -0.078740 0.720889 0.595351 1 7 1.000000
engineer_handL
  60 19.476198 37.915279 0.703380 -0.891427 -0.396146 -0.220056 0.697589 0.594571 1 60 1.000000
  60 19.841370 37.369102 1.687658 -0.866320 -0.496424 0.055258 0.717924 0.650751 2 60 0.896068 62 0.103932
  7 19.342194 38.173321 1.219650 -0.906479 -0.414844 -0.078740 0.720889 0.595351 1 7 1.000000
engineer_handL
  7 19.115652 38.517590 1.967310 -0.822787 -0.517368 -0.235270 0.749534 0.594343 1 7 1.000000
  7 19.342194 38.173321 1.219650 -0.906479 -0.414844 -0.078740 0.720889 0.595351 1 7 1.000000
  60 19.841370 37.369102 1.687658 -0.866320 -0.496424 0.055258 0.717924 0.650751 2 60 0.896068 62 0.103932
engineer_handL
  7 19.115652 38.517590 1.967310 -0.822787 -0.517368 -0.235270 0.749534 0.594343 1 7 1.000000
  60 19.841370 37.369102 1.687658 -0.866320 -0.496424 0.055258 0.717924 0.650751 2 60 0.896068 62 0.103932
  52 19.508883 37.767159 2.659059 -0.707810 -0.669705 -0.224722 0.753932 0.658163 1 52 1.000000
engineer_handL
  52 19.508883 37.767159 2.659059 -0.707810 -0.669705 -0.224722 0.753932 0.658163 1 52 1.000000
  7 18.683496 38.785564 2.538957 -0.750849 -0.498404 -0.433381 0.787363 0.590067 1 7 1.000000
  7 19.115652 38.517590 1.967310 -0.822787 -0.517368 -0.235270 0.749534 0.594343 1 7 1.000000
engineer_handL
  7 18.768307 39.260765 1.446448 -0.857501 -0.453348 -0.243242 0.746795 0.551208 2 7 0.758637 5 0.241363
  7 19.115652 38.517590 1.967310 -0.822787 -0.517368 -0.235270 0.749534 0.594343 1 7 1.000000
  7 18.683496 38.785564 2.538957 -0.750849 -0.498404 -0.433381 0.787363 0.590067 1 7 1.000000
engineer_handL
  7 18.768307 39.260765 1.446448 -0.857501 -0.453348 -0.243242 0.746795 0.551208 2 7 0.758637 5 0.241363
  7 18.683496 38.785564 2.538957 -0.750849 -0.498404 -0.433381 0.787363 0.590067 1 7 1.000000
  7 18.476078 39.553783 2.038667 -0.878050 -0.401607 -0.260268 0.783327 0.550025 2 7 0.758628 5 0.241372
engineer_handL
  5 18.469740 40.055264 1.079692 -0.825283 -0.538755 -0.169266 0.749170 0.504508 2 5 0.876591 7 0.123409
  7 18.768307 39.260765 1.446448 -0.857501 -0.453348 -0.243242 0.746795 0.551208 2 7 0.758637 5 0.241363
  7 18.476078 39.553783 2.038667 -0.878050 -0.401607 -0.260268 0.783327 0.550025 2 7 0.758628 5 0.241372
engineer_handL
  5 18.469740 40.055264 1.079692 -0.825283 -0.538755 -0.169266 0.749170 0.504508 2 5 0.876591 7 0.123409
  7 18.476078 39.553783 2.038667 -0.878050 -0.401607 -0.260268 0.783327 0.550025 2 7 0.758628 5 0.241372
  5 18.211599 40.357033 1.642175 -0.864841 -0.495922 -0.078173 0.784314 0.507074 2 5 0.876605 7 0.123395
engineer_handL
  5 17.870470 40.855221 0.673681 -0.763138 -0.642279 -0.071395 0.761316 0.456576 2 5 0.818232 3 0.181768
  5 18.469740 40.055264 1.079692 -0.825283 -0.538755 -0.169266 0.749170 0.504508 2 5 0.876591 7 0.123409
  5 18.211599 40.357033 1.642175 -0.864841 -0.495922 -0.078173 0.784314 0.507074 2 5 0.876605 7 0.123395
engineer_handL
  5 17.870470 40.855221 0.673681 -0.763138 -0.642279 -0.071395 0.761316 0.456576 2 5 0.818232 3 0.181768
  5 18.211599 40.357033 1.642175 -0.864841 -0.495922 -0.078173 0.784314 0.507074 2 5 0.876605 7 0.123395
  5 17.640701 41.112293 1.275108 -0.812500 -0.574914 0.096528 0.790718 0.454097 2 5 0.818236 3 0.181764
engineer_handL
  5 17.640701 41.112293 1.275108 -0.812500 -0.574914 0.096528 0.790718 0.454097 2 5 0.818236 3 0.181764
  11 16.396564 42.518703 -0.148765 -0.765726 -0.643146 -0.005175 0.782708 0.335070 2 11 0.674575 3 0.325426
  5 17.870470 40.855221 0.673681 -0.763138 -0.642279 -0.071395 0.761316 0.456576 2 5 0.818232 3 0.181768
engineer_handL
  5 17.870470 40.855221 0.673681 -0.763138 -0.642279 -0.071395 0.761316 0.456576 2 5 0.818232 3 0.181768
  11 16.396564 42.518703 -0.148765 -0.765726 -0.643146 -0.005175 0.782708 0.335070 2 11 0.674575 3 0.325426
  11 16.780325 42.308117 -0.872156 -0.691848 -0.697380 -0.187100 0.741815 0.335512 3 11 0.586550 3 0.315587 5 0.097862
engineer_handL
  5 17.870470 40.855221 0.673681 -0.763138 -0.642279 -0.071395 0.761316 0.456576 2 5 0.818232 3 0.181768
  11 16.780325 42.308117 -0.872156 -0.691848 -0.697380 -0.187100 0.741815 0.335512 3 11 0.586550 3 0.315587 5 0.097862
  5 18.197098 40.628628 0.106452 -0.707810 -0.669705 -0.224722 0.730727 0.455275 2 5 0.818233 3 0.181767
engineer_handL
  5 18.197098 40.628628 0.106452 -0.707810 -0.669705 -0.224722 0.730727 0.455275 2 5 0.818233 3 0.181767
  11 16.780325 42.308117 -0.872156 -0.691848 -0.697380 -0.187100 0.741815 0.335512 3 11 0.586550 3 0.315587 5 0.097862
  11 17.172039 42.158787 -1.566508 -0.641703 -0.715237 -0.276863 0.705181 0.333732 2 11 0.674578 3 0.325422
engineer_handL
  5 18.197098 40.628628 0.106452 -0.707810 -0.669705 -0.224722 0.730727 0.455275 2 5 0.818233 3 0.181767
  11 17.172039 42.158787 -1.566508 -0.641703 -0.715237 -0.276863 0.705181 0.333732 2 11 0.674578 3 0.325422
  5 18.580847 40.521610 -0.473702 -0.668712 -0.677888 -0.305437 0.698299 0.453833 2 5 0.818232 3 0.181768
engineer_handL
  5 18.580847 40.521610 -0.473702 -0.668712 -0.677888 -0.305437 0.698299 0.453833 2 5 0.818232 3 0.181768
  5 18.740519 39.828751 0.511331 -0.796214 -0.546396 -0.259797 0.724929 0.507230 2 5 0.876576 7 0.123424
  5 18.197098 40.628628 0.106452 -0.707810 -0.669705 -0.224722 0.730727 0.455275 2 5 0.818233 3 0.181767
engineer_handL
  5 18.580847 40.521610 -0.473702 -0.668712 -0.677888 -0.305437 0.698299 0.453833 2 5 0.818232 3 0.181768
  5 19.067123 39.731731 0.002135 -0.778611 -0.516595 -0.356224 0.696721 0.506691 2 5 0.876592 7 0.123408
  5 18.740519 39.828751 0.511331 -0.796214 -0.546396 -0.259797 0.724929 0.507230 2 5 0.876576 7 0.123424
engineer_handL
  52 20.157974 36.816505 2.886016 -0.811740 -0.583903 -0.011639 0.736134 0.711234 2 52 0.816544 54 0.183456
  52 19.508883 37.767159 2.659059 -0.707810 -0.669705 -0.224722 0.753932 0.658163 1 52 1.000000
  60 19.841370 37.369102 1.687658 -0.866320 -0.496424 0.055258 0.717924 0.650751 2 60 0.896068 62 0.103932
engineer_handL
  7 19.250187 38.900246 0.322554 -0.873229 -0.355904 -0.332870 0.696424 0.551201 2 7 0.758600 5 0.241400
  5 18.740519 39.828751 0.511331 -0.796214 -0.546396 -0.259797 0.724929 0.507230 2 5 0.876576 7 0.123424
  5 19.067123 39.731731 0.002135 -0.778611 -0.516595 -0.356224 0.696721 0.506691 2 5 0.876592 7 0.123408
engineer_handL
  7 19.250187 38.900246 0.322554 -0.873229 -0.355904 -0.332870 0.696424 0.551201 2 7 0.758600 5 0.241400
  7 19.125229 39.062996 0.851288 -0.891428 -0.396146 -0.220057 0.721198 0.551893 2 7 0.758600 5 0.241400
  5 18.740519 39.828751 0.511331 -0.796214 -0.546396 -0.259797 0.724929 0.507230 2 5 0.876576 7 0.123424
engineer_handL
  7 19.250187 38.900246 0.322554 -0.873229 -0.355904 -0.332870 0.696424 0.551201 2 7 0.758600 5 0.241400
  7 19.342194 38.173321 1.219650 -0.906479 -0.414844 -0.078740 0.720889 0.595351 1 7 1.000000
  7 19.125229 39.062996 0.851288 -0.891428 -0.396146 -0.220057 0.721198 0.551893 2 7 0.758600 5 0.241400
engineer_handL
  7 19.115652 38.517590 1.967310 -0.822787 -0.517368 -0.235270 0.749534 0.594343 1 7 1.000000
  7 19.125229 39.062996 0.851288 -0.891428 -0.396146 -0.220057 0.721198 0.551893 2 7 0.758600 5 0.241400
  7 19.342194 38.173321 1.219650 -0.906479 -0.414844 -0.078740 0.720889 0.595351 1 7 1.000000
engineer_handL
  7 19.115652 38.517590 1.967310 -0.822787 -0.517368 -0.235270 0.749534 0.594343 1 7 1.000000
  7 18.768307 39.260765 1.446448 -0.857501 -0.453348 -0.243242 0.746795 0.551208 2 7 0.758637 5 0.241363
  7 19.125229 39.062996 0.851288 -0.891428 -0.396146 -0.220057 0.721198 0.551893 2 7 0.758600 5 0.241400
engineer_handL
  7 18.768307 39.260765 1.446448 -0.857501 -0.453348 -0.243242 0.746795 0.551208 2 7 0.758637 5 0.241363
  5 18.740519 39.828751 0.511331 -0.796214 -0.546396 -0.259797 0.724929 0.507230 2 5 0.876576 7 0.123424
  7 19.125229 39.062996 0.851288 -0.891428 -0.396146 -0.220057 0.721198 0.551893 2 7 0.758600 5 0.241400
engineer_handL
  7 18.768307 39.260765 1.446448 -0.857501 -0.453348 -0.243242 0.746795 0.551208 2 7 0.758637 5 0.241363
  5 18.469740 40.055264 1.079692 -0.825283 -0.538755 -0.169266 0.749170 0.504508 2 5 0.876591 7 0.123409
  5 18.740519 39.828751 0.511331 -0.796214 -0.546396 -0.259797 0.724929 0.507230 2 5 0.876576 7 0.123424
engineer_handL
  5 18.469740 40.055264 1.079692 -0.825283 -0.538755 -0.169266 0.749170 0.504508 2 5 0.876591 7 0.123409
  5 18.197098 40.628628 0.106452 -0.707810 -0.669705 -0.224722 0.730727 0.455275 2 5 0.818233 3 0.181767
  5 18.740519 39.828751 0.511331 -0.796214 -0.546396 -0.259797 0.724929 0.507230 2 5 0.876576 7 0.123424
engineer_handL
  5 18.469740 40.055264 1.079692 -0.825283 -0.538755 -0.169266 0.749170 0.504508 2 5 0.876591 7 0.123409
  5 17.870470 40.855221 0.673681 -0.763138 -0.642279 -0.071395 0.761316 0.456576 2 5 0.818232 3 0.181768
  5 18.197098 40.628628 0.106452 -0.707810 -0.669705 -0.224722 0.730727 0.455275 2 5 0.818233 3 0.181767
engineer_handL
  7 18.235455 39.856567 2.572338 -0.931695 -0.270214 -0.242752 0.818313 0.545572 2 7 0.758616 5 0.241384
  5 18.211599 40.357033 1.642175 -0.864841 -0.495922 -0.078173 0.784314 0.507074 2 5 0.876605 7 0.123395
  7 18.476078 39.553783 2.038667 -0.878050 -0.401607 -0.260268 0.783327 0.550025 2 7 0.758628 5 0.241372
engineer_handL
  7 18.476078 39.553783 2.038667 -0.878050 -0.401607 -0.260268 0.783327 0.550025 2 7 0.758628 5 0.241372
  7 18.234217 39.079899 3.004504 -0.856722 -0.271836 -0.438330 0.818220 0.580558 1 7 1.000000
  7 18.235455 39.856567 2.572338 -0.931695 -0.270214 -0.242752 0.818313 0.545572 2 7 0.758616 5 0.241384
engineer_handL
  7 18.476078 39.553783 2.038667 -0.878050 -0.401607 -0.260268 0.783327 0.550025 2 7 0.758628 5 0.241372
  7 18.683496 38.785564 2.538957 -0.750849 -0.498404 -0.433381 0.787363 0.590067 1 7 1.000000
  7 18.234217 39.079899 3.004504 -0.856722 -0.271836 -0.438330 0.818220 0.580558 1 7 1.000000
engineer_handL
  7 18.234217 39.079899 3.004504 -0.856722 -0.271836 -0.438330 0.818220 0.580558 1 7 1.000000
  7 18.683496 38.785564 2.538957 -0.750849 -0.498404 -0.433381 0.787363 0.590067 1 7 1.000000
  7 18.768456 38.110760 3.221175 -0.582331 -0.647959 -0.490958 0.799350 0.638589 2 7 0.580500 30 0.419500
engineer_handL
  52 19.508883 37.767159 2.659059 -0.707810 -0.669705 -0.224722 0.753932 0.658163 1 52 1.000000
  7 18.768456 38.110760 3.221175 -0.582331 -0.647959 -0.490958 0.799350 0.638589 2 7 0.580500 30 0.419500
  7 18.683496 38.785564 2.538957 -0.750849 -0.498404 -0.433381 0.787363 0.590067 1 7 1.000000
engineer_handL
  44 19.533123 37.176624 4.120064 -0.440678 -0.867301 -0.231500 0.803974 0.709130 2 44 0.735483 46 0.264517
  7 18.768456 38.110760 3.221175 -0.582331 -0.647959 -0.490958 0.799350 0.638589 2 7 0.580500 30 0.419500
  52 19.508883 37.767159 2.659059 -0.707810 -0.669705 -0.224722 0.753932 0.658163 1 52 1.000000
engineer_handL
  52 20.157974 36.816505 2.886016 -0.811740 -0.583903 -0.011639 0.736134 0.711234 2 52 0.816544 54 0.183456
  44 19.533123 37.176624 4.120064 -0.440678 -0.867301 -0.231500 0.803974 0.709130 2 44 0.735483 46 0.264517
  52 19.508883 37.767159 2.659059 -0.707810 -0.669705 -0.224722 0.753932 0.658163 1 52 1.000000
engineer_handL
  52 20.157974 36.816505 2.886016 -0.811740 -0.583903 -0.011639 0.736134 0.711234 2 52 0.816544 54 0.183456
  44 20.274910 36.781597 4.054540 -0.672318 -0.740235 -0.006348 0.779985 0.738306 2 44 0.703134 46 0.296866
  44 19.533123 37.176624 4.120064 -0.440678 -0.867301 -0.231500 0.803974 0.709130 2 44 0.735483 46 0.264517
engineer_handL
  44 19.533123 37.176624 4.120064 -0.440678 -0.867301 -0.231500 0.803974 0.709130 2 44 0.735483 46 0.264517
  44 20.274910 36.781597 4.054540 -0.672318 -0.740235 -0.006348 0.779985 0.738306 2 44 0.703134 46 0.296866
  44 20.251213 36.812088 4.915166 -0.504131 -0.863406 0.019519 0.804175 0.750574 2 44 0.597551 46 0.402450
engineer_handL
  44 20.274910 36.781597 4.054540 -0.672318 -0.740235 -0.006348 0.779985 0.738306 2 44 0.703134 46 0.296866
  44 20.636938 36.455826 4.989688 -0.718151 -0.690061 0.089860 0.797204 0.770950 2 44 0.527823 46 0.472177
  44 20.251213 36.812088 4.915166 -0.504131 -0.863406 0.019519 0.804175 0.750574 2 44 0.597551 46 0.402450
engineer_handL
  5 17.888641 41.018036 2.832774 -0.949929 -0.211569 0.229943 0.840138 0.508138 2 5 0.876610 7 0.123390
  5 17.492428 41.821491 2.546408 -0.854270 -0.291865 0.430160 0.848808 0.460347 2 5 0.818234 3 0.181767
  5 17.563618 41.426136 1.844078 -0.853601 -0.482912 0.195348 0.827472 0.457958 2 5 0.818235 3 0.181765
engineer_handL
  5 17.888641 41.018036 2.832774 -0.949929 -0.211569 0.229943 0.840138 0.508138 2 5 0.876610 7 0.123390
  5 17.563618 41.426136 1.844078 -0.853601 -0.482912 0.195348 0.827472 0.457958 2 5 0.818235 3 0.181765
  5 18.039154 40.642612 2.191573 -0.915737 -0.401457 -0.016089 0.821246 0.508162 2 5 0.876608 7 0.123392
engineer_handL
  5 18.039154 40.642612 2.191573 -0.915737 -0.401457 -0.016089 0.821246 0.508162 2 5 0.876608 7 0.123392
  7 18.035282 40.262615 3.186496 -0.999644 -0.024833 -0.009718 0.836305 0.542337 2 7 0.758601 5 0.241399
  5 17.888641 41.018036 2.832774 -0.949929 -0.211569 0.229943 0.840138 0.508138 2 5 0.876610 7 0.123390
engineer_handL
  5 18.039154 40.642612 2.191573 -0.915737 -0.401457 -0.016089 0.821246 0.508162 2 5 0.876608 7 0.123392
  7 18.235455 39.856567 2.572338 -0.931695 -0.270214 -0.242752 0.818313 0.545572 2 7 0.758616 5 0.241384
  7 18.035282 40.262615 3.186496 -0.999644 -0.024833 -0.009718 0.836305 0.542337 2 7 0.758601 5 0.241399
engineer_handL
  7 17.936066 39.550770 3.601551 -0.969338 0.086977 -0.229823 0.837241 0.574059 2 7 0.500070 30 0.499930
  7 18.035282 40.262615 3.186496 -0.999644 -0.024833 -0.009718 0.836305 0.542337 2 7 0.758601 5 0.241399
  7 18.235455 39.856567 2.572338 -0.931695 -0.270214 -0.242752 0.818313 0.545572 2 7 0.758616 5 0.241384
engineer_handL
  7 17.936066 39.550770 3.601551 -0.969338 0.086977 -0.229823 0.837241 0.574059 2 7 0.500070 30 0.499930
  7 18.235455 39.856567 2.572338 -0.931695 -0.270214 -0.242752 0.818313 0.545572 2 7 0.758616 5 0.241384
  7 18.234217 39.079899 3.004504 -0.856722 -0.271836 -0.438330 0.818220 0.580558 1 7 1.000000
engineer_handL
  30 18.095112 38.381908 3.582201 -0.748800 -0.402169 -0.526838 0.831524 0.624968 1 30 1.000000
  7 17.936066 39.550770 3.601551 -0.969338 0.086977 -0.229823 0.837241 0.574059 2 7 0.500070 30 0.499930
  7 18.234217 39.079899 3.004504 -0.856722 -0.271836 -0.438330 0.818220 0.580558 1 7 1.000000
engineer_handL
  7 18.234217 39.079899 3.004504 -0.856722 -0.271836 -0.438330 0.818220 0.580558 1 7 1.000000
  7 18.768456 38.110760 3.221175 -0.582331 -0.647959 -0.490958 0.799350 0.638589 2 7 0.580500 30 0.419500
  30 18.095112 38.381908 3.582201 -0.748800 -0.402169 -0.526838 0.831524 0.624968 1 30 1.000000
engineer_handL
  30 18.095112 38.381908 3.582201 -0.748800 -0.402169 -0.526838 0.831524 0.624968 1 30 1.000000
  7 18.768456 38.110760 3.221175 -0.582331 -0.647959 -0.490958 0.799350 0.638589 2 7 0.580500 30 0.419500
  30 18.733864 37.390579 4.226900 -0.376775 -0.821877 -0.427269 0.833195 0.682775 2 30 0.763800 32 0.236200
engineer_handL
  44 19.533123 37.176624 4.120064 -0.440678 -0.867301 -0.231500 0.803974 0.709130 2 44 0.735483 46 0.264517
  30 18.733864 37.390579 4.226900 -0.376775 -0.821877 -0.427269 0.833195 0.682775 2 30 0.763800 32 0.236200
  7 18.768456 38.110760 3.221175 -0.582331 -0.647959 -0.490958 0.799350 0.638589 2 7 0.580500 30 0.419500
engineer_handL
  30 19.555330 37.033405 4.933807 -0.210444 -0.973620 -0.088187 0.824169 0.727009 2 30 0.622600 32 0.377400
  30 18.733864 37.390579 4.226900 -0.376775 -0.821877 -0.427269 0.833195 0.682775 2 30 0.763800 32 0.236200
  44 19.533123 37.176624 4.120064 -0.440678 -0.867301 -0.231500 0.803974 0.709130 2 44 0.735483 46 0.264517
engineer_handL
  44 19.533123 37.176624 4.120064 -0.440678 -0.867301 -0.231500 0.803974 0.709130 2 44 0.735483 46 0.264517
  44 20.251213 36.812088 4.915166 -0.504131 -0.863406 0.019519 0.804175 0.750574 2 44 0.597551 46 0.402450
  30 19.555330 37.033405 4.933807 -0.210444 -0.973620 -0.088187 0.824169 0.727009 2 30 0.622600 32 0.377400
engineer_handL
  36 20.113060 36.894867 5.767828 -0.368953 -0.910426 0.187075 0.835577 0.768252 2 36 0.507689 38 0.492311
  30 19.555330 37.033405 4.933807 -0.210444 -0.973620 -0.088187 0.824169 0.727009 2 30 0.622600 32 0.377400
  44 20.251213 36.812088 4.915166 -0.504131 -0.863406 0.019519 0.804175 0.750574 2 44 0.597551 46 0.402450
engineer_handL
  36 20.113060 36.894867 5.767828 -0.368953 -0.910426 0.187075 0.835577 0.768252 2 36 0.507689 38 0.492311
  44 20.251213 36.812088 4.915166 -0.504131 -0.863406 0.019519 0.804175 0.750574 2 44 0.597551 46 0.402450
  44 20.636938 36.455826 4.989688 -0.718151 -0.690061 0.089860 0.797204 0.770950 2 44 0.527823 46 0.472177
engineer_handL
  36 20.113060 36.894867 5.767828 -0.368953 -0.910426 0.187075 0.835577 0.768252 2 36 0.507689 38 0.492311
  44 20.636938 36.455826 4.989688 -0.718151 -0.690061 0.089860 0.797204 0.770950 2 44 0.527823 46 0.472177
  38 20.564476 36.677879 5.913863 -0.638729 -0.738567 0.215741 0.827125 0.783486 2 38 0.896203 40 0.103797
engineer_handL
  38 20.564476 36.677879 5.913863 -0.638729 -0.738567 0.215741 0.827125 0.783486 2 38 0.896203 40 0.103797
  44 20.636938 36.455826 4.989688 -0.718151 -0.690061 0.089860 0.797204 0.770950 2 44 0.527823 46 0.472177
  46 21.017139 35.975117 5.187501 -0.760727 -0.628310 0.162856 0.791377 0.788980 1 46 1.000000
engineer_handL
  38 20.564476 36.677879 5.913863 -0.638729 -0.738567 0.215741 0.827125 0.783486 2 38 0.896203 40 0.103797
  46 21.017139 35.975117 5.187501 -0.760727 -0.628310 0.162856 0.791377 0.788980 1 46 1.000000
  38 20.991796 36.367008 6.086183 -0.760726 -0.628310 0.162856 0.819282 0.799007 2 38 0.901183 40 0.098817
engineer_handL
  46 21.508987 35.720573 6.040845 -0.564785 -0.663938 0.490106 0.799230 0.824496 2 46 0.902745 48 0.097255
  38 20.991796 36.367008 6.086183 -0.760726 -0.628310 0.162856 0.819282 0.799007 2 38 0.901183 40 0.098817
  46 21.017139 35.975117 5.187501 -0.760727 -0.628310 0.162856 0.791377 0.788980 1 46 1.000000
engineer_handL
  46 21.508987 35.720573 6.040845 -0.564785 -0.663938 0.490106 0.799230 0.824496 2 46 0.902745 48 0.097255
  46 22.157976 36.076908 5.951245 0.278170 -0.307774 0.909888 0.802859 0.835317 1 46 1.000000
  38 22.082611 36.202225 6.202209 0.441237 -0.855176 -0.272000 0.814796 0.841245 1 38 1.000000
engineer_handL
  46 21.508987 35.720573 6.040845 -0.564785 -0.663938 0.490106 0.799230 0.824496 2 46 0.902745 48 0.097255
  46 22.320755 35.247540 6.189499 -0.094153 0.237507 0.966812 0.800509 0.853727 2 46 0.880790 48 0.119210
  46 22.157976 36.076908 5.951245 0.278170 -0.307774 0.909888 0.802859 0.835317 1 46 1.000000
engineer_handL
  46 21.508987 35.720573 6.040845 -0.564785 -0.663938 0.490106 0.799230 0.824496 2 46 0.902745 48 0.097255
  46 21.813900 35.041439 6.129874 -0.751959 -0.085557 0.653634 0.791487 0.849845 2 46 0.813280 48 0.186720
  46 22.320755 35.247540 6.189499 -0.094153 0.237507 0.966812 0.800509 0.853727 2 46 0.880790 48 0.119210
engineer_handL
  32 18.889488 36.354538 7.278345 0.818856 -0.479294 -0.315835 0.925978 0.787774 2 32 0.552643 34 0.447358
  32 18.298496 36.130787 6.998790 0.271823 -0.692116 -0.668646 0.936383 0.770675 2 32 0.535322 34 0.464678
  32 18.387573 36.649014 6.576535 0.271823 -0.692116 -0.668646 0.914810 0.753003 2 32 0.804999 34 0.195001
engineer_handL
  32 18.889488 36.354538 7.278345 0.818856 -0.479294 -0.315835 0.925978 0.787774 2 32 0.552643 34 0.447358
  32 18.387573 36.649014 6.576535 0.271823 -0.692116 -0.668646 0.914810 0.753003 2 32 0.804999 34 0.195001
  32 19.066967 36.858170 6.860765 0.786920 -0.571646 -0.232331 0.902518 0.778420 2 32 0.791552 34 0.208449
engineer_handL
  32 19.066967 36.858170 6.860765 0.786920 -0.571646 -0.232331 0.902518 0.778420 2 32 0.791552 34 0.208449
  32 18.387573 36.649014 6.576535 0.271823 -0.692116 -0.668646 0.914810 0.753003 2 32 0.804999 34 0.195001
  32 18.455263 36.915535 6.309390 0.151388 -0.904538 -0.398614 0.893530 0.739895 2 32 0.890890 34 0.109110
engineer_handL
  32 19.066967 36.858170 6.860765 0.786920 -0.571646 -0.232331 0.902518 0.778420 2 32 0.791552 34 0.208449
  32 18.455263 36.915535 6.309390 0.151388 -0.904538 -0.398614 0.893530 0.739895 2 32 0.890890 34 0.109110
  32 19.263044 37.128571 6.625159 0.393944 -0.901076 0.181301 0.881171 0.769783 2 32 0.850203 34 0.149797
engineer_handL
  30 19.476383 37.068153 5.699209 -0.022815 -0.996835 0.076161 0.847232 0.746853 2 30 0.550804 32 0.449196
  32 19.263044 37.128571 6.625159 0.393944 -0.901076 0.181301 0.881171 0.769783 2 32 0.850203 34 0.149797
  32 18.455263 36.915535 6.309390 0.151388 -0.904538 -0.398614 0.893530 0.739895 2 32 0.890890 34 0.109110
engineer_handL
  32 19.263044 37.128571 6.625159 0.393944 -0.901076 0.181301 0.881171 0.769783 2 32 0.850203 34 0.149797
  30 19.476383 37.068153 5.699209 -0.022815 -0.996835 0.076161 0.847232 0.746853 2 30 0.550804 32 0.449196
  36 20.113060 36.894867 5.767828 -0.368953 -0.910426 0.187075 0.835577 0.768252 2 36 0.507689 38 0.492311
engineer_handL
  36 20.113060 36.894867 5.767828 -0.368953 -0.910426 0.187075 0.835577 0.768252 2 36 0.507689 38 0.492311
  30 19.476383 37.068153 5.699209 -0.022815 -0.996835 0.076161 0.847232 0.746853 2 30 0.550804 32 0.449196
  30 19.555330 37.033405 4.933807 -0.210444 -0.973620 -0.088187 0.824169 0.727009 2 30 0.622600 32 0.377400
engineer_handL
  30 19.476383 37.068153 5.699209 -0.022815 -0.996835 0.076161 0.847232 0.746853 2 30 0.550804 32 0.449196
  30 18.620770 37.070538 5.009933 -0.204377 -0.947324 -0.246593 0.852497 0.702914 2 30 0.630791 32 0.369209
  30 19.555330 37.033405 4.933807 -0.210444 -0.973620 -0.088187 0.824169 0.727009 2 30 0.622600 32 0.377400
engineer_handL
  30 19.555330 37.033405 4.933807 -0.210444 -0.973620 -0.088187 0.824169 0.727009 2 30 0.622600 32 0.377400
  30 18.620770 37.070538 5.009933 -0.204377 -0.947324 -0.246593 0.852497 0.702914 2 30 0.630791 32 0.369209
  30 18.733864 37.390579 4.226900 -0.376775 -0.821877 -0.427269 0.833195 0.682775 2 30 0.763800 32 0.236200
engineer_handL
  30 17.843918 37.651054 4.547379 -0.688333 -0.564418 -0.455663 0.862711 0.663601 2 30 0.771490 32 0.228510
  30 18.733864 37.390579 4.226900 -0.376775 -0.821877 -0.427269 0.833195 0.682775 2 30 0.763800 32 0.236200
  30 18.620770 37.070538 5.009933 -0.204377 -0.947324 -0.246593 0.852497 0.702914 2 30 0.630791 32 0.369209
engineer_handL
  30 18.095112 38.381908 3.582201 -0.748800 -0.402169 -0.526838 0.831524 0.624968 1 30 1.000000
  30 18.733864 37.390579 4.226900 -0.376775 -0.821877 -0.427269 0.833195 0.682775 2 30 0.763800 32 0.236200
  30 17.843918 37.651054 4.547379 -0.688333 -0.564418 -0.455663 0.862711 0.663601 2 30 0.771490 32 0.228510
engineer_handL
  30 17.843918 37.651054 4.547379 -0.688333 -0.564418 -0.455663 0.862711 0.663601 2 30 0.771490 32 0.228510
  30 17.696571 38.856365 4.100825 -0.948948 0.033130 -0.313689 0.850062 0.614626 1 30 1.000000
  30 18.095112 38.381908 3.582201 -0.748800 -0.402169 -0.526838 0.831524 0.624968 1 30 1.000000
engineer_handL
  30 18.095112 38.381908 3.582201 -0.748800 -0.402169 -0.526838 0.831524 0.624968 1 30 1.000000
  30 17.696571 38.856365 4.100825 -0.948948 0.033130 -0.313689 0.850062 0.614626 1 30 1.000000
  7 17.936066 39.550770 3.601551 -0.969338 0.086977 -0.229823 0.837241 0.574059 2 7 0.500070 30 0.499930
engineer_handL
  30 19.476383 37.068153 5.699209 -0.022815 -0.996835 0.076161 0.847232 0.746853 2 30 0.550804 32 0.449196
  30 18.600735 36.990318 5.608986 -0.051992 -0.990694 -0.125787 0.868664 0.719106 2 30 0.547506 32 0.452494
  30 18.620770 37.070538 5.009933 -0.204377 -0.947324 -0.246593 0.852497 0.702914 2 30 0.630791 32 0.369209
engineer_handL
  30 19.476383 37.068153 5.699209 -0.022815 -0.996835 0.076161 0.847232 0.746853 2 30 0.550804 32 0.449196
  32 18.455263 36.915535 6.309390 0.151388 -0.904538 -0.398614 0.893530 0.739895 2 32 0.890890 34 0.109110
  30 18.600735 36.990318 5.608986 -0.051992 -0.990694 -0.125787 0.868664 0.719106 2 30 0.547506 32 0.452494
engineer_handL
  34 17.573288 35.678467 7.437964 -0.411095 -0.719231 -0.560096 0.964139 0.776085 2 34 0.557394 32 0.442606
  34 17.278412 35.803055 7.903149 -0.955084 -0.293726 -0.039230 0.974231 0.778504 2 34 0.685177 32 0.314823
  34 17.239389 35.983261 7.667684 -0.964341 -0.216699 -0.151949 0.969450 0.769759 2 34 0.557205 32 0.442795
engineer_handL
  34 17.239389 35.983261 7.667684 -0.964341 -0.216699 -0.151949 0.969450 0.769759 2 34 0.557205 32 0.442795
  32 17.611395 36.111279 6.979419 -0.423106 -0.578214 -0.697603 0.949613 0.757217 2 32 0.513416 34 0.486584
  34 17.573288 35.678467 7.437964 -0.411095 -0.719231 -0.560096 0.964139 0.776085 2 34 0.557394 32 0.442606
engineer_handL
  34 18.230141 35.680050 7.448557 0.270475 -0.781764 -0.561862 0.953048 0.786335 2 34 0.549686 32 0.450314
  34 17.573288 35.678467 7.437964 -0.411095 -0.719231 -0.560096 0.964139 0.776085 2 34 0.557394 32 0.442606
  32 17.611395 36.111279 6.979419 -0.423106 -0.578214 -0.697603 0.949613 0.757217 2 32 0.513416 34 0.486584
engineer_handL
  34 18.230141 35.680050 7.448557 0.270475 -0.781764 -0.561862 0.953048 0.786335 2 34 0.549686 32 0.450314
  32 17.611395 36.111279 6.979419 -0.423106 -0.578214 -0.697603 0.949613 0.757217 2 32 0.513416 34 0.486584
  32 18.298496 36.130787 6.998790 0.271823 -0.692116 -0.668646 0.936383 0.770675 2 32 0.535322 34 0.464678
engineer_handL
  32 17.665506 36.621815 6.504874 -0.423106 -0.578214 -0.697603 0.931168 0.733876 2 32 0.722164 34 0.277836
  32 18.298496 36.130787 6.998790 0.271823 -0.692116 -0.668646 0.936383 0.770675 2 32 0.535322 34 0.464678
  32 17.611395 36.111279 6.979419 -0.423106 -0.578214 -0.697603 0.949613 0.757217 2 32 0.513416 34 0.486584
engineer_handL
  32 17.665506 36.621815 6.504874 -0.423106 -0.578214 -0.697603 0.931168 0.733876 2 32 0.722164 34 0.277836
  32 18.387573 36.649014 6.576535 0.271823 -0.692116 -0.668646 0.914810 0.753003 2 32 0.804999 34 0.195001
  32 18.298496 36.130787 6.998790 0.271823 -0.692116 -0.668646 0.936383 0.770675 2 32 0.535322 34 0.464678
engineer_handL
  32 17.701832 36.932262 6.218617 -0.496473 -0.697875 -0.516222 0.915205 0.716452 2 32 0.839135 34 0.160865
  32 18.387573 36.649014 6.576535 0.271823 -0.692116 -0.668646 0.914810 0.753003 2 32 0.804999 34 0.195001
  32 17.665506 36.621815 6.504874 -0.423106 -0.578214 -0.697603 0.931168 0.733876 2 32 0.722164 34 0.277836
engineer_handL
  32 17.701832 36.932262 6.218617 -0.496473 -0.697875 -0.516222 0.915205 0.716452 2 32 0.839135 34 0.160865
  32 18.455263 36.915535 6.309390 0.151388 -0.904538 -0.398614 0.893530 0.739895 2 32 0.890890 34 0.109110
  32 18.387573 36.649014 6.576535 0.271823 -0.692116 -0.668646 0.914810 0.753003 2 32 0.804999 34 0.195001
engineer_handL
  30 17.764164 37.169510 5.640213 -0.563588 -0.778204 -0.277070 0.892770 0.696545 2 30 0.543904 32 0.456096
  32 18.455263 36.915535 6.309390 0.151388 -0.904538 -0.398614 0.893530 0.739895 2 32 0.890890 34 0.109110
  32 17.701832 36.932262 6.218617 -0.496473 -0.697875 -0.516222 0.915205 0.716452 2 32 0.839135 34 0.160865
engineer_handL
  30 17.764164 37.169510 5.640213 -0.563588 -0.778204 -0.277070 0.892770 0.696545 2 30 0.543904 32 0.456096
  30 18.600735 36.990318 5.608986 -0.051992 -0.990694 -0.125787 0.868664 0.719106 2 30 0.547506 32 0.452494
  32 18.455263 36.915535 6.309390 0.151388 -0.904538 -0.398614 0.893530 0.739895 2 32 0.890890 34 0.109110
engineer_handL
  30 18.600735 36.990318 5.608986 -0.051992 -0.990694 -0.125787 0.868664 0.719106 2 30 0.547506 32 0.452494
  30 17.764164 37.169510 5.640213 -0.563588 -0.778204 -0.277070 0.892770 0.696545 2 30 0.543904 32 0.456096
  30 17.775682 37.348358 5.179247 -0.626181 -0.714664 -0.311692 0.878910 0.681575 2 30 0.638393 32 0.361607
engineer_handL
  30 18.600735 36.990318 5.608986 -0.051992 -0.990694 -0.125787 0.868664 0.719106 2 30 0.547506 32 0.452494
  30 17.775682 37.348358 5.179247 -0.626181 -0.714664 -0.311692 0.878910 0.681575 2 30 0.638393 32 0.361607
  30 18.620770 37.070538 5.009933 -0.204377 -0.947324 -0.246593 0.852497 0.702914 2 30 0.630791 32 0.369209
engineer_handL
  30 17.843918 37.651054 4.547379 -0.688333 -0.564418 -0.455663 0.862711 0.663601 2 30 0.771490 32 0.228510
  30 18.620770 37.070538 5.009933 -0.204377 -0.947324 -0.246593 0.852497 0.702914 2 30 0.630791 32 0.369209
  30 17.775682 37.348358 5.179247 -0.626181 -0.714664 -0.311692 0.878910 0.681575 2 30 0.638393 32 0.361607
engineer_handL
  30 17.775682 37.348358 5.179247 -0.626181 -0.714664 -0.311692 0.878910 0.681575 2 30 0.638393 32 0.361607
  30 17.419670 38.155045 5.035984 -0.963494 -0.107152 -0.245351 0.879457 0.653532 2 30 0.807151 32 0.192849
  30 17.843918 37.651054 4.547379 -0.688333 -0.564418 -0.455663 0.862711 0.663601 2 30 0.771490 32 0.228510
engineer_handL
  30 17.843918 37.651054 4.547379 -0.688333 -0.564418 -0.455663 0.862711 0.663601 2 30 0.771490 32 0.228510
  30 17.419670 38.155045 5.035984 -0.963494 -0.107152 -0.245351 0.879457 0.653532 2 30 0.807151 32 0.192849
  30 17.696571 38.856365 4.100825 -0.948948 0.033130 -0.313689 0.850062 0.614626 1 30 1.000000
engineer_handL
  34 17.239389 35.983261 7.667684 -0.964341 -0.216699 -0.151949 0.969450 0.769759 2 34 0.557205 32 0.442795
  32 17.276609 36.418995 7.275433 -0.963494 -0.107152 -0.245351 0.956942 0.751073 2 32 0.518909 34 0.481091
  32 17.611395 36.111279 6.979419 -0.423106 -0.578214 -0.697603 0.949613 0.757217 2 32 0.513416 34 0.486584
engineer_handL
  32 17.341629 36.937645 6.843311 -0.963494 -0.107152 -0.245351 0.941047 0.727687 2 32 0.747105 34 0.252895
  32 17.611395 36.111279 6.979419 -0.423106 -0.578214 -0.697603 0.949613 0.757217 2 32 0.513416 34 0.486584
  32 17.276609 36.418995 7.275433 -0.963494 -0.107152 -0.245351 0.956942 0.751073 2 32 0.518909 34 0.481091
engineer_handL
  32 17.341629 36.937645 6.843311 -0.963494 -0.107152 -0.245351 0.941047 0.727687 2 32 0.747105 34 0.252895
  32 17.665506 36.621815 6.504874 -0.423106 -0.578214 -0.697603 0.931168 0.733876 2 32 0.722164 34 0.277836
  32 17.611395 36.111279 6.979419 -0.423106 -0.578214 -0.697603 0.949613 0.757217 2 32 0.513416 34 0.486584
engineer_handL
  32 17.665506 36.621815 6.504874 -0.423106 -0.578214 -0.697603 0.931168 0.733876 2 32 0.722164 34 0.277836
  32 17.341629 36.937645 6.843311 -0.963494 -0.107152 -0.245351 0.941047 0.727687 2 32 0.747105 34 0.252895
  32 17.386417 37.227386 6.595582 -0.965714 -0.179102 -0.187934 0.926479 0.711267 2 32 0.860392 34 0.139608
engineer_handL
  32 17.665506 36.621815 6.504874 -0.423106 -0.578214 -0.697603 0.931168 0.733876 2 32 0.722164 34 0.277836
  32 17.386417 37.227386 6.595582 -0.965714 -0.179102 -0.187934 0.926479 0.711267 2 32 0.860392 34 0.139608
  32 17.701832 36.932262 6.218617 -0.496473 -0.697875 -0.516222 0.915205 0.716452 2 32 0.839135 34 0.160865
engineer_handL
  32 17.701832 36.932262 6.218617 -0.496473 -0.697875 -0.516222 0.915205 0.716452 2 32 0.839135 34 0.160865
  32 17.386417 37.227386 6.595582 -0.965714 -0.179102 -0.187934 0.926479 0.711267 2 32 0.860392 34 0.139608
  30 17.386065 37.636963 6.002890 -0.959253 -0.252024 -0.127739 0.907608 0.687859 2 30 0.549482 32 0.450518
engineer_handL
  32 17.701832 36.932262 6.218617 -0.496473 -0.697875 -0.516222 0.915205 0.716452 2 32 0.839135 34 0.160865
  30 17.386065 37.636963 6.002890 -0.959253 -0.252024 -0.127739 0.907608 0.687859 2 30 0.549482 32 0.450518
  30 17.764164 37.169510 5.640213 -0.563588 -0.778204 -0.277070 0.892770 0.696545 2 30 0.543904 32 0.456096
engineer_handL
  30 17.764164 37.169510 5.640213 -0.563588 -0.778204 -0.277070 0.892770 0.696545 2 30 0.543904 32 0.456096
  30 17.386065 37.636963 6.002890 -0.959253 -0.252024 -0.127739 0.907608 0.687859 2 30 0.549482 32 0.450518
  30 17.380417 37.833210 5.622859 -0.964341 -0.216699 -0.151949 0.894499 0.671826 2 30 0.654643 32 0.345357
engineer_handL
  30 17.764164 37.169510 5.640213 -0.563588 -0.778204 -0.277070 0.892770 0.696545 2 30 0.543904 32 0.456096
  30 17.380417 37.833210 5.622859 -0.964341 -0.216699 -0.151949 0.894499 0.671826 2 30 0.654643 32 0.345357
  30 17.775682 37.348358 5.179247 -0.626181 -0.714664 -0.311692 0.878910 0.681575 2 30 0.638393 32 0.361607
engineer_handL
  30 17.775682 37.348358 5.179247 -0.626181 -0.714664 -0.311692 0.878910 0.681575 2 30 0.638393 32 0.361607
  30 17.380417 37.833210 5.622859 -0.964341 -0.216699 -0.151949 0.894499 0.671826 2 30 0.654643 32 0.345357
  30 17.419670 38.155045 5.035984 -0.963494 -0.107152 -0.245351 0.879457 0.653532 2 30 0.807151 32 0.192849
engineer_handL
  34 18.149826 35.420616 7.962725 0.210530 -0.927746 -0.308165 0.963874 0.797606 2 34 0.857706 32 0.142294
  34 18.732819 35.729473 7.940536 0.769955 -0.617589 -0.160480 0.951058 0.804437 2 34 0.673636 32 0.326364
  34 18.653097 35.587406 8.176629 0.715021 -0.694410 -0.080865 0.957082 0.808812 2 34 0.830391 32 0.169609
engineer_handL
  34 18.427343 35.346573 8.694906 0.544588 -0.835358 0.074835 0.969587 0.818853 1 34 1.000000
  34 18.149826 35.420616 7.962725 0.210530 -0.927746 -0.308165 0.963874 0.797606 2 34 0.857706 32 0.142294
  34 18.653097 35.587406 8.176629 0.715021 -0.694410 -0.080865 0.957082 0.808812 2 34 0.830391 32 0.169609
engineer_handL
  34 18.427343 35.346573 8.694906 0.544588 -0.835358 0.074835 0.969587 0.818853 1 34 1.000000
  34 18.014458 35.249485 8.664870 0.121897 -0.988724 0.086987 0.978415 0.813234 1 34 1.000000
  34 18.149826 35.420616 7.962725 0.210530 -0.927746 -0.308165 0.963874 0.797606 2 34 0.857706 32 0.142294
engineer_handL
  34 18.427343 35.346573 8.694906 0.544588 -0.835358 0.074835 0.969587 0.818853 1 34 1.000000
  34 18.176291 35.353165 8.971580 0.229666 -0.757228 0.611440 0.976204 0.819702 1 34 1.000000
  34 18.014458 35.249485 8.664870 0.121897 -0.988724 0.086987 0.978415 0.813234 1 34 1.000000
engineer_handL
  34 17.947939 35.311859 8.948486 -0.007293 -0.808194 0.588871 0.981187 0.817083 1 34 1.000000
  34 18.014458 35.249485 8.664870 0.121897 -0.988724 0.086987 0.978415 0.813234 1 34 1.000000
  34 18.176291 35.353165 8.971580 0.229666 -0.757228 0.611440 0.976204 0.819702 1 34 1.000000
engineer_handL
  34 17.947939 35.311859 8.948486 -0.007293 -0.808194 0.588871 0.981187 0.817083 1 34 1.000000
  34 17.752699 35.294571 8.889853 -0.233126 -0.814227 0.531683 0.983456 0.813148 1 34 1.000000
  34 18.014458 35.249485 8.664870 0.121897 -0.988724 0.086987 0.978415 0.813234 1 34 1.000000
engineer_handL
  34 17.664076 35.234364 8.583898 -0.255562 -0.964346 -0.068739 0.984059 0.805748 1 34 1.000000
  34 18.014458 35.249485 8.664870 0.121897 -0.988724 0.086987 0.978415 0.813234 1 34 1.000000
  34 17.752699 35.294571 8.889853 -0.233126 -0.814227 0.531683 0.983456 0.813148 1 34 1.000000
engineer_handL
  34 17.664076 35.234364 8.583898 -0.255562 -0.964346 -0.068739 0.984059 0.805748 1 34 1.000000
  34 17.752699 35.294571 8.889853 -0.233126 -0.814227 0.531683 0.983456 0.813148 1 34 1.000000
  34 17.501482 35.327251 8.723209 -0.685196 -0.669184 0.287575 0.987347 0.806400 1 34 1.000000
engineer_handL
  34 17.312300 35.631077 8.149906 -0.938528 -0.345010 0.011513 0.978814 0.787024 2 34 0.831184 32 0.168816
  34 17.664076 35.234364 8.583898 -0.255562 -0.964346 -0.068739 0.984059 0.805748 1 34 1.000000
  34 17.501482 35.327251 8.723209 -0.685196 -0.669184 0.287575 0.987347 0.806400 1 34 1.000000
engineer_handL
  34 17.312300 35.631077 8.149906 -0.938528 -0.345010 0.011513 0.978814 0.787024 2 34 0.831184 32 0.168816
  34 17.602184 35.408497 7.968082 -0.350224 -0.887936 -0.298183 0.973208 0.789227 2 34 0.836023 32 0.163977
  34 17.664076 35.234364 8.583898 -0.255562 -0.964346 -0.068739 0.984059 0.805748 1 34 1.000000
engineer_handL
  34 17.602184 35.408497 7.968082 -0.350224 -0.887936 -0.298183 0.973208 0.789227 2 34 0.836023 32 0.163977
  34 17.312300 35.631077 8.149906 -0.938528 -0.345010 0.011513 0.978814 0.787024 2 34 0.831184 32 0.168816
  34 17.278412 35.803055 7.903149 -0.955084 -0.293726 -0.039230 0.974231 0.778504 2 34 0.685177 32 0.314823
engineer_handL
  34 17.602184 35.408497 7.968082 -0.350224 -0.887936 -0.298183 0.973208 0.789227 2 34 0.836023 32 0.163977
  34 17.278412 35.803055 7.903149 -0.955084 -0.293726 -0.039230 0.974231 0.778504 2 34 0.685177 32 0.314823
  34 17.579330 35.526966 7.691847 -0.376775 -0.821877 -0.427269 0.968745 0.782737 2 34 0.682607 32 0.317393
engineer_handL
  34 17.573288 35.678467 7.437964 -0.411095 -0.719231 -0.560096 0.964139 0.776085 2 34 0.557394 32 0.442606
  34 17.579330 35.526966 7.691847 -0.376775 -0.821877 -0.427269 0.968745 0.782737 2 34 0.682607 32 0.317393
  34 17.278412 35.803055 7.903149 -0.955084 -0.293726 -0.039230 0.974231 0.778504 2 34 0.685177 32 0.314823
engineer_handL
  34 17.573288 35.678467 7.437964 -0.411095 -0.719231 -0.560096 0.964139 0.776085 2 34 0.557394 32 0.442606
  34 18.190815 35.544918 7.692394 0.243718 -0.872087 -0.424340 0.958534 0.792053 2 34 0.688735 32 0.311265
  34 17.579330 35.526966 7.691847 -0.376775 -0.821877 -0.427269 0.968745 0.782737 2 34 0.682607 32 0.317393
engineer_handL
  34 17.573288 35.678467 7.437964 -0.411095 -0.719231 -0.560096 0.964139 0.776085 2 34 0.557394 32 0.442606
  34 18.230141 35.680050 7.448557 0.270475 -0.781764 -0.561862 0.953048 0.786335 2 34 0.549686 32 0.450314
  34 18.190815 35.544918 7.692394 0.243718 -0.872087 -0.424340 0.958534 0.792053 2 34 0.688735 32 0.311265
engineer_handL
  34 18.796354 35.897049 7.731898 0.804200 -0.534978 -0.258960 0.944887 0.799893 2 34 0.545480 32 0.454520
  34 18.190815 35.544918 7.692394 0.243718 -0.872087 -0.424340 0.958534 0.792053 2 34 0.688735 32 0.311265
  34 18.230141 35.680050 7.448557 0.270475 -0.781764 -0.561862 0.953048 0.786335 2 34 0.549686 32 0.450314
engineer_handL
  34 18.796354 35.897049 7.731898 0.804200 -0.534978 -0.258960 0.944887 0.799893 2 34 0.545480 32 0.454520
  34 18.230141 35.680050 7.448557 0.270475 -0.781764 -0.561862 0.953048 0.786335 2 34 0.549686 32 0.450314
  32 18.298496 36.130787 6.998790 0.271823 -0.692116 -0.668646 0.936383 0.770675 2 32 0.535322 34 0.464678
engineer_handL
  34 18.796354 35.897049 7.731898 0.804200 -0.534978 -0.258960 0.944887 0.799893 2 34 0.545480 32 0.454520
  32 18.298496 36.130787 6.998790 0.271823 -0.692116 -0.668646 0.936383 0.770675 2 32 0.535322 34 0.464678
  32 18.889488 36.354538 7.278345 0.818856 -0.479294 -0.315835 0.925978 0.787774 2 32 0.552643 34 0.447358
engineer_handL
  34 17.664076 35.234364 8.583898 -0.255562 -0.964346 -0.068739 0.984059 0.805748 1 34 1.000000
  34 18.149826 35.420616 7.962725 0.210530 -0.927746 -0.308165 0.963874 0.797606 2 34 0.857706 32 0.142294
  34 18.014458 35.249485 8.664870 0.121897 -0.988724 0.086987 0.978415 0.813234 1 34 1.000000
engineer_handL
  34 17.664076 35.234364 8.583898 -0.255562 -0.964346 -0.068739 0.984059 0.805748 1 34 1.000000
  34 17.602184 35.408497 7.968082 -0.350224 -0.887936 -0.298183 0.973208 0.789227 2 34 0.836023 32 0.163977
  34 18.149826 35.420616 7.962725 0.210530 -0.927746 -0.308165 0.963874 0.797606 2 34 0.857706 32 0.142294
engineer_handL
  34 18.149826 35.420616 7.962725 0.210530 -0.927746 -0.308165 0.963874 0.797606 2 34 0.857706 32 0.142294
  34 17.602184 35.408497 7.968082 -0.350224 -0.887936 -0.298183 0.973208 0.789227 2 34 0.836023 32 0.163977
  34 17.579330 35.526966 7.691847 -0.376775 -0.821877 -0.427269 0.968745 0.782737 2 34 0.682607 32 0.317393
engineer_handL
  34 18.149826 35.420616 7.962725 0.210530 -0.927746 -0.308165 0.963874 0.797606 2 34 0.857706 32 0.142294
  34 17.579330 35.526966 7.691847 -0.376775 -0.821877 -0.427269 0.968745 0.782737 2 34 0.682607 32 0.317393
  34 18.190815 35.544918 7.692394 0.243718 -0.872087 -0.424340 0.958534 0.792053 2 34 0.688735 32 0.311265
engineer_handL
  34 18.149826 35.420616 7.962725 0.210530 -0.927746 -0.308165 0.963874 0.797606 2 34 0.857706 32 0.142294
  34 18.190815 35.544918 7.692394 0.243718 -0.872087 -0.424340 0.958534 0.792053 2 34 0.688735 32 0.311265
  34 18.732819 35.729473 7.940536 0.769955 -0.617589 -0.160480 0.951058 0.804437 2 34 0.673636 32 0.326364
engineer_handL
  34 18.796354 35.897049 7.731898 0.804200 -0.534978 -0.258960 0.944887 0.799893 2 34 0.545480 32 0.454520
  34 18.732819 35.729473 7.940536 0.769955 -0.617589 -0.160480 0.951058 0.804437 2 34 0.673636 32 0.326364
  34 18.190815 35.544918 7.692394 0.243718 -0.872087 -0.424340 0.958534 0.792053 2 34 0.688735 32 0.311265
engineer_handL
  38 21.059950 36.561996 7.407787 -0.857215 -0.139503 0.495703 0.854944 0.840001 2 38 0.883570 40 0.116430
  38 21.341007 37.245529 7.491547 -0.353684 0.330200 0.875143 0.878257 0.832940 1 38 1.000000
  38 20.844206 36.873871 7.165412 -0.775987 -0.266500 0.571684 0.855173 0.820680 1 38 1.000000
engineer_handL
  38 20.844206 36.873871 7.165412 -0.775987 -0.266500 0.571684 0.855173 0.820680 1 38 1.000000
  38 21.341007 37.245529 7.491547 -0.353684 0.330200 0.875143 0.878257 0.832940 1 38 1.000000
  38 21.066006 37.612045 7.240850 -0.317097 0.268000 0.909739 0.880299 0.821113 1 38 1.000000
engineer_handL
  38 20.844206 36.873871 7.165412 -0.775987 -0.266500 0.571684 0.855173 0.820680 1 38 1.000000
  38 21.066006 37.612045 7.240850 -0.317097 0.268000 0.909739 0.880299 0.821113 1 38 1.000000
  38 20.521852 37.141354 6.979208 -0.632430 -0.383350 0.673109 0.862448 0.808912 1 38 1.000000
engineer_handL
  38 20.521852 37.141354 6.979208 -0.632430 -0.383350 0.673109 0.862448 0.808912 1 38 1.000000
  38 21.066006 37.612045 7.240850 -0.317097 0.268000 0.909739 0.880299 0.821113 1 38 1.000000
  38 20.700239 37.905502 7.026333 -0.118494 0.105360 0.987349 0.886316 0.810941 1 38 1.000000
engineer_handL
  38 20.521852 37.141354 6.979208 -0.632430 -0.383350 0.673109 0.862448 0.808912 1 38 1.000000
  38 20.700239 37.905502 7.026333 -0.118494 0.105360 0.987349 0.886316 0.810941 1 38 1.000000
  38 20.159319 37.387909 6.810964 -0.176361 -0.626875 0.758897 0.872077 0.799333 2 38 0.908207 40 0.091793
engineer_handL
  38 20.159319 37.387909 6.810964 -0.176361 -0.626875 0.758897 0.872077 0.799333 2 38 0.908207 40 0.091793
  38 20.700239 37.905502 7.026333 -0.118494 0.105360 0.987349 0.886316 0.810941 1 38 1.000000
  36 20.314108 37.993279 6.990255 0.092283 0.019425 0.995543 0.890161 0.806912 2 36 0.502088 38 0.497913
engineer_handL
  38 20.159319 37.387909 6.810964 -0.176361 -0.626875 0.758897 0.872077 0.799333 2 38 0.908207 40 0.091793
  36 20.314108 37.993279 6.990255 0.092283 0.019425 0.995543 0.890161 0.806912 2 36 0.502088 38 0.497913
  32 19.855274 37.735889 7.039544 0.223464 -0.234042 0.946197 0.887099 0.797564 3 32 0.641271 30 0.250164 34 0.108566
engineer_handL
  38 20.159319 37.387909 6.810964 -0.176361 -0.626875 0.758897 0.872077 0.799333 2 38 0.908207 40 0.091793
  32 19.855274 37.735889 7.039544 0.223464 -0.234042 0.946197 0.887099 0.797564 3 32 0.641271 30 0.250164 34 0.108566
  32 19.282635 37.459652 7.085581 0.622157 -0.333687 0.708219 0.893172 0.785390 2 32 0.873080 34 0.126920
engineer_handL
  38 20.159319 37.387909 6.810964 -0.176361 -0.626875 0.758897 0.872077 0.799333 2 38 0.908207 40 0.091793
  32 19.282635 37.459652 7.085581 0.622157 -0.333687 0.708219 0.893172 0.785390 2 32 0.873080 34 0.126920
  32 19.263044 37.128571 6.625159 0.393944 -0.901076 0.181301 0.881171 0.769783 2 32 0.850203 34 0.149797
engineer_handL
  32 19.263044 37.128571 6.625159 0.393944 -0.901076 0.181301 0.881171 0.769783 2 32 0.850203 34 0.149797
  32 19.282635 37.459652 7.085581 0.622157 -0.333687 0.708219 0.893172 0.785390 2 32 0.873080 34 0.126920
  32 19.092010 37.191227 7.257342 0.912346 -0.158140 0.377646 0.905100 0.787669 2 32 0.837066 34 0.162934
engineer_handL
  32 19.263044 37.128571 6.625159 0.393944 -0.901076 0.181301 0.881171 0.769783 2 32 0.850203 34 0.149797
  32 19.092010 37.191227 7.257342 0.912346 -0.158140 0.377646 0.905100 0.787669 2 32 0.837066 34 0.162934
  32 19.066967 36.858170 6.860765 0.786920 -0.571646 -0.232331 0.902518 0.778420 2 32 0.791552 34 0.208449
engineer_handL
  32 18.970144 36.691330 7.649307 0.964504 -0.038860 0.261194 0.924406 0.795218 2 32 0.579131 34 0.420869
  32 19.066967 36.858170 6.860765 0.786920 -0.571646 -0.232331 0.902518 0.778420 2 32 0.791552 34 0.208449
  32 19.092010 37.191227 7.257342 0.912346 -0.158140 0.377646 0.905100 0.787669 2 32 0.837066 34 0.162934
engineer_handL
  32 18.970144 36.691330 7.649307 0.964504 -0.038860 0.261194 0.924406 0.795218 2 32 0.579131 34 0.420869
  32 18.889488 36.354538 7.278345 0.818856 -0.479294 -0.315835 0.925978 0.787774 2 32 0.552643 34 0.447358
  32 19.066967 36.858170 6.860765 0.786920 -0.571646 -0.232331 0.902518 0.778420 2 32 0.791552 34 0.208449
engineer_handL
  34 18.899691 36.269493 8.013758 0.964504 -0.038860 0.261194 0.940093 0.805377 2 34 0.529336 32 0.470664
  32 18.889488 36.354538 7.278345 0.818856 -0.479294 -0.315835 0.925978 0.787774 2 32 0.552643 34 0.447358
  32 18.970144 36.691330 7.649307 0.964504 -0.038860 0.261194 0.924406 0.795218 2 32 0.579131 34 0.420869
engineer_handL
  34 18.899691 36.269493 8.013758 0.964504 -0.038860 0.261194 0.940093 0.805377 2 34 0.529336 32 0.470664
  34 18.796354 35.897049 7.731898 0.804200 -0.534978 -0.258960 0.944887 0.799893 2 34 0.545480 32 0.454520
  32 18.889488 36.354538 7.278345 0.818856 -0.479294 -0.315835 0.925978 0.787774 2 32 0.552643 34 0.447358
engineer_handL
  34 18.796354 35.897049 7.731898 0.804200 -0.534978 -0.258960 0.944887 0.799893 2 34 0.545480 32 0.454520
  34 18.899691 36.269493 8.013758 0.964504 -0.038860 0.261194 0.940093 0.805377 2 34 0.529336 32 0.470664
  34 18.814152 36.060425 8.219897 0.951203 -0.076155 0.299019 0.947561 0.810176 2 34 0.676130 32 0.323870
engineer_handL
  34 18.796354 35.897049 7.731898 0.804200 -0.534978 -0.258960 0.944887 0.799893 2 34 0.545480 32 0.454520
  34 18.814152 36.060425 8.219897 0.951203 -0.076155 0.299019 0.947561 0.810176 2 34 0.676130 32 0.323870
  34 18.732819 35.729473 7.940536 0.769955 -0.617589 -0.160480 0.951058 0.804437 2 34 0.673636 32 0.326364
engineer_handL
  34 18.653097 35.587406 8.176629 0.715021 -0.694410 -0.080865 0.957082 0.808812 2 34 0.830391 32 0.169609
  34 18.732819 35.729473 7.940536 0.769955 -0.617589 -0.160480 0.951058 0.804437 2 34 0.673636 32 0.326364
  34 18.814152 36.060425 8.219897 0.951203 -0.076155 0.299019 0.947561 0.810176 2 34 0.676130 32 0.323870
engineer_handL
  40 21.605701 34.949318 6.903348 -0.602633 -0.083563 -0.793631 0.824314 0.890284 1 40 1.000000
  38 21.430502 35.503712 7.308564 -0.964824 -0.150746 -0.215383 0.842507 0.878202 2 38 0.662234 40 0.337766
  38 21.666142 35.291386 6.755476 -0.599770 -0.359293 -0.714972 0.824118 0.873270 2 38 0.645599 40 0.354401
engineer_handL
  38 21.666142 35.291386 6.755476 -0.599770 -0.359293 -0.714972 0.824118 0.873270 2 38 0.645599 40 0.354401
  38 21.430502 35.503712 7.308564 -0.964824 -0.150746 -0.215383 0.842507 0.878202 2 38 0.662234 40 0.337766
  38 21.358023 35.890877 7.096314 -0.906479 -0.414844 -0.078740 0.838767 0.855128 2 38 0.860721 40 0.139279
engineer_handL
  38 21.666142 35.291386 6.755476 -0.599770 -0.359293 -0.714972 0.824118 0.873270 2 38 0.645599 40 0.354401
  38 21.358023 35.890877 7.096314 -0.906479 -0.414844 -0.078740 0.838767 0.855128 2 38 0.860721 40 0.139279
  38 21.593788 35.635128 6.512254 -0.503989 -0.611552 -0.609917 0.823687 0.856123 2 38 0.805721 40 0.194279
engineer_handL
  38 21.593788 35.635128 6.512254 -0.503989 -0.611552 -0.609917 0.823687 0.856123 2 38 0.805721 40 0.194279
  38 21.358023 35.890877 7.096314 -0.906479 -0.414844 -0.078740 0.838767 0.855128 2 38 0.860721 40 0.139279
  38 21.149960 36.180920 6.748897 -0.840179 -0.540863 0.039565 0.830753 0.834593 2 38 0.903965 40 0.096036
engineer_handL
  38 21.593788 35.635128 6.512254 -0.503989 -0.611552 -0.609917 0.823687 0.856123 2 38 0.805721 40 0.194279
  38 21.149960 36.180920 6.748897 -0.840179 -0.540863 0.039565 0.830753 0.834593 2 38 0.903965 40 0.096036
  38 21.467396 35.811275 6.339828 -0.338404 -0.926886 -0.162371 0.818601 0.835980 2 38 0.840686 40 0.159314
engineer_handL
  38 20.991796 36.367008 6.086183 -0.760726 -0.628310 0.162856 0.819282 0.799007 2 38 0.901183 40 0.098817
  38 21.467396 35.811275 6.339828 -0.338404 -0.926886 -0.162371 0.818601 0.835980 2 38 0.840686 40 0.159314
  38 21.149960 36.180920 6.748897 -0.840179 -0.540863 0.039565 0.830753 0.834593 2 38 0.903965 40 0.096036
engineer_handL
  38 20.844206 36.873871 7.165412 -0.775987 -0.266500 0.571684 0.855173 0.820680 1 38 1.000000
  38 20.991796 36.367008 6.086183 -0.760726 -0.628310 0.162856 0.819282 0.799007 2 38 0.901183 40 0.098817
  38 21.149960 36.180920 6.748897 -0.840179 -0.540863 0.039565 0.830753 0.834593 2 38 0.903965 40 0.096036
engineer_handL
  38 20.991796 36.367008 6.086183 -0.760726 -0.628310 0.162856 0.819282 0.799007 2 38 0.901183 40 0.098817
  38 20.844206 36.873871 7.165412 -0.775987 -0.266500 0.571684 0.855173 0.820680 1 38 1.000000
  38 20.521852 37.141354 6.979208 -0.632430 -0.383350 0.673109 0.862448 0.808912 1 38 1.000000
engineer_handL
  38 20.991796 36.367008 6.086183 -0.760726 -0.628310 0.162856 0.819282 0.799007 2 38 0.901183 40 0.098817
  38 20.521852 37.141354 6.979208 -0.632430 -0.383350 0.673109 0.862448 0.808912 1 38 1.000000
  38 20.564476 36.677879 5.913863 -0.638729 -0.738567 0.215741 0.827125 0.783486 2 38 0.896203 40 0.103797
engineer_handL
  38 20.159319 37.387909 6.810964 -0.176361 -0.626875 0.758897 0.872077 0.799333 2 38 0.908207 40 0.091793
  38 20.564476 36.677879 5.913863 -0.638729 -0.738567 0.215741 0.827125 0.783486 2 38 0.896203 40 0.103797
  38 20.521852 37.141354 6.979208 -0.632430 -0.383350 0.673109 0.862448 0.808912 1 38 1.000000
engineer_handL
  38 20.159319 37.387909 6.810964 -0.176361 -0.626875 0.758897 0.872077 0.799333 2 38 0.908207 40 0.091793
  36 20.113060 36.894867 5.767828 -0.368953 -0.910426 0.187075 0.835577 0.768252 2 36 0.507689 38 0.492311
  38 20.564476 36.677879 5.913863 -0.638729 -0.738567 0.215741 0.827125 0.783486 2 38 0.896203 40 0.103797
engineer_handL
  32 19.263044 37.128571 6.625159 0.393944 -0.901076 0.181301 0.881171 0.769783 2 32 0.850203 34 0.149797
  36 20.113060 36.894867 5.767828 -0.368953 -0.910426 0.187075 0.835577 0.768252 2 36 0.507689 38 0.492311
  38 20.159319 37.387909 6.810964 -0.176361 -0.626875 0.758897 0.872077 0.799333 2 38 0.908207 40 0.091793
engineer_handL
  38 20.844206 36.873871 7.165412 -0.775987 -0.266500 0.571684 0.855173 0.820680 1 38 1.000000
  38 21.149960 36.180920 6.748897 -0.840179 -0.540863 0.039565 0.830753 0.834593 2 38 0.903965 40 0.096036
  38 21.059950 36.561996 7.407787 -0.857215 -0.139503 0.495703 0.854944 0.840001 2 38 0.883570 40 0.116430
engineer_handL
  38 21.358023 35.890877 7.096314 -0.906479 -0.414844 -0.078740 0.838767 0.855128 2 38 0.860721 40 0.139279
  38 21.059950 36.561996 7.407787 -0.857215 -0.139503 0.495703 0.854944 0.840001 2 38 0.883570 40 0.116430
  38 21.149960 36.180920 6.748897 -0.840179 -0.540863 0.039565 0.830753 0.834593 2 38 0.903965 40 0.096036
engineer_handL
  38 21.358023 35.890877 7.096314 -0.906479 -0.414844 -0.078740 0.838767 0.855128 2 38 0.860721 40 0.139279
  38 21.223181 36.168194 7.701912 -0.882374 -0.052786 0.467578 0.860858 0.860345 2 38 0.763869 40 0.236131
  38 21.059950 36.561996 7.407787 -0.857215 -0.139503 0.495703 0.854944 0.840001 2 38 0.883570 40 0.116430
engineer_handL
  38 21.223181 36.168194 7.701912 -0.882374 -0.052786 0.467578 0.860858 0.860345 2 38 0.763869 40 0.236131
  38 21.358023 35.890877 7.096314 -0.906479 -0.414844 -0.078740 0.838767 0.855128 2 38 0.860721 40 0.139279
  38 21.430502 35.503712 7.308564 -0.964824 -0.150746 -0.215383 0.842507 0.878202 2 38 0.662234 40 0.337766
engineer_handL
  38 21.223181 36.168194 7.701912 -0.882374 -0.052786 0.467578 0.860858 0.860345 2 38 0.763869 40 0.236131
  38 21.430502 35.503712 7.308564 -0.964824 -0.150746 -0.215383 0.842507 0.878202 2 38 0.662234 40 0.337766
  38 21.328005 35.736320 7.917584 -0.901346 0.098453 0.421762 0.861142 0.881185 2 38 0.585675 40 0.414325
engineer_handL
  42 20.711092 33.381157 7.297464 -0.497429 0.178913 -0.848855 0.821192 0.956647 2 42 0.711869 40 0.288131
  42 20.537008 33.519360 7.733808 -0.822662 0.502806 -0.265354 0.832806 0.959817 2 42 0.815106 40 0.184894
  42 20.739819 33.825916 7.686877 -0.846404 0.437638 -0.303434 0.834448 0.949644 2 42 0.570603 40 0.429397
engineer_handL
  42 20.711092 33.381157 7.297464 -0.497429 0.178913 -0.848855 0.821192 0.956647 2 42 0.711869 40 0.288131
  42 20.739819 33.825916 7.686877 -0.846404 0.437638 -0.303434 0.834448 0.949644 2 42 0.570603 40 0.429397
  42 20.911236 33.658424 7.236150 -0.522262 0.126609 -0.843334 0.821105 0.946316 2 42 0.534525 40 0.465475
engineer_handL
  42 20.911236 33.658424 7.236150 -0.522262 0.126609 -0.843334 0.821105 0.946316 2 42 0.534525 40 0.465475
  42 20.739819 33.825916 7.686877 -0.846404 0.437638 -0.303434 0.834448 0.949644 2 42 0.570603 40 0.429397
  40 20.923622 34.195526 7.607656 -0.865301 0.397710 -0.305093 0.836393 0.936238 2 40 0.579907 42 0.420093
engineer_handL
  42 20.911236 33.658424 7.236150 -0.522262 0.126609 -0.843334 0.821105 0.946316 2 42 0.534525 40 0.465475
  40 20.923622 34.195526 7.607656 -0.865301 0.397710 -0.305093 0.836393 0.936238 2 40 0.579907 42 0.420093
  40 21.135019 34.027706 7.134824 -0.538277 0.085341 -0.838436 0.823449 0.931570 2 40 0.587751 42 0.412249
engineer_handL
  40 21.135019 34.027706 7.134824 -0.538277 0.085341 -0.838436 0.823449 0.931570 2 40 0.587751 42 0.412249
  40 20.923622 34.195526 7.607656 -0.865301 0.397710 -0.305093 0.836393 0.936238 2 40 0.579907 42 0.420093
  40 21.248446 34.759129 7.505708 -0.889253 0.340200 -0.305765 0.840472 0.912685 2 40 0.899140 42 0.100861
engineer_handL
  40 21.135019 34.027706 7.134824 -0.538277 0.085341 -0.838436 0.823449 0.931570 2 40 0.587751 42 0.412249
  40 21.248446 34.759129 7.505708 -0.889253 0.340200 -0.305765 0.840472 0.912685 2 40 0.899140 42 0.100861
  40 21.404072 34.544704 7.002136 -0.538277 0.085341 -0.838436 0.825934 0.910684 2 40 0.850621 42 0.149379
engineer_handL
  40 21.248446 34.759129 7.505708 -0.889253 0.340200 -0.305765 0.840472 0.912685 2 40 0.899140 42 0.100861
  40 21.605701 34.949318 6.903348 -0.602633 -0.083563 -0.793631 0.824314 0.890284 1 40 1.000000
  40 21.404072 34.544704 7.002136 -0.538277 0.085341 -0.838436 0.825934 0.910684 2 40 0.850621 42 0.149379
engineer_handL
  40 21.248446 34.759129 7.505708 -0.889253 0.340200 -0.305765 0.840472 0.912685 2 40 0.899140 42 0.100861
  40 21.395626 35.161381 7.424805 -0.948367 0.137171 -0.285978 0.841886 0.893682 1 40 1.000000
  40 21.605701 34.949318 6.903348 -0.602633 -0.083563 -0.793631 0.824314 0.890284 1 40 1.000000
engineer_handL
  40 21.605701 34.949318 6.903348 -0.602633 -0.083563 -0.793631 0.824314 0.890284 1 40 1.000000
  40 21.395626 35.161381 7.424805 -0.948367 0.137171 -0.285978 0.841886 0.893682 1 40 1.000000
  38 21.430502 35.503712 7.308564 -0.964824 -0.150746 -0.215383 0.842507 0.878202 2 38 0.662234 40 0.337766
engineer_handL
  40 21.321583 35.372654 8.046884 -0.877884 0.256618 0.404311 0.859571 0.897685 2 40 0.892161 42 0.107839
  38 21.430502 35.503712 7.308564 -0.964824 -0.150746 -0.215383 0.842507 0.878202 2 38 0.662234 40 0.337766
  40 21.395626 35.161381 7.424805 -0.948367 0.137171 -0.285978 0.841886 0.893682 1 40 1.000000
engineer_handL
  40 21.321583 35.372654 8.046884 -0.877884 0.256618 0.404311 0.859571 0.897685 2 40 0.892161 42 0.107839
  38 21.328005 35.736320 7.917584 -0.901346 0.098453 0.421762 0.861142 0.881185 2 38 0.585675 40 0.414325
  38 21.430502 35.503712 7.308564 -0.964824 -0.150746 -0.215383 0.842507 0.878202 2 38 0.662234 40 0.337766
engineer_handL
  38 21.328005 35.736320 7.917584 -0.901346 0.098453 0.421762 0.861142 0.881185 2 38 0.585675 40 0.414325
  40 21.321583 35.372654 8.046884 -0.877884 0.256618 0.404311 0.859571 0.897685 2 40 0.892161 42 0.107839
  40 21.758986 35.436230 8.305567 -0.348242 0.283369 0.893549 0.866994 0.899019 1 40 1.000000
engineer_handL
  38 21.328005 35.736320 7.917584 -0.901346 0.098453 0.421762 0.861142 0.881185 2 38 0.585675 40 0.414325
  40 21.758986 35.436230 8.305567 -0.348242 0.283369 0.893549 0.866994 0.899019 1 40 1.000000
  38 21.781086 35.822800 8.164025 -0.353684 0.330200 0.875143 0.869181 0.883932 2 38 0.568628 40 0.431372
engineer_handL
  38 21.328005 35.736320 7.917584 -0.901346 0.098453 0.421762 0.861142 0.881185 2 38 0.585675 40 0.414325
  38 21.781086 35.822800 8.164025 -0.353684 0.330200 0.875143 0.869181 0.883932 2 38 0.568628 40 0.431372
  38 21.689959 36.345009 7.952184 -0.353684 0.330200 0.875143 0.871466 0.862663 2 38 0.782567 40 0.217433
engineer_handL
  38 21.328005 35.736320 7.917584 -0.901346 0.098453 0.421762 0.861142 0.881185 2 38 0.585675 40 0.414325
  38 21.689959 36.345009 7.952184 -0.353684 0.330200 0.875143 0.871466 0.862663 2 38 0.782567 40 0.217433
  38 21.223181 36.168194 7.701912 -0.882374 -0.052786 0.467578 0.860858 0.860345 2 38 0.763869 40 0.236131
engineer_handL
  38 21.223181 36.168194 7.701912 -0.882374 -0.052786 0.467578 0.860858 0.860345 2 38 0.763869 40 0.236131
  38 21.689959 36.345009 7.952184 -0.353684 0.330200 0.875143 0.871466 0.862663 2 38 0.782567 40 0.217433
  38 21.530384 36.890495 7.706193 -0.353684 0.330200 0.875143 0.875535 0.847169 1 38 1.000000
engineer_handL
  38 21.223181 36.168194 7.701912 -0.882374 -0.052786 0.467578 0.860858 0.860345 2 38 0.763869 40 0.236131
  38 21.530384 36.890495 7.706193 -0.353684 0.330200 0.875143 0.875535 0.847169 1 38 1.000000
  38 21.059950 36.561996 7.407787 -0.857215 -0.139503 0.495703 0.854944 0.840001 2 38 0.883570 40 0.116430
engineer_handL
  38 21.059950 36.561996 7.407787 -0.857215 -0.139503 0.495703 0.854944 0.840001 2 38 0.883570 40 0.116430
  38 21.530384 36.890495 7.706193 -0.353684 0.330200 0.875143 0.875535 0.847169 1 38 1.000000
  38 21.341007 37.245529 7.491547 -0.353684 0.330200 0.875143 0.878257 0.832940 1 38 1.000000
engineer_handL
  40 21.321583 35.372654 8.046884 -0.877884 0.256618 0.404311 0.859571 0.897685 2 40 0.892161 42 0.107839
  40 21.584946 34.964832 8.372757 -0.361422 0.249961 0.898272 0.862840 0.916322 2 40 0.865690 42 0.134311
  40 21.758986 35.436230 8.305567 -0.348242 0.283369 0.893549 0.866994 0.899019 1 40 1.000000
engineer_handL
  40 21.321583 35.372654 8.046884 -0.877884 0.256618 0.404311 0.859571 0.897685 2 40 0.892161 42 0.107839
  40 21.201786 34.933907 8.113347 -0.847549 0.399973 0.348831 0.855297 0.916407 2 40 0.816045 42 0.183955
  40 21.584946 34.964832 8.372757 -0.361422 0.249961 0.898272 0.862840 0.916322 2 40 0.865690 42 0.134311
engineer_handL
  40 21.201786 34.933907 8.113347 -0.847549 0.399973 0.348831 0.855297 0.916407 2 40 0.816045 42 0.183955
  40 21.321583 35.372654 8.046884 -0.877884 0.256618 0.404311 0.859571 0.897685 2 40 0.892161 42 0.107839
  40 21.395626 35.161381 7.424805 -0.948367 0.137171 -0.285978 0.841886 0.893682 1 40 1.000000
engineer_handL
  40 21.201786 34.933907 8.113347 -0.847549 0.399973 0.348831 0.855297 0.916407 2 40 0.816045 42 0.183955
  40 21.395626 35.161381 7.424805 -0.948367 0.137171 -0.285978 0.841886 0.893682 1 40 1.000000
  40 21.248446 34.759129 7.505708 -0.889253 0.340200 -0.305765 0.840472 0.912685 2 40 0.899140 42 0.100861
engineer_handL
  40 21.248446 34.759129 7.505708 -0.889253 0.340200 -0.305765 0.840472 0.912685 2 40 0.899140 42 0.100861
  40 20.904284 34.319679 8.192907 -0.823525 0.455683 0.337875 0.849295 0.941406 2 40 0.546889 42 0.453111
  40 21.201786 34.933907 8.113347 -0.847549 0.399973 0.348831 0.855297 0.916407 2 40 0.816045 42 0.183955
engineer_handL
  40 21.248446 34.759129 7.505708 -0.889253 0.340200 -0.305765 0.840472 0.912685 2 40 0.899140 42 0.100861
  40 20.923622 34.195526 7.607656 -0.865301 0.397710 -0.305093 0.836393 0.936238 2 40 0.579907 42 0.420093
  40 20.904284 34.319679 8.192907 -0.823525 0.455683 0.337875 0.849295 0.941406 2 40 0.546889 42 0.453111
engineer_handL
  40 20.923622 34.195526 7.607656 -0.865301 0.397710 -0.305093 0.836393 0.936238 2 40 0.579907 42 0.420093
  42 20.724926 33.975807 8.215541 -0.823525 0.455683 0.337875 0.847105 0.953083 2 42 0.535845 40 0.464155
  40 20.904284 34.319679 8.192907 -0.823525 0.455683 0.337875 0.849295 0.941406 2 40 0.546889 42 0.453111
engineer_handL
  40 20.923622 34.195526 7.607656 -0.865301 0.397710 -0.305093 0.836393 0.936238 2 40 0.579907 42 0.420093
  42 20.739819 33.825916 7.686877 -0.846404 0.437638 -0.303434 0.834448 0.949644 2 42 0.570603 40 0.429397
  42 20.724926 33.975807 8.215541 -0.823525 0.455683 0.337875 0.847105 0.953083 2 42 0.535845 40 0.464155
engineer_handL
  42 20.551037 33.662148 8.233697 -0.791263 0.477626 0.381807 0.844037 0.963141 2 42 0.735375 40 0.264625
  42 20.724926 33.975807 8.215541 -0.823525 0.455683 0.337875 0.847105 0.953083 2 42 0.535845 40 0.464155
  42 20.739819 33.825916 7.686877 -0.846404 0.437638 -0.303434 0.834448 0.949644 2 42 0.570603 40 0.429397
engineer_handL
  42 20.724926 33.975807 8.215541 -0.823525 0.455683 0.337875 0.847105 0.953083 2 42 0.535845 40 0.464155
  42 20.551037 33.662148 8.233697 -0.791263 0.477626 0.381807 0.844037 0.963141 2 42 0.735375 40 0.264625
  42 20.803055 33.621326 8.432186 -0.363509 0.179197 0.914193 0.848283 0.963735 2 42 0.691131 40 0.308869
engineer_handL
  42 20.618467 33.311306 8.410641 -0.336749 0.152747 0.929122 0.844588 0.973854 2 42 0.903919 40 0.096081
  42 20.803055 33.621326 8.432186 -0.363509 0.179197 0.914193 0.848283 0.963735 2 42 0.691131 40 0.308869
  42 20.551037 33.662148 8.233697 -0.791263 0.477626 0.381807 0.844037 0.963141 2 42 0.735375 40 0.264625
engineer_handL
  42 20.618467 33.311306 8.410641 -0.336749 0.152747 0.929122 0.844588 0.973854 2 42 0.903919 40 0.096081
  42 20.551037 33.662148 8.233697 -0.791263 0.477626 0.381807 0.844037 0.963141 2 42 0.735375 40 0.264625
  42 20.393068 33.355736 8.259422 -0.772629 0.420597 0.475544 0.840969 0.973199 2 42 0.908293 40 0.091707
engineer_handL
  42 20.393068 33.355736 8.259422 -0.772629 0.420597 0.475544 0.840969 0.973199 2 42 0.908293 40 0.091707
  42 20.457409 32.999424 8.393650 -0.326819 0.093529 0.940448 0.840405 0.982154 1 42 1.000000
  42 20.618467 33.311306 8.410641 -0.336749 0.152747 0.929122 0.844588 0.973854 2 42 0.903919 40 0.096081
engineer_handL
  40 21.201786 34.933907 8.113347 -0.847549 0.399973 0.348831 0.855297 0.916407 2 40 0.816045 42 0.183955
  40 21.251785 34.362671 8.439465 -0.361422 0.249961 0.898272 0.855695 0.939762 2 40 0.614615 42 0.385385
  40 21.584946 34.964832 8.372757 -0.361422 0.249961 0.898272 0.862840 0.916322 2 40 0.865690 42 0.134311
engineer_handL
  40 21.201786 34.933907 8.113347 -0.847549 0.399973 0.348831 0.855297 0.916407 2 40 0.816045 42 0.183955
  40 20.904284 34.319679 8.192907 -0.823525 0.455683 0.337875 0.849295 0.941406 2 40 0.546889 42 0.453111
  40 21.251785 34.362671 8.439465 -0.361422 0.249961 0.898272 0.855695 0.939762 2 40 0.614615 42 0.385385
engineer_handL
  40 20.904284 34.319679 8.192907 -0.823525 0.455683 0.337875 0.849295 0.941406 2 40 0.546889 42 0.453111
  42 21.005936 33.947350 8.448925 -0.361422 0.249961 0.898272 0.851977 0.953616 2 42 0.507295 40 0.492705
  40 21.251785 34.362671 8.439465 -0.361422 0.249961 0.898272 0.855695 0.939762 2 40 0.614615 42 0.385385
engineer_handL
  40 20.904284 34.319679 8.192907 -0.823525 0.455683 0.337875 0.849295 0.941406 2 40 0.546889 42 0.453111
  42 20.724926 33.975807 8.215541 -0.823525 0.455683 0.337875 0.847105 0.953083 2 42 0.535845 40 0.464155
  42 21.005936 33.947350 8.448925 -0.361422 0.249961 0.898272 0.851977 0.953616 2 42 0.507295 40 0.492705
engineer_handL
  42 20.724926 33.975807 8.215541 -0.823525 0.455683 0.337875 0.847105 0.953083 2 42 0.535845 40 0.464155
  42 20.803055 33.621326 8.432186 -0.363509 0.179197 0.914193 0.848283 0.963735 2 42 0.691131 40 0.308869
  42 21.005936 33.947350 8.448925 -0.361422 0.249961 0.898272 0.851977 0.953616 2 42 0.507295 40 0.492705
engineer_handL
  42 20.513239 33.113049 7.355044 -0.522262 0.126609 -0.843334 0.821279 0.966977 2 42 0.868399 40 0.131601
  42 20.831156 32.993176 7.346865 0.030781 -0.278695 -0.959886 0.817275 0.965238 2 42 0.860008 40 0.139992
  42 20.631596 32.696499 7.429904 -0.049995 -0.323915 -0.944764 0.817354 0.975387 1 42 1.000000
engineer_handL
  42 20.513239 33.113049 7.355044 -0.522262 0.126609 -0.843334 0.821279 0.966977 2 42 0.868399 40 0.131601
  42 20.631596 32.696499 7.429904 -0.049995 -0.323915 -0.944764 0.817354 0.975387 1 42 1.000000
  42 20.359783 32.800743 7.469256 -0.602633 -0.083563 -0.793631 0.820614 0.975717 1 42 1.000000
engineer_handL
  42 20.350449 32.598339 7.542352 -0.656558 -0.352438 -0.666873 0.819949 0.984458 1 42 1.000000
  42 20.359783 32.800743 7.469256 -0.602633 -0.083563 -0.793631 0.820614 0.975717 1 42 1.000000
  42 20.631596 32.696499 7.429904 -0.049995 -0.323915 -0.944764 0.817354 0.975387 1 42 1.000000
engineer_handL
  42 20.350449 32.598339 7.542352 -0.656558 -0.352438 -0.666873 0.819949 0.984458 1 42 1.000000
  42 20.262533 32.853455 7.648870 -0.903522 0.099926 -0.416728 0.824936 0.977588 1 42 1.000000
  42 20.359783 32.800743 7.469256 -0.602633 -0.083563 -0.793631 0.820614 0.975717 1 42 1.000000
engineer_handL
  42 20.350449 32.598339 7.542352 -0.656558 -0.352438 -0.666873 0.819949 0.984458 1 42 1.000000
  42 20.249260 32.577957 7.715634 -0.873229 -0.355904 -0.332870 0.823364 0.986541 1 42 1.000000
  42 20.262533 32.853455 7.648870 -0.903522 0.099926 -0.416728 0.824936 0.977588 1 42 1.000000
engineer_handL
  42 20.249260 32.577957 7.715634 -0.873229 -0.355904 -0.332870 0.823364 0.986541 1 42 1.000000
  42 20.198444 32.911469 7.853678 -0.960200 0.165117 -0.225284 0.829436 0.979535 1 42 1.000000
  42 20.262533 32.853455 7.648870 -0.903522 0.099926 -0.416728 0.824936 0.977588 1 42 1.000000
engineer_handL
  42 20.249260 32.577957 7.715634 -0.873229 -0.355904 -0.332870 0.823364 0.986541 1 42 1.000000
  42 20.188969 32.626534 7.935888 -0.939798 -0.330841 -0.085585 0.827483 0.989054 1 42 1.000000
  42 20.198444 32.911469 7.853678 -0.960200 0.165117 -0.225284 0.829436 0.979535 1 42 1.000000
engineer_handL
  42 20.160942 32.698589 8.126623 -0.955959 -0.221232 0.192871 0.830932 0.988572 1 42 1.000000
  42 20.198444 32.911469 7.853678 -0.960200 0.165117 -0.225284 0.829436 0.979535 1 42 1.000000
  42 20.188969 32.626534 7.935888 -0.939798 -0.330841 -0.085585 0.827483 0.989054 1 42 1.000000
engineer_handL
  42 20.299196 32.532337 8.202860 -0.628804 -0.655659 0.417992 0.831092 0.991233 1 42 1.000000
  42 20.160942 32.698589 8.126623 -0.955959 -0.221232 0.192871 0.830932 0.988572 1 42 1.000000
  42 20.188969 32.626534 7.935888 -0.939798 -0.330841 -0.085585 0.827483 0.989054 1 42 1.000000
engineer_handL
  42 20.160942 32.698589 8.126623 -0.955959 -0.221232 0.192871 0.830932 0.988572 1 42 1.000000
  42 20.299196 32.532337 8.202860 -0.628804 -0.655659 0.417992 0.831092 0.991233 1 42 1.000000
  42 20.334028 32.688015 8.367620 -0.489818 -0.253399 0.834187 0.836223 0.990453 1 42 1.000000
engineer_handL
  42 20.160942 32.698589 8.126623 -0.955959 -0.221232 0.192871 0.830932 0.988572 1 42 1.000000
  42 20.334028 32.688015 8.367620 -0.489818 -0.253399 0.834187 0.836223 0.990453 1 42 1.000000
  42 20.205126 32.802612 8.282934 -0.810882 -0.051547 0.582935 0.834510 0.988071 1 42 1.000000
engineer_handL
  42 20.205126 32.802612 8.282934 -0.810882 -0.051547 0.582935 0.834510 0.988071 1 42 1.000000
  42 20.334028 32.688015 8.367620 -0.489818 -0.253399 0.834187 0.836223 0.990453 1 42 1.000000
  42 20.457409 32.999424 8.393650 -0.326819 0.093529 0.940448 0.840405 0.982154 1 42 1.000000
engineer_handL
  42 20.205126 32.802612 8.282934 -0.810882 -0.051547 0.582935 0.834510 0.988071 1 42 1.000000
  42 20.457409 32.999424 8.393650 -0.326819 0.093529 0.940448 0.840405 0.982154 1 42 1.000000
  42 20.246725 33.039528 8.276980 -0.786717 0.258468 0.560598 0.837739 0.980635 1 42 1.000000
engineer_handL
  42 20.393068 33.355736 8.259422 -0.772629 0.420597 0.475544 0.840969 0.973199 2 42 0.908293 40 0.091707
  42 20.246725 33.039528 8.276980 -0.786717 0.258468 0.560598 0.837739 0.980635 1 42 1.000000
  42 20.457409 32.999424 8.393650 -0.326819 0.093529 0.940448 0.840405 0.982154 1 42 1.000000
engineer_handL
  42 20.326122 33.287601 7.977268 -0.877598 0.475708 -0.059368 0.835266 0.971304 1 42 1.000000
  42 20.246725 33.039528 8.276980 -0.786717 0.258468 0.560598 0.837739 0.980635 1 42 1.000000
  42 20.393068 33.355736 8.259422 -0.772629 0.420597 0.475544 0.840969 0.973199 2 42 0.908293 40 0.091707
engineer_handL
  42 20.551037 33.662148 8.233697 -0.791263 0.477626 0.381807 0.844037 0.963141 2 42 0.735375 40 0.264625
  42 20.326122 33.287601 7.977268 -0.877598 0.475708 -0.059368 0.835266 0.971304 1 42 1.000000
  42 20.393068 33.355736 8.259422 -0.772629 0.420597 0.475544 0.840969 0.973199 2 42 0.908293 40 0.091707
engineer_handL
  42 20.551037 33.662148 8.233697 -0.791263 0.477626 0.381807 0.844037 0.963141 2 42 0.735375 40 0.264625
  42 20.537008 33.519360 7.733808 -0.822662 0.502806 -0.265354 0.832806 0.959817 2 42 0.815106 40 0.184894
  42 20.326122 33.287601 7.977268 -0.877598 0.475708 -0.059368 0.835266 0.971304 1 42 1.000000
engineer_handL
  42 20.551037 33.662148 8.233697 -0.791263 0.477626 0.381807 0.844037 0.963141 2 42 0.735375 40 0.264625
  42 20.739819 33.825916 7.686877 -0.846404 0.437638 -0.303434 0.834448 0.949644 2 42 0.570603 40 0.429397
  42 20.537008 33.519360 7.733808 -0.822662 0.502806 -0.265354 0.832806 0.959817 2 42 0.815106 40 0.184894
engineer_handL
  42 20.299196 32.532337 8.202860 -0.628804 -0.655659 0.417992 0.831092 0.991233 1 42 1.000000
  42 20.188969 32.626534 7.935888 -0.939798 -0.330841 -0.085585 0.827483 0.989054 1 42 1.000000
  42 20.326612 32.460270 8.002476 -0.632828 -0.766643 0.108567 0.826338 0.991956 1 42 1.000000
engineer_handL
  42 20.249260 32.577957 7.715634 -0.873229 -0.355904 -0.332870 0.823364 0.986541 1 42 1.000000
  42 20.326612 32.460270 8.002476 -0.632828 -0.766643 0.108567 0.826338 0.991956 1 42 1.000000
  42 20.188969 32.626534 7.935888 -0.939798 -0.330841 -0.085585 0.827483 0.989054 1 42 1.000000
engineer_handL
  42 20.249260 32.577957 7.715634 -0.873229 -0.355904 -0.332870 0.823364 0.986541 1 42 1.000000
  42 20.387625 32.405003 7.751360 -0.580253 -0.787568 -0.207467 0.821277 0.988308 1 42 1.000000
  42 20.326612 32.460270 8.002476 -0.632828 -0.766643 0.108567 0.826338 0.991956 1 42 1.000000
engineer_handL
  42 20.387625 32.405003 7.751360 -0.580253 -0.787568 -0.207467 0.821277 0.988308 1 42 1.000000
  42 20.249260 32.577957 7.715634 -0.873229 -0.355904 -0.332870 0.823364 0.986541 1 42 1.000000
  42 20.350449 32.598339 7.542352 -0.656558 -0.352438 -0.666873 0.819949 0.984458 1 42 1.000000
engineer_handL
  42 20.387625 32.405003 7.751360 -0.580253 -0.787568 -0.207467 0.821277 0.988308 1 42 1.000000
  42 20.350449 32.598339 7.542352 -0.656558 -0.352438 -0.666873 0.819949 0.984458 1 42 1.000000
  42 20.480009 32.452778 7.536010 -0.321012 -0.603143 -0.730185 0.817432 0.985537 1 42 1.000000
engineer_handL
  42 20.350449 32.598339 7.542352 -0.656558 -0.352438 -0.666873 0.819949 0.984458 1 42 1.000000
  42 20.631596 32.696499 7.429904 -0.049995 -0.323915 -0.944764 0.817354 0.975387 1 42 1.000000
  42 20.480009 32.452778 7.536010 -0.321012 -0.603143 -0.730185 0.817432 0.985537 1 42 1.000000
engineer_handL
  42 20.401426 33.174721 7.583062 -0.810612 0.375663 -0.449206 0.826836 0.968647 1 42 1.000000
  42 20.537008 33.519360 7.733808 -0.822662 0.502806 -0.265354 0.832806 0.959817 2 42 0.815106 40 0.184894
  42 20.711092 33.381157 7.297464 -0.497429 0.178913 -0.848855 0.821192 0.956647 2 42 0.711869 40 0.288131
engineer_handL
  42 20.537008 33.519360 7.733808 -0.822662 0.502806 -0.265354 0.832806 0.959817 2 42 0.815106 40 0.184894
  42 20.401426 33.174721 7.583062 -0.810612 0.375663 -0.449206 0.826836 0.968647 1 42 1.000000
  42 20.328384 33.234550 7.776896 -0.846404 0.437638 -0.303434 0.831389 0.970016 1 42 1.000000
engineer_handL
  42 20.328384 33.234550 7.776896 -0.846404 0.437638 -0.303434 0.831389 0.970016 1 42 1.000000
  42 20.326122 33.287601 7.977268 -0.877598 0.475708 -0.059368 0.835266 0.971304 1 42 1.000000
  42 20.537008 33.519360 7.733808 -0.822662 0.502806 -0.265354 0.832806 0.959817 2 42 0.815106 40 0.184894
engineer_handL
  42 20.192371 32.974140 8.053265 -0.967980 0.250562 0.015284 0.833022 0.980010 1 42 1.000000
  42 20.326122 33.287601 7.977268 -0.877598 0.475708 -0.059368 0.835266 0.971304 1 42 1.000000
  42 20.328384 33.234550 7.776896 -0.846404 0.437638 -0.303434 0.831389 0.970016 1 42 1.000000
engineer_handL
  42 20.326122 33.287601 7.977268 -0.877598 0.475708 -0.059368 0.835266 0.971304 1 42 1.000000
  42 20.192371 32.974140 8.053265 -0.967980 0.250562 0.015284 0.833022 0.980010 1 42 1.000000
  42 20.246725 33.039528 8.276980 -0.786717 0.258468 0.560598 0.837739 0.980635 1 42 1.000000
engineer_handL
  42 20.192371 32.974140 8.053265 -0.967980 0.250562 0.015284 0.833022 0.980010 1 42 1.000000
  42 20.205126 32.802612 8.282934 -0.810882 -0.051547 0.582935 0.834510 0.988071 1 42 1.000000
  42 20.246725 33.039528 8.276980 -0.786717 0.258468 0.560598 0.837739 0.980635 1 42 1.000000
engineer_handL
  42 20.192371 32.974140 8.053265 -0.967980 0.250562 0.015284 0.833022 0.980010 1 42 1.000000
  42 20.160942 32.698589 8.126623 -0.955959 -0.221232 0.192871 0.830932 0.988572 1 42 1.000000
  42 20.205126 32.802612 8.282934 -0.810882 -0.051547 0.582935 0.834510 0.988071 1 42 1.000000
engineer_handL
  42 20.160942 32.698589 8.126623 -0.955959 -0.221232 0.192871 0.830932 0.988572 1 42 1.000000
  42 20.192371 32.974140 8.053265 -0.967980 0.250562 0.015284 0.833022 0.980010 1 42 1.000000
  42 20.198444 32.911469 7.853678 -0.960200 0.165117 -0.225284 0.829436 0.979535 1 42 1.000000
engineer_handL
  42 20.192371 32.974140 8.053265 -0.967980 0.250562 0.015284 0.833022 0.980010 1 42 1.000000
  42 20.328384 33.234550 7.776896 -0.846404 0.437638 -0.303434 0.831389 0.970016 1 42 1.000000
  42 20.198444 32.911469 7.853678 -0.960200 0.165117 -0.225284 0.829436 0.979535 1 42 1.000000
engineer_handL
  42 20.262533 32.853455 7.648870 -0.903522 0.099926 -0.416728 0.824936 0.977588 1 42 1.000000
  42 20.198444 32.911469 7.853678 -0.960200 0.165117 -0.225284 0.829436 0.979535 1 42 1.000000
  42 20.328384 33.234550 7.776896 -0.846404 0.437638 -0.303434 0.831389 0.970016 1 42 1.000000
engineer_handL
  42 20.262533 32.853455 7.648870 -0.903522 0.099926 -0.416728 0.824936 0.977588 1 42 1.000000
  42 20.328384 33.234550 7.776896 -0.846404 0.437638 -0.303434 0.831389 0.970016 1 42 1.000000
  42 20.401426 33.174721 7.583062 -0.810612 0.375663 -0.449206 0.826836 0.968647 1 42 1.000000
engineer_handL
  42 20.401426 33.174721 7.583062 -0.810612 0.375663 -0.449206 0.826836 0.968647 1 42 1.000000
  42 20.359783 32.800743 7.469256 -0.602633 -0.083563 -0.793631 0.820614 0.975717 1 42 1.000000
  42 20.262533 32.853455 7.648870 -0.903522 0.099926 -0.416728 0.824936 0.977588 1 42 1.000000
engineer_handL
  42 20.401426 33.174721 7.583062 -0.810612 0.375663 -0.449206 0.826836 0.968647 1 42 1.000000
  42 20.513239 33.113049 7.355044 -0.522262 0.126609 -0.843334 0.821279 0.966977 2 42 0.868399 40 0.131601
  42 20.359783 32.800743 7.469256 -0.602633 -0.083563 -0.793631 0.820614 0.975717 1 42 1.000000
engineer_handL
  42 20.401426 33.174721 7.583062 -0.810612 0.375663 -0.449206 0.826836 0.968647 1 42 1.000000
  42 20.711092 33.381157 7.297464 -0.497429 0.178913 -0.848855 0.821192 0.956647 2 42 0.711869 40 0.288131
  42 20.513239 33.113049 7.355044 -0.522262 0.126609 -0.843334 0.821279 0.966977 2 42 0.868399 40 0.131601
engineer_handL
  38 20.991796 36.367008 6.086183 -0.760726 -0.628310 0.162856 0.819282 0.799007 2 38 0.901183 40 0.098817
  46 21.508987 35.720573 6.040845 -0.564785 -0.663938 0.490106 0.799230 0.824496 2 46 0.902745 48 0.097255
  38 21.467396 35.811275 6.339828 -0.338404 -0.926886 -0.162371 0.818601 0.835980 2 38 0.840686 40 0.159314
engineer_handL
  46 21.508987 35.720573 6.040845 -0.564785 -0.663938 0.490106 0.799230 0.824496 2 46 0.902745 48 0.097255
  38 22.082611 36.202225 6.202209 0.441237 -0.855176 -0.272000 0.814796 0.841245 1 38 1.000000
  38 21.467396 35.811275 6.339828 -0.338404 -0.926886 -0.162371 0.818601 0.835980 2 38 0.840686 40 0.159314
engineer_handL
  38 21.467396 35.811275 6.339828 -0.338404 -0.926886 -0.162371 0.818601 0.835980 2 38 0.840686 40 0.159314
  38 22.082611 36.202225 6.202209 0.441237 -0.855176 -0.272000 0.814796 0.841245 1 38 1.000000
  38 22.161285 35.757080 6.458484 0.087586 -0.478157 -0.873896 0.815632 0.855698 2 38 0.876023 40 0.123977
engineer_handL
  38 21.467396 35.811275 6.339828 -0.338404 -0.926886 -0.162371 0.818601 0.835980 2 38 0.840686 40 0.159314
  38 22.161285 35.757080 6.458484 0.087586 -0.478157 -0.873896 0.815632 0.855698 2 38 0.876023 40 0.123977
  38 21.593788 35.635128 6.512254 -0.503989 -0.611552 -0.609917 0.823687 0.856123 2 38 0.805721 40 0.194279
engineer_handL
  38 21.593788 35.635128 6.512254 -0.503989 -0.611552 -0.609917 0.823687 0.856123 2 38 0.805721 40 0.194279
  38 22.161285 35.757080 6.458484 0.087586 -0.478157 -0.873896 0.815632 0.855698 2 38 0.876023 40 0.123977
  38 22.146206 35.246674 6.708806 0.017291 -0.422902 -0.906011 0.817246 0.873883 2 38 0.630356 40 0.369644
engineer_handL
  38 21.593788 35.635128 6.512254 -0.503989 -0.611552 -0.609917 0.823687 0.856123 2 38 0.805721 40 0.194279
  38 22.146206 35.246674 6.708806 0.017291 -0.422902 -0.906011 0.817246 0.873883 2 38 0.630356 40 0.369644
  38 21.666142 35.291386 6.755476 -0.599770 -0.359293 -0.714972 0.824118 0.873270 2 38 0.645599 40 0.354401
engineer_handL
  38 21.666142 35.291386 6.755476 -0.599770 -0.359293 -0.714972 0.824118 0.873270 2 38 0.645599 40 0.354401
  38 22.146206 35.246674 6.708806 0.017291 -0.422902 -0.906011 0.817246 0.873883 2 38 0.630356 40 0.369644
  40 22.060354 34.905807 6.847826 -0.002303 -0.323300 -0.946294 0.818361 0.888424 1 40 1.000000
engineer_handL
  38 21.666142 35.291386 6.755476 -0.599770 -0.359293 -0.714972 0.824118 0.873270 2 38 0.645599 40 0.354401
  40 22.060354 34.905807 6.847826 -0.002303 -0.323300 -0.946294 0.818361 0.888424 1 40 1.000000
  40 21.605701 34.949318 6.903348 -0.602633 -0.083563 -0.793631 0.824314 0.890284 1 40 1.000000
engineer_handL
  40 21.605701 34.949318 6.903348 -0.602633 -0.083563 -0.793631 0.824314 0.890284 1 40 1.000000
  40 22.060354 34.905807 6.847826 -0.002303 -0.323300 -0.946294 0.818361 0.888424 1 40 1.000000
  40 21.834463 34.471191 6.965335 0.030781 -0.278695 -0.959886 0.819559 0.906056 1 40 1.000000
engineer_handL
  40 21.605701 34.949318 6.903348 -0.602633 -0.083563 -0.793631 0.824314 0.890284 1 40 1.000000
  40 21.834463 34.471191 6.965335 0.030781 -0.278695 -0.959886 0.819559 0.906056 1 40 1.000000
  40 21.404072 34.544704 7.002136 -0.538277 0.085341 -0.838436 0.825934 0.910684 2 40 0.850621 42 0.149379
engineer_handL
  40 21.404072 34.544704 7.002136 -0.538277 0.085341 -0.838436 0.825934 0.910684 2 40 0.850621 42 0.149379
  40 21.834463 34.471191 6.965335 0.030781 -0.278695 -0.959886 0.819559 0.906056 1 40 1.000000
  40 21.551853 33.952339 7.117156 0.030781 -0.278695 -0.959886 0.818390 0.926821 2 40 0.697412 42 0.302588
engineer_handL
  40 21.404072 34.544704 7.002136 -0.538277 0.085341 -0.838436 0.825934 0.910684 2 40 0.850621 42 0.149379
  40 21.551853 33.952339 7.117156 0.030781 -0.278695 -0.959886 0.818390 0.926821 2 40 0.697412 42 0.302588
  40 21.135019 34.027706 7.134824 -0.538277 0.085341 -0.838436 0.823449 0.931570 2 40 0.587751 42 0.412249
engineer_handL
  40 21.135019 34.027706 7.134824 -0.538277 0.085341 -0.838436 0.823449 0.931570 2 40 0.587751 42 0.412249
  40 21.551853 33.952339 7.117156 0.030781 -0.278695 -0.959886 0.818390 0.926821 2 40 0.697412 42 0.302588
  42 21.272804 33.535221 7.216335 0.030781 -0.278695 -0.959886 0.816759 0.943810 2 42 0.507028 40 0.492972
engineer_handL
  40 21.135019 34.027706 7.134824 -0.538277 0.085341 -0.838436 0.823449 0.931570 2 40 0.587751 42 0.412249
  42 21.272804 33.535221 7.216335 0.030781 -0.278695 -0.959886 0.816759 0.943810 2 42 0.507028 40 0.492972
  42 20.911236 33.658424 7.236150 -0.522262 0.126609 -0.843334 0.821105 0.946316 2 42 0.534525 40 0.465475
engineer_handL
  42 21.048080 33.260242 7.290183 0.030781 -0.278695 -0.959886 0.817017 0.954524 2 42 0.672541 40 0.327459
  42 20.911236 33.658424 7.236150 -0.522262 0.126609 -0.843334 0.821105 0.946316 2 42 0.534525 40 0.465475
  42 21.272804 33.535221 7.216335 0.030781 -0.278695 -0.959886 0.816759 0.943810 2 42 0.507028 40 0.492972
engineer_handL
  42 21.048080 33.260242 7.290183 0.030781 -0.278695 -0.959886 0.817017 0.954524 2 42 0.672541 40 0.327459
  42 20.711092 33.381157 7.297464 -0.497429 0.178913 -0.848855 0.821192 0.956647 2 42 0.711869 40 0.288131
  42 20.911236 33.658424 7.236150 -0.522262 0.126609 -0.843334 0.821105 0.946316 2 42 0.534525 40 0.465475
engineer_handL
  42 20.831156 32.993176 7.346865 0.030781 -0.278695 -0.959886 0.817275 0.965238 2 42 0.860008 40 0.139992
  42 20.711092 33.381157 7.297464 -0.497429 0.178913 -0.848855 0.821192 0.956647 2 42 0.711869 40 0.288131
  42 21.048080 33.260242 7.290183 0.030781 -0.278695 -0.959886 0.817017 0.954524 2 42 0.672541 40 0.327459
engineer_handL
  42 20.831156 32.993176 7.346865 0.030781 -0.278695 -0.959886 0.817275 0.965238 2 42 0.860008 40 0.139992
  42 20.513239 33.113049 7.355044 -0.522262 0.126609 -0.843334 0.821279 0.966977 2 42 0.868399 40 0.131601
  42 20.711092 33.381157 7.297464 -0.497429 0.178913 -0.848855 0.821192 0.956647 2 42 0.711869 40 0.288131
engineer_handL
  46 21.813900 35.041439 6.129874 -0.751959 -0.085557 0.653634 0.791487 0.849845 2 46 0.813280 48 0.186720
  46 22.355583 34.448811 6.438571 -0.153363 0.258529 0.953752 0.795716 0.881796 2 46 0.536593 48 0.463407
  46 22.320755 35.247540 6.189499 -0.094153 0.237507 0.966812 0.800509 0.853727 2 46 0.880790 48 0.119210
engineer_handL
  46 21.813900 35.041439 6.129874 -0.751959 -0.085557 0.653634 0.791487 0.849845 2 46 0.813280 48 0.186720
  46 21.991112 34.400063 6.287771 -0.824872 0.229794 0.516508 0.789036 0.878167 2 46 0.544003 48 0.455997
  46 22.355583 34.448811 6.438571 -0.153363 0.258529 0.953752 0.795716 0.881796 2 46 0.536593 48 0.463407
engineer_handL
  46 21.991112 34.400063 6.287771 -0.824872 0.229794 0.516508 0.789036 0.878167 2 46 0.544003 48 0.455997
  46 21.813900 35.041439 6.129874 -0.751959 -0.085557 0.653634 0.791487 0.849845 2 46 0.813280 48 0.186720
  46 21.903082 34.827347 5.484445 -0.949613 -0.310854 0.040063 0.771376 0.845667 1 46 1.000000
engineer_handL
  46 21.813900 35.041439 6.129874 -0.751959 -0.085557 0.653634 0.791487 0.849845 2 46 0.813280 48 0.186720
  46 21.588331 35.417187 5.249347 -0.821461 -0.553544 0.137083 0.776324 0.820649 1 46 1.000000
  46 21.903082 34.827347 5.484445 -0.949613 -0.310854 0.040063 0.771376 0.845667 1 46 1.000000
engineer_handL
  46 21.813900 35.041439 6.129874 -0.751959 -0.085557 0.653634 0.791487 0.849845 2 46 0.813280 48 0.186720
  46 21.508987 35.720573 6.040845 -0.564785 -0.663938 0.490106 0.799230 0.824496 2 46 0.902745 48 0.097255
  46 21.588331 35.417187 5.249347 -0.821461 -0.553544 0.137083 0.776324 0.820649 1 46 1.000000
engineer_handL
  46 21.508987 35.720573 6.040845 -0.564785 -0.663938 0.490106 0.799230 0.824496 2 46 0.902745 48 0.097255
  46 21.017139 35.975117 5.187501 -0.760727 -0.628310 0.162856 0.791377 0.788980 1 46 1.000000
  46 21.588331 35.417187 5.249347 -0.821461 -0.553544 0.137083 0.776324 0.820649 1 46 1.000000
engineer_handL
  46 21.135147 35.655495 4.328754 -0.786783 -0.584966 0.196943 0.759848 0.780988 1 46 1.000000
  46 21.588331 35.417187 5.249347 -0.821461 -0.553544 0.137083 0.776324 0.820649 1 46 1.000000
  46 21.017139 35.975117 5.187501 -0.760727 -0.628310 0.162856 0.791377 0.788980 1 46 1.000000
engineer_handL
  46 21.135147 35.655495 4.328754 -0.786783 -0.584966 0.196943 0.759848 0.780988 1 46 1.000000
  46 21.017139 35.975117 5.187501 -0.760727 -0.628310 0.162856 0.791377 0.788980 1 46 1.000000
  44 20.636938 36.455826 4.989688 -0.718151 -0.690061 0.089860 0.797204 0.770950 2 44 0.527823 46 0.472177
engineer_handL
  46 21.135147 35.655495 4.328754 -0.786783 -0.584966 0.196943 0.759848 0.780988 1 46 1.000000
  44 20.636938 36.455826 4.989688 -0.718151 -0.690061 0.089860 0.797204 0.770950 2 44 0.527823 46 0.472177
  44 20.705420 36.301399 4.107955 -0.812500 -0.574914 0.096528 0.767866 0.761508 2 44 0.584727 46 0.415273
engineer_handL
  44 20.274910 36.781597 4.054540 -0.672318 -0.740235 -0.006348 0.779985 0.738306 2 44 0.703134 46 0.296866
  44 20.705420 36.301399 4.107955 -0.812500 -0.574914 0.096528 0.767866 0.761508 2 44 0.584727 46 0.415273
  44 20.636938 36.455826 4.989688 -0.718151 -0.690061 0.089860 0.797204 0.770950 2 44 0.527823 46 0.472177
engineer_handL
  44 20.274910 36.781597 4.054540 -0.672318 -0.740235 -0.006348 0.779985 0.738306 2 44 0.703134 46 0.296866
  52 20.687809 35.922455 3.070037 -0.864937 -0.491245 0.102774 0.728533 0.740761 2 52 0.597546 54 0.402454
  44 20.705420 36.301399 4.107955 -0.812500 -0.574914 0.096528 0.767866 0.761508 2 44 0.584727 46 0.415273
engineer_handL
  44 20.274910 36.781597 4.054540 -0.672318 -0.740235 -0.006348 0.779985 0.738306 2 44 0.703134 46 0.296866
  52 20.157974 36.816505 2.886016 -0.811740 -0.583903 -0.011639 0.736134 0.711234 2 52 0.816544 54 0.183456
  52 20.687809 35.922455 3.070037 -0.864937 -0.491245 0.102774 0.728533 0.740761 2 52 0.597546 54 0.402454
engineer_handL
  60 20.367823 36.526947 2.040677 -0.866320 -0.496424 0.055258 0.704271 0.703964 2 60 0.761344 62 0.238656
  52 20.687809 35.922455 3.070037 -0.864937 -0.491245 0.102774 0.728533 0.740761 2 52 0.597546 54 0.402454
  52 20.157974 36.816505 2.886016 -0.811740 -0.583903 -0.011639 0.736134 0.711234 2 52 0.816544 54 0.183456
engineer_handL
  52 20.157974 36.816505 2.886016 -0.811740 -0.583903 -0.011639 0.736134 0.711234 2 52 0.816544 54 0.183456
  60 19.841370 37.369102 1.687658 -0.866320 -0.496424 0.055258 0.717924 0.650751 2 60 0.896068 62 0.103932
  60 20.367823 36.526947 2.040677 -0.866320 -0.496424 0.055258 0.704271 0.703964 2 60 0.761344 62 0.238656
engineer_handL
  60 19.886946 37.017899 1.035523 -0.864841 -0.495922 -0.078173 0.689907 0.647519 2 60 0.862163 62 0.137837
  60 20.367823 36.526947 2.040677 -0.866320 -0.496424 0.055258 0.704271 0.703964 2 60 0.761344 62 0.238656
  60 19.841370 37.369102 1.687658 -0.866320 -0.496424 0.055258 0.717924 0.650751 2 60 0.896068 62 0.103932
engineer_handL
  60 19.476198 37.915279 0.703380 -0.891427 -0.396146 -0.220056 0.697589 0.594571 1 60 1.000000
  60 19.886946 37.017899 1.035523 -0.864841 -0.495922 -0.078173 0.689907 0.647519 2 60 0.862163 62 0.137837
  60 19.841370 37.369102 1.687658 -0.866320 -0.496424 0.055258 0.717924 0.650751 2 60 0.896068 62 0.103932
engineer_handL
  60 19.886946 37.017899 1.035523 -0.864841 -0.495922 -0.078173 0.689907 0.647519 2 60 0.862163 62 0.137837
  60 19.476198 37.915279 0.703380 -0.891427 -0.396146 -0.220056 0.697589 0.594571 1 60 1.000000
  60 19.883797 37.786224 0.067952 -0.627481 -0.423630 -0.653303 0.662763 0.594691 1 60 1.000000
engineer_handL
  60 19.883797 37.786224 0.067952 -0.627481 -0.423630 -0.653303 0.662763 0.594691 1 60 1.000000
  60 19.476198 37.915279 0.703380 -0.891427 -0.396146 -0.220056 0.697589 0.594571 1 60 1.000000
  7 19.250187 38.900246 0.322554 -0.873229 -0.355904 -0.332870 0.696424 0.551201 2 7 0.758600 5 0.241400
engineer_handL
  46 21.991112 34.400063 6.287771 -0.824872 0.229794 0.516508 0.789036 0.878167 2 46 0.544003 48 0.455997
  48 22.184237 33.965111 6.542053 -0.153363 0.258529 0.953752 0.792207 0.899941 1 48 1.000000
  46 22.355583 34.448811 6.438571 -0.153363 0.258529 0.953752 0.795716 0.881796 2 46 0.536593 48 0.463407
engineer_handL
  44 20.705420 36.301399 4.107955 -0.812500 -0.574914 0.096528 0.767866 0.761508 2 44 0.584727 46 0.415273
  54 21.093992 35.450966 3.866203 -0.786783 -0.584966 0.196943 0.744743 0.776090 2 54 0.831280 56 0.168720
  46 21.135147 35.655495 4.328754 -0.786783 -0.584966 0.196943 0.759848 0.780988 1 46 1.000000
engineer_handL
  44 20.705420 36.301399 4.107955 -0.812500 -0.574914 0.096528 0.767866 0.761508 2 44 0.584727 46 0.415273
  52 20.687809 35.922455 3.070037 -0.864937 -0.491245 0.102774 0.728533 0.740761 2 52 0.597546 54 0.402454
  54 21.093992 35.450966 3.866203 -0.786783 -0.584966 0.196943 0.744743 0.776090 2 54 0.831280 56 0.168720
engineer_handL
  52 20.687809 35.922455 3.070037 -0.864937 -0.491245 0.102774 0.728533 0.740761 2 52 0.597546 54 0.402454
  54 21.131821 35.240570 3.334296 -0.735746 -0.651832 0.183828 0.724436 0.769587 2 54 0.864506 56 0.135494
  54 21.093992 35.450966 3.866203 -0.786783 -0.584966 0.196943 0.744743 0.776090 2 54 0.831280 56 0.168720
engineer_handL
  60 19.886946 37.017899 1.035523 -0.864841 -0.495922 -0.078173 0.689907 0.647519 2 60 0.862163 62 0.137837
  60 19.883797 37.786224 0.067952 -0.627481 -0.423630 -0.653303 0.662763 0.594691 1 60 1.000000
  60 20.200731 36.875149 0.446662 -0.658475 -0.502383 -0.560377 0.661833 0.640847 2 60 0.848270 62 0.151730
engineer_handL
  60 20.434471 36.192532 1.355736 -0.853846 -0.520313 -0.014907 0.679955 0.696311 2 60 0.725345 62 0.274655
  60 19.886946 37.017899 1.035523 -0.864841 -0.495922 -0.078173 0.689907 0.647519 2 60 0.862163 62 0.137837
  60 20.200731 36.875149 0.446662 -0.658475 -0.502383 -0.560377 0.661833 0.640847 2 60 0.848270 62 0.151730
engineer_handL
  60 19.886946 37.017899 1.035523 -0.864841 -0.495922 -0.078173 0.689907 0.647519 2 60 0.862163 62 0.137837
  60 20.434471 36.192532 1.355736 -0.853846 -0.520313 -0.014907 0.679955 0.696311 2 60 0.725345 62 0.274655
  60 20.367823 36.526947 2.040677 -0.866320 -0.496424 0.055258 0.704271 0.703964 2 60 0.761344 62 0.238656
engineer_handL
  60 20.434471 36.192532 1.355736 -0.853846 -0.520313 -0.014907 0.679955 0.696311 2 60 0.725345 62 0.274655
  60 20.780163 35.698158 2.221707 -0.878750 -0.476488 0.027507 0.698144 0.734881 2 60 0.550066 62 0.449935
  60 20.367823 36.526947 2.040677 -0.866320 -0.496424 0.055258 0.704271 0.703964 2 60 0.761344 62 0.238656
engineer_handL
  60 20.367823 36.526947 2.040677 -0.866320 -0.496424 0.055258 0.704271 0.703964 2 60 0.761344 62 0.238656
  60 20.780163 35.698158 2.221707 -0.878750 -0.476488 0.027507 0.698144 0.734881 2 60 0.550066 62 0.449935
  52 20.687809 35.922455 3.070037 -0.864937 -0.491245 0.102774 0.728533 0.740761 2 52 0.597546 54 0.402454
engineer_handL
  54 21.088779 35.131527 2.787140 -0.786232 -0.600251 0.146757 0.703863 0.763223 2 54 0.851693 56 0.148308
  52 20.687809 35.922455 3.070037 -0.864937 -0.491245 0.102774 0.728533 0.740761 2 52 0.597546 54 0.402454
  60 20.780163 35.698158 2.221707 -0.878750 -0.476488 0.027507 0.698144 0.734881 2 60 0.550066 62 0.449935
engineer_handL
  52 20.687809 35.922455 3.070037 -0.864937 -0.491245 0.102774 0.728533 0.740761 2 52 0.597546 54 0.402454
  54 21.088779 35.131527 2.787140 -0.786232 -0.600251 0.146757 0.703863 0.763223 2 54 0.851693 56 0.148308
  54 21.131821 35.240570 3.334296 -0.735746 -0.651832 0.183828 0.724436 0.769587 2 54 0.864506 56 0.135494
engineer_handL
  54 21.594229 34.848381 3.475820 -0.760727 -0.628310 0.162856 0.719970 0.800430 2 54 0.877251 56 0.122749
  54 21.131821 35.240570 3.334296 -0.735746 -0.651832 0.183828 0.724436 0.769587 2 54 0.864506 56 0.135494
  54 21.088779 35.131527 2.787140 -0.786232 -0.600251 0.146757 0.703863 0.763223 2 54 0.851693 56 0.148308
engineer_handL
  54 21.093992 35.450966 3.866203 -0.786783 -0.584966 0.196943 0.744743 0.776090 2 54 0.831280 56 0.168720
  54 21.131821 35.240570 3.334296 -0.735746 -0.651832 0.183828 0.724436 0.769587 2 54 0.864506 56 0.135494
  54 21.594229 34.848381 3.475820 -0.760727 -0.628310 0.162856 0.719970 0.800430 2 54 0.877251 56 0.122749
engineer_handL
  54 21.093992 35.450966 3.866203 -0.786783 -0.584966 0.196943 0.744743 0.776090 2 54 0.831280 56 0.168720
  54 21.594229 34.848381 3.475820 -0.760727 -0.628310 0.162856 0.719970 0.800430 2 54 0.877251 56 0.122749
  54 21.644287 35.032932 4.260545 -0.464654 -0.722708 0.511653 0.741925 0.809604 2 54 0.751819 56 0.248182
engineer_handL
  46 21.135147 35.655495 4.328754 -0.786783 -0.584966 0.196943 0.759848 0.780988 1 46 1.000000
  54 21.093992 35.450966 3.866203 -0.786783 -0.584966 0.196943 0.744743 0.776090 2 54 0.831280 56 0.168720
  54 21.644287 35.032932 4.260545 -0.464654 -0.722708 0.511653 0.741925 0.809604 2 54 0.751819 56 0.248182
engineer_handL
  46 21.135147 35.655495 4.328754 -0.786783 -0.584966 0.196943 0.759848 0.780988 1 46 1.000000
  54 21.644287 35.032932 4.260545 -0.464654 -0.722708 0.511653 0.741925 0.809604 2 54 0.751819 56 0.248182
  46 21.673950 35.083572 4.438647 -0.505835 -0.862272 -0.024863 0.754935 0.814948 2 46 0.888972 48 0.111028
engineer_handL
  56 21.913280 33.844238 3.307964 -0.825929 -0.177251 -0.535185 0.688974 0.840221 1 56 1.000000
  54 21.859133 34.454384 3.636245 -0.949369 -0.298597 0.097666 0.712479 0.828009 2 54 0.807828 56 0.192172
  54 21.844965 34.289291 3.064903 -0.721773 -0.534478 -0.439746 0.692097 0.820500 2 54 0.745180 56 0.254821
engineer_handL
  54 21.844965 34.289291 3.064903 -0.721773 -0.534478 -0.439746 0.692097 0.820500 2 54 0.745180 56 0.254821
  54 21.859133 34.454384 3.636245 -0.949369 -0.298597 0.097666 0.712479 0.828009 2 54 0.807828 56 0.192172
  54 21.594229 34.848381 3.475820 -0.760727 -0.628310 0.162856 0.719970 0.800430 2 54 0.877251 56 0.122749
engineer_handL
  54 21.844965 34.289291 3.064903 -0.721773 -0.534478 -0.439746 0.692097 0.820500 2 54 0.745180 56 0.254821
  54 21.594229 34.848381 3.475820 -0.760727 -0.628310 0.162856 0.719970 0.800430 2 54 0.877251 56 0.122749
  54 21.577232 34.687042 2.680844 -0.504131 -0.863406 0.019519 0.697357 0.792014 2 54 0.822357 56 0.177643
engineer_handL
  54 21.594229 34.848381 3.475820 -0.760727 -0.628310 0.162856 0.719970 0.800430 2 54 0.877251 56 0.122749
  54 21.088779 35.131527 2.787140 -0.786232 -0.600251 0.146757 0.703863 0.763223 2 54 0.851693 56 0.148308
  54 21.577232 34.687042 2.680844 -0.504131 -0.863406 0.019519 0.697357 0.792014 2 54 0.822357 56 0.177643
engineer_handL
  54 21.577232 34.687042 2.680844 -0.504131 -0.863406 0.019519 0.697357 0.792014 2 54 0.822357 56 0.177643
  54 21.088779 35.131527 2.787140 -0.786232 -0.600251 0.146757 0.703863 0.763223 2 54 0.851693 56 0.148308
  62 21.121262 35.048683 2.338273 -0.841240 -0.532468 0.093771 0.690695 0.758622 2 62 0.793966 64 0.206034
engineer_handL
  54 21.088779 35.131527 2.787140 -0.786232 -0.600251 0.146757 0.703863 0.763223 2 54 0.851693 56 0.148308
  60 20.780163 35.698158 2.221707 -0.878750 -0.476488 0.027507 0.698144 0.734881 2 60 0.550066 62 0.449935
  62 21.121262 35.048683 2.338273 -0.841240 -0.532468 0.093771 0.690695 0.758622 2 62 0.793966 64 0.206034
engineer_handL
  60 20.884251 35.447021 1.646641 -0.853846 -0.520313 -0.014907 0.674913 0.729867 2 60 0.522512 62 0.477488
  62 21.121262 35.048683 2.338273 -0.841240 -0.532468 0.093771 0.690695 0.758622 2 62 0.793966 64 0.206034
  60 20.780163 35.698158 2.221707 -0.878750 -0.476488 0.027507 0.698144 0.734881 2 60 0.550066 62 0.449935
engineer_handL
  60 20.434471 36.192532 1.355736 -0.853846 -0.520313 -0.014907 0.679955 0.696311 2 60 0.725345 62 0.274655
  60 20.884251 35.447021 1.646641 -0.853846 -0.520313 -0.014907 0.674913 0.729867 2 60 0.522512 62 0.477488
  60 20.780163 35.698158 2.221707 -0.878750 -0.476488 0.027507 0.698144 0.734881 2 60 0.550066 62 0.449935
engineer_handL
  60 20.629831 35.999329 0.793946 -0.688333 -0.564418 -0.455663 0.655534 0.688077 2 60 0.677853 62 0.322147
  60 20.884251 35.447021 1.646641 -0.853846 -0.520313 -0.014907 0.674913 0.729867 2 60 0.522512 62 0.477488
  60 20.434471 36.192532 1.355736 -0.853846 -0.520313 -0.014907 0.679955 0.696311 2 60 0.725345 62 0.274655
engineer_handL
  60 20.434471 36.192532 1.355736 -0.853846 -0.520313 -0.014907 0.679955 0.696311 2 60 0.725345 62 0.274655
  60 20.200731 36.875149 0.446662 -0.658475 -0.502383 -0.560377 0.661833 0.640847 2 60 0.848270 62 0.151730
  60 20.629831 35.999329 0.793946 -0.688333 -0.564418 -0.455663 0.655534 0.688077 2 60 0.677853 62 0.322147
engineer_handL
  60 20.200731 36.875149 0.446662 -0.658475 -0.502383 -0.560377 0.661833 0.640847 2 60 0.848270 62 0.151730
  60 21.348665 36.073425 0.227586 -0.170144 -0.445762 -0.878833 0.635443 0.686676 2 60 0.677036 62 0.322964
  60 20.629831 35.999329 0.793946 -0.688333 -0.564418 -0.455663 0.655534 0.688077 2 60 0.677853 62 0.322147
engineer_handL
  60 20.200731 36.875149 0.446662 -0.658475 -0.502383 -0.560377 0.661833 0.640847 2 60 0.848270 62 0.151730
  60 21.041365 37.010235 -0.114526 -0.141242 -0.373751 -0.916712 0.639431 0.640755 2 60 0.862893 62 0.137107
  60 21.348665 36.073425 0.227586 -0.170144 -0.445762 -0.878833 0.635443 0.686676 2 60 0.677036 62 0.322964
engineer_handL
  60 19.883797 37.786224 0.067952 -0.627481 -0.423630 -0.653303 0.662763 0.594691 1 60 1.000000
  60 21.041365 37.010235 -0.114526 -0.141242 -0.373751 -0.916712 0.639431 0.640755 2 60 0.862893 62 0.137107
  60 20.200731 36.875149 0.446662 -0.658475 -0.502383 -0.560377 0.661833 0.640847 2 60 0.848270 62 0.151730
engineer_handL
  60 19.883797 37.786224 0.067952 -0.627481 -0.423630 -0.653303 0.662763 0.594691 1 60 1.000000
  60 20.757666 37.983021 -0.400211 -0.119117 -0.336168 -0.934239 0.641473 0.594942 1 60 1.000000
  60 21.041365 37.010235 -0.114526 -0.141242 -0.373751 -0.916712 0.639431 0.640755 2 60 0.862893 62 0.137107
engineer_handL
  7 19.618578 38.814995 -0.273401 -0.620123 -0.386722 -0.682564 0.662607 0.553580 2 7 0.758600 5 0.241400
  60 20.757666 37.983021 -0.400211 -0.119117 -0.336168 -0.934239 0.641473 0.594942 1 60 1.000000
  60 19.883797 37.786224 0.067952 -0.627481 -0.423630 -0.653303 0.662763 0.594691 1 60 1.000000
engineer_handL
  7 19.618578 38.814995 -0.273401 -0.620123 -0.386722 -0.682564 0.662607 0.553580 2 7 0.758600 5 0.241400
  7 20.493479 38.866180 -0.656434 -0.119117 -0.336168 -0.934239 0.641847 0.554277 2 7 0.758515 5 0.241485
  60 20.757666 37.983021 -0.400211 -0.119117 -0.336168 -0.934239 0.641473 0.594942 1 60 1.000000
engineer_handL
  5 20.194378 39.699100 -0.955946 -0.104986 -0.473511 -0.874509 0.641484 0.508832 2 5 0.876605 7 0.123395
  7 20.493479 38.866180 -0.656434 -0.119117 -0.336168 -0.934239 0.641847 0.554277 2 7 0.758515 5 0.241485
  7 19.618578 38.814995 -0.273401 -0.620123 -0.386722 -0.682564 0.662607 0.553580 2 7 0.758600 5 0.241400
engineer_handL
  5 20.194378 39.699100 -0.955946 -0.104986 -0.473511 -0.874509 0.641484 0.508832 2 5 0.876605 7 0.123395
  7 19.618578 38.814995 -0.273401 -0.620123 -0.386722 -0.682564 0.662607 0.553580 2 7 0.758600 5 0.241400
  5 19.437763 39.610855 -0.536789 -0.580136 -0.534680 -0.614458 0.662567 0.507309 2 5 0.876605 7 0.123395
engineer_handL
  54 21.577232 34.687042 2.680844 -0.504131 -0.863406 0.019519 0.697357 0.792014 2 54 0.822357 56 0.177643
  62 21.121262 35.048683 2.338273 -0.841240 -0.532468 0.093771 0.690695 0.758622 2 62 0.793966 64 0.206034
  62 21.495813 34.592587 2.449796 -0.548471 -0.635288 0.543680 0.676405 0.786323 2 62 0.714294 64 0.285706
engineer_handL
  64 21.587414 33.507839 2.436246 -0.583059 0.325668 0.744300 0.654414 0.843028 2 64 0.771487 66 0.228513
  66 21.253391 32.896034 2.574567 -0.551902 0.493694 0.672064 0.647471 0.870657 2 66 0.595321 64 0.404679
  64 21.624443 32.867313 2.636196 0.039433 0.226234 0.973274 0.654386 0.869666 2 64 0.519415 66 0.480585
engineer_handL
  64 21.587414 33.507839 2.436246 -0.583059 0.325668 0.744300 0.654414 0.843028 2 64 0.771487 66 0.228513
  64 21.624443 32.867313 2.636196 0.039433 0.226234 0.973274 0.654386 0.869666 2 64 0.519415 66 0.480585
  64 21.986958 33.491550 2.477174 0.040931 0.161854 0.985965 0.661865 0.843660 2 64 0.935200 66 0.064800
engineer_handL
  64 21.716398 34.074970 2.385385 -0.529051 0.026245 0.848184 0.663339 0.820049 2 64 0.606499 62 0.393501
  64 21.587414 33.507839 2.436246 -0.583059 0.325668 0.744300 0.654414 0.843028 2 64 0.771487 66 0.228513
  64 21.986958 33.491550 2.477174 0.040931 0.161854 0.985965 0.661865 0.843660 2 64 0.935200 66 0.064800
engineer_handL
  64 21.716398 34.074970 2.385385 -0.529051 0.026245 0.848184 0.663339 0.820049 2 64 0.606499 62 0.393501
  64 21.986958 33.491550 2.477174 0.040931 0.161854 0.985965 0.661865 0.843660 2 64 0.935200 66 0.064800
  62 22.155443 34.125019 2.389189 0.098853 0.072111 0.992486 0.669950 0.823588 2 62 0.635260 64 0.364740
engineer_handL
  62 22.155443 34.125019 2.389189 0.098853 0.072111 0.992486 0.669950 0.823588 2 62 0.635260 64 0.364740
  62 21.495813 34.592587 2.449796 -0.548471 -0.635288 0.543680 0.676405 0.786323 2 62 0.714294 64 0.285706
  64 21.716398 34.074970 2.385385 -0.529051 0.026245 0.848184 0.663339 0.820049 2 64 0.606499 62 0.393501
engineer_handL
  62 22.155443 34.125019 2.389189 0.098853 0.072111 0.992486 0.669950 0.823588 2 62 0.635260 64 0.364740
  62 22.148142 34.825073 2.359156 0.301454 -0.557618 0.773426 0.679534 0.796430 2 62 0.875638 64 0.124363
  62 21.495813 34.592587 2.449796 -0.548471 -0.635288 0.543680 0.676405 0.786323 2 62 0.714294 64 0.285706
engineer_handL
  54 21.577232 34.687042 2.680844 -0.504131 -0.863406 0.019519 0.697357 0.792014 2 54 0.822357 56 0.177643
  62 21.495813 34.592587 2.449796 -0.548471 -0.635288 0.543680 0.676405 0.786323 2 62 0.714294 64 0.285706
  62 22.148142 34.825073 2.359156 0.301454 -0.557618 0.773426 0.679534 0.796430 2 62 0.875638 64 0.124363
engineer_handL
  54 21.577232 34.687042 2.680844 -0.504131 -0.863406 0.019519 0.697357 0.792014 2 54 0.822357 56 0.177643
  62 22.148142 34.825073 2.359156 0.301454 -0.557618 0.773426 0.679534 0.796430 2 62 0.875638 64 0.124363
  54 22.220409 34.905148 2.493721 0.186846 -0.917236 -0.351804 0.689982 0.800957 1 54 1.000000
engineer_handL
  54 21.577232 34.687042 2.680844 -0.504131 -0.863406 0.019519 0.697357 0.792014 2 54 0.822357 56 0.177643
  54 22.220409 34.905148 2.493721 0.186846 -0.917236 -0.351804 0.689982 0.800957 1 54 1.000000
  54 22.294025 34.361858 2.859949 -0.119812 -0.516047 -0.848139 0.683412 0.821283 2 54 0.825297 56 0.174703
engineer_handL
  54 21.577232 34.687042 2.680844 -0.504131 -0.863406 0.019519 0.697357 0.792014 2 54 0.822357 56 0.177643
  54 22.294025 34.361858 2.859949 -0.119812 -0.516047 -0.848139 0.683412 0.821283 2 54 0.825297 56 0.174703
  54 21.844965 34.289291 3.064903 -0.721773 -0.534478 -0.439746 0.692097 0.820500 2 54 0.745180 56 0.254821
engineer_handL
  54 21.844965 34.289291 3.064903 -0.721773 -0.534478 -0.439746 0.692097 0.820500 2 54 0.745180 56 0.254821
  54 22.294025 34.361858 2.859949 -0.119812 -0.516047 -0.848139 0.683412 0.821283 2 54 0.825297 56 0.174703
  54 22.267761 33.843929 3.139316 -0.265210 -0.377698 -0.887134 0.680506 0.838741 2 54 0.543688 56 0.456312
engineer_handL
  54 21.844965 34.289291 3.064903 -0.721773 -0.534478 -0.439746 0.692097 0.820500 2 54 0.745180 56 0.254821
  54 22.267761 33.843929 3.139316 -0.265210 -0.377698 -0.887134 0.680506 0.838741 2 54 0.543688 56 0.456312
  56 21.913280 33.844238 3.307964 -0.825929 -0.177251 -0.535185 0.688974 0.840221 1 56 1.000000
engineer_handL
  56 21.913280 33.844238 3.307964 -0.825929 -0.177251 -0.535185 0.688974 0.840221 1 56 1.000000
  54 22.267761 33.843929 3.139316 -0.265210 -0.377698 -0.887134 0.680506 0.838741 2 54 0.543688 56 0.456312
  56 22.108744 33.378788 3.346982 -0.273090 -0.296319 -0.915214 0.680147 0.855464 1 56 1.000000
engineer_handL
  56 21.913280 33.844238 3.307964 -0.825929 -0.177251 -0.535185 0.688974 0.840221 1 56 1.000000
  56 22.108744 33.378788 3.346982 -0.273090 -0.296319 -0.915214 0.680147 0.855464 1 56 1.000000
  56 21.803711 33.422058 3.494448 -0.793490 0.049702 -0.606551 0.687814 0.857941 2 56 0.900721 58 0.099279
engineer_handL
  56 21.803711 33.422058 3.494448 -0.793490 0.049702 -0.606551 0.687814 0.857941 2 56 0.900721 58 0.099279
  56 22.108744 33.378788 3.346982 -0.273090 -0.296319 -0.915214 0.680147 0.855464 1 56 1.000000
  56 21.885269 32.923157 3.538780 -0.261161 -0.258685 -0.929988 0.681461 0.876751 2 56 0.767641 58 0.232359
engineer_handL
  56 21.803711 33.422058 3.494448 -0.793490 0.049702 -0.606551 0.687814 0.857941 2 56 0.900721 58 0.099279
  56 21.885269 32.923157 3.538780 -0.261161 -0.258685 -0.929988 0.681461 0.876751 2 56 0.767641 58 0.232359
  56 21.607857 32.967316 3.667628 -0.746742 0.146012 -0.648888 0.688307 0.879165 2 56 0.665552 58 0.334448
engineer_handL
  56 21.607857 32.967316 3.667628 -0.746742 0.146012 -0.648888 0.688307 0.879165 2 56 0.665552 58 0.334448
  56 21.885269 32.923157 3.538780 -0.261161 -0.258685 -0.929988 0.681461 0.876751 2 56 0.767641 58 0.232359
  58 21.608643 32.475319 3.699627 -0.248081 -0.197139 -0.948468 0.683568 0.898140 2 58 0.516213 56 0.483787
engineer_handL
  56 21.607857 32.967316 3.667628 -0.746742 0.146012 -0.648888 0.688307 0.879165 2 56 0.665552 58 0.334448
  58 21.608643 32.475319 3.699627 -0.248081 -0.197139 -0.948468 0.683568 0.898140 2 58 0.516213 56 0.483787
  58 21.368431 32.532047 3.834033 -0.683858 0.234217 -0.691000 0.689319 0.900558 2 58 0.592243 56 0.407757
engineer_handL
  58 20.679108 31.749382 5.025519 -0.183024 0.237092 0.954091 0.719006 0.951159 1 58 1.000000
  58 20.423496 31.622869 4.957310 -0.771191 0.168839 0.613806 0.713647 0.958498 1 58 1.000000
  58 20.496639 31.495913 5.036644 -0.427325 -0.142282 0.892832 0.716371 0.960690 1 58 1.000000
engineer_handL
  58 20.679108 31.749382 5.025519 -0.183024 0.237092 0.954091 0.719006 0.951159 1 58 1.000000
  58 20.502050 31.813822 4.941644 -0.634921 0.462631 0.618747 0.715205 0.950606 1 58 1.000000
  58 20.423496 31.622869 4.957310 -0.771191 0.168839 0.613806 0.713647 0.958498 1 58 1.000000
engineer_handL
  58 20.618584 31.985495 4.920535 -0.577513 0.596134 0.557765 0.716539 0.943846 1 58 1.000000
  58 20.502050 31.813822 4.941644 -0.634921 0.462631 0.618747 0.715205 0.950606 1 58 1.000000
  58 20.679108 31.749382 5.025519 -0.183024 0.237092 0.954091 0.719006 0.951159 1 58 1.000000
engineer_handL
  58 20.502050 31.813822 4.941644 -0.634921 0.462631 0.618747 0.715205 0.950606 1 58 1.000000
  58 20.618584 31.985495 4.920535 -0.577513 0.596134 0.557765 0.716539 0.943846 1 58 1.000000
  58 20.556093 31.944588 4.671962 -0.775976 0.630670 -0.010764 0.709568 0.942950 1 58 1.000000
engineer_handL
  58 20.790762 32.196888 4.861218 -0.552229 0.655572 0.515041 0.717181 0.933745 1 58 1.000000
  58 20.556093 31.944588 4.671962 -0.775976 0.630670 -0.010764 0.709568 0.942950 1 58 1.000000
  58 20.618584 31.985495 4.920535 -0.577513 0.596134 0.557765 0.716539 0.943846 1 58 1.000000
engineer_handL
  58 20.790762 32.196888 4.861218 -0.552229 0.655572 0.515041 0.717181 0.933745 1 58 1.000000
  58 20.709839 32.092297 4.441119 -0.767444 0.586206 -0.259600 0.704915 0.932430 1 58 1.000000
  58 20.556093 31.944588 4.671962 -0.775976 0.630670 -0.010764 0.709568 0.942950 1 58 1.000000
engineer_handL
  58 20.935440 32.347069 4.334548 -0.767444 0.586206 -0.259600 0.704351 0.919483 1 58 1.000000
  58 20.709839 32.092297 4.441119 -0.767444 0.586206 -0.259600 0.704915 0.932430 1 58 1.000000
  58 20.790762 32.196888 4.861218 -0.552229 0.655572 0.515041 0.717181 0.933745 1 58 1.000000
engineer_handL
  58 20.794405 31.896669 4.101355 -0.606793 0.264868 -0.749431 0.692752 0.932624 1 58 1.000000
  58 20.709839 32.092297 4.441119 -0.767444 0.586206 -0.259600 0.704915 0.932430 1 58 1.000000
  58 20.935440 32.347069 4.334548 -0.767444 0.586206 -0.259600 0.704351 0.919483 1 58 1.000000
engineer_handL
  58 20.794405 31.896669 4.101355 -0.606793 0.264868 -0.749431 0.692752 0.932624 1 58 1.000000
  58 20.935440 32.347069 4.334548 -0.767444 0.586206 -0.259600 0.704351 0.919483 1 58 1.000000
  58 21.043774 32.164528 3.988976 -0.636349 0.269027 -0.722969 0.690826 0.920000 1 58 1.000000
engineer_handL
  58 21.043774 32.164528 3.988976 -0.636349 0.269027 -0.722969 0.690826 0.920000 1 58 1.000000
  58 20.935440 32.347069 4.334548 -0.767444 0.586206 -0.259600 0.704351 0.919483 1 58 1.000000
  58 21.286007 32.708714 4.197024 -0.822662 0.502806 -0.265354 0.703987 0.900426 2 58 0.650007 56 0.349993
engineer_handL
  58 21.043774 32.164528 3.988976 -0.636349 0.269027 -0.722969 0.690826 0.920000 1 58 1.000000
  58 21.286007 32.708714 4.197024 -0.822662 0.502806 -0.265354 0.703987 0.900426 2 58 0.650007 56 0.349993
  58 21.368431 32.532047 3.834033 -0.683858 0.234217 -0.691000 0.689319 0.900558 2 58 0.592243 56 0.407757
engineer_handL
  58 21.368431 32.532047 3.834033 -0.683858 0.234217 -0.691000 0.689319 0.900558 2 58 0.592243 56 0.407757
  58 21.286007 32.708714 4.197024 -0.822662 0.502806 -0.265354 0.703987 0.900426 2 58 0.650007 56 0.349993
  56 21.549591 33.120411 4.069920 -0.897132 0.385890 -0.215044 0.703925 0.879959 2 56 0.691722 58 0.308278
engineer_handL
  58 21.368431 32.532047 3.834033 -0.683858 0.234217 -0.691000 0.689319 0.900558 2 58 0.592243 56 0.407757
  56 21.549591 33.120411 4.069920 -0.897132 0.385890 -0.215044 0.703925 0.879959 2 56 0.691722 58 0.308278
  56 21.607857 32.967316 3.667628 -0.746742 0.146012 -0.648888 0.688307 0.879165 2 56 0.665552 58 0.334448
engineer_handL
  56 21.607857 32.967316 3.667628 -0.746742 0.146012 -0.648888 0.688307 0.879165 2 56 0.665552 58 0.334448
  56 21.549591 33.120411 4.069920 -0.897132 0.385890 -0.215044 0.703925 0.879959 2 56 0.691722 58 0.308278
  56 21.762468 33.566685 3.933724 -0.935935 0.305524 -0.175158 0.704796 0.860173 1 56 1.000000
engineer_handL
  56 21.607857 32.967316 3.667628 -0.746742 0.146012 -0.648888 0.688307 0.879165 2 56 0.665552 58 0.334448
  56 21.762468 33.566685 3.933724 -0.935935 0.305524 -0.175158 0.704796 0.860173 1 56 1.000000
  56 21.803711 33.422058 3.494448 -0.793490 0.049702 -0.606551 0.687814 0.857941 2 56 0.900721 58 0.099279
engineer_handL
  56 21.803711 33.422058 3.494448 -0.793490 0.049702 -0.606551 0.687814 0.857941 2 56 0.900721 58 0.099279
  56 21.762468 33.566685 3.933724 -0.935935 0.305524 -0.175158 0.704796 0.860173 1 56 1.000000
  56 21.909708 34.003407 3.795258 -0.993372 0.076268 -0.085994 0.707646 0.844844 1 56 1.000000
engineer_handL
  56 21.803711 33.422058 3.494448 -0.793490 0.049702 -0.606551 0.687814 0.857941 2 56 0.900721 58 0.099279
  56 21.909708 34.003407 3.795258 -0.993372 0.076268 -0.085994 0.707646 0.844844 1 56 1.000000
  56 21.913280 33.844238 3.307964 -0.825929 -0.177251 -0.535185 0.688974 0.840221 1 56 1.000000
engineer_handL
  56 21.913280 33.844238 3.307964 -0.825929 -0.177251 -0.535185 0.688974 0.840221 1 56 1.000000
  56 21.909708 34.003407 3.795258 -0.993372 0.076268 -0.085994 0.707646 0.844844 1 56 1.000000
  54 21.859133 34.454384 3.636245 -0.949369 -0.298597 0.097666 0.712479 0.828009 2 54 0.807828 56 0.192172
engineer_handL
  58 20.935440 32.347069 4.334548 -0.767444 0.586206 -0.259600 0.704351 0.919483 1 58 1.000000
  58 20.790762 32.196888 4.861218 -0.552229 0.655572 0.515041 0.717181 0.933745 1 58 1.000000
  58 21.021629 32.460209 4.773204 -0.552229 0.655572 0.515041 0.718015 0.920639 2 58 0.883268 56 0.116732
engineer_handL
  58 21.021629 32.460209 4.773204 -0.552229 0.655572 0.515041 0.718015 0.920639 2 58 0.883268 56 0.116732
  58 21.286007 32.708714 4.197024 -0.822662 0.502806 -0.265354 0.703987 0.900426 2 58 0.650007 56 0.349993
  58 20.935440 32.347069 4.334548 -0.767444 0.586206 -0.259600 0.704351 0.919483 1 58 1.000000
engineer_handL
  58 21.021629 32.460209 4.773204 -0.552229 0.655572 0.515041 0.718015 0.920639 2 58 0.883268 56 0.116732
  58 21.325016 32.833942 4.650284 -0.617923 0.586580 0.523540 0.718459 0.901025 2 58 0.590074 56 0.409926
  58 21.286007 32.708714 4.197024 -0.822662 0.502806 -0.265354 0.703987 0.900426 2 58 0.650007 56 0.349993
engineer_handL
  58 21.325016 32.833942 4.650284 -0.617923 0.586580 0.523540 0.718459 0.901025 2 58 0.590074 56 0.409926
  56 21.549591 33.120411 4.069920 -0.897132 0.385890 -0.215044 0.703925 0.879959 2 56 0.691722 58 0.308278
  58 21.286007 32.708714 4.197024 -0.822662 0.502806 -0.265354 0.703987 0.900426 2 58 0.650007 56 0.349993
engineer_handL
  58 21.325016 32.833942 4.650284 -0.617923 0.586580 0.523540 0.718459 0.901025 2 58 0.590074 56 0.409926
  56 21.533497 33.283817 4.539186 -0.689846 0.492061 0.531026 0.718853 0.881268 2 56 0.586373 58 0.413627
  56 21.549591 33.120411 4.069920 -0.897132 0.385890 -0.215044 0.703925 0.879959 2 56 0.691722 58 0.308278
engineer_handL
  56 21.533497 33.283817 4.539186 -0.689846 0.492061 0.531026 0.718853 0.881268 2 56 0.586373 58 0.413627
  56 21.762468 33.566685 3.933724 -0.935935 0.305524 -0.175158 0.704796 0.860173 1 56 1.000000
  56 21.549591 33.120411 4.069920 -0.897132 0.385890 -0.215044 0.703925 0.879959 2 56 0.691722 58 0.308278
engineer_handL
  56 21.533497 33.283817 4.539186 -0.689846 0.492061 0.531026 0.718853 0.881268 2 56 0.586373 58 0.413627
  56 21.724152 33.745014 4.402460 -0.724602 0.439615 0.530745 0.720434 0.863652 2 56 0.810438 58 0.189562
  56 21.762468 33.566685 3.933724 -0.935935 0.305524 -0.175158 0.704796 0.860173 1 56 1.000000
engineer_handL
  56 21.724152 33.745014 4.402460 -0.724602 0.439615 0.530745 0.720434 0.863652 2 56 0.810438 58 0.189562
  56 21.909708 34.003407 3.795258 -0.993372 0.076268 -0.085994 0.707646 0.844844 1 56 1.000000
  56 21.762468 33.566685 3.933724 -0.935935 0.305524 -0.175158 0.704796 0.860173 1 56 1.000000
engineer_handL
  56 21.724152 33.745014 4.402460 -0.724602 0.439615 0.530745 0.720434 0.863652 2 56 0.810438 58 0.189562
  56 21.892105 34.178375 4.266691 -0.754005 0.240085 0.611421 0.723187 0.848905 1 56 1.000000
  56 21.909708 34.003407 3.795258 -0.993372 0.076268 -0.085994 0.707646 0.844844 1 56 1.000000
engineer_handL
  56 21.892105 34.178375 4.266691 -0.754005 0.240085 0.611421 0.723187 0.848905 1 56 1.000000
  54 21.859133 34.454384 3.636245 -0.949369 -0.298597 0.097666 0.712479 0.828009 2 54 0.807828 56 0.192172
  56 21.909708 34.003407 3.795258 -0.993372 0.076268 -0.085994 0.707646 0.844844 1 56 1.000000
engineer_handL
  56 21.892105 34.178375 4.266691 -0.754005 0.240085 0.611421 0.723187 0.848905 1 56 1.000000
  54 21.882185 34.620129 4.211301 -0.650023 -0.115988 0.751010 0.724790 0.834399 2 54 0.680421 56 0.319579
  54 21.859133 34.454384 3.636245 -0.949369 -0.298597 0.097666 0.712479 0.828009 2 54 0.807828 56 0.192172
engineer_handL
  54 21.882185 34.620129 4.211301 -0.650023 -0.115988 0.751010 0.724790 0.834399 2 54 0.680421 56 0.319579
  54 21.594229 34.848381 3.475820 -0.760727 -0.628310 0.162856 0.719970 0.800430 2 54 0.877251 56 0.122749
  54 21.859133 34.454384 3.636245 -0.949369 -0.298597 0.097666 0.712479 0.828009 2 54 0.807828 56 0.192172
engineer_handL
  54 21.882185 34.620129 4.211301 -0.650023 -0.115988 0.751010 0.724790 0.834399 2 54 0.680421 56 0.319579
  54 21.644287 35.032932 4.260545 -0.464654 -0.722708 0.511653 0.741925 0.809604 2 54 0.751819 56 0.248182
  54 21.594229 34.848381 3.475820 -0.760727 -0.628310 0.162856 0.719970 0.800430 2 54 0.877251 56 0.122749
engineer_handL
  56 21.724152 33.745014 4.402460 -0.724602 0.439615 0.530745 0.720434 0.863652 2 56 0.810438 58 0.189562
  56 21.533497 33.283817 4.539186 -0.689846 0.492061 0.531026 0.718853 0.881268 2 56 0.586373 58 0.413627
  56 21.915085 33.281048 4.583266 -0.046014 0.302667 0.951985 0.724843 0.879206 2 56 0.729080 58 0.270920
engineer_handL
  56 21.533497 33.283817 4.539186 -0.689846 0.492061 0.531026 0.718853 0.881268 2 56 0.586373 58 0.413627
  58 21.651978 32.800640 4.726604 -0.046014 0.302667 0.951985 0.724139 0.899077 2 58 0.520676 56 0.479324
  56 21.915085 33.281048 4.583266 -0.046014 0.302667 0.951985 0.724843 0.879206 2 56 0.729080 58 0.270920
engineer_handL
  56 21.533497 33.283817 4.539186 -0.689846 0.492061 0.531026 0.718853 0.881268 2 56 0.586373 58 0.413627
  58 21.325016 32.833942 4.650284 -0.617923 0.586580 0.523540 0.718459 0.901025 2 58 0.590074 56 0.409926
  58 21.651978 32.800640 4.726604 -0.046014 0.302667 0.951985 0.724139 0.899077 2 58 0.520676 56 0.479324
engineer_handL
  58 21.325016 32.833942 4.650284 -0.617923 0.586580 0.523540 0.718459 0.901025 2 58 0.590074 56 0.409926
  58 21.339813 32.417774 4.844844 -0.068950 0.356150 0.931881 0.723413 0.918089 2 58 0.840133 56 0.159867
  58 21.651978 32.800640 4.726604 -0.046014 0.302667 0.951985 0.724139 0.899077 2 58 0.520676 56 0.479324
engineer_handL
  58 21.325016 32.833942 4.650284 -0.617923 0.586580 0.523540 0.718459 0.901025 2 58 0.590074 56 0.409926
  58 21.021629 32.460209 4.773204 -0.552229 0.655572 0.515041 0.718015 0.920639 2 58 0.883268 56 0.116732
  58 21.339813 32.417774 4.844844 -0.068950 0.356150 0.931881 0.723413 0.918089 2 58 0.840133 56 0.159867
engineer_handL
  58 21.057480 32.158558 4.928540 -0.068950 0.356150 0.931881 0.722199 0.932154 1 58 1.000000
  58 21.339813 32.417774 4.844844 -0.068950 0.356150 0.931881 0.723413 0.918089 2 58 0.840133 56 0.159867
  58 21.021629 32.460209 4.773204 -0.552229 0.655572 0.515041 0.718015 0.920639 2 58 0.883268 56 0.116732
engineer_handL
  58 21.057480 32.158558 4.928540 -0.068950 0.356150 0.931881 0.722199 0.932154 1 58 1.000000
  58 21.021629 32.460209 4.773204 -0.552229 0.655572 0.515041 0.718015 0.920639 2 58 0.883268 56 0.116732
  58 20.790762 32.196888 4.861218 -0.552229 0.655572 0.515041 0.717181 0.933745 1 58 1.000000
engineer_handL
  58 20.839891 31.958782 4.993042 -0.113146 0.311329 0.943542 0.721264 0.942994 1 58 1.000000
  58 21.057480 32.158558 4.928540 -0.068950 0.356150 0.931881 0.722199 0.932154 1 58 1.000000
  58 20.790762 32.196888 4.861218 -0.552229 0.655572 0.515041 0.717181 0.933745 1 58 1.000000
engineer_handL
  58 20.839891 31.958782 4.993042 -0.113146 0.311329 0.943542 0.721264 0.942994 1 58 1.000000
  58 20.790762 32.196888 4.861218 -0.552229 0.655572 0.515041 0.717181 0.933745 1 58 1.000000
  58 20.618584 31.985495 4.920535 -0.577513 0.596134 0.557765 0.716539 0.943846 1 58 1.000000
engineer_handL
  58 20.618584 31.985495 4.920535 -0.577513 0.596134 0.557765 0.716539 0.943846 1 58 1.000000
  58 20.679108 31.749382 5.025519 -0.183024 0.237092 0.954091 0.719006 0.951159 1 58 1.000000
  58 20.839891 31.958782 4.993042 -0.113146 0.311329 0.943542 0.721264 0.942994 1 58 1.000000
engineer_handL
  48 21.523640 33.010571 5.475064 -0.635265 0.170362 -0.753270 0.751272 0.905602 2 48 0.675817 50 0.324183
  48 21.432577 33.206120 5.983979 -0.822662 0.502806 -0.265354 0.766047 0.914481 2 48 0.757397 50 0.242603
  48 21.816442 33.726372 5.828709 -0.880678 0.419740 -0.219599 0.767416 0.889265 1 48 1.000000
engineer_handL
  48 21.523640 33.010571 5.475064 -0.635265 0.170362 -0.753270 0.751272 0.905602 2 48 0.675817 50 0.324183
  48 21.816442 33.726372 5.828709 -0.880678 0.419740 -0.219599 0.767416 0.889265 1 48 1.000000
  48 21.884018 33.516857 5.278657 -0.693491 0.111517 -0.711782 0.751937 0.882325 2 48 0.909398 50 0.090602
engineer_handL
  48 21.816442 33.726372 5.828709 -0.880678 0.419740 -0.219599 0.767416 0.889265 1 48 1.000000
  46 22.007305 33.976006 5.120711 -0.763973 -0.143596 -0.629068 0.752231 0.863568 2 46 0.527512 48 0.472488
  48 21.884018 33.516857 5.278657 -0.693491 0.111517 -0.711782 0.751937 0.882325 2 48 0.909398 50 0.090602
engineer_handL
  46 22.007305 33.976006 5.120711 -0.763973 -0.143596 -0.629068 0.752231 0.863568 2 46 0.527512 48 0.472488
  48 22.304167 33.473248 5.168569 -0.107507 -0.300299 -0.947767 0.746679 0.877148 1 48 1.000000
  48 21.884018 33.516857 5.278657 -0.693491 0.111517 -0.711782 0.751937 0.882325 2 48 0.909398 50 0.090602
engineer_handL
  46 22.007305 33.976006 5.120711 -0.763973 -0.143596 -0.629068 0.752231 0.863568 2 46 0.527512 48 0.472488
  46 22.497566 33.919212 5.008860 -0.119117 -0.336168 -0.934239 0.746678 0.862836 2 46 0.524800 48 0.475200
  48 22.304167 33.473248 5.168569 -0.107507 -0.300299 -0.947767 0.746679 0.877148 1 48 1.000000
engineer_handL
  46 21.943796 34.586426 4.856016 -0.658475 -0.502383 -0.560377 0.753105 0.841837 2 46 0.818473 48 0.181527
  46 22.497566 33.919212 5.008860 -0.119117 -0.336168 -0.934239 0.746678 0.862836 2 46 0.524800 48 0.475200
  46 22.007305 33.976006 5.120711 -0.763973 -0.143596 -0.629068 0.752231 0.863568 2 46 0.527512 48 0.472488
engineer_handL
  46 21.943796 34.586426 4.856016 -0.658475 -0.502383 -0.560377 0.753105 0.841837 2 46 0.818473 48 0.181527
  46 22.525066 34.672253 4.731494 0.017291 -0.422902 -0.906011 0.746381 0.843366 2 46 0.851536 48 0.148464
  46 22.497566 33.919212 5.008860 -0.119117 -0.336168 -0.934239 0.746678 0.862836 2 46 0.524800 48 0.475200
engineer_handL
  46 21.673950 35.083572 4.438647 -0.505835 -0.862272 -0.024863 0.754935 0.814948 2 46 0.888972 48 0.111028
  46 22.525066 34.672253 4.731494 0.017291 -0.422902 -0.906011 0.746381 0.843366 2 46 0.851536 48 0.148464
  46 21.943796 34.586426 4.856016 -0.658475 -0.502383 -0.560377 0.753105 0.841837 2 46 0.818473 48 0.181527
engineer_handL
  46 21.673950 35.083572 4.438647 -0.505835 -0.862272 -0.024863 0.754935 0.814948 2 46 0.888972 48 0.111028
  46 22.362450 35.422489 4.333230 0.331824 -0.834904 -0.439122 0.748854 0.824864 1 46 1.000000
  46 22.525066 34.672253 4.731494 0.017291 -0.422902 -0.906011 0.746381 0.843366 2 46 0.851536 48 0.148464
engineer_handL
  46 21.673950 35.083572 4.438647 -0.505835 -0.862272 -0.024863 0.754935 0.814948 2 46 0.888972 48 0.111028
  54 22.322939 35.368801 4.128580 0.386946 -0.501552 0.773769 0.740040 0.821591 2 54 0.938283 56 0.061717
  46 22.362450 35.422489 4.333230 0.331824 -0.834904 -0.439122 0.748854 0.824864 1 46 1.000000
engineer_handL
  46 21.673950 35.083572 4.438647 -0.505835 -0.862272 -0.024863 0.754935 0.814948 2 46 0.888972 48 0.111028
  54 21.644287 35.032932 4.260545 -0.464654 -0.722708 0.511653 0.741925 0.809604 2 54 0.751819 56 0.248182
  54 22.322939 35.368801 4.128580 0.386946 -0.501552 0.773769 0.740040 0.821591 2 54 0.938283 56 0.061717
engineer_handL
  54 22.334883 34.766697 4.220062 0.040930 0.161854 0.985965 0.731038 0.837824 2 54 0.772120 56 0.227880
  54 22.322939 35.368801 4.128580 0.386946 -0.501552 0.773769 0.740040 0.821591 2 54 0.938283 56 0.061717
  54 21.644287 35.032932 4.260545 -0.464654 -0.722708 0.511653 0.741925 0.809604 2 54 0.751819 56 0.248182
engineer_handL
  54 22.334883 34.766697 4.220062 0.040930 0.161854 0.985965 0.731038 0.837824 2 54 0.772120 56 0.227880
  54 21.644287 35.032932 4.260545 -0.464654 -0.722708 0.511653 0.741925 0.809604 2 54 0.751819 56 0.248182
  54 21.882185 34.620129 4.211301 -0.650023 -0.115988 0.751010 0.724790 0.834399 2 54 0.680421 56 0.319579
engineer_handL
  54 21.882185 34.620129 4.211301 -0.650023 -0.115988 0.751010 0.724790 0.834399 2 54 0.680421 56 0.319579
  54 22.317421 34.237091 4.329988 -0.036854 0.230716 0.972323 0.728731 0.850654 2 54 0.528343 56 0.471657
  54 22.334883 34.766697 4.220062 0.040930 0.161854 0.985965 0.731038 0.837824 2 54 0.772120 56 0.227880
engineer_handL
  54 21.882185 34.620129 4.211301 -0.650023 -0.115988 0.751010 0.724790 0.834399 2 54 0.680421 56 0.319579
  56 21.892105 34.178375 4.266691 -0.754005 0.240085 0.611421 0.723187 0.848905 1 56 1.000000
  54 22.317421 34.237091 4.329988 -0.036854 0.230716 0.972323 0.728731 0.850654 2 54 0.528343 56 0.471657
engineer_handL
  56 21.892105 34.178375 4.266691 -0.754005 0.240085 0.611421 0.723187 0.848905 1 56 1.000000
  56 22.153141 33.782001 4.432505 -0.046014 0.302667 0.951985 0.726551 0.862227 2 56 0.948509 58 0.051491
  54 22.317421 34.237091 4.329988 -0.036854 0.230716 0.972323 0.728731 0.850654 2 54 0.528343 56 0.471657
engineer_handL
  56 21.892105 34.178375 4.266691 -0.754005 0.240085 0.611421 0.723187 0.848905 1 56 1.000000
  56 21.724152 33.745014 4.402460 -0.724602 0.439615 0.530745 0.720434 0.863652 2 56 0.810438 58 0.189562
  56 22.153141 33.782001 4.432505 -0.046014 0.302667 0.951985 0.726551 0.862227 2 56 0.948509 58 0.051491
engineer_handL
  56 21.724152 33.745014 4.402460 -0.724602 0.439615 0.530745 0.720434 0.863652 2 56 0.810438 58 0.189562
  56 21.915085 33.281048 4.583266 -0.046014 0.302667 0.951985 0.724843 0.879206 2 56 0.729080 58 0.270920
  56 22.153141 33.782001 4.432505 -0.046014 0.302667 0.951985 0.726551 0.862227 2 56 0.948509 58 0.051491
engineer_handL
  50 20.102856 31.516735 6.883667 -0.778535 -0.110370 0.617820 0.760646 0.980649 1 50 1.000000
  50 20.116329 31.679283 6.894073 -0.788081 0.298160 0.538543 0.762865 0.977147 1 50 1.000000
  50 20.106518 31.632568 6.723466 -0.945830 0.323063 -0.032183 0.759135 0.975584 1 50 1.000000
engineer_handL
  50 20.266500 31.946903 6.847705 -0.685679 0.583548 0.435104 0.765084 0.973646 1 50 1.000000
  50 20.106518 31.632568 6.723466 -0.945830 0.323063 -0.032183 0.759135 0.975584 1 50 1.000000
  50 20.116329 31.679283 6.894073 -0.788081 0.298160 0.538543 0.762865 0.977147 1 50 1.000000
engineer_handL
  50 20.266500 31.946903 6.847705 -0.685679 0.583548 0.435104 0.765084 0.973646 1 50 1.000000
  50 20.272116 31.861059 6.404988 -0.822662 0.502806 -0.265354 0.756420 0.968291 1 50 1.000000
  50 20.106518 31.632568 6.723466 -0.945830 0.323063 -0.032183 0.759135 0.975584 1 50 1.000000
engineer_handL
  50 20.272116 31.861059 6.404988 -0.822662 0.502806 -0.265354 0.756420 0.968291 1 50 1.000000
  50 20.266500 31.946903 6.847705 -0.685679 0.583548 0.435104 0.765084 0.973646 1 50 1.000000
  50 20.444231 32.151852 6.791720 -0.653581 0.659751 0.370892 0.768379 0.967246 1 50 1.000000
engineer_handL
  50 20.272116 31.861059 6.404988 -0.822662 0.502806 -0.265354 0.756420 0.968291 1 50 1.000000
  50 20.444231 32.151852 6.791720 -0.653581 0.659751 0.370892 0.768379 0.967246 1 50 1.000000
  50 20.459955 32.044483 6.336578 -0.743294 0.592887 -0.309836 0.758144 0.960181 1 50 1.000000
engineer_handL
  50 20.646042 32.385880 6.735301 -0.653581 0.659751 0.370892 0.771675 0.960846 2 50 0.886765 48 0.113236
  50 20.459955 32.044483 6.336578 -0.743294 0.592887 -0.309836 0.758144 0.960181 1 50 1.000000
  50 20.444231 32.151852 6.791720 -0.653581 0.659751 0.370892 0.768379 0.967246 1 50 1.000000
engineer_handL
  50 20.646042 32.385880 6.735301 -0.653581 0.659751 0.370892 0.771675 0.960846 2 50 0.886765 48 0.113236
  50 20.682066 32.283703 6.262894 -0.743294 0.592887 -0.309836 0.759867 0.952072 1 50 1.000000
  50 20.459955 32.044483 6.336578 -0.743294 0.592887 -0.309836 0.758144 0.960181 1 50 1.000000
engineer_handL
  50 21.013880 32.790783 6.653356 -0.678768 0.628840 0.379255 0.775982 0.947429 2 50 0.608670 48 0.391330
  50 20.682066 32.283703 6.262894 -0.743294 0.592887 -0.309836 0.759867 0.952072 1 50 1.000000
  50 20.646042 32.385880 6.735301 -0.653581 0.659751 0.370892 0.771675 0.960846 2 50 0.886765 48 0.113236
engineer_handL
  50 21.013880 32.790783 6.653356 -0.678768 0.628840 0.379255 0.775982 0.947429 2 50 0.608670 48 0.391330
  50 21.016769 32.650154 6.159534 -0.784879 0.547763 -0.289691 0.762501 0.938920 2 50 0.661635 48 0.338365
  50 20.682066 32.283703 6.262894 -0.743294 0.592887 -0.309836 0.759867 0.952072 1 50 1.000000
engineer_handL
  50 21.013880 32.790783 6.653356 -0.678768 0.628840 0.379255 0.775982 0.947429 2 50 0.608670 48 0.391330
  48 21.432577 33.206120 5.983979 -0.822662 0.502806 -0.265354 0.766047 0.914481 2 48 0.757397 50 0.242603
  50 21.016769 32.650154 6.159534 -0.784879 0.547763 -0.289691 0.762501 0.938920 2 50 0.661635 48 0.338365
engineer_handL
  50 21.013880 32.790783 6.653356 -0.678768 0.628840 0.379255 0.775982 0.947429 2 50 0.608670 48 0.391330
  48 21.432940 33.392647 6.512961 -0.712097 0.578288 0.398122 0.780239 0.922771 2 48 0.688330 50 0.311670
  48 21.432577 33.206120 5.983979 -0.822662 0.502806 -0.265354 0.766047 0.914481 2 48 0.757397 50 0.242603
engineer_handL
  48 21.432940 33.392647 6.512961 -0.712097 0.578288 0.398122 0.780239 0.922771 2 48 0.688330 50 0.311670
  48 21.816442 33.726372 5.828709 -0.880678 0.419740 -0.219599 0.767416 0.889265 1 48 1.000000
  48 21.432577 33.206120 5.983979 -0.822662 0.502806 -0.265354 0.766047 0.914481 2 48 0.757397 50 0.242603
engineer_handL
  48 21.432940 33.392647 6.512961 -0.712097 0.578288 0.398122 0.780239 0.922771 2 48 0.688330 50 0.311670
  48 21.762976 33.919823 6.408860 -0.757415 0.505887 0.412797 0.784887 0.899514 2 48 0.909484 50 0.090516
  48 21.816442 33.726372 5.828709 -0.880678 0.419740 -0.219599 0.767416 0.889265 1 48 1.000000
engineer_handL
  48 21.762976 33.919823 6.408860 -0.757415 0.505887 0.412797 0.784887 0.899514 2 48 0.909484 50 0.090516
  46 22.030979 34.190876 5.690794 -0.993372 0.076268 -0.085994 0.769065 0.869767 2 46 0.593528 48 0.406472
  48 21.816442 33.726372 5.828709 -0.880678 0.419740 -0.219599 0.767416 0.889265 1 48 1.000000
engineer_handL
  48 21.816442 33.726372 5.828709 -0.880678 0.419740 -0.219599 0.767416 0.889265 1 48 1.000000
  46 22.030979 34.190876 5.690794 -0.993372 0.076268 -0.085994 0.769065 0.869767 2 46 0.593528 48 0.406472
  46 22.007305 33.976006 5.120711 -0.763973 -0.143596 -0.629068 0.752231 0.863568 2 46 0.527512 48 0.472488
engineer_handL
  46 21.943796 34.586426 4.856016 -0.658475 -0.502383 -0.560377 0.753105 0.841837 2 46 0.818473 48 0.181527
  46 22.007305 33.976006 5.120711 -0.763973 -0.143596 -0.629068 0.752231 0.863568 2 46 0.527512 48 0.472488
  46 22.030979 34.190876 5.690794 -0.993372 0.076268 -0.085994 0.769065 0.869767 2 46 0.593528 48 0.406472
engineer_handL
  50 20.098648 31.586849 6.495665 -0.935935 0.305523 -0.175158 0.755016 0.973858 1 50 1.000000
  50 20.106518 31.632568 6.723466 -0.945830 0.323063 -0.032183 0.759135 0.975584 1 50 1.000000
  50 20.272116 31.861059 6.404988 -0.822662 0.502806 -0.265354 0.756420 0.968291 1 50 1.000000
engineer_handL
  46 21.135147 35.655495 4.328754 -0.786783 -0.584966 0.196943 0.759848 0.780988 1 46 1.000000
  46 21.673950 35.083572 4.438647 -0.505835 -0.862272 -0.024863 0.754935 0.814948 2 46 0.888972 48 0.111028
  46 21.588331 35.417187 5.249347 -0.821461 -0.553544 0.137083 0.776324 0.820649 1 46 1.000000
engineer_handL
  46 21.943796 34.586426 4.856016 -0.658475 -0.502383 -0.560377 0.753105 0.841837 2 46 0.818473 48 0.181527
  46 21.588331 35.417187 5.249347 -0.821461 -0.553544 0.137083 0.776324 0.820649 1 46 1.000000
  46 21.673950 35.083572 4.438647 -0.505835 -0.862272 -0.024863 0.754935 0.814948 2 46 0.888972 48 0.111028
engineer_handL
  46 21.943796 34.586426 4.856016 -0.658475 -0.502383 -0.560377 0.753105 0.841837 2 46 0.818473 48 0.181527
  46 21.903082 34.827347 5.484445 -0.949613 -0.310854 0.040063 0.771376 0.845667 1 46 1.000000
  46 21.588331 35.417187 5.249347 -0.821461 -0.553544 0.137083 0.776324 0.820649 1 46 1.000000
engineer_handL
  46 21.943796 34.586426 4.856016 -0.658475 -0.502383 -0.560377 0.753105 0.841837 2 46 0.818473 48 0.181527
  46 22.030979 34.190876 5.690794 -0.993372 0.076268 -0.085994 0.769065 0.869767 2 46 0.593528 48 0.406472
  46 21.903082 34.827347 5.484445 -0.949613 -0.310854 0.040063 0.771376 0.845667 1 46 1.000000
engineer_handL
  46 21.991112 34.400063 6.287771 -0.824872 0.229794 0.516508 0.789036 0.878167 2 46 0.544003 48 0.455997
  46 21.903082 34.827347 5.484445 -0.949613 -0.310854 0.040063 0.771376 0.845667 1 46 1.000000
  46 22.030979 34.190876 5.690794 -0.993372 0.076268 -0.085994 0.769065 0.869767 2 46 0.593528 48 0.406472
engineer_handL
  48 21.762976 33.919823 6.408860 -0.757415 0.505887 0.412797 0.784887 0.899514 2 48 0.909484 50 0.090516
  46 21.991112 34.400063 6.287771 -0.824872 0.229794 0.516508 0.789036 0.878167 2 46 0.544003 48 0.455997
  46 22.030979 34.190876 5.690794 -0.993372 0.076268 -0.085994 0.769065 0.869767 2 46 0.593528 48 0.406472
engineer_handL
  46 21.991112 34.400063 6.287771 -0.824872 0.229794 0.516508 0.789036 0.878167 2 46 0.544003 48 0.455997
  48 21.762976 33.919823 6.408860 -0.757415 0.505887 0.412797 0.784887 0.899514 2 48 0.909484 50 0.090516
  48 22.184237 33.965111 6.542053 -0.153363 0.258529 0.953752 0.792207 0.899941 1 48 1.000000
engineer_handL
  48 21.762976 33.919823 6.408860 -0.757415 0.505887 0.412797 0.784887 0.899514 2 48 0.909484 50 0.090516
  48 21.787737 33.399910 6.647932 -0.113146 0.311329 0.943542 0.787143 0.922342 2 48 0.798257 50 0.201743
  48 22.184237 33.965111 6.542053 -0.153363 0.258529 0.953752 0.792207 0.899941 1 48 1.000000
engineer_handL
  48 21.762976 33.919823 6.408860 -0.757415 0.505887 0.412797 0.784887 0.899514 2 48 0.909484 50 0.090516
  48 21.432940 33.392647 6.512961 -0.712097 0.578288 0.398122 0.780239 0.922771 2 48 0.688330 50 0.311670
  48 21.787737 33.399910 6.647932 -0.113146 0.311329 0.943542 0.787143 0.922342 2 48 0.798257 50 0.201743
engineer_handL
  48 21.432940 33.392647 6.512961 -0.712097 0.578288 0.398122 0.780239 0.922771 2 48 0.688330 50 0.311670
  50 21.354446 32.798840 6.801854 -0.154688 0.329010 0.931571 0.782834 0.947111 2 50 0.527361 48 0.472639
  48 21.787737 33.399910 6.647932 -0.113146 0.311329 0.943542 0.787143 0.922342 2 48 0.798257 50 0.201743
engineer_handL
  48 21.432940 33.392647 6.512961 -0.712097 0.578288 0.398122 0.780239 0.922771 2 48 0.688330 50 0.311670
  50 21.013880 32.790783 6.653356 -0.678768 0.628840 0.379255 0.775982 0.947429 2 50 0.608670 48 0.391330
  50 21.354446 32.798840 6.801854 -0.154688 0.329010 0.931571 0.782834 0.947111 2 50 0.527361 48 0.472639
engineer_handL
  50 21.013880 32.790783 6.653356 -0.678768 0.628840 0.379255 0.775982 0.947429 2 50 0.608670 48 0.391330
  50 21.001221 32.379112 6.889206 -0.154688 0.329010 0.931571 0.778102 0.961277 2 50 0.831380 48 0.168620
  50 21.354446 32.798840 6.801854 -0.154688 0.329010 0.931571 0.782834 0.947111 2 50 0.527361 48 0.472639
engineer_handL
  50 21.013880 32.790783 6.653356 -0.678768 0.628840 0.379255 0.775982 0.947429 2 50 0.608670 48 0.391330
  50 20.646042 32.385880 6.735301 -0.653581 0.659751 0.370892 0.771675 0.960846 2 50 0.886765 48 0.113236
  50 21.001221 32.379112 6.889206 -0.154688 0.329010 0.931571 0.778102 0.961277 2 50 0.831380 48 0.168620
engineer_handL
  50 20.646042 32.385880 6.735301 -0.653581 0.659751 0.370892 0.771675 0.960846 2 50 0.886765 48 0.113236
  50 20.767197 32.128830 6.937058 -0.154688 0.329010 0.931571 0.773789 0.968375 1 50 1.000000
  50 21.001221 32.379112 6.889206 -0.154688 0.329010 0.931571 0.778102 0.961277 2 50 0.831380 48 0.168620
engineer_handL
  50 20.646042 32.385880 6.735301 -0.653581 0.659751 0.370892 0.771675 0.960846 2 50 0.886765 48 0.113236
  50 20.444231 32.151852 6.791720 -0.653581 0.659751 0.370892 0.768379 0.967246 1 50 1.000000
  50 20.767197 32.128830 6.937058 -0.154688 0.329010 0.931571 0.773789 0.968375 1 50 1.000000
engineer_handL
  50 20.567472 31.907490 6.984188 -0.153363 0.258529 0.953752 0.769476 0.975474 1 50 1.000000
  50 20.767197 32.128830 6.937058 -0.154688 0.329010 0.931571 0.773789 0.968375 1 50 1.000000
  50 20.444231 32.151852 6.791720 -0.653581 0.659751 0.370892 0.768379 0.967246 1 50 1.000000
engineer_handL
  50 20.567472 31.907490 6.984188 -0.153363 0.258529 0.953752 0.769476 0.975474 1 50 1.000000
  50 20.444231 32.151852 6.791720 -0.653581 0.659751 0.370892 0.768379 0.967246 1 50 1.000000
  50 20.266500 31.946903 6.847705 -0.685679 0.583548 0.435104 0.765084 0.973646 1 50 1.000000
engineer_handL
  50 20.266500 31.946903 6.847705 -0.685679 0.583548 0.435104 0.765084 0.973646 1 50 1.000000
  50 20.364088 31.641405 6.997090 -0.198476 0.066385 0.977855 0.765802 0.979085 1 50 1.000000
  50 20.567472 31.907490 6.984188 -0.153363 0.258529 0.953752 0.769476 0.975474 1 50 1.000000
engineer_handL
  50 20.266500 31.946903 6.847705 -0.685679 0.583548 0.435104 0.765084 0.973646 1 50 1.000000
  50 20.116329 31.679283 6.894073 -0.788081 0.298160 0.538543 0.762865 0.977147 1 50 1.000000
  50 20.364088 31.641405 6.997090 -0.198476 0.066385 0.977855 0.765802 0.979085 1 50 1.000000
engineer_handL
  50 20.235939 31.431931 6.956697 -0.349599 -0.316660 0.881763 0.762128 0.982697 1 50 1.000000
  50 20.364088 31.641405 6.997090 -0.198476 0.066385 0.977855 0.765802 0.979085 1 50 1.000000
  50 20.116329 31.679283 6.894073 -0.788081 0.298160 0.538543 0.762865 0.977147 1 50 1.000000
engineer_handL
  50 20.235939 31.431931 6.956697 -0.349599 -0.316660 0.881763 0.762128 0.982697 1 50 1.000000
  50 20.116329 31.679283 6.894073 -0.788081 0.298160 0.538543 0.762865 0.977147 1 50 1.000000
  50 20.102856 31.516735 6.883667 -0.778535 -0.110370 0.617820 0.760646 0.980649 1 50 1.000000
engineer_handL
  50 20.068575 31.428072 6.781113 -0.938613 -0.249647 0.238081 0.757463 0.980095 1 50 1.000000
  50 20.235939 31.431931 6.956697 -0.349599 -0.316660 0.881763 0.762128 0.982697 1 50 1.000000
  50 20.102856 31.516735 6.883667 -0.778535 -0.110370 0.617820 0.760646 0.980649 1 50 1.000000
engineer_handL
  50 20.102856 31.516735 6.883667 -0.778535 -0.110370 0.617820 0.760646 0.980649 1 50 1.000000
  50 20.106518 31.632568 6.723466 -0.945830 0.323063 -0.032183 0.759135 0.975584 1 50 1.000000
  50 20.068575 31.428072 6.781113 -0.938613 -0.249647 0.238081 0.757463 0.980095 1 50 1.000000
engineer_handL
  50 20.080980 31.367304 6.571057 -0.938528 -0.345010 0.011513 0.753612 0.979425 1 50 1.000000
  50 20.068575 31.428072 6.781113 -0.938613 -0.249647 0.238081 0.757463 0.980095 1 50 1.000000
  50 20.106518 31.632568 6.723466 -0.945830 0.323063 -0.032183 0.759135 0.975584 1 50 1.000000
engineer_handL
  50 20.080980 31.367304 6.571057 -0.938528 -0.345010 0.011513 0.753612 0.979425 1 50 1.000000
  50 20.106518 31.632568 6.723466 -0.945830 0.323063 -0.032183 0.759135 0.975584 1 50 1.000000
  50 20.098648 31.586849 6.495665 -0.935935 0.305523 -0.175158 0.755016 0.973858 1 50 1.000000
engineer_handL
  50 20.080980 31.367304 6.571057 -0.938528 -0.345010 0.011513 0.753612 0.979425 1 50 1.000000
  50 20.098648 31.586849 6.495665 -0.935935 0.305523 -0.175158 0.755016 0.973858 1 50 1.000000
  50 20.140799 31.511793 6.287409 -0.918550 0.194558 -0.344112 0.751773 0.971885 1 50 1.000000
engineer_handL
  50 20.098648 31.586849 6.495665 -0.935935 0.305523 -0.175158 0.755016 0.973858 1 50 1.000000
  50 20.272116 31.861059 6.404988 -0.822662 0.502806 -0.265354 0.756420 0.968291 1 50 1.000000
  50 20.140799 31.511793 6.287409 -0.918550 0.194558 -0.344112 0.751773 0.971885 1 50 1.000000
engineer_handL
  50 20.356009 31.679289 6.004788 -0.586451 0.130517 -0.799400 0.747181 0.963153 1 50 1.000000
  50 20.140799 31.511793 6.287409 -0.918550 0.194558 -0.344112 0.751773 0.971885 1 50 1.000000
  50 20.272116 31.861059 6.404988 -0.822662 0.502806 -0.265354 0.756420 0.968291 1 50 1.000000
engineer_handL
  50 20.356009 31.679289 6.004788 -0.586451 0.130517 -0.799400 0.747181 0.963153 1 50 1.000000
  50 20.272116 31.861059 6.404988 -0.822662 0.502806 -0.265354 0.756420 0.968291 1 50 1.000000
  50 20.459955 32.044483 6.336578 -0.743294 0.592887 -0.309836 0.758144 0.960181 1 50 1.000000
engineer_handL
  50 20.356009 31.679289 6.004788 -0.586451 0.130517 -0.799400 0.747181 0.963153 1 50 1.000000
  50 20.459955 32.044483 6.336578 -0.743294 0.592887 -0.309836 0.758144 0.960181 1 50 1.000000
  50 20.560867 31.865385 5.921341 -0.553685 0.229428 -0.800497 0.747834 0.953748 1 50 1.000000
engineer_handL
  50 20.560867 31.865385 5.921341 -0.553685 0.229428 -0.800497 0.747834 0.953748 1 50 1.000000
  50 20.459955 32.044483 6.336578 -0.743294 0.592887 -0.309836 0.758144 0.960181 1 50 1.000000
  50 20.682066 32.283703 6.262894 -0.743294 0.592887 -0.309836 0.759867 0.952072 1 50 1.000000
engineer_handL
  50 20.560867 31.865385 5.921341 -0.553685 0.229428 -0.800497 0.747834 0.953748 1 50 1.000000
  50 20.682066 32.283703 6.262894 -0.743294 0.592887 -0.309836 0.759867 0.952072 1 50 1.000000
  50 20.790915 32.086502 5.843997 -0.553685 0.229428 -0.800497 0.748486 0.944342 2 50 0.873949 48 0.126051
engineer_handL
  50 20.790915 32.086502 5.843997 -0.553685 0.229428 -0.800497 0.748486 0.944342 2 50 0.873949 48 0.126051
  50 20.682066 32.283703 6.262894 -0.743294 0.592887 -0.309836 0.759867 0.952072 1 50 1.000000
  50 21.016769 32.650154 6.159534 -0.784879 0.547763 -0.289691 0.762501 0.938920 2 50 0.661635 48 0.338365
engineer_handL
  50 20.790915 32.086502 5.843997 -0.553685 0.229428 -0.800497 0.748486 0.944342 2 50 0.873949 48 0.126051
  50 21.016769 32.650154 6.159534 -0.784879 0.547763 -0.289691 0.762501 0.938920 2 50 0.661635 48 0.338365
  50 21.122570 32.440014 5.699205 -0.597427 0.186624 -0.779905 0.749289 0.930225 2 50 0.600875 48 0.399125
engineer_handL
  50 21.122570 32.440014 5.699205 -0.597427 0.186624 -0.779905 0.749289 0.930225 2 50 0.600875 48 0.399125
  50 21.016769 32.650154 6.159534 -0.784879 0.547763 -0.289691 0.762501 0.938920 2 50 0.661635 48 0.338365
  48 21.432577 33.206120 5.983979 -0.822662 0.502806 -0.265354 0.766047 0.914481 2 48 0.757397 50 0.242603
engineer_handL
  50 21.122570 32.440014 5.699205 -0.597427 0.186624 -0.779905 0.749289 0.930225 2 50 0.600875 48 0.399125
  48 21.432577 33.206120 5.983979 -0.822662 0.502806 -0.265354 0.766047 0.914481 2 48 0.757397 50 0.242603
  48 21.523640 33.010571 5.475064 -0.635265 0.170362 -0.753270 0.751272 0.905602 2 48 0.675817 50 0.324183
engineer_handL
  50 20.356009 31.679289 6.004788 -0.586451 0.130517 -0.799400 0.747181 0.963153 1 50 1.000000
  50 20.212759 31.437120 6.122295 -0.658723 -0.121190 -0.742561 0.746995 0.968979 1 50 1.000000
  50 20.140799 31.511793 6.287409 -0.918550 0.194558 -0.344112 0.751773 0.971885 1 50 1.000000
engineer_handL
  50 20.186504 31.275652 6.228056 -0.658475 -0.502383 -0.560377 0.746808 0.974805 1 50 1.000000
  50 20.140799 31.511793 6.287409 -0.918550 0.194558 -0.344112 0.751773 0.971885 1 50 1.000000
  50 20.212759 31.437120 6.122295 -0.658723 -0.121190 -0.742561 0.746995 0.968979 1 50 1.000000
engineer_handL
  50 20.186504 31.275652 6.228056 -0.658475 -0.502383 -0.560377 0.746808 0.974805 1 50 1.000000
  50 20.123735 31.288616 6.347248 -0.891428 -0.396146 -0.220056 0.749965 0.976948 1 50 1.000000
  50 20.140799 31.511793 6.287409 -0.918550 0.194558 -0.344112 0.751773 0.971885 1 50 1.000000
engineer_handL
  50 20.080980 31.367304 6.571057 -0.938528 -0.345010 0.011513 0.753612 0.979425 1 50 1.000000
  50 20.140799 31.511793 6.287409 -0.918550 0.194558 -0.344112 0.751773 0.971885 1 50 1.000000
  50 20.123735 31.288616 6.347248 -0.891428 -0.396146 -0.220056 0.749965 0.976948 1 50 1.000000
engineer_handL
  50 20.068575 31.428072 6.781113 -0.938613 -0.249647 0.238081 0.757463 0.980095 1 50 1.000000
  50 20.212225 31.299891 6.831145 -0.502148 -0.700194 0.507519 0.757232 0.982198 1 50 1.000000
  50 20.235939 31.431931 6.956697 -0.349599 -0.316660 0.881763 0.762128 0.982697 1 50 1.000000
engineer_handL
  50 20.227808 31.223198 6.634044 -0.533107 -0.820677 0.205634 0.752678 0.981734 1 50 1.000000
  50 20.212225 31.299891 6.831145 -0.502148 -0.700194 0.507519 0.757232 0.982198 1 50 1.000000
  50 20.068575 31.428072 6.781113 -0.938613 -0.249647 0.238081 0.757463 0.980095 1 50 1.000000
engineer_handL
  50 20.227808 31.223198 6.634044 -0.533107 -0.820677 0.205634 0.752678 0.981734 1 50 1.000000
  50 20.068575 31.428072 6.781113 -0.938613 -0.249647 0.238081 0.757463 0.980095 1 50 1.000000
  50 20.080980 31.367304 6.571057 -0.938528 -0.345010 0.011513 0.753612 0.979425 1 50 1.000000
engineer_handL
  50 20.123735 31.288616 6.347248 -0.891428 -0.396146 -0.220056 0.749965 0.976948 1 50 1.000000
  50 20.227808 31.223198 6.634044 -0.533107 -0.820677 0.205634 0.752678 0.981734 1 50 1.000000
  50 20.080980 31.367304 6.571057 -0.938528 -0.345010 0.011513 0.753612 0.979425 1 50 1.000000
engineer_handL
  50 20.123735 31.288616 6.347248 -0.891428 -0.396146 -0.220056 0.749965 0.976948 1 50 1.000000
  50 20.261713 31.158787 6.389614 -0.473869 -0.878218 -0.064654 0.748485 0.978333 1 50 1.000000
  50 20.227808 31.223198 6.634044 -0.533107 -0.820677 0.205634 0.752678 0.981734 1 50 1.000000
engineer_handL
  50 20.186504 31.275652 6.228056 -0.658475 -0.502383 -0.560377 0.746808 0.974805 1 50 1.000000
  50 20.261713 31.158787 6.389614 -0.473869 -0.878218 -0.064654 0.748485 0.978333 1 50 1.000000
  50 20.123735 31.288616 6.347248 -0.891428 -0.396146 -0.220056 0.749965 0.976948 1 50 1.000000
engineer_handL
  50 20.186504 31.275652 6.228056 -0.658475 -0.502383 -0.560377 0.746808 0.974805 1 50 1.000000
  50 20.339033 31.178112 6.207066 -0.294285 -0.758943 -0.580863 0.744075 0.974756 1 50 1.000000
  50 20.261713 31.158787 6.389614 -0.473869 -0.878218 -0.064654 0.748485 0.978333 1 50 1.000000
engineer_handL
  50 20.212759 31.437120 6.122295 -0.658723 -0.121190 -0.742561 0.746995 0.968979 1 50 1.000000
  50 20.339033 31.178112 6.207066 -0.294285 -0.758943 -0.580863 0.744075 0.974756 1 50 1.000000
  50 20.186504 31.275652 6.228056 -0.658475 -0.502383 -0.560377 0.746808 0.974805 1 50 1.000000
engineer_handL
  50 20.212759 31.437120 6.122295 -0.658723 -0.121190 -0.742561 0.746995 0.968979 1 50 1.000000
  50 20.481920 31.338432 6.084432 -0.104986 -0.473511 -0.874509 0.743512 0.967328 1 50 1.000000
  50 20.339033 31.178112 6.207066 -0.294285 -0.758943 -0.580863 0.744075 0.974756 1 50 1.000000
engineer_handL
  50 20.356009 31.679289 6.004788 -0.586451 0.130517 -0.799400 0.747181 0.963153 1 50 1.000000
  50 20.481920 31.338432 6.084432 -0.104986 -0.473511 -0.874509 0.743512 0.967328 1 50 1.000000
  50 20.212759 31.437120 6.122295 -0.658723 -0.121190 -0.742561 0.746995 0.968979 1 50 1.000000
engineer_handL
  50 20.356009 31.679289 6.004788 -0.586451 0.130517 -0.799400 0.747181 0.963153 1 50 1.000000
  50 20.690521 31.554949 5.964396 -0.103410 -0.384168 -0.917454 0.742948 0.959900 1 50 1.000000
  50 20.481920 31.338432 6.084432 -0.104986 -0.473511 -0.874509 0.743512 0.967328 1 50 1.000000
engineer_handL
  50 20.560867 31.865385 5.921341 -0.553685 0.229428 -0.800497 0.747834 0.953748 1 50 1.000000
  50 20.690521 31.554949 5.964396 -0.103410 -0.384168 -0.917454 0.742948 0.959900 1 50 1.000000
  50 20.356009 31.679289 6.004788 -0.586451 0.130517 -0.799400 0.747181 0.963153 1 50 1.000000
engineer_handL
  50 20.560867 31.865385 5.921341 -0.553685 0.229428 -0.800497 0.747834 0.953748 1 50 1.000000
  50 20.920126 31.770184 5.857706 -0.119117 -0.336168 -0.934239 0.743232 0.949246 1 50 1.000000
  50 20.690521 31.554949 5.964396 -0.103410 -0.384168 -0.917454 0.742948 0.959900 1 50 1.000000
engineer_handL
  50 20.790915 32.086502 5.843997 -0.553685 0.229428 -0.800497 0.748486 0.944342 2 50 0.873949 48 0.126051
  50 20.920126 31.770184 5.857706 -0.119117 -0.336168 -0.934239 0.743232 0.949246 1 50 1.000000
  50 20.560867 31.865385 5.921341 -0.553685 0.229428 -0.800497 0.747834 0.953748 1 50 1.000000
engineer_handL
  50 20.790915 32.086502 5.843997 -0.553685 0.229428 -0.800497 0.748486 0.944342 2 50 0.873949 48 0.126051
  50 21.180782 32.016689 5.754292 -0.107507 -0.300299 -0.947767 0.743517 0.938593 2 50 0.775390 48 0.224610
  50 20.920126 31.770184 5.857706 -0.119117 -0.336168 -0.934239 0.743232 0.949246 1 50 1.000000
engineer_handL
  50 21.122570 32.440014 5.699205 -0.597427 0.186624 -0.779905 0.749289 0.930225 2 50 0.600875 48 0.399125
  50 21.180782 32.016689 5.754292 -0.107507 -0.300299 -0.947767 0.743517 0.938593 2 50 0.775390 48 0.224610
  50 20.790915 32.086502 5.843997 -0.553685 0.229428 -0.800497 0.748486 0.944342 2 50 0.873949 48 0.126051
engineer_handL
  50 21.122570 32.440014 5.699205 -0.597427 0.186624 -0.779905 0.749289 0.930225 2 50 0.600875 48 0.399125
  50 21.517311 32.356537 5.609782 -0.107507 -0.300299 -0.947767 0.744140 0.923304 2 50 0.516031 48 0.483969
  50 21.180782 32.016689 5.754292 -0.107507 -0.300299 -0.947767 0.743517 0.938593 2 50 0.775390 48 0.224610
engineer_handL
  48 21.523640 33.010571 5.475064 -0.635265 0.170362 -0.753270 0.751272 0.905602 2 48 0.675817 50 0.324183
  50 21.517311 32.356537 5.609782 -0.107507 -0.300299 -0.947767 0.744140 0.923304 2 50 0.516031 48 0.483969
  50 21.122570 32.440014 5.699205 -0.597427 0.186624 -0.779905 0.749289 0.930225 2 50 0.600875 48 0.399125
engineer_handL
  48 21.523640 33.010571 5.475064 -0.635265 0.170362 -0.753270 0.751272 0.905602 2 48 0.675817 50 0.324183
  48 21.943504 32.919411 5.373661 -0.107507 -0.300299 -0.947767 0.745915 0.899516 2 48 0.767228 50 0.232772
  50 21.517311 32.356537 5.609782 -0.107507 -0.300299 -0.947767 0.744140 0.923304 2 50 0.516031 48 0.483969
engineer_handL
  48 21.884018 33.516857 5.278657 -0.693491 0.111517 -0.711782 0.751937 0.882325 2 48 0.909398 50 0.090602
  48 21.943504 32.919411 5.373661 -0.107507 -0.300299 -0.947767 0.745915 0.899516 2 48 0.767228 50 0.232772
  48 21.523640 33.010571 5.475064 -0.635265 0.170362 -0.753270 0.751272 0.905602 2 48 0.675817 50 0.324183
engineer_handL
  48 21.884018 33.516857 5.278657 -0.693491 0.111517 -0.711782 0.751937 0.882325 2 48 0.909398 50 0.090602
  48 22.304167 33.473248 5.168569 -0.107507 -0.300299 -0.947767 0.746679 0.877148 1 48 1.000000
  48 21.943504 32.919411 5.373661 -0.107507 -0.300299 -0.947767 0.745915 0.899516 2 48 0.767228 50 0.232772
engineer_handL
  5 19.187164 43.058460 3.679867 -0.062616 0.410356 0.909773 0.193617 0.418902 2 5 0.818213 3 0.181787
  11 19.067823 45.257454 2.549364 0.312592 0.489977 0.813762 0.235198 0.304954 2 11 0.674583 3 0.325417
  11 18.355350 45.063450 2.814496 0.051885 0.379376 0.923787 0.197297 0.306362 2 11 0.674585 3 0.325415
engineer_handL
  3 18.591270 47.788040 1.100369 0.621286 0.512546 0.592706 0.270003 0.168612 2 3 0.634577 11 0.365423
  11 20.224133 45.415833 1.570172 0.683523 0.576353 0.447898 0.301959 0.302710 2 11 0.674584 3 0.325416
  3 19.033798 47.786674 0.490389 0.753662 0.535650 0.380884 0.302701 0.167301 2 3 0.630178 11 0.369822
engineer_handL
  3 18.591270 47.788040 1.100369 0.621286 0.512546 0.592706 0.270003 0.168612 2 3 0.634577 11 0.365423
  11 19.706375 45.389057 2.096078 0.517336 0.550933 0.654856 0.270125 0.303411 2 11 0.674584 3 0.325416
  11 20.224133 45.415833 1.570172 0.683523 0.576353 0.447898 0.301959 0.302710 2 11 0.674584 3 0.325416
engineer_handL
  11 19.706375 45.389057 2.096078 0.517336 0.550933 0.654856 0.270125 0.303411 2 11 0.674584 3 0.325416
  3 18.591270 47.788040 1.100369 0.621286 0.512546 0.592706 0.270003 0.168612 2 3 0.634577 11 0.365423
  3 18.000362 47.659107 1.656847 0.422547 0.462804 0.779273 0.234065 0.171482 2 3 0.639075 11 0.360925
engineer_handL
  11 19.706375 45.389057 2.096078 0.517336 0.550933 0.654856 0.270125 0.303411 2 11 0.674584 3 0.325416
  3 18.000362 47.659107 1.656847 0.422547 0.462804 0.779273 0.234065 0.171482 2 3 0.639075 11 0.360925
  11 19.067823 45.257454 2.549364 0.312592 0.489977 0.813762 0.235198 0.304954 2 11 0.674583 3 0.325417
engineer_handL
  11 19.067823 45.257454 2.549364 0.312592 0.489977 0.813762 0.235198 0.304954 2 11 0.674583 3 0.325417
  3 18.000362 47.659107 1.656847 0.422547 0.462804 0.779273 0.234065 0.171482 2 3 0.639075 11 0.360925
  3 17.361917 47.404999 2.045768 0.119507 0.367038 0.922497 0.197978 0.176536 2 3 0.642072 11 0.357928
engineer_handL
  11 19.067823 45.257454 2.549364 0.312592 0.489977 0.813762 0.235198 0.304954 2 11 0.674583 3 0.325417
  3 17.361917 47.404999 2.045768 0.119507 0.367038 0.922497 0.197978 0.176536 2 3 0.642072 11 0.357928
  11 18.355350 45.063450 2.814496 0.051885 0.379376 0.923787 0.197297 0.306362 2 11 0.674585 3 0.325415
engineer_handL
  11 18.355350 45.063450 2.814496 0.051885 0.379376 0.923787 0.197297 0.306362 2 11 0.674585 3 0.325415
  3 17.361917 47.404999 2.045768 0.119507 0.367038 0.922497 0.197978 0.176536 2 3 0.642072 11 0.357928
  3 16.740526 47.051979 2.114889 -0.183024 0.237092 0.954091 0.167839 0.182246 2 3 0.640272 11 0.359729
engineer_handL
  11 18.355350 45.063450 2.814496 0.051885 0.379376 0.923787 0.197297 0.306362 2 11 0.674585 3 0.325415
  3 16.740526 47.051979 2.114889 -0.183024 0.237092 0.954091 0.167839 0.182246 2 3 0.640272 11 0.359729
  11 17.705406 44.773468 2.867409 -0.257383 0.224327 0.939910 0.167750 0.307347 2 11 0.674583 3 0.325417
engineer_handL
  11 18.355350 45.063450 2.814496 0.051885 0.379376 0.923787 0.197297 0.306362 2 11 0.674585 3 0.325415
  11 17.705406 44.773468 2.867409 -0.257383 0.224327 0.939910 0.167750 0.307347 2 11 0.674583 3 0.325417
  5 18.484818 42.800381 3.606823 -0.361423 0.249961 0.898272 0.160353 0.414190 2 5 0.818218 3 0.181782
engineer_handL
  11 18.355350 45.063450 2.814496 0.051885 0.379376 0.923787 0.197297 0.306362 2 11 0.674585 3 0.325415
  5 18.484818 42.800381 3.606823 -0.361423 0.249961 0.898272 0.160353 0.414190 2 5 0.818218 3 0.181782
  5 19.187164 43.058460 3.679867 -0.062616 0.410356 0.909773 0.193617 0.418902 2 5 0.818213 3 0.181787
engineer_handL
  5 19.187164 43.058460 3.679867 -0.062616 0.410356 0.909773 0.193617 0.418902 2 5 0.818213 3 0.181787
  5 18.484818 42.800381 3.606823 -0.361423 0.249961 0.898272 0.160353 0.414190 2 5 0.818218 3 0.181782
  5 18.735964 41.966053 3.986248 -0.451903 0.340684 0.824450 0.153158 0.461023 2 5 0.876664 7 0.123336
engineer_handL
  3 17.290417 50.843262 -0.082403 0.691046 0.497317 0.524530 0.271336 0.048405 1 3 1.000000
  3 19.033798 47.786674 0.490389 0.753662 0.535650 0.380884 0.302701 0.167301 2 3 0.630178 11 0.369822
  3 17.649712 50.863358 -0.794548 0.800487 0.501078 0.328847 0.305371 0.042737 1 3 1.000000
engineer_handL
  3 17.290417 50.843262 -0.082403 0.691046 0.497317 0.524530 0.271336 0.048405 1 3 1.000000
  3 18.591270 47.788040 1.100369 0.621286 0.512546 0.592706 0.270003 0.168612 2 3 0.634577 11 0.365423
  3 19.033798 47.786674 0.490389 0.753662 0.535650 0.380884 0.302701 0.167301 2 3 0.630178 11 0.369822
engineer_handL
  3 18.591270 47.788040 1.100369 0.621286 0.512546 0.592706 0.270003 0.168612 2 3 0.634577 11 0.365423
  3 17.290417 50.843262 -0.082403 0.691046 0.497317 0.524530 0.271336 0.048405 1 3 1.000000
  3 16.753260 50.738388 0.631216 0.461151 0.458352 0.759771 0.235721 0.054138 1 3 1.000000
engineer_handL
  3 18.591270 47.788040 1.100369 0.621286 0.512546 0.592706 0.270003 0.168612 2 3 0.634577 11 0.365423
  3 16.753260 50.738388 0.631216 0.461151 0.458352 0.759771 0.235721 0.054138 1 3 1.000000
  3 18.000362 47.659107 1.656847 0.422547 0.462804 0.779273 0.234065 0.171482 2 3 0.639075 11 0.360925
engineer_handL
  3 16.049013 50.433060 0.974129 0.119507 0.367038 0.922497 0.198173 0.059719 1 3 1.000000
  3 18.000362 47.659107 1.656847 0.422547 0.462804 0.779273 0.234065 0.171482 2 3 0.639075 11 0.360925
  3 16.753260 50.738388 0.631216 0.461151 0.458352 0.759771 0.235721 0.054138 1 3 1.000000
engineer_handL
  3 16.049013 50.433060 0.974129 0.119507 0.367038 0.922497 0.198173 0.059719 1 3 1.000000
  3 17.361917 47.404999 2.045768 0.119507 0.367038 0.922497 0.197978 0.176536 2 3 0.642072 11 0.357928
  3 18.000362 47.659107 1.656847 0.422547 0.462804 0.779273 0.234065 0.171482 2 3 0.639075 11 0.360925
engineer_handL
  3 17.361917 47.404999 2.045768 0.119507 0.367038 0.922497 0.197978 0.176536 2 3 0.642072 11 0.357928
  3 16.049013 50.433060 0.974129 0.119507 0.367038 0.922497 0.198173 0.059719 1 3 1.000000
  3 15.373315 50.093357 1.068619 -0.183024 0.237092 0.954091 0.165797 0.063781 1 3 1.000000
engineer_handL
  3 17.361917 47.404999 2.045768 0.119507 0.367038 0.922497 0.197978 0.176536 2 3 0.642072 11 0.357928
  3 15.373315 50.093357 1.068619 -0.183024 0.237092 0.954091 0.165797 0.063781 1 3 1.000000
  3 16.740526 47.051979 2.114889 -0.183024 0.237092 0.954091 0.167839 0.182246 2 3 0.640272 11 0.359729
engineer_handL
  3 16.740526 47.051979 2.114889 -0.183024 0.237092 0.954091 0.167839 0.182246 2 3 0.640272 11 0.359729
  3 15.373315 50.093357 1.068619 -0.183024 0.237092 0.954091 0.165797 0.063781 1 3 1.000000
  3 14.781015 49.756859 0.992708 -0.362910 0.125536 0.923329 0.136681 0.066687 1 3 1.000000
engineer_handL
  3 16.740526 47.051979 2.114889 -0.183024 0.237092 0.954091 0.167839 0.182246 2 3 0.640272 11 0.359729
  3 14.781015 49.756859 0.992708 -0.362910 0.125536 0.923329 0.136681 0.066687 1 3 1.000000
  3 16.220467 46.700722 2.011016 -0.410498 0.085475 0.907847 0.138529 0.187617 2 3 0.638073 11 0.361927
engineer_handL
  11 17.705406 44.773468 2.867409 -0.257383 0.224327 0.939910 0.167750 0.307347 2 11 0.674583 3 0.325417
  3 16.740526 47.051979 2.114889 -0.183024 0.237092 0.954091 0.167839 0.182246 2 3 0.640272 11 0.359729
  3 16.220467 46.700722 2.011016 -0.410498 0.085475 0.907847 0.138529 0.187617 2 3 0.638073 11 0.361927
engineer_handL
  11 17.705406 44.773468 2.867409 -0.257383 0.224327 0.939910 0.167750 0.307347 2 11 0.674583 3 0.325417
  3 16.220467 46.700722 2.011016 -0.410498 0.085475 0.907847 0.138529 0.187617 2 3 0.638073 11 0.361927
  11 17.211481 44.441956 2.692846 -0.529051 0.026245 0.848184 0.137904 0.309650 2 11 0.674581 3 0.325420
engineer_handL
  5 18.484818 42.800381 3.606823 -0.361423 0.249961 0.898272 0.160353 0.414190 2 5 0.818218 3 0.181782
  11 17.705406 44.773468 2.867409 -0.257383 0.224327 0.939910 0.167750 0.307347 2 11 0.674583 3 0.325417
  11 17.211481 44.441956 2.692846 -0.529051 0.026245 0.848184 0.137904 0.309650 2 11 0.674581 3 0.325420
engineer_handL
  5 18.484818 42.800381 3.606823 -0.361423 0.249961 0.898272 0.160353 0.414190 2 5 0.818218 3 0.181782
  11 17.211481 44.441956 2.692846 -0.529051 0.026245 0.848184 0.137904 0.309650 2 11 0.674581 3 0.325420
  5 18.001904 42.503204 3.358385 -0.660368 0.016100 0.750770 0.130341 0.410932 2 5 0.818226 3 0.181774
engineer_handL
  5 18.735964 41.966053 3.986248 -0.451903 0.340684 0.824450 0.153158 0.461023 2 5 0.876664 7 0.123336
  5 18.484818 42.800381 3.606823 -0.361423 0.249961 0.898272 0.160353 0.414190 2 5 0.818218 3 0.181782
  5 18.001904 42.503204 3.358385 -0.660368 0.016100 0.750770 0.130341 0.410932 2 5 0.818226 3 0.181774
engineer_handL
  5 18.735964 41.966053 3.986248 -0.451903 0.340684 0.824450 0.153158 0.461023 2 5 0.876664 7 0.123336
  5 18.001904 42.503204 3.358385 -0.660368 0.016100 0.750770 0.130341 0.410932 2 5 0.818226 3 0.181774
  5 18.256874 41.681686 3.691777 -0.778420 0.104542 0.618978 0.122268 0.453491 2 5 0.876637 7 0.123363
engineer_handL
  7 18.820461 41.243904 4.423161 -0.503670 0.520476 0.689508 0.143171 0.497743 2 7 0.758600 5 0.241400
  5 18.735964 41.966053 3.986248 -0.451903 0.340684 0.824450 0.153158 0.461023 2 5 0.876664 7 0.123336
  5 18.256874 41.681686 3.691777 -0.778420 0.104542 0.618978 0.122268 0.453491 2 5 0.876637 7 0.123363
engineer_handL
  7 18.820461 41.243904 4.423161 -0.503670 0.520476 0.689508 0.143171 0.497743 2 7 0.758600 5 0.241400
  5 18.256874 41.681686 3.691777 -0.778420 0.104542 0.618978 0.122268 0.453491 2 5 0.876637 7 0.123363
  7 18.323725 40.964649 4.069727 -0.856055 0.310094 0.413535 0.111249 0.486812 2 7 0.758600 5 0.241400
engineer_handL
  3 16.220467 46.700722 2.011016 -0.410498 0.085475 0.907847 0.138529 0.187617 2 3 0.638073 11 0.361927
  3 14.781015 49.756859 0.992708 -0.362910 0.125536 0.923329 0.136681 0.066687 1 3 1.000000
  3 13.649581 49.049000 0.570997 -0.627059 -0.097796 0.772809 0.096664 0.069799 1 3 1.000000
engineer_handL
  3 16.220467 46.700722 2.011016 -0.410498 0.085475 0.907847 0.138529 0.187617 2 3 0.638073 11 0.361927
  3 13.649581 49.049000 0.570997 -0.627059 -0.097796 0.772809 0.096664 0.069799 1 3 1.000000
  3 15.213860 45.852730 1.453733 -0.665778 -0.159076 0.728996 0.098180 0.194798 2 3 0.638569 11 0.361431
engineer_handL
  11 17.211481 44.441956 2.692846 -0.529051 0.026245 0.848184 0.137904 0.309650 2 11 0.674581 3 0.325420
  3 16.220467 46.700722 2.011016 -0.410498 0.085475 0.907847 0.138529 0.187617 2 3 0.638073 11 0.361927
  3 15.213860 45.852730 1.453733 -0.665778 -0.159076 0.728996 0.098180 0.194798 2 3 0.638569 11 0.361431
engineer_handL
  11 17.211481 44.441956 2.692846 -0.529051 0.026245 0.848184 0.137904 0.309650 2 11 0.674581 3 0.325420
  3 15.213860 45.852730 1.453733 -0.665778 -0.159076 0.728996 0.098180 0.194798 2 3 0.638569 11 0.361431
  11 16.464939 43.674572 1.980174 -0.757040 -0.252740 0.602506 0.101780 0.314648 2 11 0.674578 3 0.325422
engineer_handL
  5 18.001904 42.503204 3.358385 -0.660368 0.016100 0.750770 0.130341 0.410932 2 5 0.818226 3 0.181774
  11 17.211481 44.441956 2.692846 -0.529051 0.026245 0.848184 0.137904 0.309650 2 11 0.674581 3 0.325420
  11 16.464939 43.674572 1.980174 -0.757040 -0.252740 0.602506 0.101780 0.314648 2 11 0.674578 3 0.325422
engineer_handL
  5 18.001904 42.503204 3.358385 -0.660368 0.016100 0.750770 0.130341 0.410932 2 5 0.818226 3 0.181774
  11 16.464939 43.674572 1.980174 -0.757040 -0.252740 0.602506 0.101780 0.314648 2 11 0.674578 3 0.325422
  5 17.492428 41.821491 2.546408 -0.854270 -0.291865 0.430160 0.098372 0.412180 2 5 0.818234 3 0.181767
engineer_handL
  5 18.256874 41.681686 3.691777 -0.778420 0.104542 0.618978 0.122268 0.453491 2 5 0.876637 7 0.123363
  5 18.001904 42.503204 3.358385 -0.660368 0.016100 0.750770 0.130341 0.410932 2 5 0.818226 3 0.181774
  5 17.492428 41.821491 2.546408 -0.854270 -0.291865 0.430160 0.098372 0.412180 2 5 0.818234 3 0.181767
engineer_handL
  5 18.256874 41.681686 3.691777 -0.778420 0.104542 0.618978 0.122268 0.453491 2 5 0.876637 7 0.123363
  5 17.492428 41.821491 2.546408 -0.854270 -0.291865 0.430160 0.098372 0.412180 2 5 0.818234 3 0.181767
  5 17.888641 41.018036 2.832774 -0.949929 -0.211569 0.229943 0.092700 0.451397 2 5 0.876610 7 0.123390
engineer_handL
  7 18.323725 40.964649 4.069727 -0.856055 0.310094 0.413535 0.111249 0.486812 2 7 0.758600 5 0.241400
  5 18.256874 41.681686 3.691777 -0.778420 0.104542 0.618978 0.122268 0.453491 2 5 0.876637 7 0.123363
  5 17.888641 41.018036 2.832774 -0.949929 -0.211569 0.229943 0.092700 0.451397 2 5 0.876610 7 0.123390
engineer_handL
  7 18.323725 40.964649 4.069727 -0.856055 0.310094 0.413535 0.111249 0.486812 2 7 0.758600 5 0.241400
  5 17.888641 41.018036 2.832774 -0.949929 -0.211569 0.229943 0.092700 0.451397 2 5 0.876610 7 0.123390
  7 18.035282 40.262615 3.186496 -0.999644 -0.024833 -0.009718 0.082645 0.475635 2 7 0.758601 5 0.241399
engineer_handL
  7 18.035282 40.262615 3.186496 -0.999644 -0.024833 -0.009718 0.082645 0.475635 2 7 0.758601 5 0.241399
  30 18.111971 40.335625 4.505306 -0.859739 0.473817 0.190647 0.097584 0.513319 1 30 1.000000
  7 18.323725 40.964649 4.069727 -0.856055 0.310094 0.413535 0.111249 0.486812 2 7 0.758600 5 0.241400
engineer_handL
  7 18.035282 40.262615 3.186496 -0.999644 -0.024833 -0.009718 0.082645 0.475635 2 7 0.758601 5 0.241399
  7 17.936066 39.550770 3.601551 -0.969338 0.086977 -0.229823 0.067777 0.496884 2 7 0.500070 30 0.499930
  30 18.111971 40.335625 4.505306 -0.859739 0.473817 0.190647 0.097584 0.513319 1 30 1.000000
engineer_handL
  30 17.757504 39.701138 4.910253 -0.880749 0.467937 0.072912 0.074817 0.541787 1 30 1.000000
  30 18.111971 40.335625 4.505306 -0.859739 0.473817 0.190647 0.097584 0.513319 1 30 1.000000
  7 17.936066 39.550770 3.601551 -0.969338 0.086977 -0.229823 0.067777 0.496884 2 7 0.500070 30 0.499930
engineer_handL
  30 17.757504 39.701138 4.910253 -0.880749 0.467937 0.072912 0.074817 0.541787 1 30 1.000000
  7 17.936066 39.550770 3.601551 -0.969338 0.086977 -0.229823 0.067777 0.496884 2 7 0.500070 30 0.499930
  30 17.696571 38.856365 4.100825 -0.948948 0.033130 -0.313689 0.046186 0.527999 1 30 1.000000
engineer_handL
  30 17.419670 38.155045 5.035984 -0.963494 -0.107152 -0.245351 0.031517 0.575646 2 30 0.807151 32 0.192849
  30 17.757504 39.701138 4.910253 -0.880749 0.467937 0.072912 0.074817 0.541787 1 30 1.000000
  30 17.696571 38.856365 4.100825 -0.948948 0.033130 -0.313689 0.046186 0.527999 1 30 1.000000
engineer_handL
  30 17.419670 38.155045 5.035984 -0.963494 -0.107152 -0.245351 0.031517 0.575646 2 30 0.807151 32 0.192849
  30 17.476414 38.965416 5.710052 -0.929353 0.363670 0.063619 0.054697 0.587297 2 30 0.893614 32 0.106386
  30 17.757504 39.701138 4.910253 -0.880749 0.467937 0.072912 0.074817 0.541787 1 30 1.000000
engineer_handL
  30 17.476414 38.965416 5.710052 -0.929353 0.363670 0.063619 0.054697 0.587297 2 30 0.893614 32 0.106386
  30 17.419670 38.155045 5.035984 -0.963494 -0.107152 -0.245351 0.031517 0.575646 2 30 0.807151 32 0.192849
  30 17.380417 37.833210 5.622859 -0.964341 -0.216699 -0.151949 0.029450 0.600873 2 30 0.654643 32 0.345357
engineer_handL
  30 17.476414 38.965416 5.710052 -0.929353 0.363670 0.063619 0.054697 0.587297 2 30 0.893614 32 0.106386
  30 17.380417 37.833210 5.622859 -0.964341 -0.216699 -0.151949 0.029450 0.600873 2 30 0.654643 32 0.345357
  30 17.387817 38.550049 6.262882 -0.960980 0.256193 0.104321 0.050401 0.612485 2 30 0.699617 32 0.300383
engineer_handL
  30 17.387817 38.550049 6.262882 -0.960980 0.256193 0.104321 0.050401 0.612485 2 30 0.699617 32 0.300383
  30 17.380417 37.833210 5.622859 -0.964341 -0.216699 -0.151949 0.029450 0.600873 2 30 0.654643 32 0.345357
  30 17.386065 37.636963 6.002890 -0.959253 -0.252024 -0.127739 0.028394 0.625090 2 30 0.549482 32 0.450518
engineer_handL
  30 18.689291 40.597786 4.989055 -0.493197 0.678345 0.544614 0.131669 0.525764 1 30 1.000000
  7 18.820461 41.243904 4.423161 -0.503670 0.520476 0.689508 0.143171 0.497743 2 7 0.758600 5 0.241400
  7 18.323725 40.964649 4.069727 -0.856055 0.310094 0.413535 0.111249 0.486812 2 7 0.758600 5 0.241400
engineer_handL
  30 18.689291 40.597786 4.989055 -0.493197 0.678345 0.544614 0.131669 0.525764 1 30 1.000000
  7 18.323725 40.964649 4.069727 -0.856055 0.310094 0.413535 0.111249 0.486812 2 7 0.758600 5 0.241400
  30 18.111971 40.335625 4.505306 -0.859739 0.473817 0.190647 0.097584 0.513319 1 30 1.000000
engineer_handL
  30 18.085110 39.915489 5.249603 -0.609711 0.689226 0.391433 0.089906 0.548247 1 30 1.000000
  30 18.689291 40.597786 4.989055 -0.493197 0.678345 0.544614 0.131669 0.525764 1 30 1.000000
  30 18.111971 40.335625 4.505306 -0.859739 0.473817 0.190647 0.097584 0.513319 1 30 1.000000
engineer_handL
  30 18.085110 39.915489 5.249603 -0.609711 0.689226 0.391433 0.089906 0.548247 1 30 1.000000
  30 18.111971 40.335625 4.505306 -0.859739 0.473817 0.190647 0.097584 0.513319 1 30 1.000000
  30 17.757504 39.701138 4.910253 -0.880749 0.467937 0.072912 0.074817 0.541787 1 30 1.000000
engineer_handL
  30 17.757334 39.261509 6.030281 -0.667840 0.666719 0.330870 0.075647 0.594587 2 30 0.909552 32 0.090448
  30 18.085110 39.915489 5.249603 -0.609711 0.689226 0.391433 0.089906 0.548247 1 30 1.000000
  30 17.757504 39.701138 4.910253 -0.880749 0.467937 0.072912 0.074817 0.541787 1 30 1.000000
engineer_handL
  30 17.757334 39.261509 6.030281 -0.667840 0.666719 0.330870 0.075647 0.594587 2 30 0.909552 32 0.090448
  30 17.757504 39.701138 4.910253 -0.880749 0.467937 0.072912 0.074817 0.541787 1 30 1.000000
  30 17.476414 38.965416 5.710052 -0.929353 0.363670 0.063619 0.054697 0.587297 2 30 0.893614 32 0.106386
engineer_handL
  30 17.476414 38.965416 5.710052 -0.929353 0.363670 0.063619 0.054697 0.587297 2 30 0.893614 32 0.106386
  30 17.637911 38.897930 6.524995 -0.710094 0.607020 0.356780 0.068522 0.618304 2 30 0.729120 32 0.270880
  30 17.757334 39.261509 6.030281 -0.667840 0.666719 0.330870 0.075647 0.594587 2 30 0.909552 32 0.090448
engineer_handL
  30 17.476414 38.965416 5.710052 -0.929353 0.363670 0.063619 0.054697 0.587297 2 30 0.893614 32 0.106386
  30 17.387817 38.550049 6.262882 -0.960980 0.256193 0.104321 0.050401 0.612485 2 30 0.699617 32 0.300383
  30 17.637911 38.897930 6.524995 -0.710094 0.607020 0.356780 0.068522 0.618304 2 30 0.729120 32 0.270880
engineer_handL
  30 17.637911 38.897930 6.524995 -0.710094 0.607020 0.356780 0.068522 0.618304 2 30 0.729120 32 0.270880
  30 17.387817 38.550049 6.262882 -0.960980 0.256193 0.104321 0.050401 0.612485 2 30 0.699617 32 0.300383
  30 17.375618 38.253456 6.614696 -0.967893 0.164828 0.189776 0.045824 0.633210 2 30 0.545598 32 0.454402
engineer_handL
  30 17.387817 38.550049 6.262882 -0.960980 0.256193 0.104321 0.050401 0.612485 2 30 0.699617 32 0.300383
  30 17.386065 37.636963 6.002890 -0.959253 -0.252024 -0.127739 0.028394 0.625090 2 30 0.549482 32 0.450518
  30 17.375618 38.253456 6.614696 -0.967893 0.164828 0.189776 0.045824 0.633210 2 30 0.545598 32 0.454402
engineer_handL
  30 17.375618 38.253456 6.614696 -0.967893 0.164828 0.189776 0.045824 0.633210 2 30 0.545598 32 0.454402
  30 17.386065 37.636963 6.002890 -0.959253 -0.252024 -0.127739 0.028394 0.625090 2 30 0.549482 32 0.450518
  32 17.386417 37.227386 6.595582 -0.965714 -0.179102 -0.187934 0.020861 0.656982 2 32 0.860392 34 0.139608
engineer_handL
  30 17.375618 38.253456 6.614696 -0.967893 0.164828 0.189776 0.045824 0.633210 2 30 0.545598 32 0.454402
  32 17.386417 37.227386 6.595582 -0.965714 -0.179102 -0.187934 0.020861 0.656982 2 32 0.860392 34 0.139608
  32 17.434212 37.730988 7.127342 -0.944183 0.200443 0.261420 0.040833 0.661866 1 32 1.000000
engineer_handL
  32 17.386417 37.227386 6.595582 -0.965714 -0.179102 -0.187934 0.020861 0.656982 2 32 0.860392 34 0.139608
  32 17.422417 37.410431 7.391854 -0.913495 0.292211 0.283088 0.035906 0.676215 2 32 0.825236 34 0.174764
  32 17.434212 37.730988 7.127342 -0.944183 0.200443 0.261420 0.040833 0.661866 1 32 1.000000
engineer_handL
  32 17.616417 37.857349 7.311107 -0.697119 0.380750 0.607498 0.049442 0.665876 1 32 1.000000
  32 17.434212 37.730988 7.127342 -0.944183 0.200443 0.261420 0.040833 0.661866 1 32 1.000000
  32 17.422417 37.410431 7.391854 -0.913495 0.292211 0.283088 0.035906 0.676215 2 32 0.825236 34 0.174764
engineer_handL
  32 17.616417 37.857349 7.311107 -0.697119 0.380750 0.607498 0.049442 0.665876 1 32 1.000000
  32 17.422417 37.410431 7.391854 -0.913495 0.292211 0.283088 0.035906 0.676215 2 32 0.825236 34 0.174764
  32 17.591896 37.516460 7.549728 -0.634921 0.462630 0.618747 0.043670 0.679937 2 32 0.854716 34 0.145284
engineer_handL
  32 17.616417 37.857349 7.311107 -0.697119 0.380750 0.607498 0.049442 0.665876 1 32 1.000000
  32 17.591896 37.516460 7.549728 -0.634921 0.462630 0.618747 0.043670 0.679937 2 32 0.854716 34 0.145284
  32 18.054346 37.708210 7.747620 -0.247983 0.529077 0.811531 0.062978 0.686439 2 32 0.893892 34 0.106108
engineer_handL
  32 18.003515 37.102318 8.101608 -0.247983 0.529077 0.811531 0.050575 0.710064 2 32 0.598404 34 0.401596
  32 18.054346 37.708210 7.747620 -0.247983 0.529077 0.811531 0.062978 0.686439 2 32 0.893892 34 0.106108
  32 17.591896 37.516460 7.549728 -0.634921 0.462630 0.618747 0.043670 0.679937 2 32 0.854716 34 0.145284
engineer_handL
  32 18.003515 37.102318 8.101608 -0.247983 0.529077 0.811531 0.050575 0.710064 2 32 0.598404 34 0.401596
  32 17.591896 37.516460 7.549728 -0.634921 0.462630 0.618747 0.043670 0.679937 2 32 0.854716 34 0.145284
  32 17.541836 36.957146 7.958562 -0.586123 0.473606 0.657386 0.033466 0.704002 2 32 0.543236 34 0.456764
engineer_handL
  32 17.616417 37.857349 7.311107 -0.697119 0.380750 0.607498 0.049442 0.665876 1 32 1.000000
  32 18.054346 37.708210 7.747620 -0.247983 0.529077 0.811531 0.062978 0.686439 2 32 0.893892 34 0.106108
  32 18.072931 38.110905 7.551359 -0.279361 0.446858 0.849868 0.070079 0.672511 1 32 1.000000
engineer_handL
  30 17.584604 38.533920 6.965427 -0.724602 0.439615 0.530745 0.061903 0.639755 2 30 0.530605 32 0.469395
  32 17.616417 37.857349 7.311107 -0.697119 0.380750 0.607498 0.049442 0.665876 1 32 1.000000
  32 18.072931 38.110905 7.551359 -0.279361 0.446858 0.849868 0.070079 0.672511 1 32 1.000000
engineer_handL
  30 17.584604 38.533920 6.965427 -0.724602 0.439615 0.530745 0.061903 0.639755 2 30 0.530605 32 0.469395
  32 17.434212 37.730988 7.127342 -0.944183 0.200443 0.261420 0.040833 0.661866 1 32 1.000000
  32 17.616417 37.857349 7.311107 -0.697119 0.380750 0.607498 0.049442 0.665876 1 32 1.000000
engineer_handL
  30 17.584604 38.533920 6.965427 -0.724602 0.439615 0.530745 0.061903 0.639755 2 30 0.530605 32 0.469395
  30 17.375618 38.253456 6.614696 -0.967893 0.164828 0.189776 0.045824 0.633210 2 30 0.545598 32 0.454402
  32 17.434212 37.730988 7.127342 -0.944183 0.200443 0.261420 0.040833 0.661866 1 32 1.000000
engineer_handL
  30 17.637911 38.897930 6.524995 -0.710094 0.607020 0.356780 0.068522 0.618304 2 30 0.729120 32 0.270880
  30 17.375618 38.253456 6.614696 -0.967893 0.164828 0.189776 0.045824 0.633210 2 30 0.545598 32 0.454402
  30 17.584604 38.533920 6.965427 -0.724602 0.439615 0.530745 0.061903 0.639755 2 30 0.530605 32 0.469395
engineer_handL
  30 18.130808 38.762154 7.237222 -0.298316 0.591072 0.749427 0.082812 0.646978 2 30 0.533092 32 0.466908
  30 17.637911 38.897930 6.524995 -0.710094 0.607020 0.356780 0.068522 0.618304 2 30 0.729120 32 0.270880
  30 17.584604 38.533920 6.965427 -0.724602 0.439615 0.530745 0.061903 0.639755 2 30 0.530605 32 0.469395
engineer_handL
  30 18.130808 38.762154 7.237222 -0.298316 0.591072 0.749427 0.082812 0.646978 2 30 0.533092 32 0.466908
  30 18.224323 39.152748 6.781737 -0.316399 0.766791 0.558500 0.091823 0.624861 2 30 0.743893 32 0.256107
  30 17.637911 38.897930 6.524995 -0.710094 0.607020 0.356780 0.068522 0.618304 2 30 0.729120 32 0.270880
engineer_handL
  30 17.757334 39.261509 6.030281 -0.667840 0.666719 0.330870 0.075647 0.594587 2 30 0.909552 32 0.090448
  30 17.637911 38.897930 6.524995 -0.710094 0.607020 0.356780 0.068522 0.618304 2 30 0.729120 32 0.270880
  30 18.224323 39.152748 6.781737 -0.316399 0.766791 0.558500 0.091823 0.624861 2 30 0.743893 32 0.256107
engineer_handL
  30 17.757334 39.261509 6.030281 -0.667840 0.666719 0.330870 0.075647 0.594587 2 30 0.909552 32 0.090448
  30 18.224323 39.152748 6.781737 -0.316399 0.766791 0.558500 0.091823 0.624861 2 30 0.743893 32 0.256107
  30 18.355408 39.505337 6.280909 -0.361929 0.775812 0.516840 0.100663 0.602420 1 30 1.000000
engineer_handL
  30 18.355408 39.505337 6.280909 -0.361929 0.775812 0.516840 0.100663 0.602420 1 30 1.000000
  30 18.085110 39.915489 5.249603 -0.609711 0.689226 0.391433 0.089906 0.548247 1 30 1.000000
  30 17.757334 39.261509 6.030281 -0.667840 0.666719 0.330870 0.075647 0.594587 2 30 0.909552 32 0.090448
engineer_handL
  30 18.355408 39.505337 6.280909 -0.361929 0.775812 0.516840 0.100663 0.602420 1 30 1.000000
  30 18.518938 40.045704 5.582486 -0.418257 0.741963 0.523976 0.115696 0.565112 1 30 1.000000
  30 18.085110 39.915489 5.249603 -0.609711 0.689226 0.391433 0.089906 0.548247 1 30 1.000000
engineer_handL
  30 18.518938 40.045704 5.582486 -0.418257 0.741963 0.523976 0.115696 0.565112 1 30 1.000000
  30 18.689291 40.597786 4.989055 -0.493197 0.678345 0.544614 0.131669 0.525764 1 30 1.000000
  30 18.085110 39.915489 5.249603 -0.609711 0.689226 0.391433 0.089906 0.548247 1 30 1.000000
engineer_handL
  30 17.584604 38.533920 6.965427 -0.724602 0.439615 0.530745 0.061903 0.639755 2 30 0.530605 32 0.469395
  32 18.072931 38.110905 7.551359 -0.279361 0.446858 0.849868 0.070079 0.672511 1 32 1.000000
  30 18.130808 38.762154 7.237222 -0.298316 0.591072 0.749427 0.082812 0.646978 2 30 0.533092 32 0.466908
engineer_handL
  30 18.855061 38.814354 7.207930 0.147218 0.513715 0.845236 0.104307 0.652441 2 30 0.565214 32 0.434786
  30 18.224323 39.152748 6.781737 -0.316399 0.766791 0.558500 0.091823 0.624861 2 30 0.743893 32 0.256107
  30 18.130808 38.762154 7.237222 -0.298316 0.591072 0.749427 0.082812 0.646978 2 30 0.533092 32 0.466908
engineer_handL
  30 18.855061 38.814354 7.207930 0.147218 0.513715 0.845236 0.104307 0.652441 2 30 0.565214 32 0.434786
  30 18.933640 39.241688 6.786020 -0.032108 0.690148 0.722956 0.115662 0.630142 2 30 0.751859 32 0.248141
  30 18.224323 39.152748 6.781737 -0.316399 0.766791 0.558500 0.091823 0.624861 2 30 0.743893 32 0.256107
engineer_handL
  30 18.355408 39.505337 6.280909 -0.361929 0.775812 0.516840 0.100663 0.602420 1 30 1.000000
  30 18.224323 39.152748 6.781737 -0.316399 0.766791 0.558500 0.091823 0.624861 2 30 0.743893 32 0.256107
  30 18.933640 39.241688 6.786020 -0.032108 0.690148 0.722956 0.115662 0.630142 2 30 0.751859 32 0.248141
engineer_handL
  30 18.355408 39.505337 6.280909 -0.361929 0.775812 0.516840 0.100663 0.602420 1 30 1.000000
  30 18.933640 39.241688 6.786020 -0.032108 0.690148 0.722956 0.115662 0.630142 2 30 0.751859 32 0.248141
  30 19.022223 39.628525 6.329455 -0.156789 0.752964 0.639111 0.125625 0.608614 2 30 0.890447 32 0.109553
engineer_handL
  30 19.022223 39.628525 6.329455 -0.156789 0.752964 0.639111 0.125625 0.608614 2 30 0.890447 32 0.109553
  30 18.518938 40.045704 5.582486 -0.418257 0.741963 0.523976 0.115696 0.565112 1 30 1.000000
  30 18.355408 39.505337 6.280909 -0.361929 0.775812 0.516840 0.100663 0.602420 1 30 1.000000
engineer_handL
  30 19.022223 39.628525 6.329455 -0.156789 0.752964 0.639111 0.125625 0.608614 2 30 0.890447 32 0.109553
  30 19.088053 40.333183 5.569254 -0.293685 0.735056 0.611098 0.149259 0.566334 1 30 1.000000
  30 18.518938 40.045704 5.582486 -0.418257 0.741963 0.523976 0.115696 0.565112 1 30 1.000000
engineer_handL
  30 18.518938 40.045704 5.582486 -0.418257 0.741963 0.523976 0.115696 0.565112 1 30 1.000000
  30 19.088053 40.333183 5.569254 -0.293685 0.735056 0.611098 0.149259 0.566334 1 30 1.000000
  30 18.689291 40.597786 4.989055 -0.493197 0.678345 0.544614 0.131669 0.525764 1 30 1.000000
engineer_handL
  30 19.088053 40.333183 5.569254 -0.293685 0.735056 0.611098 0.149259 0.566334 1 30 1.000000
  30 19.513157 40.898182 5.104179 -0.185182 0.705469 0.684121 0.168390 0.537634 1 30 1.000000
  30 18.689291 40.597786 4.989055 -0.493197 0.678345 0.544614 0.131669 0.525764 1 30 1.000000
engineer_handL
  30 19.513157 40.898182 5.104179 -0.185182 0.705469 0.684121 0.168390 0.537634 1 30 1.000000
  7 18.820461 41.243904 4.423161 -0.503670 0.520476 0.689508 0.143171 0.497743 2 7 0.758600 5 0.241400
  30 18.689291 40.597786 4.989055 -0.493197 0.678345 0.544614 0.131669 0.525764 1 30 1.000000
engineer_handL
  30 19.513157 40.898182 5.104179 -0.185182 0.705469 0.684121 0.168390 0.537634 1 30 1.000000
  7 19.608894 41.452099 4.612993 -0.179499 0.603368 0.776999 0.181319 0.509554 2 7 0.758443 5 0.241557
  7 18.820461 41.243904 4.423161 -0.503670 0.520476 0.689508 0.143171 0.497743 2 7 0.758600 5 0.241400
engineer_handL
  7 19.608894 41.452099 4.612993 -0.179499 0.603368 0.776999 0.181319 0.509554 2 7 0.758443 5 0.241557
  5 18.735964 41.966053 3.986248 -0.451903 0.340684 0.824450 0.153158 0.461023 2 5 0.876664 7 0.123336
  7 18.820461 41.243904 4.423161 -0.503670 0.520476 0.689508 0.143171 0.497743 2 7 0.758600 5 0.241400
engineer_handL
  7 19.608894 41.452099 4.612993 -0.179499 0.603368 0.776999 0.181319 0.509554 2 7 0.758443 5 0.241557
  5 19.480871 42.194969 4.120377 -0.143198 0.473973 0.868818 0.189743 0.469979 2 5 0.876768 7 0.123232
  5 18.735964 41.966053 3.986248 -0.451903 0.340684 0.824450 0.153158 0.461023 2 5 0.876664 7 0.123336
engineer_handL
  5 19.187164 43.058460 3.679867 -0.062616 0.410356 0.909773 0.193617 0.418902 2 5 0.818213 3 0.181787
  5 18.735964 41.966053 3.986248 -0.451903 0.340684 0.824450 0.153158 0.461023 2 5 0.876664 7 0.123336
  5 19.480871 42.194969 4.120377 -0.143198 0.473973 0.868818 0.189743 0.469979 2 5 0.876768 7 0.123232
engineer_handL
  5 20.018133 43.214527 3.541862 0.195352 0.523772 0.829157 0.234139 0.423121 2 5 0.818221 3 0.181779
  5 19.187164 43.058460 3.679867 -0.062616 0.410356 0.909773 0.193617 0.418902 2 5 0.818213 3 0.181787
  5 19.480871 42.194969 4.120377 -0.143198 0.473973 0.868818 0.189743 0.469979 2 5 0.876768 7 0.123232
engineer_handL
  5 19.187164 43.058460 3.679867 -0.062616 0.410356 0.909773 0.193617 0.418902 2 5 0.818213 3 0.181787
  5 20.018133 43.214527 3.541862 0.195352 0.523772 0.829157 0.234139 0.423121 2 5 0.818221 3 0.181779
  11 19.067823 45.257454 2.549364 0.312592 0.489977 0.813762 0.235198 0.304954 2 11 0.674583 3 0.325417
engineer_handL
  5 20.712458 43.327324 3.200846 0.455582 0.585598 0.670463 0.269033 0.424730 2 5 0.818222 3 0.181778
  11 19.067823 45.257454 2.549364 0.312592 0.489977 0.813762 0.235198 0.304954 2 11 0.674583 3 0.325417
  5 20.018133 43.214527 3.541862 0.195352 0.523772 0.829157 0.234139 0.423121 2 5 0.818221 3 0.181779
engineer_handL
  5 20.712458 43.327324 3.200846 0.455582 0.585598 0.670463 0.269033 0.424730 2 5 0.818222 3 0.181778
  11 19.706375 45.389057 2.096078 0.517336 0.550933 0.654856 0.270125 0.303411 2 11 0.674584 3 0.325416
  11 19.067823 45.257454 2.549364 0.312592 0.489977 0.813762 0.235198 0.304954 2 11 0.674583 3 0.325417
engineer_handL
  5 21.259300 43.280041 2.661741 0.683524 0.576353 0.447898 0.300498 0.425393 2 5 0.818223 3 0.181777
  11 19.706375 45.389057 2.096078 0.517336 0.550933 0.654856 0.270125 0.303411 2 11 0.674584 3 0.325416
  5 20.712458 43.327324 3.200846 0.455582 0.585598 0.670463 0.269033 0.424730 2 5 0.818222 3 0.181778
engineer_handL
  36 20.281698 40.953651 5.115664 0.024773 0.699767 0.713942 0.196920 0.547696 1 36 1.000000
  7 19.608894 41.452099 4.612993 -0.179499 0.603368 0.776999 0.181319 0.509554 2 7 0.758443 5 0.241557
  30 19.513157 40.898182 5.104179 -0.185182 0.705469 0.684121 0.168390 0.537634 1 30 1.000000
engineer_handL
  36 20.281698 40.953651 5.115664 0.024773 0.699767 0.713942 0.196920 0.547696 1 36 1.000000
  5 20.647430 41.399506 4.685813 0.174543 0.627877 0.758489 0.224483 0.530009 2 5 0.544600 7 0.455400
  7 19.608894 41.452099 4.612993 -0.179499 0.603368 0.776999 0.181319 0.509554 2 7 0.758443 5 0.241557
engineer_handL
  5 20.412169 42.306061 4.070982 0.150098 0.550709 0.821091 0.232451 0.477164 2 5 0.876770 7 0.123230
  7 19.608894 41.452099 4.612993 -0.179499 0.603368 0.776999 0.181319 0.509554 2 7 0.758443 5 0.241557
  5 20.647430 41.399506 4.685813 0.174543 0.627877 0.758489 0.224483 0.530009 2 5 0.544600 7 0.455400
engineer_handL
  5 20.412169 42.306061 4.070982 0.150098 0.550709 0.821091 0.232451 0.477164 2 5 0.876770 7 0.123230
  5 19.480871 42.194969 4.120377 -0.143198 0.473973 0.868818 0.189743 0.469979 2 5 0.876768 7 0.123232
  7 19.608894 41.452099 4.612993 -0.179499 0.603368 0.776999 0.181319 0.509554 2 7 0.758443 5 0.241557
engineer_handL
  5 20.018133 43.214527 3.541862 0.195352 0.523772 0.829157 0.234139 0.423121 2 5 0.818221 3 0.181779
  5 19.480871 42.194969 4.120377 -0.143198 0.473973 0.868818 0.189743 0.469979 2 5 0.876768 7 0.123232
  5 20.412169 42.306061 4.070982 0.150098 0.550709 0.821091 0.232451 0.477164 2 5 0.876770 7 0.123230
engineer_handL
  5 20.412169 42.306061 4.070982 0.150098 0.550709 0.821091 0.232451 0.477164 2 5 0.876770 7 0.123230
  5 20.712458 43.327324 3.200846 0.455582 0.585598 0.670463 0.269033 0.424730 2 5 0.818222 3 0.181778
  5 20.018133 43.214527 3.541862 0.195352 0.523772 0.829157 0.234139 0.423121 2 5 0.818221 3 0.181779
engineer_handL
  32 19.039856 38.029110 7.429100 0.475456 0.155835 0.865827 0.102441 0.687262 1 32 1.000000
  30 18.855061 38.814354 7.207930 0.147218 0.513715 0.845236 0.104307 0.652441 2 30 0.565214 32 0.434786
  32 18.656733 38.110565 7.522266 0.168636 0.402849 0.899597 0.095374 0.681334 1 32 1.000000
engineer_handL
  32 19.039856 38.029110 7.429100 0.475456 0.155835 0.865827 0.102441 0.687262 1 32 1.000000
  30 19.444668 38.671555 7.059671 0.256191 0.284124 0.923926 0.116793 0.659009 2 30 0.571800 32 0.428200
  30 18.855061 38.814354 7.207930 0.147218 0.513715 0.845236 0.104307 0.652441 2 30 0.565214 32 0.434786
engineer_handL
  30 19.444668 38.671555 7.059671 0.256191 0.284124 0.923926 0.116793 0.659009 2 30 0.571800 32 0.428200
  30 18.933640 39.241688 6.786020 -0.032108 0.690148 0.722956 0.115662 0.630142 2 30 0.751859 32 0.248141
  30 18.855061 38.814354 7.207930 0.147218 0.513715 0.845236 0.104307 0.652441 2 30 0.565214 32 0.434786
engineer_handL
  30 19.444668 38.671555 7.059671 0.256191 0.284124 0.923926 0.116793 0.659009 2 30 0.571800 32 0.428200
  30 19.500324 39.248646 6.769907 0.100920 0.581560 0.807220 0.130105 0.637751 2 30 0.708800 32 0.291200
  30 18.933640 39.241688 6.786020 -0.032108 0.690148 0.722956 0.115662 0.630142 2 30 0.751859 32 0.248141
engineer_handL
  30 19.022223 39.628525 6.329455 -0.156789 0.752964 0.639111 0.125625 0.608614 2 30 0.890447 32 0.109553
  30 18.933640 39.241688 6.786020 -0.032108 0.690148 0.722956 0.115662 0.630142 2 30 0.751859 32 0.248141
  30 19.500324 39.248646 6.769907 0.100920 0.581560 0.807220 0.130105 0.637751 2 30 0.708800 32 0.291200
engineer_handL
  30 19.022223 39.628525 6.329455 -0.156789 0.752964 0.639111 0.125625 0.608614 2 30 0.890447 32 0.109553
  30 19.500324 39.248646 6.769907 0.100920 0.581560 0.807220 0.130105 0.637751 2 30 0.708800 32 0.291200
  30 19.587542 39.687473 6.377876 -0.032108 0.690148 0.722956 0.140157 0.615702 2 30 0.827783 32 0.172218
engineer_handL
  30 19.088053 40.333183 5.569254 -0.293685 0.735056 0.611098 0.149259 0.566334 1 30 1.000000
  30 19.022223 39.628525 6.329455 -0.156789 0.752964 0.639111 0.125625 0.608614 2 30 0.890447 32 0.109553
  30 19.587542 39.687473 6.377876 -0.032108 0.690148 0.722956 0.140157 0.615702 2 30 0.827783 32 0.172218
engineer_handL
  30 19.587542 39.687473 6.377876 -0.032108 0.690148 0.722956 0.140157 0.615702 2 30 0.827783 32 0.172218
  30 19.500324 39.248646 6.769907 0.100920 0.581560 0.807220 0.130105 0.637751 2 30 0.708800 32 0.291200
  36 20.442745 39.260605 6.587641 0.150098 0.550709 0.821091 0.168908 0.645071 2 36 0.667610 38 0.332390
engineer_handL
  36 20.442745 39.260605 6.587641 0.150098 0.550709 0.821091 0.168908 0.645071 2 36 0.667610 38 0.332390
  36 20.362835 38.787247 6.819346 0.119507 0.367038 0.922497 0.160313 0.662925 2 36 0.572485 38 0.427515
  36 21.667723 38.798939 6.765472 0.241523 0.549086 0.800107 0.213384 0.685961 2 36 0.542471 38 0.457529
engineer_handL
  36 20.362835 38.787247 6.819346 0.119507 0.367038 0.922497 0.160313 0.662925 2 36 0.572485 38 0.427515
  36 20.442745 39.260605 6.587641 0.150098 0.550709 0.821091 0.168908 0.645071 2 36 0.667610 38 0.332390
  30 19.500324 39.248646 6.769907 0.100920 0.581560 0.807220 0.130105 0.637751 2 30 0.708800 32 0.291200
engineer_handL
  36 20.362835 38.787247 6.819346 0.119507 0.367038 0.922497 0.160313 0.662925 2 36 0.572485 38 0.427515
  30 19.500324 39.248646 6.769907 0.100920 0.581560 0.807220 0.130105 0.637751 2 30 0.708800 32 0.291200
  30 19.444668 38.671555 7.059671 0.256191 0.284124 0.923926 0.116793 0.659009 2 30 0.571800 32 0.428200
engineer_handL
  36 21.099552 40.601589 5.231761 0.367184 0.629463 0.684800 0.229562 0.581954 2 36 0.917111 11 0.082890
  5 21.472313 41.459770 4.246228 0.517336 0.550933 0.654856 0.265188 0.530931 2 5 0.544600 7 0.455400
  5 20.647430 41.399506 4.685813 0.174543 0.627877 0.758489 0.224483 0.530009 2 5 0.544600 7 0.455400
engineer_handL
  5 20.412169 42.306061 4.070982 0.150098 0.550709 0.821091 0.232451 0.477164 2 5 0.876770 7 0.123230
  5 20.647430 41.399506 4.685813 0.174543 0.627877 0.758489 0.224483 0.530009 2 5 0.544600 7 0.455400
  5 21.472313 41.459770 4.246228 0.517336 0.550933 0.654856 0.265188 0.530931 2 5 0.544600 7 0.455400
engineer_handL
  5 20.412169 42.306061 4.070982 0.150098 0.550709 0.821091 0.232451 0.477164 2 5 0.876770 7 0.123230
  5 21.472313 41.459770 4.246228 0.517336 0.550933 0.654856 0.265188 0.530931 2 5 0.544600 7 0.455400
  5 21.163671 42.389919 3.742484 0.455582 0.585598 0.670463 0.267481 0.479142 2 5 0.876768 7 0.123232
engineer_handL
  5 20.412169 42.306061 4.070982 0.150098 0.550709 0.821091 0.232451 0.477164 2 5 0.876770 7 0.123230
  5 21.163671 42.389919 3.742484 0.455582 0.585598 0.670463 0.267481 0.479142 2 5 0.876768 7 0.123232
  5 20.712458 43.327324 3.200846 0.455582 0.585598 0.670463 0.269033 0.424730 2 5 0.818222 3 0.181778
engineer_handL
  5 21.259300 43.280041 2.661741 0.683524 0.576353 0.447898 0.300498 0.425393 2 5 0.818223 3 0.181777
  5 20.712458 43.327324 3.200846 0.455582 0.585598 0.670463 0.269033 0.424730 2 5 0.818222 3 0.181778
  5 21.163671 42.389919 3.742484 0.455582 0.585598 0.670463 0.267481 0.479142 2 5 0.876768 7 0.123232
engineer_handL
  5 21.259300 43.280041 2.661741 0.683524 0.576353 0.447898 0.300498 0.425393 2 5 0.818223 3 0.181777
  5 21.163671 42.389919 3.742484 0.455582 0.585598 0.670463 0.267481 0.479142 2 5 0.876768 7 0.123232
  5 21.760345 42.316414 3.185895 0.723374 0.518981 0.455400 0.301744 0.480750 2 5 0.876772 7 0.123229
engineer_handL
  5 21.760345 42.316414 3.185895 0.723374 0.518981 0.455400 0.301744 0.480750 2 5 0.876772 7 0.123229
  5 21.651379 43.118290 2.012099 0.825084 0.520644 0.219467 0.333218 0.425897 2 5 0.818223 3 0.181778
  5 21.259300 43.280041 2.661741 0.683524 0.576353 0.447898 0.300498 0.425393 2 5 0.818223 3 0.181777
engineer_handL
  5 22.018803 41.348572 3.678009 0.778000 0.431961 0.456208 0.298541 0.531473 2 5 0.544600 7 0.455400
  5 21.760345 42.316414 3.185895 0.723374 0.518981 0.455400 0.301744 0.480750 2 5 0.876772 7 0.123229
  5 21.163671 42.389919 3.742484 0.455582 0.585598 0.670463 0.267481 0.479142 2 5 0.876768 7 0.123232
engineer_handL
  5 22.018803 41.348572 3.678009 0.778000 0.431961 0.456208 0.298541 0.531473 2 5 0.544600 7 0.455400
  5 21.163671 42.389919 3.742484 0.455582 0.585598 0.670463 0.267481 0.479142 2 5 0.876768 7 0.123232
  5 21.472313 41.459770 4.246228 0.517336 0.550933 0.654856 0.265188 0.530931 2 5 0.544600 7 0.455400
engineer_handL
  36 22.230299 40.382774 4.151989 0.810020 0.444027 0.383024 0.296281 0.582515 2 36 0.917087 11 0.082914
  5 22.018803 41.348572 3.678009 0.778000 0.431961 0.456208 0.298541 0.531473 2 5 0.544600 7 0.455400
  5 21.472313 41.459770 4.246228 0.517336 0.550933 0.654856 0.265188 0.530931 2 5 0.544600 7 0.455400
engineer_handL
  36 22.230299 40.382774 4.151989 0.810020 0.444027 0.383024 0.296281 0.582515 2 36 0.917087 11 0.082914
  5 21.472313 41.459770 4.246228 0.517336 0.550933 0.654856 0.265188 0.530931 2 5 0.544600 7 0.455400
  36 21.744474 40.547970 4.786984 0.609151 0.567842 0.553616 0.262267 0.582290 2 36 0.917112 11 0.082888
engineer_handL
  36 21.099552 40.601589 5.231761 0.367184 0.629463 0.684800 0.229562 0.581954 2 36 0.917111 11 0.082890
  36 21.744474 40.547970 4.786984 0.609151 0.567842 0.553616 0.262267 0.582290 2 36 0.917112 11 0.082888
  5 21.472313 41.459770 4.246228 0.517336 0.550933 0.654856 0.265188 0.530931 2 5 0.544600 7 0.455400
engineer_handL
  36 21.099552 40.601589 5.231761 0.367184 0.629463 0.684800 0.229562 0.581954 2 36 0.917111 11 0.082890
  36 22.099760 39.666836 5.338647 0.655356 0.587678 0.474493 0.259958 0.635145 2 36 0.905365 38 0.094635
  36 21.744474 40.547970 4.786984 0.609151 0.567842 0.553616 0.262267 0.582290 2 36 0.917112 11 0.082888
engineer_handL
  36 21.099552 40.601589 5.231761 0.367184 0.629463 0.684800 0.229562 0.581954 2 36 0.917111 11 0.082890
  36 21.444862 39.778290 5.896671 0.393890 0.642336 0.657461 0.224134 0.632966 2 36 0.866593 38 0.133407
  36 22.099760 39.666836 5.338647 0.655356 0.587678 0.474493 0.259958 0.635145 2 36 0.905365 38 0.094635
engineer_handL
  36 21.444862 39.778290 5.896671 0.393890 0.642336 0.657461 0.224134 0.632966 2 36 0.866593 38 0.133407
  36 22.285099 39.229504 5.669460 0.683524 0.576353 0.447898 0.257773 0.660143 2 36 0.817640 38 0.182360
  36 22.099760 39.666836 5.338647 0.655356 0.587678 0.474493 0.259958 0.635145 2 36 0.905365 38 0.094635
engineer_handL
  36 21.444862 39.778290 5.896671 0.393890 0.642336 0.657461 0.224134 0.632966 2 36 0.866593 38 0.133407
  36 21.611269 39.287731 6.296237 0.367184 0.629463 0.684801 0.218614 0.660755 2 36 0.744581 38 0.255419
  36 22.285099 39.229504 5.669460 0.683524 0.576353 0.447898 0.257773 0.660143 2 36 0.817640 38 0.182360
engineer_handL
  36 22.423866 38.810883 6.027055 0.691422 0.591737 0.414467 0.255941 0.680455 2 36 0.655560 38 0.344440
  36 22.285099 39.229504 5.669460 0.683524 0.576353 0.447898 0.257773 0.660143 2 36 0.817640 38 0.182360
  36 21.611269 39.287731 6.296237 0.367184 0.629463 0.684801 0.218614 0.660755 2 36 0.744581 38 0.255419
engineer_handL
  36 22.847553 38.613262 5.203090 0.864813 0.439502 0.242768 0.293176 0.679233 2 36 0.695500 38 0.304500
  36 22.285099 39.229504 5.669460 0.683524 0.576353 0.447898 0.257773 0.660143 2 36 0.817640 38 0.182360
  36 22.423866 38.810883 6.027055 0.691422 0.591737 0.414467 0.255941 0.680455 2 36 0.655560 38 0.344440
engineer_handL
  36 22.423866 38.810883 6.027055 0.691422 0.591737 0.414467 0.255941 0.680455 2 36 0.655560 38 0.344440
  36 23.028294 38.092705 5.616330 0.889160 0.397629 0.226461 0.284959 0.713761 2 36 0.527575 38 0.472425
  36 22.847553 38.613262 5.203090 0.864813 0.439502 0.242768 0.293176 0.679233 2 36 0.695500 38 0.304500
engineer_handL
  36 22.423866 38.810883 6.027055 0.691422 0.591737 0.414467 0.255941 0.680455 2 36 0.655560 38 0.344440
  38 22.667616 38.288200 6.342342 0.753662 0.535650 0.380884 0.254277 0.713786 2 38 0.500072 36 0.499928
  36 23.028294 38.092705 5.616330 0.889160 0.397629 0.226461 0.284959 0.713761 2 36 0.527575 38 0.472425
engineer_handL
  38 22.667616 38.288200 6.342342 0.753662 0.535650 0.380884 0.254277 0.713786 2 38 0.500072 36 0.499928
  38 23.134407 37.599403 5.893007 0.919017 0.303475 0.251617 0.285076 0.737556 1 38 1.000000
  36 23.028294 38.092705 5.616330 0.889160 0.397629 0.226461 0.284959 0.713761 2 36 0.527575 38 0.472425
engineer_handL
  38 22.667616 38.288200 6.342342 0.753662 0.535650 0.380884 0.254277 0.713786 2 38 0.500072 36 0.499928
  38 22.799534 37.830116 6.538901 0.835720 0.404639 0.371267 0.254286 0.737325 1 38 1.000000
  38 23.134407 37.599403 5.893007 0.919017 0.303475 0.251617 0.285076 0.737556 1 38 1.000000
engineer_handL
  36 22.564659 39.514751 4.653992 0.831639 0.468914 0.297484 0.295105 0.632962 2 36 0.893578 38 0.106423
  36 22.230299 40.382774 4.151989 0.810020 0.444027 0.383024 0.296281 0.582515 2 36 0.917087 11 0.082914
  36 21.744474 40.547970 4.786984 0.609151 0.567842 0.553616 0.262267 0.582290 2 36 0.917112 11 0.082888
engineer_handL
  36 22.564659 39.514751 4.653992 0.831639 0.468914 0.297484 0.295105 0.632962 2 36 0.893578 38 0.106423
  36 21.744474 40.547970 4.786984 0.609151 0.567842 0.553616 0.262267 0.582290 2 36 0.917112 11 0.082888
  36 22.099760 39.666836 5.338647 0.655356 0.587678 0.474493 0.259958 0.635145 2 36 0.905365 38 0.094635
engineer_handL
  36 22.099760 39.666836 5.338647 0.655356 0.587678 0.474493 0.259958 0.635145 2 36 0.905365 38 0.094635
  36 22.722296 39.041367 4.927505 0.864813 0.439502 0.242768 0.294129 0.657623 2 36 0.813590 38 0.186410
  36 22.564659 39.514751 4.653992 0.831639 0.468914 0.297484 0.295105 0.632962 2 36 0.893578 38 0.106423
engineer_handL
  36 22.099760 39.666836 5.338647 0.655356 0.587678 0.474493 0.259958 0.635145 2 36 0.905365 38 0.094635
  36 22.285099 39.229504 5.669460 0.683524 0.576353 0.447898 0.257773 0.660143 2 36 0.817640 38 0.182360
  36 22.722296 39.041367 4.927505 0.864813 0.439502 0.242768 0.294129 0.657623 2 36 0.813590 38 0.186410
engineer_handL
  36 22.847553 38.613262 5.203090 0.864813 0.439502 0.242768 0.293176 0.679233 2 36 0.695500 38 0.304500
  36 22.722296 39.041367 4.927505 0.864813 0.439502 0.242768 0.294129 0.657623 2 36 0.813590 38 0.186410
  36 22.285099 39.229504 5.669460 0.683524 0.576353 0.447898 0.257773 0.660143 2 36 0.817640 38 0.182360
engineer_handL
  36 20.416143 39.763538 6.256454 0.138552 0.644880 0.751620 0.178700 0.624259 2 36 0.778218 38 0.221782
  36 21.611269 39.287731 6.296237 0.367184 0.629463 0.684801 0.218614 0.660755 2 36 0.744581 38 0.255419
  36 21.444862 39.778290 5.896671 0.393890 0.642336 0.657461 0.224134 0.632966 2 36 0.866593 38 0.133407
engineer_handL
  36 21.444862 39.778290 5.896671 0.393890 0.642336 0.657461 0.224134 0.632966 2 36 0.866593 38 0.133407
  36 20.336493 40.544788 5.573977 0.085269 0.695160 0.713780 0.192208 0.577755 3 36 0.830745 38 0.086369 11 0.082886
  36 20.416143 39.763538 6.256454 0.138552 0.644880 0.751620 0.178700 0.624259 2 36 0.778218 38 0.221782
engineer_handL
  36 21.444862 39.778290 5.896671 0.393890 0.642336 0.657461 0.224134 0.632966 2 36 0.866593 38 0.133407
  36 21.099552 40.601589 5.231761 0.367184 0.629463 0.684800 0.229562 0.581954 2 36 0.917111 11 0.082890
  36 20.336493 40.544788 5.573977 0.085269 0.695160 0.713780 0.192208 0.577755 3 36 0.830745 38 0.086369 11 0.082886
engineer_handL
  36 20.416143 39.763538 6.256454 0.138552 0.644880 0.751620 0.178700 0.624259 2 36 0.778218 38 0.221782
  36 20.336493 40.544788 5.573977 0.085269 0.695160 0.713780 0.192208 0.577755 3 36 0.830745 38 0.086369 11 0.082886
  30 19.570471 40.415981 5.601442 -0.134616 0.721791 0.678894 0.160869 0.569461 1 30 1.000000
engineer_handL
  38 23.173473 37.305206 6.031992 0.940721 0.222188 0.256274 0.285009 0.752140 1 38 1.000000
  38 23.134407 37.599403 5.893007 0.919017 0.303475 0.251617 0.285076 0.737556 1 38 1.000000
  38 22.799534 37.830116 6.538901 0.835720 0.404639 0.371267 0.254286 0.737325 1 38 1.000000
engineer_handL
  38 23.173473 37.305206 6.031992 0.940721 0.222188 0.256274 0.285009 0.752140 1 38 1.000000
  38 22.799534 37.830116 6.538901 0.835720 0.404639 0.371267 0.254286 0.737325 1 38 1.000000
  38 22.858652 37.506050 6.721468 0.867703 0.349783 0.353190 0.252494 0.752838 1 38 1.000000
engineer_handL
  38 22.858652 37.506050 6.721468 0.867703 0.349783 0.353190 0.252494 0.752838 1 38 1.000000
  38 22.799534 37.830116 6.538901 0.835720 0.404639 0.371267 0.254286 0.737325 1 38 1.000000
  38 22.463556 37.994011 7.058333 0.691046 0.497317 0.524530 0.225570 0.737323 1 38 1.000000
engineer_handL
  38 22.667616 38.288200 6.342342 0.753662 0.535650 0.380884 0.254277 0.713786 2 38 0.500072 36 0.499928
  38 22.463556 37.994011 7.058333 0.691046 0.497317 0.524530 0.225570 0.737323 1 38 1.000000
  38 22.799534 37.830116 6.538901 0.835720 0.404639 0.371267 0.254286 0.737325 1 38 1.000000
engineer_handL
  38 22.667616 38.288200 6.342342 0.753662 0.535650 0.380884 0.254277 0.713786 2 38 0.500072 36 0.499928
  38 22.175310 38.337856 7.000007 0.329442 0.583959 0.741930 0.219829 0.719956 1 38 1.000000
  38 22.463556 37.994011 7.058333 0.691046 0.497317 0.524530 0.225570 0.737323 1 38 1.000000
engineer_handL
  38 22.175310 38.337856 7.000007 0.329442 0.583959 0.741930 0.219829 0.719956 1 38 1.000000
  38 22.667616 38.288200 6.342342 0.753662 0.535650 0.380884 0.254277 0.713786 2 38 0.500072 36 0.499928
  36 22.423866 38.810883 6.027055 0.691422 0.591737 0.414467 0.255941 0.680455 2 36 0.655560 38 0.344440
engineer_handL
  38 22.175310 38.337856 7.000007 0.329442 0.583959 0.741930 0.219829 0.719956 1 38 1.000000
  36 22.423866 38.810883 6.027055 0.691422 0.591737 0.414467 0.255941 0.680455 2 36 0.655560 38 0.344440
  36 21.667723 38.798939 6.765472 0.241523 0.549086 0.800107 0.213384 0.685961 2 36 0.542471 38 0.457529
engineer_handL
  36 22.423866 38.810883 6.027055 0.691422 0.591737 0.414467 0.255941 0.680455 2 36 0.655560 38 0.344440
  36 21.611269 39.287731 6.296237 0.367184 0.629463 0.684801 0.218614 0.660755 2 36 0.744581 38 0.255419
  36 21.667723 38.798939 6.765472 0.241523 0.549086 0.800107 0.213384 0.685961 2 36 0.542471 38 0.457529
engineer_handL
  36 20.442745 39.260605 6.587641 0.150098 0.550709 0.821091 0.168908 0.645071 2 36 0.667610 38 0.332390
  36 21.667723 38.798939 6.765472 0.241523 0.549086 0.800107 0.213384 0.685961 2 36 0.542471 38 0.457529
  36 21.611269 39.287731 6.296237 0.367184 0.629463 0.684801 0.218614 0.660755 2 36 0.744581 38 0.255419
engineer_handL
  36 20.416143 39.763538 6.256454 0.138552 0.644880 0.751620 0.178700 0.624259 2 36 0.778218 38 0.221782
  36 20.442745 39.260605 6.587641 0.150098 0.550709 0.821091 0.168908 0.645071 2 36 0.667610 38 0.332390
  36 21.611269 39.287731 6.296237 0.367184 0.629463 0.684801 0.218614 0.660755 2 36 0.744581 38 0.255419
engineer_handL
  30 19.587542 39.687473 6.377876 -0.032108 0.690148 0.722956 0.140157 0.615702 2 30 0.827783 32 0.172218
  36 20.442745 39.260605 6.587641 0.150098 0.550709 0.821091 0.168908 0.645071 2 36 0.667610 38 0.332390
  36 20.416143 39.763538 6.256454 0.138552 0.644880 0.751620 0.178700 0.624259 2 36 0.778218 38 0.221782
engineer_handL
  36 20.416143 39.763538 6.256454 0.138552 0.644880 0.751620 0.178700 0.624259 2 36 0.778218 38 0.221782
  30 19.570471 40.415981 5.601442 -0.134616 0.721791 0.678894 0.160869 0.569461 1 30 1.000000
  30 19.587542 39.687473 6.377876 -0.032108 0.690148 0.722956 0.140157 0.615702 2 30 0.827783 32 0.172218
engineer_handL
  30 19.088053 40.333183 5.569254 -0.293685 0.735056 0.611098 0.149259 0.566334 1 30 1.000000
  30 19.587542 39.687473 6.377876 -0.032108 0.690148 0.722956 0.140157 0.615702 2 30 0.827783 32 0.172218
  30 19.570471 40.415981 5.601442 -0.134616 0.721791 0.678894 0.160869 0.569461 1 30 1.000000
engineer_handL
  30 19.088053 40.333183 5.569254 -0.293685 0.735056 0.611098 0.149259 0.566334 1 30 1.000000
  30 19.570471 40.415981 5.601442 -0.134616 0.721791 0.678894 0.160869 0.569461 1 30 1.000000
  30 19.513157 40.898182 5.104179 -0.185182 0.705469 0.684121 0.168390 0.537634 1 30 1.000000
engineer_handL
  30 19.513157 40.898182 5.104179 -0.185182 0.705469 0.684121 0.168390 0.537634 1 30 1.000000
  30 19.570471 40.415981 5.601442 -0.134616 0.721791 0.678894 0.160869 0.569461 1 30 1.000000
  36 20.336493 40.544788 5.573977 0.085269 0.695160 0.713780 0.192208 0.577755 3 36 0.830745 38 0.086369 11 0.082886
engineer_handL
  30 19.513157 40.898182 5.104179 -0.185182 0.705469 0.684121 0.168390 0.537634 1 30 1.000000
  36 20.336493 40.544788 5.573977 0.085269 0.695160 0.713780 0.192208 0.577755 3 36 0.830745 38 0.086369 11 0.082886
  36 20.281698 40.953651 5.115664 0.024773 0.699767 0.713942 0.196920 0.547696 1 36 1.000000
engineer_handL
  36 20.281698 40.953651 5.115664 0.024773 0.699767 0.713942 0.196920 0.547696 1 36 1.000000
  36 20.336493 40.544788 5.573977 0.085269 0.695160 0.713780 0.192208 0.577755 3 36 0.830745 38 0.086369 11 0.082886
  36 21.099552 40.601589 5.231761 0.367184 0.629463 0.684800 0.229562 0.581954 2 36 0.917111 11 0.082890
engineer_handL
  36 20.281698 40.953651 5.115664 0.024773 0.699767 0.713942 0.196920 0.547696 1 36 1.000000
  36 21.099552 40.601589 5.231761 0.367184 0.629463 0.684800 0.229562 0.581954 2 36 0.917111 11 0.082890
  5 20.647430 41.399506 4.685813 0.174543 0.627877 0.758489 0.224483 0.530009 2 5 0.544600 7 0.455400
engineer_handL
  38 22.380013 37.241901 7.626009 0.172492 0.466473 0.867554 0.212371 0.770247 1 38 1.000000
  38 21.341007 37.245529 7.491547 -0.353684 0.330200 0.875143 0.184384 0.753172 1 38 1.000000
  38 21.530384 36.890495 7.706193 -0.353684 0.330200 0.875143 0.188421 0.775862 1 38 1.000000
engineer_handL
  38 22.380013 37.241901 7.626009 0.172492 0.466473 0.867554 0.212371 0.770247 1 38 1.000000
  38 22.301119 37.642136 7.427282 0.147218 0.513714 0.845236 0.215413 0.755346 1 38 1.000000
  38 21.341007 37.245529 7.491547 -0.353684 0.330200 0.875143 0.184384 0.753172 1 38 1.000000
engineer_handL
  38 22.301119 37.642136 7.427282 0.147218 0.513714 0.845236 0.215413 0.755346 1 38 1.000000
  38 22.380013 37.241901 7.626009 0.172492 0.466473 0.867554 0.212371 0.770247 1 38 1.000000
  38 22.578148 37.280289 7.499138 0.674434 0.406799 0.616160 0.218876 0.768344 1 38 1.000000
engineer_handL
  38 22.301119 37.642136 7.427282 0.147218 0.513714 0.845236 0.215413 0.755346 1 38 1.000000
  38 22.578148 37.280289 7.499138 0.674434 0.406799 0.616160 0.218876 0.768344 1 38 1.000000
  38 22.523556 37.637756 7.305348 0.651378 0.471203 0.594705 0.222070 0.754012 1 38 1.000000
engineer_handL
  38 22.962059 37.184761 6.893860 0.908771 0.244514 0.338155 0.245555 0.769843 1 38 1.000000
  38 22.523556 37.637756 7.305348 0.651378 0.471203 0.594705 0.222070 0.754012 1 38 1.000000
  38 22.578148 37.280289 7.499138 0.674434 0.406799 0.616160 0.218876 0.768344 1 38 1.000000
engineer_handL
  38 22.962059 37.184761 6.893860 0.908771 0.244514 0.338155 0.245555 0.769843 1 38 1.000000
  38 22.858652 37.506050 6.721468 0.867703 0.349783 0.353190 0.252494 0.752838 1 38 1.000000
  38 22.523556 37.637756 7.305348 0.651378 0.471203 0.594705 0.222070 0.754012 1 38 1.000000
engineer_handL
  38 23.176851 36.937832 6.192571 0.980166 -0.124684 0.154040 0.275266 0.769352 1 38 1.000000
  38 22.858652 37.506050 6.721468 0.867703 0.349783 0.353190 0.252494 0.752838 1 38 1.000000
  38 22.962059 37.184761 6.893860 0.908771 0.244514 0.338155 0.245555 0.769843 1 38 1.000000
engineer_handL
  38 23.176851 36.937832 6.192571 0.980166 -0.124684 0.154040 0.275266 0.769352 1 38 1.000000
  38 23.173473 37.305206 6.031992 0.940721 0.222188 0.256274 0.285009 0.752140 1 38 1.000000
  38 22.858652 37.506050 6.721468 0.867703 0.349783 0.353190 0.252494 0.752838 1 38 1.000000
engineer_handL
  38 23.176851 36.937832 6.192571 0.980166 -0.124684 0.154040 0.275266 0.769352 1 38 1.000000
  46 23.320591 37.107464 5.530991 0.971292 0.141521 0.191215 0.305266 0.752728 1 46 1.000000
  38 23.173473 37.305206 6.031992 0.940721 0.222188 0.256274 0.285009 0.752140 1 38 1.000000
engineer_handL
  46 23.320591 37.107464 5.530991 0.971292 0.141521 0.191215 0.305266 0.752728 1 46 1.000000
  38 23.134407 37.599403 5.893007 0.919017 0.303475 0.251617 0.285076 0.737556 1 38 1.000000
  38 23.173473 37.305206 6.031992 0.940721 0.222188 0.256274 0.285009 0.752140 1 38 1.000000
engineer_handL
  46 23.320591 37.107464 5.530991 0.971292 0.141521 0.191215 0.305266 0.752728 1 46 1.000000
  46 23.287754 37.406132 5.347182 0.957641 0.252247 0.138907 0.308693 0.736684 1 46 1.000000
  38 23.134407 37.599403 5.893007 0.919017 0.303475 0.251617 0.285076 0.737556 1 38 1.000000
engineer_handL
  36 23.028294 38.092705 5.616330 0.889160 0.397629 0.226461 0.284959 0.713761 2 36 0.527575 38 0.472425
  38 23.134407 37.599403 5.893007 0.919017 0.303475 0.251617 0.285076 0.737556 1 38 1.000000
  46 23.287754 37.406132 5.347182 0.957641 0.252247 0.138907 0.308693 0.736684 1 46 1.000000
engineer_handL
  36 23.028294 38.092705 5.616330 0.889160 0.397629 0.226461 0.284959 0.713761 2 36 0.527575 38 0.472425
  46 23.287754 37.406132 5.347182 0.957641 0.252247 0.138907 0.308693 0.736684 1 46 1.000000
  44 23.202618 37.838531 5.021373 0.948035 0.295387 0.118217 0.313367 0.713004 2 44 0.548678 46 0.451323
engineer_handL
  36 22.847553 38.613262 5.203090 0.864813 0.439502 0.242768 0.293176 0.679233 2 36 0.695500 38 0.304500
  36 23.028294 38.092705 5.616330 0.889160 0.397629 0.226461 0.284959 0.713761 2 36 0.527575 38 0.472425
  44 23.202618 37.838531 5.021373 0.948035 0.295387 0.118217 0.313367 0.713004 2 44 0.548678 46 0.451323
engineer_handL
  36 22.847553 38.613262 5.203090 0.864813 0.439502 0.242768 0.293176 0.679233 2 36 0.695500 38 0.304500
  44 23.202618 37.838531 5.021373 0.948035 0.295387 0.118217 0.313367 0.713004 2 44 0.548678 46 0.451323
  44 23.160515 38.275795 4.301576 0.948809 0.305611 0.079773 0.333776 0.679039 2 44 0.713973 46 0.286027
engineer_handL
  44 23.160515 38.275795 4.301576 0.948809 0.305611 0.079773 0.333776 0.679039 2 44 0.713973 46 0.286027
  36 22.722296 39.041367 4.927505 0.864813 0.439502 0.242768 0.294129 0.657623 2 36 0.813590 38 0.186410
  36 22.847553 38.613262 5.203090 0.864813 0.439502 0.242768 0.293176 0.679233 2 36 0.695500 38 0.304500
engineer_handL
  44 23.160515 38.275795 4.301576 0.948809 0.305611 0.079773 0.333776 0.679039 2 44 0.713973 46 0.286027
  44 23.013988 38.718880 4.092179 0.935368 0.338121 0.103738 0.333650 0.658013 2 44 0.812774 46 0.187226
  36 22.722296 39.041367 4.927505 0.864813 0.439502 0.242768 0.294129 0.657623 2 36 0.813590 38 0.186410
engineer_handL
  36 22.564659 39.514751 4.653992 0.831639 0.468914 0.297484 0.295105 0.632962 2 36 0.893578 38 0.106423
  36 22.722296 39.041367 4.927505 0.864813 0.439502 0.242768 0.294129 0.657623 2 36 0.813590 38 0.186410
  44 23.013988 38.718880 4.092179 0.935368 0.338121 0.103738 0.333650 0.658013 2 44 0.812774 46 0.187226
engineer_handL
  38 22.301119 37.642136 7.427282 0.147218 0.513714 0.845236 0.215413 0.755346 1 38 1.000000
  38 21.066006 37.612045 7.240850 -0.317097 0.268000 0.909739 0.179951 0.728863 1 38 1.000000
  38 21.341007 37.245529 7.491547 -0.353684 0.330200 0.875143 0.184384 0.753172 1 38 1.000000
engineer_handL
  44 23.160515 38.275795 4.301576 0.948809 0.305611 0.079773 0.333776 0.679039 2 44 0.713973 46 0.286027
  44 23.202618 37.838531 5.021373 0.948035 0.295387 0.118217 0.313367 0.713004 2 44 0.548678 46 0.451323
  44 23.308949 37.589371 4.539332 0.970698 0.223965 0.087094 0.336837 0.712988 2 44 0.557190 46 0.442810
engineer_handL
  44 23.157330 38.349136 3.193893 0.970545 0.240640 0.011631 0.375201 0.657501 2 44 0.801280 46 0.198720
  52 23.065302 38.459129 2.097741 0.983934 0.140314 -0.110389 0.415847 0.632431 2 52 0.887293 54 0.112707
  44 23.042959 38.840874 2.986871 0.970545 0.240640 0.011631 0.374407 0.633387 2 44 0.868187 46 0.131813
engineer_handL
  44 23.157330 38.349136 3.193893 0.970545 0.240640 0.011631 0.375201 0.657501 2 44 0.801280 46 0.198720
  52 23.144175 38.013176 2.255963 0.983934 0.140314 -0.110389 0.417685 0.652461 2 52 0.841791 54 0.158209
  52 23.065302 38.459129 2.097741 0.983934 0.140314 -0.110389 0.415847 0.632431 2 52 0.887293 54 0.112707
engineer_handL
  44 23.255619 37.920670 3.365089 0.975441 0.214225 -0.051202 0.375804 0.678045 2 44 0.718599 46 0.281401
  52 23.144175 38.013176 2.255963 0.983934 0.140314 -0.110389 0.417685 0.652461 2 52 0.841791 54 0.158209
  44 23.157330 38.349136 3.193893 0.970545 0.240640 0.011631 0.375201 0.657501 2 44 0.801280 46 0.198720
engineer_handL
  44 23.255619 37.920670 3.365089 0.975441 0.214225 -0.051202 0.375804 0.678045 2 44 0.718599 46 0.281401
  44 23.157330 38.349136 3.193893 0.970545 0.240640 0.011631 0.375201 0.657501 2 44 0.801280 46 0.198720
  44 23.013988 38.718880 4.092179 0.935368 0.338121 0.103738 0.333650 0.658013 2 44 0.812774 46 0.187226
engineer_handL
  44 23.255619 37.920670 3.365089 0.975441 0.214225 -0.051202 0.375804 0.678045 2 44 0.718599 46 0.281401
  44 23.013988 38.718880 4.092179 0.935368 0.338121 0.103738 0.333650 0.658013 2 44 0.812774 46 0.187226
  44 23.160515 38.275795 4.301576 0.948809 0.305611 0.079773 0.333776 0.679039 2 44 0.713973 46 0.286027
engineer_handL
  44 23.255619 37.920670 3.365089 0.975441 0.214225 -0.051202 0.375804 0.678045 2 44 0.718599 46 0.281401
  44 23.160515 38.275795 4.301576 0.948809 0.305611 0.079773 0.333776 0.679039 2 44 0.713973 46 0.286027
  44 23.392300 37.435017 4.029963 0.970545 0.240640 0.011631 0.360394 0.712984 2 44 0.570486 46 0.429514
engineer_handL
  44 23.160515 38.275795 4.301576 0.948809 0.305611 0.079773 0.333776 0.679039 2 44 0.713973 46 0.286027
  44 23.308949 37.589371 4.539332 0.970698 0.223965 0.087094 0.336837 0.712988 2 44 0.557190 46 0.442810
  44 23.392300 37.435017 4.029963 0.970545 0.240640 0.011631 0.360394 0.712984 2 44 0.570486 46 0.429514
engineer_handL
  44 23.392300 37.435017 4.029963 0.970545 0.240640 0.011631 0.360394 0.712984 2 44 0.570486 46 0.429514
  44 23.308949 37.589371 4.539332 0.970698 0.223965 0.087094 0.336837 0.712988 2 44 0.557190 46 0.442810
  44 23.412113 37.163395 4.712907 0.970698 0.223965 0.087094 0.337554 0.736455 2 44 0.500262 46 0.499738
engineer_handL
  44 23.202618 37.838531 5.021373 0.948035 0.295387 0.118217 0.313367 0.713004 2 44 0.548678 46 0.451323
  44 23.412113 37.163395 4.712907 0.970698 0.223965 0.087094 0.337554 0.736455 2 44 0.500262 46 0.499738
  44 23.308949 37.589371 4.539332 0.970698 0.223965 0.087094 0.336837 0.712988 2 44 0.557190 46 0.442810
engineer_handL
  44 23.202618 37.838531 5.021373 0.948035 0.295387 0.118217 0.313367 0.713004 2 44 0.548678 46 0.451323
  46 23.287754 37.406132 5.347182 0.957641 0.252247 0.138907 0.308693 0.736684 1 46 1.000000
  44 23.412113 37.163395 4.712907 0.970698 0.223965 0.087094 0.337554 0.736455 2 44 0.500262 46 0.499738
engineer_handL
  60 22.919510 38.117878 1.290945 0.953732 0.081484 -0.289405 0.453563 0.629119 1 60 1.000000
  60 22.659681 37.718983 0.545726 0.838919 -0.001427 -0.544254 0.491794 0.627245 1 60 1.000000
  60 22.474131 38.738197 0.251327 0.838919 -0.001427 -0.544254 0.483653 0.577079 2 60 0.917109 11 0.082891
engineer_handL
  60 23.020004 37.596256 1.460004 0.953732 0.081484 -0.289405 0.456486 0.652194 2 60 0.848894 62 0.151106
  60 22.659681 37.718983 0.545726 0.838919 -0.001427 -0.544254 0.491794 0.627245 1 60 1.000000
  60 22.919510 38.117878 1.290945 0.953732 0.081484 -0.289405 0.453563 0.629119 1 60 1.000000
engineer_handL
  60 22.919510 38.117878 1.290945 0.953732 0.081484 -0.289405 0.453563 0.629119 1 60 1.000000
  52 23.144175 38.013176 2.255963 0.983934 0.140314 -0.110389 0.417685 0.652461 2 52 0.841791 54 0.158209
  60 23.020004 37.596256 1.460004 0.953732 0.081484 -0.289405 0.456486 0.652194 2 60 0.848894 62 0.151106
engineer_handL
  60 23.020004 37.596256 1.460004 0.953732 0.081484 -0.289405 0.456486 0.652194 2 60 0.848894 62 0.151106
  52 23.144175 38.013176 2.255963 0.983934 0.140314 -0.110389 0.417685 0.652461 2 52 0.841791 54 0.158209
  52 23.231895 37.513809 2.434408 0.977143 0.143453 -0.156882 0.419873 0.677113 2 52 0.760676 54 0.239324
engineer_handL
  44 23.255619 37.920670 3.365089 0.975441 0.214225 -0.051202 0.375804 0.678045 2 44 0.718599 46 0.281401
  52 23.231895 37.513809 2.434408 0.977143 0.143453 -0.156882 0.419873 0.677113 2 52 0.760676 54 0.239324
  52 23.144175 38.013176 2.255963 0.983934 0.140314 -0.110389 0.417685 0.652461 2 52 0.841791 54 0.158209
engineer_handL
  52 23.408934 37.194099 3.496803 0.971305 0.220902 -0.088138 0.383012 0.713513 2 52 0.580184 54 0.419816
  52 23.231895 37.513809 2.434408 0.977143 0.143453 -0.156882 0.419873 0.677113 2 52 0.760676 54 0.239324
  44 23.255619 37.920670 3.365089 0.975441 0.214225 -0.051202 0.375804 0.678045 2 44 0.718599 46 0.281401
engineer_handL
  44 23.255619 37.920670 3.365089 0.975441 0.214225 -0.051202 0.375804 0.678045 2 44 0.718599 46 0.281401
  44 23.392300 37.435017 4.029963 0.970545 0.240640 0.011631 0.360394 0.712984 2 44 0.570486 46 0.429514
  52 23.408934 37.194099 3.496803 0.971305 0.220902 -0.088138 0.383012 0.713513 2 52 0.580184 54 0.419816
engineer_handL
  52 23.408934 37.194099 3.496803 0.971305 0.220902 -0.088138 0.383012 0.713513 2 52 0.580184 54 0.419816
  44 23.392300 37.435017 4.029963 0.970545 0.240640 0.011631 0.360394 0.712984 2 44 0.570486 46 0.429514
  44 23.516140 36.933304 4.081531 0.978677 0.205267 0.007493 0.366379 0.735402 2 44 0.504381 46 0.495619
engineer_handL
  44 23.392300 37.435017 4.029963 0.970545 0.240640 0.011631 0.360394 0.712984 2 44 0.570486 46 0.429514
  44 23.412113 37.163395 4.712907 0.970698 0.223965 0.087094 0.337554 0.736455 2 44 0.500262 46 0.499738
  44 23.516140 36.933304 4.081531 0.978677 0.205267 0.007493 0.366379 0.735402 2 44 0.504381 46 0.495619
engineer_handL
  46 23.486582 36.851269 4.835522 0.986440 0.099940 0.130181 0.338005 0.752588 1 46 1.000000
  44 23.516140 36.933304 4.081531 0.978677 0.205267 0.007493 0.366379 0.735402 2 44 0.504381 46 0.495619
  44 23.412113 37.163395 4.712907 0.970698 0.223965 0.087094 0.337554 0.736455 2 44 0.500262 46 0.499738
engineer_handL
  46 23.486582 36.851269 4.835522 0.986440 0.099940 0.130181 0.338005 0.752588 1 46 1.000000
  44 23.412113 37.163395 4.712907 0.970698 0.223965 0.087094 0.337554 0.736455 2 44 0.500262 46 0.499738
  46 23.287754 37.406132 5.347182 0.957641 0.252247 0.138907 0.308693 0.736684 1 46 1.000000
engineer_handL
  46 23.486582 36.851269 4.835522 0.986440 0.099940 0.130181 0.338005 0.752588 1 46 1.000000
  46 23.287754 37.406132 5.347182 0.957641 0.252247 0.138907 0.308693 0.736684 1 46 1.000000
  46 23.320591 37.107464 5.530991 0.971292 0.141521 0.191215 0.305266 0.752728 1 46 1.000000
engineer_handL
  46 23.306681 36.696339 5.677296 0.907876 -0.067101 0.413833 0.310717 0.770103 1 46 1.000000
  46 23.486582 36.851269 4.835522 0.986440 0.099940 0.130181 0.338005 0.752588 1 46 1.000000
  46 23.320591 37.107464 5.530991 0.971292 0.141521 0.191215 0.305266 0.752728 1 46 1.000000
engineer_handL
  38 23.176851 36.937832 6.192571 0.980166 -0.124684 0.154040 0.275266 0.769352 1 38 1.000000
  46 23.306681 36.696339 5.677296 0.907876 -0.067101 0.413833 0.310717 0.770103 1 46 1.000000
  46 23.320591 37.107464 5.530991 0.971292 0.141521 0.191215 0.305266 0.752728 1 46 1.000000
engineer_handL
  46 23.137815 36.609669 5.820670 0.500984 -0.256888 0.826452 0.308302 0.773943 1 46 1.000000
  46 23.306681 36.696339 5.677296 0.907876 -0.067101 0.413833 0.310717 0.770103 1 46 1.000000
  38 23.176851 36.937832 6.192571 0.980166 -0.124684 0.154040 0.275266 0.769352 1 38 1.000000
engineer_handL
  46 23.257950 35.468769 6.028707 0.868104 0.077663 0.490270 0.319682 0.813362 2 46 0.821217 48 0.178784
  46 23.306681 36.696339 5.677296 0.907876 -0.067101 0.413833 0.310717 0.770103 1 46 1.000000
  46 23.137815 36.609669 5.820670 0.500984 -0.256888 0.826452 0.308302 0.773943 1 46 1.000000
engineer_handL
  46 23.257950 35.468769 6.028707 0.868104 0.077663 0.490270 0.319682 0.813362 2 46 0.821217 48 0.178784
  46 23.137815 36.609669 5.820670 0.500984 -0.256888 0.826452 0.308302 0.773943 1 46 1.000000
  46 23.140270 35.505360 6.151070 0.358471 0.226651 0.905609 0.317065 0.813704 2 46 0.822997 48 0.177003
engineer_handL
  46 23.257950 35.468769 6.028707 0.868104 0.077663 0.490270 0.319682 0.813362 2 46 0.821217 48 0.178784
  46 23.140270 35.505360 6.151070 0.358471 0.226651 0.905609 0.317065 0.813704 2 46 0.822997 48 0.177003
  48 23.044031 34.294342 6.425080 0.379096 0.125548 0.916801 0.322705 0.851763 1 48 1.000000
engineer_handL
  60 23.020004 37.596256 1.460004 0.953732 0.081484 -0.289405 0.456486 0.652194 2 60 0.848894 62 0.151106
  52 23.231895 37.513809 2.434408 0.977143 0.143453 -0.156882 0.419873 0.677113 2 52 0.760676 54 0.239324
  60 23.116377 37.088833 1.742402 0.953732 0.081484 -0.289405 0.455454 0.681380 2 60 0.730700 62 0.269300
engineer_handL
  60 23.116377 37.088833 1.742402 0.953732 0.081484 -0.289405 0.455454 0.681380 2 60 0.730700 62 0.269300
  52 23.231895 37.513809 2.434408 0.977143 0.143453 -0.156882 0.419873 0.677113 2 52 0.760676 54 0.239324
  52 23.367569 36.816299 2.635059 0.966960 0.183828 -0.176624 0.424776 0.713130 2 52 0.589977 54 0.410023
engineer_handL
  52 23.408934 37.194099 3.496803 0.971305 0.220902 -0.088138 0.383012 0.713513 2 52 0.580184 54 0.419816
  52 23.367569 36.816299 2.635059 0.966960 0.183828 -0.176624 0.424776 0.713130 2 52 0.589977 54 0.410023
  52 23.231895 37.513809 2.434408 0.977143 0.143453 -0.156882 0.419873 0.677113 2 52 0.760676 54 0.239324
engineer_handL
  52 23.532761 36.735516 3.596153 0.981252 0.172467 -0.086024 0.386728 0.734909 2 52 0.508708 54 0.491292
  52 23.367569 36.816299 2.635059 0.966960 0.183828 -0.176624 0.424776 0.713130 2 52 0.589977 54 0.410023
  52 23.408934 37.194099 3.496803 0.971305 0.220902 -0.088138 0.383012 0.713513 2 52 0.580184 54 0.419816
engineer_handL
  52 23.408934 37.194099 3.496803 0.971305 0.220902 -0.088138 0.383012 0.713513 2 52 0.580184 54 0.419816
  44 23.516140 36.933304 4.081531 0.978677 0.205267 0.007493 0.366379 0.735402 2 44 0.504381 46 0.495619
  52 23.532761 36.735516 3.596153 0.981252 0.172467 -0.086024 0.386728 0.734909 2 52 0.508708 54 0.491292
engineer_handL
  52 23.532761 36.735516 3.596153 0.981252 0.172467 -0.086024 0.386728 0.734909 2 52 0.508708 54 0.491292
  44 23.516140 36.933304 4.081531 0.978677 0.205267 0.007493 0.366379 0.735402 2 44 0.504381 46 0.495619
  46 23.573013 36.555370 4.141239 0.998491 0.024091 0.049349 0.370940 0.752079 1 46 1.000000
engineer_handL
  46 23.486582 36.851269 4.835522 0.986440 0.099940 0.130181 0.338005 0.752588 1 46 1.000000
  46 23.573013 36.555370 4.141239 0.998491 0.024091 0.049349 0.370940 0.752079 1 46 1.000000
  44 23.516140 36.933304 4.081531 0.978677 0.205267 0.007493 0.366379 0.735402 2 44 0.504381 46 0.495619
engineer_handL
  46 23.573013 36.555370 4.141239 0.998491 0.024091 0.049349 0.370940 0.752079 1 46 1.000000
  46 23.486582 36.851269 4.835522 0.986440 0.099940 0.130181 0.338005 0.752588 1 46 1.000000
  46 23.461325 36.412346 4.999744 0.988718 -0.019974 0.148451 0.337649 0.773461 1 46 1.000000
engineer_handL
  46 23.306681 36.696339 5.677296 0.907876 -0.067101 0.413833 0.310717 0.770103 1 46 1.000000
  46 23.461325 36.412346 4.999744 0.988718 -0.019974 0.148451 0.337649 0.773461 1 46 1.000000
  46 23.486582 36.851269 4.835522 0.986440 0.099940 0.130181 0.338005 0.752588 1 46 1.000000
engineer_handL
  46 23.257950 35.468769 6.028707 0.868104 0.077663 0.490270 0.319682 0.813362 2 46 0.821217 48 0.178784
  46 23.461325 36.412346 4.999744 0.988718 -0.019974 0.148451 0.337649 0.773461 1 46 1.000000
  46 23.306681 36.696339 5.677296 0.907876 -0.067101 0.413833 0.310717 0.770103 1 46 1.000000
engineer_handL
  60 21.940161 38.365509 -0.292593 0.472989 -0.158017 -0.866782 0.521407 0.575106 2 60 0.917110 11 0.082890
  60 20.757666 37.983021 -0.400211 -0.119117 -0.336168 -0.934239 0.562352 0.571975 1 60 1.000000
  7 20.493479 38.866180 -0.656434 -0.119117 -0.336168 -0.934239 0.560006 0.527755 2 7 0.758515 5 0.241485
engineer_handL
  60 20.757666 37.983021 -0.400211 -0.119117 -0.336168 -0.934239 0.562352 0.571975 1 60 1.000000
  60 21.940161 38.365509 -0.292593 0.472989 -0.158017 -0.866782 0.521407 0.575106 2 60 0.917110 11 0.082890
  60 22.170963 37.366833 0.000045 0.472989 -0.158017 -0.866782 0.527839 0.625660 2 60 0.891835 62 0.108165
engineer_handL
  60 21.940161 38.365509 -0.292593 0.472989 -0.158017 -0.866782 0.521407 0.575106 2 60 0.917110 11 0.082890
  60 22.659681 37.718983 0.545726 0.838919 -0.001427 -0.544254 0.491794 0.627245 1 60 1.000000
  60 22.170963 37.366833 0.000045 0.472989 -0.158017 -0.866782 0.527839 0.625660 2 60 0.891835 62 0.108165
engineer_handL
  60 22.170963 37.366833 0.000045 0.472989 -0.158017 -0.866782 0.527839 0.625660 2 60 0.891835 62 0.108165
  60 22.659681 37.718983 0.545726 0.838919 -0.001427 -0.544254 0.491794 0.627245 1 60 1.000000
  60 22.823792 36.753872 0.858459 0.875536 0.009974 -0.483049 0.499230 0.676949 2 60 0.774369 62 0.225631
engineer_handL
  60 23.020004 37.596256 1.460004 0.953732 0.081484 -0.289405 0.456486 0.652194 2 60 0.848894 62 0.151106
  60 22.823792 36.753872 0.858459 0.875536 0.009974 -0.483049 0.499230 0.676949 2 60 0.774369 62 0.225631
  60 22.659681 37.718983 0.545726 0.838919 -0.001427 -0.544254 0.491794 0.627245 1 60 1.000000
engineer_handL
  60 23.029621 36.714127 1.333221 0.917008 0.101699 -0.385686 0.478255 0.688492 2 60 0.704201 62 0.295800
  60 22.823792 36.753872 0.858459 0.875536 0.009974 -0.483049 0.499230 0.676949 2 60 0.774369 62 0.225631
  60 23.020004 37.596256 1.460004 0.953732 0.081484 -0.289405 0.456486 0.652194 2 60 0.848894 62 0.151106
engineer_handL
  60 23.029621 36.714127 1.333221 0.917008 0.101699 -0.385686 0.478255 0.688492 2 60 0.704201 62 0.295800
  60 23.020004 37.596256 1.460004 0.953732 0.081484 -0.289405 0.456486 0.652194 2 60 0.848894 62 0.151106
  60 23.116377 37.088833 1.742402 0.953732 0.081484 -0.289405 0.455454 0.681380 2 60 0.730700 62 0.269300
engineer_handL
  52 23.277866 36.530525 1.974444 0.950895 0.153013 -0.269044 0.455926 0.710733 2 52 0.566983 54 0.433017
  60 23.029621 36.714127 1.333221 0.917008 0.101699 -0.385686 0.478255 0.688492 2 60 0.704201 62 0.295800
  60 23.116377 37.088833 1.742402 0.953732 0.081484 -0.289405 0.455454 0.681380 2 60 0.730700 62 0.269300
engineer_handL
  60 23.116377 37.088833 1.742402 0.953732 0.081484 -0.289405 0.455454 0.681380 2 60 0.730700 62 0.269300
  52 23.367569 36.816299 2.635059 0.966960 0.183828 -0.176624 0.424776 0.713130 2 52 0.589977 54 0.410023
  52 23.277866 36.530525 1.974444 0.950895 0.153013 -0.269044 0.455926 0.710733 2 52 0.566983 54 0.433017
engineer_handL
  52 23.484112 36.420441 2.770571 0.977143 0.143453 -0.156882 0.425735 0.732403 2 52 0.508765 54 0.491235
  52 23.277866 36.530525 1.974444 0.950895 0.153013 -0.269044 0.455926 0.710733 2 52 0.566983 54 0.433017
  52 23.367569 36.816299 2.635059 0.966960 0.183828 -0.176624 0.424776 0.713130 2 52 0.589977 54 0.410023
engineer_handL
  52 23.532761 36.735516 3.596153 0.981252 0.172467 -0.086024 0.386728 0.734909 2 52 0.508708 54 0.491292
  52 23.484112 36.420441 2.770571 0.977143 0.143453 -0.156882 0.425735 0.732403 2 52 0.508765 54 0.491235
  52 23.367569 36.816299 2.635059 0.966960 0.183828 -0.176624 0.424776 0.713130 2 52 0.589977 54 0.410023
engineer_handL
  54 23.573353 36.367077 3.660215 0.999929 -0.005102 -0.010727 0.389616 0.751424 1 54 1.000000
  52 23.484112 36.420441 2.770571 0.977143 0.143453 -0.156882 0.425735 0.732403 2 52 0.508765 54 0.491235
  52 23.532761 36.735516 3.596153 0.981252 0.172467 -0.086024 0.386728 0.734909 2 52 0.508708 54 0.491292
engineer_handL
  52 23.532761 36.735516 3.596153 0.981252 0.172467 -0.086024 0.386728 0.734909 2 52 0.508708 54 0.491292
  46 23.573013 36.555370 4.141239 0.998491 0.024091 0.049349 0.370940 0.752079 1 46 1.000000
  54 23.573353 36.367077 3.660215 0.999929 -0.005102 -0.010727 0.389616 0.751424 1 54 1.000000
engineer_handL
  54 23.573353 36.367077 3.660215 0.999929 -0.005102 -0.010727 0.389616 0.751424 1 54 1.000000
  46 23.573013 36.555370 4.141239 0.998491 0.024091 0.049349 0.370940 0.752079 1 46 1.000000
  46 23.500372 36.106224 4.266541 0.946770 -0.316696 -0.057708 0.364768 0.771756 1 46 1.000000
engineer_handL
  46 23.573013 36.555370 4.141239 0.998491 0.024091 0.049349 0.370940 0.752079 1 46 1.000000
  46 23.461325 36.412346 4.999744 0.988718 -0.019974 0.148451 0.337649 0.773461 1 46 1.000000
  46 23.500372 36.106224 4.266541 0.946770 -0.316696 -0.057708 0.364768 0.771756 1 46 1.000000
engineer_handL
  46 23.500372 36.106224 4.266541 0.946770 -0.316696 -0.057708 0.364768 0.771756 1 46 1.000000
  46 23.461325 36.412346 4.999744 0.988718 -0.019974 0.148451 0.337649 0.773461 1 46 1.000000
  46 23.385548 35.181911 5.441177 0.990948 -0.046903 0.125787 0.338615 0.815106 2 46 0.835803 48 0.164198
engineer_handL
  46 23.257950 35.468769 6.028707 0.868104 0.077663 0.490270 0.319682 0.813362 2 46 0.821217 48 0.178784
  46 23.385548 35.181911 5.441177 0.990948 -0.046903 0.125787 0.338615 0.815106 2 46 0.835803 48 0.164198
  46 23.461325 36.412346 4.999744 0.988718 -0.019974 0.148451 0.337649 0.773461 1 46 1.000000
engineer_handL
  48 23.154087 34.235722 6.334881 0.849669 -0.073930 0.522109 0.324963 0.851437 1 48 1.000000
  46 23.385548 35.181911 5.441177 0.990948 -0.046903 0.125787 0.338615 0.815106 2 46 0.835803 48 0.164198
  46 23.257950 35.468769 6.028707 0.868104 0.077663 0.490270 0.319682 0.813362 2 46 0.821217 48 0.178784
engineer_handL
  60 22.170963 37.366833 0.000045 0.472989 -0.158017 -0.866782 0.527839 0.625660 2 60 0.891835 62 0.108165
  60 22.823792 36.753872 0.858459 0.875536 0.009974 -0.483049 0.499230 0.676949 2 60 0.774369 62 0.225631
  60 22.367676 36.401878 0.320348 0.530888 -0.194055 -0.824924 0.533710 0.675645 2 60 0.720090 62 0.279910
engineer_handL
  60 20.757666 37.983021 -0.400211 -0.119117 -0.336168 -0.934239 0.562352 0.571975 1 60 1.000000
  60 22.170963 37.366833 0.000045 0.472989 -0.158017 -0.866782 0.527839 0.625660 2 60 0.891835 62 0.108165
  60 21.041365 37.010235 -0.114526 -0.141242 -0.373751 -0.916712 0.565388 0.622970 2 60 0.862893 62 0.137107
engineer_handL
  60 22.367676 36.401878 0.320348 0.530888 -0.194055 -0.824924 0.533710 0.675645 2 60 0.720090 62 0.279910
  60 21.041365 37.010235 -0.114526 -0.141242 -0.373751 -0.916712 0.565388 0.622970 2 60 0.862893 62 0.137107
  60 22.170963 37.366833 0.000045 0.472989 -0.158017 -0.866782 0.527839 0.625660 2 60 0.891835 62 0.108165
engineer_handL
  60 22.367676 36.401878 0.320348 0.530888 -0.194055 -0.824924 0.533710 0.675645 2 60 0.720090 62 0.279910
  60 21.348665 36.073425 0.227586 -0.170144 -0.445762 -0.878833 0.568694 0.673813 2 60 0.677036 62 0.322964
  60 21.041365 37.010235 -0.114526 -0.141242 -0.373751 -0.916712 0.565388 0.622970 2 60 0.862893 62 0.137107
engineer_handL
  60 22.367676 36.401878 0.320348 0.530888 -0.194055 -0.824924 0.533710 0.675645 2 60 0.720090 62 0.279910
  60 21.571980 35.427605 0.542164 -0.210398 -0.467331 -0.858682 0.570386 0.709630 2 60 0.510039 62 0.489961
  60 21.348665 36.073425 0.227586 -0.170144 -0.445762 -0.878833 0.568694 0.673813 2 60 0.677036 62 0.322964
engineer_handL
  60 22.367676 36.401878 0.320348 0.530888 -0.194055 -0.824924 0.533710 0.675645 2 60 0.720090 62 0.279910
  60 22.527168 35.717323 0.582033 0.530888 -0.194055 -0.824924 0.536100 0.710847 2 60 0.511122 62 0.488878
  60 21.571980 35.427605 0.542164 -0.210398 -0.467331 -0.858682 0.570386 0.709630 2 60 0.510039 62 0.489961
engineer_handL
  60 22.367676 36.401878 0.320348 0.530888 -0.194055 -0.824924 0.533710 0.675645 2 60 0.720090 62 0.279910
  60 22.941540 36.074196 1.059865 0.838919 -0.001427 -0.544254 0.501746 0.710836 2 60 0.549848 62 0.450152
  60 22.527168 35.717323 0.582033 0.530888 -0.194055 -0.824924 0.536100 0.710847 2 60 0.511122 62 0.488878
engineer_handL
  60 22.367676 36.401878 0.320348 0.530888 -0.194055 -0.824924 0.533710 0.675645 2 60 0.720090 62 0.279910
  60 22.823792 36.753872 0.858459 0.875536 0.009974 -0.483049 0.499230 0.676949 2 60 0.774369 62 0.225631
  60 22.941540 36.074196 1.059865 0.838919 -0.001427 -0.544254 0.501746 0.710836 2 60 0.549848 62 0.450152
engineer_handL
  60 22.941540 36.074196 1.059865 0.838919 -0.001427 -0.544254 0.501746 0.710836 2 60 0.549848 62 0.450152
  60 22.823792 36.753872 0.858459 0.875536 0.009974 -0.483049 0.499230 0.676949 2 60 0.774369 62 0.225631
  60 23.029621 36.714127 1.333221 0.917008 0.101699 -0.385686 0.478255 0.688492 2 60 0.704201 62 0.295800
engineer_handL
  60 22.941540 36.074196 1.059865 0.838919 -0.001427 -0.544254 0.501746 0.710836 2 60 0.549848 62 0.450152
  60 23.029621 36.714127 1.333221 0.917008 0.101699 -0.385686 0.478255 0.688492 2 60 0.704201 62 0.295800
  60 23.138165 36.274483 1.448393 0.917008 0.101699 -0.385686 0.482914 0.711356 2 60 0.558700 62 0.441300
engineer_handL
  52 23.277866 36.530525 1.974444 0.950895 0.153013 -0.269044 0.455926 0.710733 2 52 0.566983 54 0.433017
  60 23.138165 36.274483 1.448393 0.917008 0.101699 -0.385686 0.482914 0.711356 2 60 0.558700 62 0.441300
  60 23.029621 36.714127 1.333221 0.917008 0.101699 -0.385686 0.478255 0.688492 2 60 0.704201 62 0.295800
engineer_handL
  60 23.138165 36.274483 1.448393 0.917008 0.101699 -0.385686 0.482914 0.711356 2 60 0.558700 62 0.441300
  52 23.277866 36.530525 1.974444 0.950895 0.153013 -0.269044 0.455926 0.710733 2 52 0.566983 54 0.433017
  52 23.375298 36.138161 2.119417 0.965279 0.102302 -0.240356 0.456903 0.731261 2 52 0.504971 54 0.495029
engineer_handL
  52 23.484112 36.420441 2.770571 0.977143 0.143453 -0.156882 0.425735 0.732403 2 52 0.508765 54 0.491235
  52 23.375298 36.138161 2.119417 0.965279 0.102302 -0.240356 0.456903 0.731261 2 52 0.504971 54 0.495029
  52 23.277866 36.530525 1.974444 0.950895 0.153013 -0.269044 0.455926 0.710733 2 52 0.566983 54 0.433017
engineer_handL
  60 22.941540 36.074196 1.059865 0.838919 -0.001427 -0.544254 0.501746 0.710836 2 60 0.549848 62 0.450152
  60 23.138165 36.274483 1.448393 0.917008 0.101699 -0.385686 0.482914 0.711356 2 60 0.558700 62 0.441300
  62 23.248060 35.905609 1.596922 0.928184 0.049911 -0.368759 0.482408 0.730454 2 62 0.500114 60 0.499886
engineer_handL
  60 23.138165 36.274483 1.448393 0.917008 0.101699 -0.385686 0.482914 0.711356 2 60 0.558700 62 0.441300
  52 23.375298 36.138161 2.119417 0.965279 0.102302 -0.240356 0.456903 0.731261 2 52 0.504971 54 0.495029
  62 23.248060 35.905609 1.596922 0.928184 0.049911 -0.368759 0.482408 0.730454 2 62 0.500114 60 0.499886
engineer_handL
  54 23.423004 35.785500 2.282798 0.980593 -0.083419 -0.177420 0.457649 0.749451 1 54 1.000000
  52 23.375298 36.138161 2.119417 0.965279 0.102302 -0.240356 0.456903 0.731261 2 52 0.504971 54 0.495029
  52 23.484112 36.420441 2.770571 0.977143 0.143453 -0.156882 0.425735 0.732403 2 52 0.508765 54 0.491235
engineer_handL
  62 23.306429 35.545704 1.751784 0.955944 -0.115935 -0.269683 0.481734 0.749351 1 62 1.000000
  52 23.375298 36.138161 2.119417 0.965279 0.102302 -0.240356 0.456903 0.731261 2 52 0.504971 54 0.495029
  54 23.423004 35.785500 2.282798 0.980593 -0.083419 -0.177420 0.457649 0.749451 1 54 1.000000
engineer_handL
  62 23.306429 35.545704 1.751784 0.955944 -0.115935 -0.269683 0.481734 0.749351 1 62 1.000000
  62 23.248060 35.905609 1.596922 0.928184 0.049911 -0.368759 0.482408 0.730454 2 62 0.500114 60 0.499886
  52 23.375298 36.138161 2.119417 0.965279 0.102302 -0.240356 0.456903 0.731261 2 52 0.504971 54 0.495029
engineer_handL
  62 23.033369 35.696621 1.179026 0.838919 -0.001427 -0.544254 0.503848 0.728721 1 62 1.000000
  62 23.248060 35.905609 1.596922 0.928184 0.049911 -0.368759 0.482408 0.730454 2 62 0.500114 60 0.499886
  62 23.306429 35.545704 1.751784 0.955944 -0.115935 -0.269683 0.481734 0.749351 1 62 1.000000
engineer_handL
  60 22.941540 36.074196 1.059865 0.838919 -0.001427 -0.544254 0.501746 0.710836 2 60 0.549848 62 0.450152
  62 23.248060 35.905609 1.596922 0.928184 0.049911 -0.368759 0.482408 0.730454 2 62 0.500114 60 0.499886
  62 23.033369 35.696621 1.179026 0.838919 -0.001427 -0.544254 0.503848 0.728721 1 62 1.000000
engineer_handL
  60 22.941540 36.074196 1.059865 0.838919 -0.001427 -0.544254 0.501746 0.710836 2 60 0.549848 62 0.450152
  62 23.033369 35.696621 1.179026 0.838919 -0.001427 -0.544254 0.503848 0.728721 1 62 1.000000
  62 22.733351 35.484215 0.843238 0.749642 -0.071345 -0.657986 0.526936 0.729424 1 62 1.000000
engineer_handL
  60 22.941540 36.074196 1.059865 0.838919 -0.001427 -0.544254 0.501746 0.710836 2 60 0.549848 62 0.450152
  62 22.733351 35.484215 0.843238 0.749642 -0.071345 -0.657986 0.526936 0.729424 1 62 1.000000
  60 22.527168 35.717323 0.582033 0.530888 -0.194055 -0.824924 0.536100 0.710847 2 60 0.511122 62 0.488878
engineer_handL
  62 22.586908 35.115517 0.752267 0.354954 -0.281344 -0.891545 0.538130 0.743624 1 62 1.000000
  60 22.527168 35.717323 0.582033 0.530888 -0.194055 -0.824924 0.536100 0.710847 2 60 0.511122 62 0.488878
  62 22.733351 35.484215 0.843238 0.749642 -0.071345 -0.657986 0.526936 0.729424 1 62 1.000000
engineer_handL
  62 22.586908 35.115517 0.752267 0.354954 -0.281344 -0.891545 0.538130 0.743624 1 62 1.000000
  60 21.571980 35.427605 0.542164 -0.210398 -0.467331 -0.858682 0.570386 0.709630 2 60 0.510039 62 0.489961
  60 22.527168 35.717323 0.582033 0.530888 -0.194055 -0.824924 0.536100 0.710847 2 60 0.511122 62 0.488878
engineer_handL
  62 22.586908 35.115517 0.752267 0.354954 -0.281344 -0.891545 0.538130 0.743624 1 62 1.000000
  62 21.763647 34.960545 0.789983 -0.210398 -0.467331 -0.858682 0.570372 0.736967 1 62 1.000000
  60 21.571980 35.427605 0.542164 -0.210398 -0.467331 -0.858682 0.570386 0.709630 2 60 0.510039 62 0.489961
engineer_handL
  62 22.608786 34.721943 0.904220 0.269595 -0.310225 -0.911635 0.545199 0.763820 1 62 1.000000
  62 21.763647 34.960545 0.789983 -0.210398 -0.467331 -0.858682 0.570372 0.736967 1 62 1.000000
  62 22.586908 35.115517 0.752267 0.354954 -0.281344 -0.891545 0.538130 0.743624 1 62 1.000000
engineer_handL
  62 22.608786 34.721943 0.904220 0.269595 -0.310225 -0.911635 0.545199 0.763820 1 62 1.000000
  62 21.905512 34.516121 1.003408 -0.265210 -0.377698 -0.887134 0.570391 0.768288 1 62 1.000000
  62 21.763647 34.960545 0.789983 -0.210398 -0.467331 -0.858682 0.570372 0.736967 1 62 1.000000
engineer_handL
  62 21.905512 34.516121 1.003408 -0.265210 -0.377698 -0.887134 0.570391 0.768288 1 62 1.000000
  62 22.608786 34.721943 0.904220 0.269595 -0.310225 -0.911635 0.545199 0.763820 1 62 1.000000
  64 22.582943 33.772465 1.205415 0.269595 -0.310225 -0.911635 0.553963 0.807692 2 64 0.583800 62 0.416200
engineer_handL
  62 21.905512 34.516121 1.003408 -0.265210 -0.377698 -0.887134 0.570391 0.768288 1 62 1.000000
  64 22.582943 33.772465 1.205415 0.269595 -0.310225 -0.911635 0.553963 0.807692 2 64 0.583800 62 0.416200
  64 21.988001 33.791428 1.205635 -0.261162 -0.258685 -0.929987 0.571665 0.804668 2 64 0.580835 62 0.419165
engineer_handL
  64 22.460167 33.134418 1.407666 0.329601 -0.408121 -0.851352 0.559101 0.834084 1 64 1.000000
  64 21.988001 33.791428 1.205635 -0.261162 -0.258685 -0.929987 0.571665 0.804668 2 64 0.580835 62 0.419165
  64 22.582943 33.772465 1.205415 0.269595 -0.310225 -0.911635 0.553963 0.807692 2 64 0.583800 62 0.416200
engineer_handL
  64 22.460167 33.134418 1.407666 0.329601 -0.408121 -0.851352 0.559101 0.834084 1 64 1.000000
  64 21.891266 33.165802 1.370323 -0.248081 -0.197139 -0.948468 0.576940 0.837714 2 64 0.847421 66 0.152579
  64 21.988001 33.791428 1.205635 -0.261162 -0.258685 -0.929987 0.571665 0.804668 2 64 0.580835 62 0.419165
engineer_handL
  64 21.891266 33.165802 1.370323 -0.248081 -0.197139 -0.948468 0.576940 0.837714 2 64 0.847421 66 0.152579
  64 22.460167 33.134418 1.407666 0.329601 -0.408121 -0.851352 0.559101 0.834084 1 64 1.000000
  64 22.056702 32.531094 1.602074 0.333293 -0.510803 -0.792462 0.569149 0.867387 2 64 0.598382 66 0.401618
engineer_handL
  64 21.891266 33.165802 1.370323 -0.248081 -0.197139 -0.948468 0.576940 0.837714 2 64 0.847421 66 0.152579
  64 22.056702 32.531094 1.602074 0.333293 -0.510803 -0.792462 0.569149 0.867387 2 64 0.598382 66 0.401618
  64 21.562725 32.569859 1.555317 -0.248081 -0.197139 -0.948468 0.583936 0.873547 2 64 0.515571 66 0.484429
engineer_handL
  64 22.155304 32.523163 1.712480 0.673862 -0.646536 -0.357633 0.565670 0.868271 2 64 0.615819 66 0.384182
  64 22.056702 32.531094 1.602074 0.333293 -0.510803 -0.792462 0.569149 0.867387 2 64 0.598382 66 0.401618
  64 22.460167 33.134418 1.407666 0.329601 -0.408121 -0.851352 0.559101 0.834084 1 64 1.000000
engineer_handL
  64 22.056702 32.531094 1.602074 0.333293 -0.510803 -0.792462 0.569149 0.867387 2 64 0.598382 66 0.401618
  66 21.922554 32.228325 1.823235 0.660348 -0.691058 -0.293905 0.570285 0.884812 2 66 0.566840 64 0.433160
  66 21.835258 32.241627 1.708126 0.329437 -0.575023 -0.748879 0.573923 0.884138 2 66 0.562518 64 0.437482
engineer_handL
  64 22.056702 32.531094 1.602074 0.333293 -0.510803 -0.792462 0.569149 0.867387 2 64 0.598382 66 0.401618
  64 22.155304 32.523163 1.712480 0.673862 -0.646536 -0.357633 0.565670 0.868271 2 64 0.615819 66 0.384182
  66 21.922554 32.228325 1.823235 0.660348 -0.691058 -0.293905 0.570285 0.884812 2 66 0.566840 64 0.433160
engineer_handL
  64 22.155304 32.523163 1.712480 0.673862 -0.646536 -0.357633 0.565670 0.868271 2 64 0.615819 66 0.384182
  66 22.023317 32.297447 2.157618 0.776059 -0.621767 0.105541 0.557003 0.887096 2 66 0.580827 64 0.419173
  66 21.922554 32.228325 1.823235 0.660348 -0.691058 -0.293905 0.570285 0.884812 2 66 0.566840 64 0.433160
engineer_handL
  62 22.793299 34.806786 0.972101 0.710233 -0.214771 -0.670404 0.540003 0.763635 1 62 1.000000
  62 22.608786 34.721943 0.904220 0.269595 -0.310225 -0.911635 0.545199 0.763820 1 62 1.000000
  62 22.586908 35.115517 0.752267 0.354954 -0.281344 -0.891545 0.538130 0.743624 1 62 1.000000
engineer_handL
  64 22.718517 33.800789 1.300017 0.757120 -0.301859 -0.579354 0.550362 0.808459 2 64 0.584577 62 0.415423
  62 22.608786 34.721943 0.904220 0.269595 -0.310225 -0.911635 0.545199 0.763820 1 62 1.000000
  62 22.793299 34.806786 0.972101 0.710233 -0.214771 -0.670404 0.540003 0.763635 1 62 1.000000
engineer_handL
  64 22.718517 33.800789 1.300017 0.757120 -0.301859 -0.579354 0.550362 0.808459 2 64 0.584577 62 0.415423
  64 22.582943 33.772465 1.205415 0.269595 -0.310225 -0.911635 0.553963 0.807692 2 64 0.583800 62 0.416200
  62 22.608786 34.721943 0.904220 0.269595 -0.310225 -0.911635 0.545199 0.763820 1 62 1.000000
engineer_handL
  64 22.587711 33.148457 1.511739 0.753913 -0.473562 -0.455361 0.555870 0.835309 1 64 1.000000
  64 22.582943 33.772465 1.205415 0.269595 -0.310225 -0.911635 0.553963 0.807692 2 64 0.583800 62 0.416200
  64 22.718517 33.800789 1.300017 0.757120 -0.301859 -0.579354 0.550362 0.808459 2 64 0.584577 62 0.415423
engineer_handL
  64 22.587711 33.148457 1.511739 0.753913 -0.473562 -0.455361 0.555870 0.835309 1 64 1.000000
  64 22.460167 33.134418 1.407666 0.329601 -0.408121 -0.851352 0.559101 0.834084 1 64 1.000000
  64 22.582943 33.772465 1.205415 0.269595 -0.310225 -0.911635 0.553963 0.807692 2 64 0.583800 62 0.416200
engineer_handL
  64 22.155304 32.523163 1.712480 0.673862 -0.646536 -0.357633 0.565670 0.868271 2 64 0.615819 66 0.384182
  64 22.460167 33.134418 1.407666 0.329601 -0.408121 -0.851352 0.559101 0.834084 1 64 1.000000
  64 22.587711 33.148457 1.511739 0.753913 -0.473562 -0.455361 0.555870 0.835309 1 64 1.000000
engineer_handL
  64 22.266745 32.594776 2.061150 0.806709 -0.584792 0.085081 0.551900 0.870754 2 64 0.644041 66 0.355959
  64 22.155304 32.523163 1.712480 0.673862 -0.646536 -0.357633 0.565670 0.868271 2 64 0.615819 66 0.384182
  64 22.587711 33.148457 1.511739 0.753913 -0.473562 -0.455361 0.555870 0.835309 1 64 1.000000
engineer_handL
  64 22.155304 32.523163 1.712480 0.673862 -0.646536 -0.357633 0.565670 0.868271 2 64 0.615819 66 0.384182
  64 22.266745 32.594776 2.061150 0.806709 -0.584792 0.085081 0.551900 0.870754 2 64 0.644041 66 0.355959
  66 22.023317 32.297447 2.157618 0.776059 -0.621767 0.105541 0.557003 0.887096 2 66 0.580827 64 0.419173
engineer_handL
  64 22.266745 32.594776 2.061150 0.806709 -0.584792 0.085081 0.551900 0.870754 2 64 0.644041 66 0.355959
  66 21.987654 32.448135 2.549354 0.678219 -0.446281 0.583826 0.542854 0.890362 2 66 0.570140 64 0.429860
  66 22.023317 32.297447 2.157618 0.776059 -0.621767 0.105541 0.557003 0.887096 2 66 0.580827 64 0.419173
engineer_handL
  66 21.987654 32.448135 2.549354 0.678219 -0.446281 0.583826 0.542854 0.890362 2 66 0.570140 64 0.429860
  66 21.794630 32.065838 2.253690 0.712360 -0.684068 0.156826 0.561174 0.901674 2 66 0.752825 64 0.247175
  66 22.023317 32.297447 2.157618 0.776059 -0.621767 0.105541 0.557003 0.887096 2 66 0.580827 64 0.419173
engineer_handL
  66 21.922554 32.228325 1.823235 0.660348 -0.691058 -0.293905 0.570285 0.884812 2 66 0.566840 64 0.433160
  66 22.023317 32.297447 2.157618 0.776059 -0.621767 0.105541 0.557003 0.887096 2 66 0.580827 64 0.419173
  66 21.794630 32.065838 2.253690 0.712360 -0.684068 0.156826 0.561174 0.901674 2 66 0.752825 64 0.247175
engineer_handL
  66 21.922554 32.228325 1.823235 0.660348 -0.691058 -0.293905 0.570285 0.884812 2 66 0.566840 64 0.433160
  66 21.794630 32.065838 2.253690 0.712360 -0.684068 0.156826 0.561174 0.901674 2 66 0.752825 64 0.247175
  66 21.696659 31.988243 1.933716 0.621610 -0.739992 -0.256928 0.574035 0.899539 2 66 0.706675 64 0.293325
engineer_handL
  66 21.835258 32.241627 1.708126 0.329437 -0.575023 -0.748879 0.573923 0.884138 2 66 0.562518 64 0.437482
  66 21.922554 32.228325 1.823235 0.660348 -0.691058 -0.293905 0.570285 0.884812 2 66 0.566840 64 0.433160
  66 21.696659 31.988243 1.933716 0.621610 -0.739992 -0.256928 0.574035 0.899539 2 66 0.706675 64 0.293325
engineer_handL
  66 21.835258 32.241627 1.708126 0.329437 -0.575023 -0.748879 0.573923 0.884138 2 66 0.562518 64 0.437482
  66 21.696659 31.988243 1.933716 0.621610 -0.739992 -0.256928 0.574035 0.899539 2 66 0.706675 64 0.293325
  66 21.615612 31.999630 1.812614 0.304152 -0.641584 -0.704174 0.577856 0.899098 2 66 0.693308 64 0.306693
engineer_handL
  66 21.615612 31.999630 1.812614 0.304152 -0.641584 -0.704174 0.577856 0.899098 2 66 0.693308 64 0.306693
  66 21.696659 31.988243 1.933716 0.621610 -0.739992 -0.256928 0.574035 0.899539 2 66 0.706675 64 0.293325
  66 21.475843 31.786188 2.029130 0.592255 -0.774994 -0.220493 0.576922 0.911584 2 66 0.894604 64 0.105396
engineer_handL
  66 21.615612 31.999630 1.812614 0.304152 -0.641584 -0.704174 0.577856 0.899098 2 66 0.693308 64 0.306693
  66 21.475843 31.786188 2.029130 0.592255 -0.774994 -0.220493 0.576922 0.911584 2 66 0.894604 64 0.105396
  66 21.366962 31.775778 1.924536 0.260246 -0.657600 -0.706990 0.580585 0.911259 2 66 0.894369 64 0.105631
engineer_handL
  66 21.366962 31.775778 1.924536 0.260246 -0.657600 -0.706990 0.580585 0.911259 2 66 0.894369 64 0.105631
  66 21.475843 31.786188 2.029130 0.592255 -0.774994 -0.220493 0.576922 0.911584 2 66 0.894604 64 0.105396
  66 21.189680 31.552639 2.095793 0.475900 -0.810601 -0.341241 0.580141 0.925016 1 66 1.000000
engineer_handL
  66 21.366962 31.775778 1.924536 0.260246 -0.657600 -0.706990 0.580585 0.911259 2 66 0.894369 64 0.105631
  66 21.189680 31.552639 2.095793 0.475900 -0.810601 -0.341241 0.580141 0.925016 1 66 1.000000
  66 21.100777 31.559008 2.031352 0.178756 -0.646473 -0.741700 0.583628 0.924820 1 66 1.000000
engineer_handL
  64 22.266745 32.594776 2.061150 0.806709 -0.584792 0.085081 0.551900 0.870754 2 64 0.644041 66 0.355959
  64 22.230930 32.749481 2.460065 0.721918 -0.397442 0.566457 0.537165 0.874331 2 64 0.644931 66 0.355069
  66 21.987654 32.448135 2.549354 0.678219 -0.446281 0.583826 0.542854 0.890362 2 66 0.570140 64 0.429860
engineer_handL
  66 21.696659 31.988243 1.933716 0.621610 -0.739992 -0.256928 0.574035 0.899539 2 66 0.706675 64 0.293325
  66 21.549500 31.824179 2.216882 0.672234 -0.738418 0.053292 0.569373 0.912666 1 66 1.000000
  66 21.475843 31.786188 2.029130 0.592255 -0.774994 -0.220493 0.576922 0.911584 2 66 0.894604 64 0.105396
engineer_handL
  66 21.696659 31.988243 1.933716 0.621610 -0.739992 -0.256928 0.574035 0.899539 2 66 0.706675 64 0.293325
  66 21.794630 32.065838 2.253690 0.712360 -0.684068 0.156826 0.561174 0.901674 2 66 0.752825 64 0.247175
  66 21.549500 31.824179 2.216882 0.672234 -0.738418 0.053292 0.569373 0.912666 1 66 1.000000
engineer_handL
  64 22.230930 32.749481 2.460065 0.721918 -0.397442 0.566457 0.537165 0.874331 2 64 0.644931 66 0.355069
  64 22.731728 33.243019 1.886039 0.906471 -0.422241 -0.004685 0.541102 0.838236 1 64 1.000000
  64 22.683826 33.421173 2.280944 0.831741 -0.294455 0.470640 0.524714 0.841835 1 64 1.000000
engineer_handL
  64 22.230930 32.749481 2.460065 0.721918 -0.397442 0.566457 0.537165 0.874331 2 64 0.644931 66 0.355069
  64 22.266745 32.594776 2.061150 0.806709 -0.584792 0.085081 0.551900 0.870754 2 64 0.644041 66 0.355959
  64 22.731728 33.243019 1.886039 0.906471 -0.422241 -0.004685 0.541102 0.838236 1 64 1.000000
engineer_handL
  64 22.266745 32.594776 2.061150 0.806709 -0.584792 0.085081 0.551900 0.870754 2 64 0.644041 66 0.355959
  64 22.587711 33.148457 1.511739 0.753913 -0.473562 -0.455361 0.555870 0.835309 1 64 1.000000
  64 22.731728 33.243019 1.886039 0.906471 -0.422241 -0.004685 0.541102 0.838236 1 64 1.000000
engineer_handL
  64 22.731728 33.243019 1.886039 0.906471 -0.422241 -0.004685 0.541102 0.838236 1 64 1.000000
  64 22.587711 33.148457 1.511739 0.753913 -0.473562 -0.455361 0.555870 0.835309 1 64 1.000000
  64 22.718517 33.800789 1.300017 0.757120 -0.301859 -0.579354 0.550362 0.808459 2 64 0.584577 62 0.415423
engineer_handL
  64 22.731728 33.243019 1.886039 0.906471 -0.422241 -0.004685 0.541102 0.838236 1 64 1.000000
  64 22.718517 33.800789 1.300017 0.757120 -0.301859 -0.579354 0.550362 0.808459 2 64 0.584577 62 0.415423
  64 22.892403 33.941528 1.700994 0.951240 -0.259798 -0.166274 0.532109 0.811817 2 64 0.568020 62 0.431980
engineer_handL
  64 22.892403 33.941528 1.700994 0.951240 -0.259798 -0.166274 0.532109 0.811817 2 64 0.568020 62 0.431980
  64 22.718517 33.800789 1.300017 0.757120 -0.301859 -0.579354 0.550362 0.808459 2 64 0.584577 62 0.415423
  62 22.793299 34.806786 0.972101 0.710233 -0.214771 -0.670404 0.540003 0.763635 1 62 1.000000
engineer_handL
  64 22.683826 33.421173 2.280944 0.831741 -0.294455 0.470640 0.524714 0.841835 1 64 1.000000
  64 22.731728 33.243019 1.886039 0.906471 -0.422241 -0.004685 0.541102 0.838236 1 64 1.000000
  64 22.892403 33.941528 1.700994 0.951240 -0.259798 -0.166274 0.532109 0.811817 2 64 0.568020 62 0.431980
engineer_handL
  64 22.157381 32.821060 2.540678 0.413297 -0.064393 0.908316 0.533571 0.875523 2 64 0.647369 66 0.352631
  66 21.987654 32.448135 2.549354 0.678219 -0.446281 0.583826 0.542854 0.890362 2 66 0.570140 64 0.429860
  64 22.230930 32.749481 2.460065 0.721918 -0.397442 0.566457 0.537165 0.874331 2 64 0.644931 66 0.355069
engineer_handL
  64 22.230930 32.749481 2.460065 0.721918 -0.397442 0.566457 0.537165 0.874331 2 64 0.644931 66 0.355069
  64 22.605682 33.477066 2.379332 0.458807 -0.037762 0.887733 0.521588 0.842881 1 64 1.000000
  64 22.157381 32.821060 2.540678 0.413297 -0.064393 0.908316 0.533571 0.875523 2 64 0.647369 66 0.352631
engineer_handL
  64 22.230930 32.749481 2.460065 0.721918 -0.397442 0.566457 0.537165 0.874331 2 64 0.644931 66 0.355069
  64 22.683826 33.421173 2.280944 0.831741 -0.294455 0.470640 0.524714 0.841835 1 64 1.000000
  64 22.605682 33.477066 2.379332 0.458807 -0.037762 0.887733 0.521588 0.842881 1 64 1.000000
engineer_handL
  64 22.605682 33.477066 2.379332 0.458807 -0.037762 0.887733 0.521588 0.842881 1 64 1.000000
  64 22.683826 33.421173 2.280944 0.831741 -0.294455 0.470640 0.524714 0.841835 1 64 1.000000
  64 22.921043 34.088787 2.140663 0.912346 -0.158140 0.377646 0.514968 0.816533 2 64 0.590927 62 0.409073
engineer_handL
  64 22.683826 33.421173 2.280944 0.831741 -0.294455 0.470640 0.524714 0.841835 1 64 1.000000
  64 22.892403 33.941528 1.700994 0.951240 -0.259798 -0.166274 0.532109 0.811817 2 64 0.568020 62 0.431980
  64 22.921043 34.088787 2.140663 0.912346 -0.158140 0.377646 0.514968 0.816533 2 64 0.590927 62 0.409073
engineer_handL
  64 22.921043 34.088787 2.140663 0.912346 -0.158140 0.377646 0.514968 0.816533 2 64 0.590927 62 0.409073
  64 22.892403 33.941528 1.700994 0.951240 -0.259798 -0.166274 0.532109 0.811817 2 64 0.568020 62 0.431980
  62 23.084425 34.972633 1.397413 0.920642 -0.195999 -0.337642 0.514131 0.765392 1 62 1.000000
engineer_handL
  64 22.892403 33.941528 1.700994 0.951240 -0.259798 -0.166274 0.532109 0.811817 2 64 0.568020 62 0.431980
  62 22.793299 34.806786 0.972101 0.710233 -0.214771 -0.670404 0.540003 0.763635 1 62 1.000000
  62 23.084425 34.972633 1.397413 0.920642 -0.195999 -0.337642 0.514131 0.765392 1 62 1.000000
engineer_handL
  62 22.742836 35.144497 0.881026 0.718767 -0.123042 -0.684276 0.534169 0.745311 1 62 1.000000
  62 23.084425 34.972633 1.397413 0.920642 -0.195999 -0.337642 0.514131 0.765392 1 62 1.000000
  62 22.793299 34.806786 0.972101 0.710233 -0.214771 -0.670404 0.540003 0.763635 1 62 1.000000
engineer_handL
  62 22.793299 34.806786 0.972101 0.710233 -0.214771 -0.670404 0.540003 0.763635 1 62 1.000000
  62 22.586908 35.115517 0.752267 0.354954 -0.281344 -0.891545 0.538130 0.743624 1 62 1.000000
  62 22.742836 35.144497 0.881026 0.718767 -0.123042 -0.684276 0.534169 0.745311 1 62 1.000000
engineer_handL
  62 22.586908 35.115517 0.752267 0.354954 -0.281344 -0.891545 0.538130 0.743624 1 62 1.000000
  62 22.733351 35.484215 0.843238 0.749642 -0.071345 -0.657986 0.526936 0.729424 1 62 1.000000
  62 22.742836 35.144497 0.881026 0.718767 -0.123042 -0.684276 0.534169 0.745311 1 62 1.000000
engineer_handL
  62 23.070730 35.319523 1.291101 0.870828 -0.102581 -0.480766 0.505872 0.747727 1 62 1.000000
  62 22.742836 35.144497 0.881026 0.718767 -0.123042 -0.684276 0.534169 0.745311 1 62 1.000000
  62 22.733351 35.484215 0.843238 0.749642 -0.071345 -0.657986 0.526936 0.729424 1 62 1.000000
engineer_handL
  62 23.070730 35.319523 1.291101 0.870828 -0.102581 -0.480766 0.505872 0.747727 1 62 1.000000
  62 22.733351 35.484215 0.843238 0.749642 -0.071345 -0.657986 0.526936 0.729424 1 62 1.000000
  62 23.033369 35.696621 1.179026 0.838919 -0.001427 -0.544254 0.503848 0.728721 1 62 1.000000
engineer_handL
  62 23.033369 35.696621 1.179026 0.838919 -0.001427 -0.544254 0.503848 0.728721 1 62 1.000000
  62 23.306429 35.545704 1.751784 0.955944 -0.115935 -0.269683 0.481734 0.749351 1 62 1.000000
  62 23.070730 35.319523 1.291101 0.870828 -0.102581 -0.480766 0.505872 0.747727 1 62 1.000000
engineer_handL
  62 23.070730 35.319523 1.291101 0.870828 -0.102581 -0.480766 0.505872 0.747727 1 62 1.000000
  62 23.306429 35.545704 1.751784 0.955944 -0.115935 -0.269683 0.481734 0.749351 1 62 1.000000
  62 23.215685 35.170986 1.901171 0.934711 -0.349643 0.063753 0.490120 0.767295 2 62 0.877145 64 0.122856
engineer_handL
  62 23.306429 35.545704 1.751784 0.955944 -0.115935 -0.269683 0.481734 0.749351 1 62 1.000000
  54 23.337698 35.355789 2.453105 0.870656 -0.416948 -0.260984 0.455472 0.769197 2 54 0.902546 56 0.097455
  62 23.215685 35.170986 1.901171 0.934711 -0.349643 0.063753 0.490120 0.767295 2 62 0.877145 64 0.122856
engineer_handL
  62 22.993626 35.080154 2.147758 0.579437 -0.527693 0.621122 0.487170 0.773663 2 62 0.874304 64 0.125697
  62 23.215685 35.170986 1.901171 0.934711 -0.349643 0.063753 0.490120 0.767295 2 62 0.877145 64 0.122856
  54 23.337698 35.355789 2.453105 0.870656 -0.416948 -0.260984 0.455472 0.769197 2 54 0.902546 56 0.097455
engineer_handL
  62 22.993626 35.080154 2.147758 0.579437 -0.527693 0.621122 0.487170 0.773663 2 62 0.874304 64 0.125697
  54 23.337698 35.355789 2.453105 0.870656 -0.416948 -0.260984 0.455472 0.769197 2 54 0.902546 56 0.097455
  54 23.092148 35.145458 2.425524 0.408945 -0.816674 -0.407194 0.459129 0.774892 2 54 0.905171 56 0.094829
engineer_handL
  54 23.249371 34.537155 2.849737 0.774898 -0.368078 -0.513859 0.451675 0.811414 2 54 0.745520 56 0.254480
  54 23.092148 35.145458 2.425524 0.408945 -0.816674 -0.407194 0.459129 0.774892 2 54 0.905171 56 0.094829
  54 23.337698 35.355789 2.453105 0.870656 -0.416948 -0.260984 0.455472 0.769197 2 54 0.902546 56 0.097455
engineer_handL
  62 22.742836 35.144497 0.881026 0.718767 -0.123042 -0.684276 0.534169 0.745311 1 62 1.000000
  62 23.070730 35.319523 1.291101 0.870828 -0.102581 -0.480766 0.505872 0.747727 1 62 1.000000
  62 23.084425 34.972633 1.397413 0.920642 -0.195999 -0.337642 0.514131 0.765392 1 62 1.000000
engineer_handL
  62 23.070730 35.319523 1.291101 0.870828 -0.102581 -0.480766 0.505872 0.747727 1 62 1.000000
  62 23.215685 35.170986 1.901171 0.934711 -0.349643 0.063753 0.490120 0.767295 2 62 0.877145 64 0.122856
  62 23.084425 34.972633 1.397413 0.920642 -0.195999 -0.337642 0.514131 0.765392 1 62 1.000000
engineer_handL
  64 22.921043 34.088787 2.140663 0.912346 -0.158140 0.377646 0.514968 0.816533 2 64 0.590927 62 0.409073
  62 23.084425 34.972633 1.397413 0.920642 -0.195999 -0.337642 0.514131 0.765392 1 62 1.000000
  62 23.215685 35.170986 1.901171 0.934711 -0.349643 0.063753 0.490120 0.767295 2 62 0.877145 64 0.122856
engineer_handL
  64 22.921043 34.088787 2.140663 0.912346 -0.158140 0.377646 0.514968 0.816533 2 64 0.590927 62 0.409073
  62 23.215685 35.170986 1.901171 0.934711 -0.349643 0.063753 0.490120 0.767295 2 62 0.877145 64 0.122856
  62 22.993626 35.080154 2.147758 0.579437 -0.527693 0.621122 0.487170 0.773663 2 62 0.874304 64 0.125697
engineer_handL
  64 22.921043 34.088787 2.140663 0.912346 -0.158140 0.377646 0.514968 0.816533 2 64 0.590927 62 0.409073
  62 22.993626 35.080154 2.147758 0.579437 -0.527693 0.621122 0.487170 0.773663 2 62 0.874304 64 0.125697
  64 22.817486 34.142014 2.269563 0.496934 -0.004590 0.867776 0.511495 0.818091 2 64 0.581795 62 0.418205
engineer_handL
  64 22.605682 33.477066 2.379332 0.458807 -0.037762 0.887733 0.521588 0.842881 1 64 1.000000
  64 22.921043 34.088787 2.140663 0.912346 -0.158140 0.377646 0.514968 0.816533 2 64 0.590927 62 0.409073
  64 22.817486 34.142014 2.269563 0.496934 -0.004590 0.867776 0.511495 0.818091 2 64 0.581795 62 0.418205
engineer_handL
  54 23.531511 36.063889 2.905586 0.994327 -0.024482 -0.103507 0.426449 0.750208 1 54 1.000000
  54 23.493660 35.941711 3.742225 0.930401 -0.227573 0.287339 0.397444 0.771628 2 54 0.898445 56 0.101555
  54 23.536459 35.663292 3.097753 0.989311 -0.137908 -0.047386 0.427773 0.771239 1 54 1.000000
engineer_handL
  54 23.536459 35.663292 3.097753 0.989311 -0.137908 -0.047386 0.427773 0.771239 1 54 1.000000
  54 23.423004 35.785500 2.282798 0.980593 -0.083419 -0.177420 0.457649 0.749451 1 54 1.000000
  54 23.531511 36.063889 2.905586 0.994327 -0.024482 -0.103507 0.426449 0.750208 1 54 1.000000
engineer_handL
  54 23.536459 35.663292 3.097753 0.989311 -0.137908 -0.047386 0.427773 0.771239 1 54 1.000000
  54 23.337698 35.355789 2.453105 0.870656 -0.416948 -0.260984 0.455472 0.769197 2 54 0.902546 56 0.097455
  54 23.423004 35.785500 2.282798 0.980593 -0.083419 -0.177420 0.457649 0.749451 1 54 1.000000
engineer_handL
  62 23.306429 35.545704 1.751784 0.955944 -0.115935 -0.269683 0.481734 0.749351 1 62 1.000000
  54 23.423004 35.785500 2.282798 0.980593 -0.083419 -0.177420 0.457649 0.749451 1 54 1.000000
  54 23.337698 35.355789 2.453105 0.870656 -0.416948 -0.260984 0.455472 0.769197 2 54 0.902546 56 0.097455
engineer_handL
  54 23.337698 35.355789 2.453105 0.870656 -0.416948 -0.260984 0.455472 0.769197 2 54 0.902546 56 0.097455
  54 23.410454 34.700794 3.423523 0.978964 -0.203794 0.009899 0.429592 0.813335 2 54 0.747018 56 0.252982
  54 23.249371 34.537155 2.849737 0.774898 -0.368078 -0.513859 0.451675 0.811414 2 54 0.745520 56 0.254480
engineer_handL
  54 23.337698 35.355789 2.453105 0.870656 -0.416948 -0.260984 0.455472 0.769197 2 54 0.902546 56 0.097455
  54 23.536459 35.663292 3.097753 0.989311 -0.137908 -0.047386 0.427773 0.771239 1 54 1.000000
  54 23.410454 34.700794 3.423523 0.978964 -0.203794 0.009899 0.429592 0.813335 2 54 0.747018 56 0.252982
engineer_handL
  54 23.322456 34.928539 4.024803 0.829708 -0.029482 0.557419 0.405839 0.816692 2 54 0.723430 56 0.276570
  54 23.410454 34.700794 3.423523 0.978964 -0.203794 0.009899 0.429592 0.813335 2 54 0.747018 56 0.252982
  54 23.536459 35.663292 3.097753 0.989311 -0.137908 -0.047386 0.427773 0.771239 1 54 1.000000
engineer_handL
  54 23.322456 34.928539 4.024803 0.829708 -0.029482 0.557419 0.405839 0.816692 2 54 0.723430 56 0.276570
  54 23.536459 35.663292 3.097753 0.989311 -0.137908 -0.047386 0.427773 0.771239 1 54 1.000000
  54 23.493660 35.941711 3.742225 0.930401 -0.227573 0.287339 0.397444 0.771628 2 54 0.898445 56 0.101555
engineer_handL
  54 23.322456 34.928539 4.024803 0.829708 -0.029482 0.557419 0.405839 0.816692 2 54 0.723430 56 0.276570
  54 23.493660 35.941711 3.742225 0.930401 -0.227573 0.287339 0.397444 0.771628 2 54 0.898445 56 0.101555
  54 23.343912 35.880039 3.880761 0.563912 -0.431156 0.704349 0.394404 0.775800 2 54 0.899598 56 0.100402
engineer_handL
  54 23.322456 34.928539 4.024803 0.829708 -0.029482 0.557419 0.405839 0.816692 2 54 0.723430 56 0.276570
  54 23.343912 35.880039 3.880761 0.563912 -0.431156 0.704349 0.394404 0.775800 2 54 0.899598 56 0.100402
  54 23.169128 34.964897 4.091948 0.330112 0.159362 0.930392 0.401171 0.817430 2 54 0.754525 56 0.245475
engineer_handL
  54 23.169128 34.964897 4.091948 0.330112 0.159362 0.930392 0.401171 0.817430 2 54 0.754525 56 0.245475
  54 23.343912 35.880039 3.880761 0.563912 -0.431156 0.704349 0.394404 0.775800 2 54 0.899598 56 0.100402
  54 22.322939 35.368801 4.128580 0.386946 -0.501552 0.773769 0.384270 0.811653 2 54 0.938283 56 0.061717
engineer_handL
  54 23.169128 34.964897 4.091948 0.330112 0.159362 0.930392 0.401171 0.817430 2 54 0.754525 56 0.245475
  54 22.322939 35.368801 4.128580 0.386946 -0.501552 0.773769 0.384270 0.811653 2 54 0.938283 56 0.061717
  54 22.334883 34.766697 4.220062 0.040930 0.161854 0.985965 0.387318 0.832645 2 54 0.772120 56 0.227880
engineer_handL
  54 22.994160 34.173122 4.314252 0.339896 0.121223 0.932618 0.409399 0.848731 2 54 0.502732 56 0.497268
  54 23.169128 34.964897 4.091948 0.330112 0.159362 0.930392 0.401171 0.817430 2 54 0.754525 56 0.245475
  54 22.334883 34.766697 4.220062 0.040930 0.161854 0.985965 0.387318 0.832645 2 54 0.772120 56 0.227880
engineer_handL
  54 22.994160 34.173122 4.314252 0.339896 0.121223 0.932618 0.409399 0.848731 2 54 0.502732 56 0.497268
  54 22.334883 34.766697 4.220062 0.040930 0.161854 0.985965 0.387318 0.832645 2 54 0.772120 56 0.227880
  54 22.317421 34.237091 4.329988 -0.036854 0.230716 0.972323 0.391425 0.854511 2 54 0.528343 56 0.471657
engineer_handL
  54 23.101374 34.115677 4.227559 0.817411 -0.143802 0.557817 0.412384 0.847887 2 54 0.500107 56 0.499893
  54 23.169128 34.964897 4.091948 0.330112 0.159362 0.930392 0.401171 0.817430 2 54 0.754525 56 0.245475
  54 22.994160 34.173122 4.314252 0.339896 0.121223 0.932618 0.409399 0.848731 2 54 0.502732 56 0.497268
engineer_handL
  54 23.101374 34.115677 4.227559 0.817411 -0.143802 0.557817 0.412384 0.847887 2 54 0.500107 56 0.499893
  54 23.322456 34.928539 4.024803 0.829708 -0.029482 0.557419 0.405839 0.816692 2 54 0.723430 56 0.276570
  54 23.169128 34.964897 4.091948 0.330112 0.159362 0.930392 0.401171 0.817430 2 54 0.754525 56 0.245475
engineer_handL
  54 23.101374 34.115677 4.227559 0.817411 -0.143802 0.557817 0.412384 0.847887 2 54 0.500107 56 0.499893
  54 23.410454 34.700794 3.423523 0.978964 -0.203794 0.009899 0.429592 0.813335 2 54 0.747018 56 0.252982
  54 23.322456 34.928539 4.024803 0.829708 -0.029482 0.557419 0.405839 0.816692 2 54 0.723430 56 0.276570
engineer_handL
  54 23.343912 35.880039 3.880761 0.563912 -0.431156 0.704349 0.394404 0.775800 2 54 0.899598 56 0.100402
  46 22.362450 35.422489 4.333230 0.331824 -0.834904 -0.439122 0.378569 0.809409 1 46 1.000000
  54 22.322939 35.368801 4.128580 0.386946 -0.501552 0.773769 0.384270 0.811653 2 54 0.938283 56 0.061717
engineer_handL
  54 23.069025 34.499123 2.776470 0.231441 -0.451084 -0.861950 0.455344 0.811996 2 54 0.772234 56 0.227766
  54 22.220409 34.905148 2.493721 0.186846 -0.917236 -0.351804 0.478808 0.808610 1 54 1.000000
  54 23.092148 35.145458 2.425524 0.408945 -0.816674 -0.407194 0.459129 0.774892 2 54 0.905171 56 0.094829
engineer_handL
  54 23.249371 34.537155 2.849737 0.774898 -0.368078 -0.513859 0.451675 0.811414 2 54 0.745520 56 0.254480
  54 23.069025 34.499123 2.776470 0.231441 -0.451084 -0.861950 0.455344 0.811996 2 54 0.772234 56 0.227766
  54 23.092148 35.145458 2.425524 0.408945 -0.816674 -0.407194 0.459129 0.774892 2 54 0.905171 56 0.094829
engineer_handL
  54 23.069025 34.499123 2.776470 0.231441 -0.451084 -0.861950 0.455344 0.811996 2 54 0.772234 56 0.227766
  54 23.249371 34.537155 2.849737 0.774898 -0.368078 -0.513859 0.451675 0.811414 2 54 0.745520 56 0.254480
  56 23.090572 33.737488 3.206747 0.799075 -0.433326 -0.416782 0.449824 0.845561 1 56 1.000000
engineer_handL
  54 23.410454 34.700794 3.423523 0.978964 -0.203794 0.009899 0.429592 0.813335 2 54 0.747018 56 0.252982
  56 23.090572 33.737488 3.206747 0.799075 -0.433326 -0.416782 0.449824 0.845561 1 56 1.000000
  54 23.249371 34.537155 2.849737 0.774898 -0.368078 -0.513859 0.451675 0.811414 2 54 0.745520 56 0.254480
engineer_handL
  54 23.410454 34.700794 3.423523 0.978964 -0.203794 0.009899 0.429592 0.813335 2 54 0.747018 56 0.252982
  56 23.170265 33.928692 3.728240 0.945277 -0.311657 0.096551 0.431224 0.846689 1 56 1.000000
  56 23.090572 33.737488 3.206747 0.799075 -0.433326 -0.416782 0.449824 0.845561 1 56 1.000000
engineer_handL
  54 23.101374 34.115677 4.227559 0.817411 -0.143802 0.557817 0.412384 0.847887 2 54 0.500107 56 0.499893
  56 23.170265 33.928692 3.728240 0.945277 -0.311657 0.096551 0.431224 0.846689 1 56 1.000000
  54 23.410454 34.700794 3.423523 0.978964 -0.203794 0.009899 0.429592 0.813335 2 54 0.747018 56 0.252982
engineer_handL
  56 22.978098 33.854195 4.295291 0.794066 -0.276766 0.541166 0.413920 0.855475 1 56 1.000000
  56 23.170265 33.928692 3.728240 0.945277 -0.311657 0.096551 0.431224 0.846689 1 56 1.000000
  54 23.101374 34.115677 4.227559 0.817411 -0.143802 0.557817 0.412384 0.847887 2 54 0.500107 56 0.499893
engineer_handL
  56 22.978098 33.854195 4.295291 0.794066 -0.276766 0.541166 0.413920 0.855475 1 56 1.000000
  54 23.101374 34.115677 4.227559 0.817411 -0.143802 0.557817 0.412384 0.847887 2 54 0.500107 56 0.499893
  54 22.994160 34.173122 4.314252 0.339896 0.121223 0.932618 0.409399 0.848731 2 54 0.502732 56 0.497268
engineer_handL
  56 22.978098 33.854195 4.295291 0.794066 -0.276766 0.541166 0.413920 0.855475 1 56 1.000000
  54 22.994160 34.173122 4.314252 0.339896 0.121223 0.932618 0.409399 0.848731 2 54 0.502732 56 0.497268
  56 22.898617 33.901386 4.380285 0.368060 0.044454 0.928739 0.411008 0.855908 1 56 1.000000
engineer_handL
  56 22.898617 33.901386 4.380285 0.368060 0.044454 0.928739 0.411008 0.855908 1 56 1.000000
  54 22.994160 34.173122 4.314252 0.339896 0.121223 0.932618 0.409399 0.848731 2 54 0.502732 56 0.497268
  54 22.317421 34.237091 4.329988 -0.036854 0.230716 0.972323 0.391425 0.854511 2 54 0.528343 56 0.471657
engineer_handL
  56 22.898617 33.901386 4.380285 0.368060 0.044454 0.928739 0.411008 0.855908 1 56 1.000000
  54 22.317421 34.237091 4.329988 -0.036854 0.230716 0.972323 0.391425 0.854511 2 54 0.528343 56 0.471657
  56 22.153141 33.782001 4.432505 -0.046014 0.302667 0.951985 0.396087 0.874348 2 56 0.948509 58 0.051491
engineer_handL
  56 22.498955 33.278923 4.558825 0.368060 0.044454 0.928739 0.413628 0.886053 2 56 0.848893 58 0.151107
  56 22.898617 33.901386 4.380285 0.368060 0.044454 0.928739 0.411008 0.855908 1 56 1.000000
  56 22.153141 33.782001 4.432505 -0.046014 0.302667 0.951985 0.396087 0.874348 2 56 0.948509 58 0.051491
engineer_handL
  56 22.498955 33.278923 4.558825 0.368060 0.044454 0.928739 0.413628 0.886053 2 56 0.848893 58 0.151107
  56 22.153141 33.782001 4.432505 -0.046014 0.302667 0.951985 0.396087 0.874348 2 56 0.948509 58 0.051491
  56 21.915085 33.281048 4.583266 -0.046014 0.302667 0.951985 0.401106 0.897971 2 56 0.729080 58 0.270920
engineer_handL
  56 22.138281 32.753468 4.736811 0.345265 0.013809 0.938403 0.417105 0.911542 2 56 0.519041 58 0.480959
  56 22.498955 33.278923 4.558825 0.368060 0.044454 0.928739 0.413628 0.886053 2 56 0.848893 58 0.151107
  56 21.915085 33.281048 4.583266 -0.046014 0.302667 0.951985 0.401106 0.897971 2 56 0.729080 58 0.270920
engineer_handL
  56 22.138281 32.753468 4.736811 0.345265 0.013809 0.938403 0.417105 0.911542 2 56 0.519041 58 0.480959
  56 21.915085 33.281048 4.583266 -0.046014 0.302667 0.951985 0.401106 0.897971 2 56 0.729080 58 0.270920
  58 21.651978 32.800640 4.726604 -0.046014 0.302667 0.951985 0.406695 0.921652 2 58 0.520676 56 0.479324
engineer_handL
  58 21.813438 32.366707 4.850711 0.284240 0.003857 0.958745 0.420306 0.930072 2 58 0.629702 56 0.370299
  56 22.138281 32.753468 4.736811 0.345265 0.013809 0.938403 0.417105 0.911542 2 56 0.519041 58 0.480959
  58 21.651978 32.800640 4.726604 -0.046014 0.302667 0.951985 0.406695 0.921652 2 58 0.520676 56 0.479324
engineer_handL
  58 21.813438 32.366707 4.850711 0.284240 0.003857 0.958745 0.420306 0.930072 2 58 0.629702 56 0.370299
  58 21.651978 32.800640 4.726604 -0.046014 0.302667 0.951985 0.406695 0.921652 2 58 0.520676 56 0.479324
  58 21.339813 32.417774 4.844844 -0.068950 0.356150 0.931881 0.412163 0.941991 2 58 0.840133 56 0.159867
engineer_handL
  58 21.488073 32.103832 4.934433 0.252378 -0.033336 0.967054 0.422836 0.946728 2 58 0.889312 56 0.110688
  58 21.813438 32.366707 4.850711 0.284240 0.003857 0.958745 0.420306 0.930072 2 58 0.629702 56 0.370299
  58 21.339813 32.417774 4.844844 -0.068950 0.356150 0.931881 0.412163 0.941991 2 58 0.840133 56 0.159867
engineer_handL
  58 21.813438 32.366707 4.850711 0.284240 0.003857 0.958745 0.420306 0.930072 2 58 0.629702 56 0.370299
  58 21.488073 32.103832 4.934433 0.252378 -0.033336 0.967054 0.422836 0.946728 2 58 0.889312 56 0.110688
  58 21.544888 32.031101 4.863649 0.579436 -0.527693 0.621122 0.426249 0.945908 2 58 0.904188 56 0.095812
engineer_handL
  58 21.813438 32.366707 4.850711 0.284240 0.003857 0.958745 0.420306 0.930072 2 58 0.629702 56 0.370299
  58 21.544888 32.031101 4.863649 0.579436 -0.527693 0.621122 0.426249 0.945908 2 58 0.904188 56 0.095812
  58 21.890793 32.283321 4.784060 0.618081 -0.455738 0.640530 0.423680 0.929445 2 58 0.627094 56 0.372906
engineer_handL
  58 21.890793 32.283321 4.784060 0.618081 -0.455738 0.640530 0.423680 0.929445 2 58 0.627094 56 0.372906
  56 22.138281 32.753468 4.736811 0.345265 0.013809 0.938403 0.417105 0.911542 2 56 0.519041 58 0.480959
  58 21.813438 32.366707 4.850711 0.284240 0.003857 0.958745 0.420306 0.930072 2 58 0.629702 56 0.370299
engineer_handL
  58 21.890793 32.283321 4.784060 0.618081 -0.455738 0.640530 0.423680 0.929445 2 58 0.627094 56 0.372906
  56 22.202976 32.685974 4.663343 0.737928 -0.365129 0.567576 0.420511 0.910807 2 56 0.520852 58 0.479148
  56 22.138281 32.753468 4.736811 0.345265 0.013809 0.938403 0.417105 0.911542 2 56 0.519041 58 0.480959
engineer_handL
  56 22.202976 32.685974 4.663343 0.737928 -0.365129 0.567576 0.420511 0.910807 2 56 0.520852 58 0.479148
  56 22.498955 33.278923 4.558825 0.368060 0.044454 0.928739 0.413628 0.886053 2 56 0.848893 58 0.151107
  56 22.138281 32.753468 4.736811 0.345265 0.013809 0.938403 0.417105 0.911542 2 56 0.519041 58 0.480959
engineer_handL
  56 22.202976 32.685974 4.663343 0.737928 -0.365129 0.567576 0.420511 0.910807 2 56 0.520852 58 0.479148
  56 22.568895 33.217548 4.482889 0.764483 -0.339693 0.547882 0.417354 0.885512 2 56 0.863449 58 0.136551
  56 22.498955 33.278923 4.558825 0.368060 0.044454 0.928739 0.413628 0.886053 2 56 0.848893 58 0.151107
engineer_handL
  56 22.898617 33.901386 4.380285 0.368060 0.044454 0.928739 0.411008 0.855908 1 56 1.000000
  56 22.498955 33.278923 4.558825 0.368060 0.044454 0.928739 0.413628 0.886053 2 56 0.848893 58 0.151107
  56 22.568895 33.217548 4.482889 0.764483 -0.339693 0.547882 0.417354 0.885512 2 56 0.863449 58 0.136551
engineer_handL
  56 22.898617 33.901386 4.380285 0.368060 0.044454 0.928739 0.411008 0.855908 1 56 1.000000
  56 22.568895 33.217548 4.482889 0.764483 -0.339693 0.547882 0.417354 0.885512 2 56 0.863449 58 0.136551
  56 22.978098 33.854195 4.295291 0.794066 -0.276766 0.541166 0.413920 0.855475 1 56 1.000000
engineer_handL
  56 22.568895 33.217548 4.482889 0.764483 -0.339693 0.547882 0.417354 0.885512 2 56 0.863449 58 0.136551
  56 23.032841 33.633106 3.836277 0.888342 -0.424593 0.174839 0.432084 0.854529 1 56 1.000000
  56 22.978098 33.854195 4.295291 0.794066 -0.276766 0.541166 0.413920 0.855475 1 56 1.000000
engineer_handL
  56 22.978098 33.854195 4.295291 0.794066 -0.276766 0.541166 0.413920 0.855475 1 56 1.000000
  56 23.032841 33.633106 3.836277 0.888342 -0.424593 0.174839 0.432084 0.854529 1 56 1.000000
  56 23.170265 33.928692 3.728240 0.945277 -0.311657 0.096551 0.431224 0.846689 1 56 1.000000
engineer_handL
  56 22.985327 33.472145 3.323357 0.782624 -0.547214 -0.296742 0.449708 0.852780 1 56 1.000000
  56 23.170265 33.928692 3.728240 0.945277 -0.311657 0.096551 0.431224 0.846689 1 56 1.000000
  56 23.032841 33.633106 3.836277 0.888342 -0.424593 0.174839 0.432084 0.854529 1 56 1.000000
engineer_handL
  56 22.985327 33.472145 3.323357 0.782624 -0.547214 -0.296742 0.449708 0.852780 1 56 1.000000
  56 23.090572 33.737488 3.206747 0.799075 -0.433326 -0.416782 0.449824 0.845561 1 56 1.000000
  56 23.170265 33.928692 3.728240 0.945277 -0.311657 0.096551 0.431224 0.846689 1 56 1.000000
engineer_handL
  56 22.943024 33.718311 3.106068 0.231441 -0.451084 -0.861950 0.453125 0.845761 2 56 0.501418 54 0.498582
  56 23.090572 33.737488 3.206747 0.799075 -0.433326 -0.416782 0.449824 0.845561 1 56 1.000000
  56 22.985327 33.472145 3.323357 0.782624 -0.547214 -0.296742 0.449708 0.852780 1 56 1.000000
engineer_handL
  54 23.069025 34.499123 2.776470 0.231441 -0.451084 -0.861950 0.455344 0.811996 2 54 0.772234 56 0.227766
  56 23.090572 33.737488 3.206747 0.799075 -0.433326 -0.416782 0.449824 0.845561 1 56 1.000000
  56 22.943024 33.718311 3.106068 0.231441 -0.451084 -0.861950 0.453125 0.845761 2 56 0.501418 54 0.498582
engineer_handL
  56 22.568895 33.217548 4.482889 0.764483 -0.339693 0.547882 0.417354 0.885512 2 56 0.863449 58 0.136551
  56 22.639111 33.021194 4.037335 0.837471 -0.502326 0.215200 0.434900 0.883920 1 56 1.000000
  56 23.032841 33.633106 3.836277 0.888342 -0.424593 0.174839 0.432084 0.854529 1 56 1.000000
engineer_handL
  56 22.568895 33.217548 4.482889 0.764483 -0.339693 0.547882 0.417354 0.885512 2 56 0.863449 58 0.136551
  56 22.244675 32.501888 4.239540 0.809557 -0.546159 0.215238 0.437069 0.908939 2 56 0.537802 58 0.462198
  56 22.639111 33.021194 4.037335 0.837471 -0.502326 0.215200 0.434900 0.883920 1 56 1.000000
engineer_handL
  56 22.568895 33.217548 4.482889 0.764483 -0.339693 0.547882 0.417354 0.885512 2 56 0.863449 58 0.136551
  56 22.202976 32.685974 4.663343 0.737928 -0.365129 0.567576 0.420511 0.910807 2 56 0.520852 58 0.479148
  56 22.244675 32.501888 4.239540 0.809557 -0.546159 0.215238 0.437069 0.908939 2 56 0.537802 58 0.462198
engineer_handL
  58 21.890793 32.283321 4.784060 0.618081 -0.455738 0.640530 0.423680 0.929445 2 58 0.627094 56 0.372906
  56 22.244675 32.501888 4.239540 0.809557 -0.546159 0.215238 0.437069 0.908939 2 56 0.537802 58 0.462198
  56 22.202976 32.685974 4.663343 0.737928 -0.365129 0.567576 0.420511 0.910807 2 56 0.520852 58 0.479148
engineer_handL
  58 21.890793 32.283321 4.784060 0.618081 -0.455738 0.640530 0.423680 0.929445 2 58 0.627094 56 0.372906
  58 21.934654 32.096832 4.382485 0.718138 -0.653934 0.238009 0.439345 0.927608 2 58 0.676559 56 0.323441
  56 22.244675 32.501888 4.239540 0.809557 -0.546159 0.215238 0.437069 0.908939 2 56 0.537802 58 0.462198
engineer_handL
  56 22.943024 33.718311 3.106068 0.231441 -0.451084 -0.861950 0.453125 0.845761 2 56 0.501418 54 0.498582
  56 22.985327 33.472145 3.323357 0.782624 -0.547214 -0.296742 0.449708 0.852780 1 56 1.000000
  56 22.871414 33.443485 3.232722 0.248579 -0.508195 -0.824588 0.452648 0.852641 1 56 1.000000
engineer_handL
  56 22.608768 32.884186 3.621671 0.733881 -0.634241 -0.243223 0.451787 0.881873 2 56 0.861860 58 0.138140
  56 22.871414 33.443485 3.232722 0.248579 -0.508195 -0.824588 0.452648 0.852641 1 56 1.000000
  56 22.985327 33.472145 3.323357 0.782624 -0.547214 -0.296742 0.449708 0.852780 1 56 1.000000
engineer_handL
  56 22.608768 32.884186 3.621671 0.733881 -0.634241 -0.243223 0.451787 0.881873 2 56 0.861860 58 0.138140
  56 22.985327 33.472145 3.323357 0.782624 -0.547214 -0.296742 0.449708 0.852780 1 56 1.000000
  56 23.032841 33.633106 3.836277 0.888342 -0.424593 0.174839 0.432084 0.854529 1 56 1.000000
engineer_handL
  56 22.608768 32.884186 3.621671 0.733881 -0.634241 -0.243223 0.451787 0.881873 2 56 0.861860 58 0.138140
  56 23.032841 33.633106 3.836277 0.888342 -0.424593 0.174839 0.432084 0.854529 1 56 1.000000
  56 22.639111 33.021194 4.037335 0.837471 -0.502326 0.215200 0.434900 0.883920 1 56 1.000000
engineer_handL
  56 22.229057 32.386440 3.835608 0.702325 -0.668894 -0.243556 0.453213 0.906836 2 56 0.529559 58 0.470441
  56 22.608768 32.884186 3.621671 0.733881 -0.634241 -0.243223 0.451787 0.881873 2 56 0.861860 58 0.138140
  56 22.639111 33.021194 4.037335 0.837471 -0.502326 0.215200 0.434900 0.883920 1 56 1.000000
engineer_handL
  56 22.229057 32.386440 3.835608 0.702325 -0.668894 -0.243556 0.453213 0.906836 2 56 0.529559 58 0.470441
  56 22.639111 33.021194 4.037335 0.837471 -0.502326 0.215200 0.434900 0.883920 1 56 1.000000
  56 22.244675 32.501888 4.239540 0.809557 -0.546159 0.215238 0.437069 0.908939 2 56 0.537802 58 0.462198
engineer_handL
  56 22.244675 32.501888 4.239540 0.809557 -0.546159 0.215238 0.437069 0.908939 2 56 0.537802 58 0.462198
  58 21.885410 32.001663 3.992590 0.631157 -0.744752 -0.216759 0.454545 0.925452 2 58 0.619532 56 0.380468
  56 22.229057 32.386440 3.835608 0.702325 -0.668894 -0.243556 0.453213 0.906836 2 56 0.529559 58 0.470441
engineer_handL
  56 22.244675 32.501888 4.239540 0.809557 -0.546159 0.215238 0.437069 0.908939 2 56 0.537802 58 0.462198
  58 21.934654 32.096832 4.382485 0.718138 -0.653934 0.238009 0.439345 0.927608 2 58 0.676559 56 0.323441
  58 21.885410 32.001663 3.992590 0.631157 -0.744752 -0.216759 0.454545 0.925452 2 58 0.619532 56 0.380468
engineer_handL
  58 21.885410 32.001663 3.992590 0.631157 -0.744752 -0.216759 0.454545 0.925452 2 58 0.619532 56 0.380468
  58 21.934654 32.096832 4.382485 0.718138 -0.653934 0.238009 0.439345 0.927608 2 58 0.676559 56 0.323441
  58 21.591217 31.839155 4.489172 0.649051 -0.721306 0.241765 0.441330 0.944333 1 58 1.000000
engineer_handL
  58 21.890793 32.283321 4.784060 0.618081 -0.455738 0.640530 0.423680 0.929445 2 58 0.627094 56 0.372906
  58 21.591217 31.839155 4.489172 0.649051 -0.721306 0.241765 0.441330 0.944333 1 58 1.000000
  58 21.934654 32.096832 4.382485 0.718138 -0.653934 0.238009 0.439345 0.927608 2 58 0.676559 56 0.323441
engineer_handL
  58 21.890793 32.283321 4.784060 0.618081 -0.455738 0.640530 0.423680 0.929445 2 58 0.627094 56 0.372906
  58 21.544888 32.031101 4.863649 0.579436 -0.527693 0.621122 0.426249 0.945908 2 58 0.904188 56 0.095812
  58 21.591217 31.839155 4.489172 0.649051 -0.721306 0.241765 0.441330 0.944333 1 58 1.000000
engineer_handL
  58 21.544888 32.031101 4.863649 0.579436 -0.527693 0.621122 0.426249 0.945908 2 58 0.904188 56 0.095812
  58 21.346628 31.693251 4.686390 0.546117 -0.738823 0.394838 0.438252 0.957655 1 58 1.000000
  58 21.591217 31.839155 4.489172 0.649051 -0.721306 0.241765 0.441330 0.944333 1 58 1.000000
engineer_handL
  58 21.544888 32.031101 4.863649 0.579436 -0.527693 0.621122 0.426249 0.945908 2 58 0.904188 56 0.095812
  58 21.290207 31.829189 4.923172 0.575139 -0.583207 0.573660 0.428229 0.958596 1 58 1.000000
  58 21.346628 31.693251 4.686390 0.546117 -0.738823 0.394838 0.438252 0.957655 1 58 1.000000
engineer_handL
  58 21.210659 31.714167 4.837278 0.424873 -0.871756 0.243977 0.431226 0.960912 1 58 1.000000
  58 21.346628 31.693251 4.686390 0.546117 -0.738823 0.394838 0.438252 0.957655 1 58 1.000000
  58 21.290207 31.829189 4.923172 0.575139 -0.583207 0.573660 0.428229 0.958596 1 58 1.000000
engineer_handL
  58 21.210659 31.714167 4.837278 0.424873 -0.871756 0.243977 0.431226 0.960912 1 58 1.000000
  58 21.268522 31.665747 4.703660 0.233634 -0.884426 0.403989 0.438551 0.960043 1 58 1.000000
  58 21.346628 31.693251 4.686390 0.546117 -0.738823 0.394838 0.438252 0.957655 1 58 1.000000
engineer_handL
  58 21.210659 31.714167 4.837278 0.424873 -0.871756 0.243977 0.431226 0.960912 1 58 1.000000
  58 21.208103 31.657595 4.701829 0.400089 -0.781154 0.479298 0.438719 0.961386 1 58 1.000000
  58 21.268522 31.665747 4.703660 0.233634 -0.884426 0.403989 0.438551 0.960043 1 58 1.000000
engineer_handL
  58 21.268522 31.665747 4.703660 0.233634 -0.884426 0.403989 0.438551 0.960043 1 58 1.000000
  58 21.208103 31.657595 4.701829 0.400089 -0.781154 0.479298 0.438719 0.961386 1 58 1.000000
  58 21.223886 31.611166 4.570436 0.462634 -0.832412 0.305057 0.443427 0.960715 1 58 1.000000
engineer_handL
  58 21.208103 31.657595 4.701829 0.400089 -0.781154 0.479298 0.438719 0.961386 1 58 1.000000
  58 21.204689 31.590084 4.578833 0.764143 -0.605096 0.223484 0.443609 0.961835 1 58 1.000000
  58 21.223886 31.611166 4.570436 0.462634 -0.832412 0.305057 0.443427 0.960715 1 58 1.000000
engineer_handL
  58 20.907593 31.277212 4.451859 0.537067 -0.839356 -0.083905 0.453008 0.975697 1 58 1.000000
  58 21.065321 31.404444 4.500200 0.672234 -0.738418 0.053292 0.449792 0.968174 1 58 1.000000
  58 20.915871 31.288769 4.554100 0.545737 -0.825023 0.146660 0.450615 0.975879 1 58 1.000000
engineer_handL
  58 20.915871 31.288769 4.554100 0.545737 -0.825023 0.146660 0.450615 0.975879 1 58 1.000000
  58 21.065321 31.404444 4.500200 0.672234 -0.738418 0.053292 0.449792 0.968174 1 58 1.000000
  58 21.077452 31.441980 4.639025 0.718138 -0.653934 0.238009 0.444803 0.969178 1 58 1.000000
engineer_handL
  58 21.077452 31.441980 4.639025 0.718138 -0.653934 0.238009 0.444803 0.969178 1 58 1.000000
  58 21.065321 31.404444 4.500200 0.672234 -0.738418 0.053292 0.449792 0.968174 1 58 1.000000
  58 21.180115 31.528866 4.447714 0.759870 -0.650052 0.005476 0.449044 0.961178 1 58 1.000000
engineer_handL
  58 21.077452 31.441980 4.639025 0.718138 -0.653934 0.238009 0.444803 0.969178 1 58 1.000000
  58 21.180115 31.528866 4.447714 0.759870 -0.650052 0.005476 0.449044 0.961178 1 58 1.000000
  58 21.204689 31.590084 4.578833 0.764143 -0.605096 0.223484 0.443609 0.961835 1 58 1.000000
engineer_handL
  58 21.185499 31.636354 4.710070 0.738805 -0.504677 0.446619 0.438925 0.962560 1 58 1.000000
  58 21.077452 31.441980 4.639025 0.718138 -0.653934 0.238009 0.444803 0.969178 1 58 1.000000
  58 21.204689 31.590084 4.578833 0.764143 -0.605096 0.223484 0.443609 0.961835 1 58 1.000000
engineer_handL
  58 21.208103 31.657595 4.701829 0.400089 -0.781154 0.479298 0.438719 0.961386 1 58 1.000000
  58 21.185499 31.636354 4.710070 0.738805 -0.504677 0.446619 0.438925 0.962560 1 58 1.000000
  58 21.204689 31.590084 4.578833 0.764143 -0.605096 0.223484 0.443609 0.961835 1 58 1.000000
engineer_handL
  58 21.143576 31.668789 4.777238 0.721918 -0.397442 0.566457 0.434478 0.963309 1 58 1.000000
  58 21.185499 31.636354 4.710070 0.738805 -0.504677 0.446619 0.438925 0.962560 1 58 1.000000
  58 21.208103 31.657595 4.701829 0.400089 -0.781154 0.479298 0.438719 0.961386 1 58 1.000000
engineer_handL
  58 21.143576 31.668789 4.777238 0.721918 -0.397442 0.566457 0.434478 0.963309 1 58 1.000000
  58 21.208103 31.657595 4.701829 0.400089 -0.781154 0.479298 0.438719 0.961386 1 58 1.000000
  58 21.156227 31.704395 4.792981 0.546117 -0.738823 0.394838 0.432912 0.962215 1 58 1.000000
engineer_handL
  58 21.210659 31.714167 4.837278 0.424873 -0.871756 0.243977 0.431226 0.960912 1 58 1.000000
  58 21.156227 31.704395 4.792981 0.546117 -0.738823 0.394838 0.432912 0.962215 1 58 1.000000
  58 21.208103 31.657595 4.701829 0.400089 -0.781154 0.479298 0.438719 0.961386 1 58 1.000000
engineer_handL
  58 21.143576 31.668789 4.777238 0.721918 -0.397442 0.566457 0.434478 0.963309 1 58 1.000000
  58 21.070976 31.500372 4.764988 0.700271 -0.565363 0.435873 0.440165 0.969624 1 58 1.000000
  58 21.185499 31.636354 4.710070 0.738805 -0.504677 0.446619 0.438925 0.962560 1 58 1.000000
engineer_handL
  58 21.185499 31.636354 4.710070 0.738805 -0.504677 0.446619 0.438925 0.962560 1 58 1.000000
  58 21.070976 31.500372 4.764988 0.700271 -0.565363 0.435873 0.440165 0.969624 1 58 1.000000
  58 21.077452 31.441980 4.639025 0.718138 -0.653934 0.238009 0.444803 0.969178 1 58 1.000000
engineer_handL
  58 21.077452 31.441980 4.639025 0.718138 -0.653934 0.238009 0.444803 0.969178 1 58 1.000000
  58 21.070976 31.500372 4.764988 0.700271 -0.565363 0.435873 0.440165 0.969624 1 58 1.000000
  58 20.910789 31.377632 4.809903 0.506887 -0.708376 0.491191 0.441530 0.977400 1 58 1.000000
engineer_handL
  58 21.077452 31.441980 4.639025 0.718138 -0.653934 0.238009 0.444803 0.969178 1 58 1.000000
  58 20.910789 31.377632 4.809903 0.506887 -0.708376 0.491191 0.441530 0.977400 1 58 1.000000
  58 20.912287 31.322475 4.682296 0.508125 -0.804017 0.308813 0.446110 0.977219 1 58 1.000000
engineer_handL
  58 20.915871 31.288769 4.554100 0.545737 -0.825023 0.146660 0.450615 0.975879 1 58 1.000000
  58 21.077452 31.441980 4.639025 0.718138 -0.653934 0.238009 0.444803 0.969178 1 58 1.000000
  58 20.912287 31.322475 4.682296 0.508125 -0.804017 0.308813 0.446110 0.977219 1 58 1.000000
engineer_handL
  58 20.864538 31.267405 4.564888 0.609560 -0.773781 0.172336 0.450815 0.977747 1 58 1.000000
  58 20.915871 31.288769 4.554100 0.545737 -0.825023 0.146660 0.450615 0.975879 1 58 1.000000
  58 20.912287 31.322475 4.682296 0.508125 -0.804017 0.308813 0.446110 0.977219 1 58 1.000000
engineer_handL
  58 20.836119 31.280363 4.700413 0.790171 -0.576216 0.208817 0.446637 0.980460 1 58 1.000000
  58 20.837423 31.241385 4.564349 0.782527 -0.603125 0.154568 0.451266 0.978999 1 58 1.000000
  58 20.864538 31.267405 4.564888 0.609560 -0.773781 0.172336 0.450815 0.977747 1 58 1.000000
engineer_handL
  58 20.836119 31.280363 4.700413 0.790171 -0.576216 0.208817 0.446637 0.980460 1 58 1.000000
  58 20.864538 31.267405 4.564888 0.609560 -0.773781 0.172336 0.450815 0.977747 1 58 1.000000
  58 20.856897 31.302971 4.689529 0.577494 -0.766092 0.282139 0.446409 0.979058 1 58 1.000000
engineer_handL
  58 20.864538 31.267405 4.564888 0.609560 -0.773781 0.172336 0.450815 0.977747 1 58 1.000000
  58 20.912287 31.322475 4.682296 0.508125 -0.804017 0.308813 0.446110 0.977219 1 58 1.000000
  58 20.856897 31.302971 4.689529 0.577494 -0.766092 0.282139 0.446409 0.979058 1 58 1.000000
engineer_handL
  58 20.912287 31.322475 4.682296 0.508125 -0.804017 0.308813 0.446110 0.977219 1 58 1.000000
  58 20.857361 31.355436 4.818193 0.643153 -0.652203 0.401230 0.441854 0.979242 1 58 1.000000
  58 20.856897 31.302971 4.689529 0.577494 -0.766092 0.282139 0.446409 0.979058 1 58 1.000000
engineer_handL
  58 20.912287 31.322475 4.682296 0.508125 -0.804017 0.308813 0.446110 0.977219 1 58 1.000000
  58 20.910789 31.377632 4.809903 0.506887 -0.708376 0.491191 0.441530 0.977400 1 58 1.000000
  58 20.857361 31.355436 4.818193 0.643153 -0.652203 0.401230 0.441854 0.979242 1 58 1.000000
engineer_handL
  58 20.897116 31.446251 4.904776 0.507258 -0.562214 0.653150 0.438615 0.977598 1 58 1.000000
  58 20.857361 31.355436 4.818193 0.643153 -0.652203 0.401230 0.441854 0.979242 1 58 1.000000
  58 20.910789 31.377632 4.809903 0.506887 -0.708376 0.491191 0.441530 0.977400 1 58 1.000000
engineer_handL
  58 21.070976 31.500372 4.764988 0.700271 -0.565363 0.435873 0.440165 0.969624 1 58 1.000000
  58 20.897116 31.446251 4.904776 0.507258 -0.562214 0.653150 0.438615 0.977598 1 58 1.000000
  58 20.910789 31.377632 4.809903 0.506887 -0.708376 0.491191 0.441530 0.977400 1 58 1.000000
engineer_handL
  58 21.070976 31.500372 4.764988 0.700271 -0.565363 0.435873 0.440165 0.969624 1 58 1.000000
  58 21.049623 31.565491 4.854024 0.673916 -0.416600 0.610148 0.436749 0.969971 1 58 1.000000
  58 20.897116 31.446251 4.904776 0.507258 -0.562214 0.653150 0.438615 0.977598 1 58 1.000000
engineer_handL
  58 21.143576 31.668789 4.777238 0.721918 -0.397442 0.566457 0.434478 0.963309 1 58 1.000000
  58 21.049623 31.565491 4.854024 0.673916 -0.416600 0.610148 0.436749 0.969971 1 58 1.000000
  58 21.070976 31.500372 4.764988 0.700271 -0.565363 0.435873 0.440165 0.969624 1 58 1.000000
engineer_handL
  58 21.040205 31.600044 4.878572 0.689107 -0.651049 0.318225 0.434936 0.970155 1 58 1.000000
  58 21.049623 31.565491 4.854024 0.673916 -0.416600 0.610148 0.436749 0.969971 1 58 1.000000
  58 21.143576 31.668789 4.777238 0.721918 -0.397442 0.566457 0.434478 0.963309 1 58 1.000000
engineer_handL
  58 21.040205 31.600044 4.878572 0.689107 -0.651049 0.318225 0.434936 0.970155 1 58 1.000000
  58 21.143576 31.668789 4.777238 0.721918 -0.397442 0.566457 0.434478 0.963309 1 58 1.000000
  58 21.156227 31.704395 4.792981 0.546117 -0.738823 0.394838 0.432912 0.962215 1 58 1.000000
engineer_handL
  58 21.057823 31.616318 4.931651 0.625079 -0.774449 0.097488 0.433752 0.969902 1 58 1.000000
  58 21.040205 31.600044 4.878572 0.689107 -0.651049 0.318225 0.434936 0.970155 1 58 1.000000
  58 21.156227 31.704395 4.792981 0.546117 -0.738823 0.394838 0.432912 0.962215 1 58 1.000000
engineer_handL
  58 21.057823 31.616318 4.931651 0.625079 -0.774449 0.097488 0.433752 0.969902 1 58 1.000000
  58 21.156227 31.704395 4.792981 0.546117 -0.738823 0.394838 0.432912 0.962215 1 58 1.000000
  58 21.210659 31.714167 4.837278 0.424873 -0.871756 0.243977 0.431226 0.960912 1 58 1.000000
engineer_handL
  58 21.058493 31.634279 4.992551 0.575139 -0.583207 0.573660 0.431648 0.969451 1 58 1.000000
  58 21.057823 31.616318 4.931651 0.625079 -0.774449 0.097488 0.433752 0.969902 1 58 1.000000
  58 21.210659 31.714167 4.837278 0.424873 -0.871756 0.243977 0.431226 0.960912 1 58 1.000000
engineer_handL
  58 21.058493 31.634279 4.992551 0.575139 -0.583207 0.573660 0.431648 0.969451 1 58 1.000000
  58 21.210659 31.714167 4.837278 0.424873 -0.871756 0.243977 0.431226 0.960912 1 58 1.000000
  58 21.290207 31.829189 4.923172 0.575139 -0.583207 0.573660 0.428229 0.958596 1 58 1.000000
engineer_handL
  58 21.058493 31.634279 4.992551 0.575139 -0.583207 0.573660 0.431648 0.969451 1 58 1.000000
  58 21.290207 31.829189 4.923172 0.575139 -0.583207 0.573660 0.428229 0.958596 1 58 1.000000
  58 21.237320 31.901241 4.998957 0.285572 -0.083542 0.954709 0.424786 0.959564 1 58 1.000000
engineer_handL
  58 21.488073 32.103832 4.934433 0.252378 -0.033336 0.967054 0.422836 0.946728 2 58 0.889312 56 0.110688
  58 21.237320 31.901241 4.998957 0.285572 -0.083542 0.954709 0.424786 0.959564 1 58 1.000000
  58 21.290207 31.829189 4.923172 0.575139 -0.583207 0.573660 0.428229 0.958596 1 58 1.000000
engineer_handL
  58 21.488073 32.103832 4.934433 0.252378 -0.033336 0.967054 0.422836 0.946728 2 58 0.889312 56 0.110688
  58 21.290207 31.829189 4.923172 0.575139 -0.583207 0.573660 0.428229 0.958596 1 58 1.000000
  58 21.544888 32.031101 4.863649 0.579436 -0.527693 0.621122 0.426249 0.945908 2 58 0.904188 56 0.095812
engineer_handL
  58 20.857361 31.355436 4.818193 0.643153 -0.652203 0.401230 0.441854 0.979242 1 58 1.000000
  58 20.836119 31.280363 4.700413 0.790171 -0.576216 0.208817 0.446637 0.980460 1 58 1.000000
  58 20.856897 31.302971 4.689529 0.577494 -0.766092 0.282139 0.446409 0.979058 1 58 1.000000
engineer_handL
  58 21.040205 31.600044 4.878572 0.689107 -0.651049 0.318225 0.434936 0.970155 1 58 1.000000
  58 20.897116 31.446251 4.904776 0.507258 -0.562214 0.653150 0.438615 0.977598 1 58 1.000000
  58 21.049623 31.565491 4.854024 0.673916 -0.416600 0.610148 0.436749 0.969971 1 58 1.000000
engineer_handL
  58 21.040205 31.600044 4.878572 0.689107 -0.651049 0.318225 0.434936 0.970155 1 58 1.000000
  58 20.855162 31.449268 4.930691 0.678862 -0.597187 0.427216 0.437298 0.979425 1 58 1.000000
  58 20.897116 31.446251 4.904776 0.507258 -0.562214 0.653150 0.438615 0.977598 1 58 1.000000
engineer_handL
  58 20.897116 31.446251 4.904776 0.507258 -0.562214 0.653150 0.438615 0.977598 1 58 1.000000
  58 20.855162 31.449268 4.930691 0.678862 -0.597187 0.427216 0.437298 0.979425 1 58 1.000000
  58 20.857361 31.355436 4.818193 0.643153 -0.652203 0.401230 0.441854 0.979242 1 58 1.000000
engineer_handL
  58 20.855162 31.449268 4.930691 0.678862 -0.597187 0.427216 0.437298 0.979425 1 58 1.000000
  58 20.839537 31.336361 4.829507 0.823470 -0.503418 0.261663 0.441917 0.980446 1 58 1.000000
  58 20.857361 31.355436 4.818193 0.643153 -0.652203 0.401230 0.441854 0.979242 1 58 1.000000
engineer_handL
  58 20.857361 31.355436 4.818193 0.643153 -0.652203 0.401230 0.441854 0.979242 1 58 1.000000
  58 20.839537 31.336361 4.829507 0.823470 -0.503418 0.261663 0.441917 0.980446 1 58 1.000000
  58 20.836119 31.280363 4.700413 0.790171 -0.576216 0.208817 0.446637 0.980460 1 58 1.000000
engineer_handL
  58 20.839537 31.336361 4.829507 0.823470 -0.503418 0.261663 0.441917 0.980446 1 58 1.000000
  58 20.808701 31.239468 4.718166 0.577494 -0.766092 0.282139 0.447042 0.982950 1 58 1.000000
  58 20.836119 31.280363 4.700413 0.790171 -0.576216 0.208817 0.446637 0.980460 1 58 1.000000
engineer_handL
  58 20.839537 31.336361 4.829507 0.823470 -0.503418 0.261663 0.441917 0.980446 1 58 1.000000
  58 20.808481 31.302935 4.849406 0.551256 -0.704793 0.446525 0.442030 0.982587 1 58 1.000000
  58 20.808701 31.239468 4.718166 0.577494 -0.766092 0.282139 0.447042 0.982950 1 58 1.000000
engineer_handL
  58 20.808481 31.302935 4.849406 0.551256 -0.704793 0.446525 0.442030 0.982587 1 58 1.000000
  58 20.668331 31.206444 4.744165 -0.036786 -0.940910 0.336653 0.446946 0.987585 1 58 1.000000
  58 20.808701 31.239468 4.718166 0.577494 -0.766092 0.282139 0.447042 0.982950 1 58 1.000000
engineer_handL
  58 20.808481 31.302935 4.849406 0.551256 -0.704793 0.446525 0.442030 0.982587 1 58 1.000000
  58 20.676838 31.289015 4.898738 -0.007293 -0.808194 0.588871 0.441591 0.986854 1 58 1.000000
  58 20.668331 31.206444 4.744165 -0.036786 -0.940910 0.336653 0.446946 0.987585 1 58 1.000000
engineer_handL
  58 20.821842 31.438919 5.023232 0.540790 -0.636364 0.550079 0.435640 0.982124 1 58 1.000000
  58 20.676838 31.289015 4.898738 -0.007293 -0.808194 0.588871 0.441591 0.986854 1 58 1.000000
  58 20.808481 31.302935 4.849406 0.551256 -0.704793 0.446525 0.442030 0.982587 1 58 1.000000
engineer_handL
  58 20.821842 31.438919 5.023232 0.540790 -0.636364 0.550079 0.435640 0.982124 1 58 1.000000
  58 20.733681 31.442562 5.060888 0.106968 -0.473959 0.874025 0.433122 0.985699 1 58 1.000000
  58 20.676838 31.289015 4.898738 -0.007293 -0.808194 0.588871 0.441591 0.986854 1 58 1.000000
engineer_handL
  58 20.821842 31.438919 5.023232 0.540790 -0.636364 0.550079 0.435640 0.982124 1 58 1.000000
  58 20.996241 31.670601 5.043977 0.231151 -0.123177 0.965089 0.428632 0.971622 1 58 1.000000
  58 20.733681 31.442562 5.060888 0.106968 -0.473959 0.874025 0.433122 0.985699 1 58 1.000000
engineer_handL
  58 20.821842 31.438919 5.023232 0.540790 -0.636364 0.550079 0.435640 0.982124 1 58 1.000000
  58 21.058493 31.634279 4.992551 0.575139 -0.583207 0.573660 0.431648 0.969451 1 58 1.000000
  58 20.996241 31.670601 5.043977 0.231151 -0.123177 0.965089 0.428632 0.971622 1 58 1.000000
engineer_handL
  58 21.058493 31.634279 4.992551 0.575139 -0.583207 0.573660 0.431648 0.969451 1 58 1.000000
  58 21.237320 31.901241 4.998957 0.285572 -0.083542 0.954709 0.424786 0.959564 1 58 1.000000
  58 20.996241 31.670601 5.043977 0.231151 -0.123177 0.965089 0.428632 0.971622 1 58 1.000000
engineer_handL
  58 20.689222 31.170963 4.556555 -0.069414 -0.994561 0.077655 0.453708 0.984818 1 58 1.000000
  58 20.808701 31.239468 4.718166 0.577494 -0.766092 0.282139 0.447042 0.982950 1 58 1.000000
  58 20.668331 31.206444 4.744165 -0.036786 -0.940910 0.336653 0.446946 0.987585 1 58 1.000000
engineer_handL
  58 21.057823 31.616318 4.931651 0.625079 -0.774449 0.097488 0.433752 0.969902 1 58 1.000000
  58 20.855162 31.449268 4.930691 0.678862 -0.597187 0.427216 0.437298 0.979425 1 58 1.000000
  58 21.040205 31.600044 4.878572 0.689107 -0.651049 0.318225 0.434936 0.970155 1 58 1.000000
engineer_handL
  58 21.057823 31.616318 4.931651 0.625079 -0.774449 0.097488 0.433752 0.969902 1 58 1.000000
  58 20.851912 31.439896 4.974021 0.743150 -0.637193 0.204238 0.436701 0.980397 1 58 1.000000
  58 20.855162 31.449268 4.930691 0.678862 -0.597187 0.427216 0.437298 0.979425 1 58 1.000000
engineer_handL
  58 20.855162 31.449268 4.930691 0.678862 -0.597187 0.427216 0.437298 0.979425 1 58 1.000000
  58 20.851912 31.439896 4.974021 0.743150 -0.637193 0.204238 0.436701 0.980397 1 58 1.000000
  58 20.839537 31.336361 4.829507 0.823470 -0.503418 0.261663 0.441917 0.980446 1 58 1.000000
engineer_handL
  58 20.851912 31.439896 4.974021 0.743150 -0.637193 0.204238 0.436701 0.980397 1 58 1.000000
  58 20.808481 31.302935 4.849406 0.551256 -0.704793 0.446525 0.442030 0.982587 1 58 1.000000
  58 20.839537 31.336361 4.829507 0.823470 -0.503418 0.261663 0.441917 0.980446 1 58 1.000000
engineer_handL
  58 20.851912 31.439896 4.974021 0.743150 -0.637193 0.204238 0.436701 0.980397 1 58 1.000000
  58 20.821842 31.438919 5.023232 0.540790 -0.636364 0.550079 0.435640 0.982124 1 58 1.000000
  58 20.808481 31.302935 4.849406 0.551256 -0.704793 0.446525 0.442030 0.982587 1 58 1.000000
engineer_handL
  58 21.058493 31.634279 4.992551 0.575139 -0.583207 0.573660 0.431648 0.969451 1 58 1.000000
  58 20.821842 31.438919 5.023232 0.540790 -0.636364 0.550079 0.435640 0.982124 1 58 1.000000
  58 20.851912 31.439896 4.974021 0.743150 -0.637193 0.204238 0.436701 0.980397 1 58 1.000000
engineer_handL
  58 21.058493 31.634279 4.992551 0.575139 -0.583207 0.573660 0.431648 0.969451 1 58 1.000000
  58 20.851912 31.439896 4.974021 0.743150 -0.637193 0.204238 0.436701 0.980397 1 58 1.000000
  58 21.057823 31.616318 4.931651 0.625079 -0.774449 0.097488 0.433752 0.969902 1 58 1.000000
engineer_handL
  58 21.488073 32.103832 4.934433 0.252378 -0.033336 0.967054 0.422836 0.946728 2 58 0.889312 56 0.110688
  58 21.339813 32.417774 4.844844 -0.068950 0.356150 0.931881 0.412163 0.941991 2 58 0.840133 56 0.159867
  58 21.057480 32.158558 4.928540 -0.068950 0.356150 0.931881 0.415945 0.957995 1 58 1.000000
engineer_handL
  58 21.237320 31.901241 4.998957 0.285572 -0.083542 0.954709 0.424786 0.959564 1 58 1.000000
  58 21.488073 32.103832 4.934433 0.252378 -0.033336 0.967054 0.422836 0.946728 2 58 0.889312 56 0.110688
  58 21.057480 32.158558 4.928540 -0.068950 0.356150 0.931881 0.415945 0.957995 1 58 1.000000
engineer_handL
  58 21.237320 31.901241 4.998957 0.285572 -0.083542 0.954709 0.424786 0.959564 1 58 1.000000
  58 21.057480 32.158558 4.928540 -0.068950 0.356150 0.931881 0.415945 0.957995 1 58 1.000000
  58 20.839891 31.958782 4.993042 -0.113146 0.311329 0.943542 0.418859 0.970329 1 58 1.000000
engineer_handL
  58 20.996241 31.670601 5.043977 0.231151 -0.123177 0.965089 0.428632 0.971622 1 58 1.000000
  58 21.237320 31.901241 4.998957 0.285572 -0.083542 0.954709 0.424786 0.959564 1 58 1.000000
  58 20.839891 31.958782 4.993042 -0.113146 0.311329 0.943542 0.418859 0.970329 1 58 1.000000
engineer_handL
  58 20.996241 31.670601 5.043977 0.231151 -0.123177 0.965089 0.428632 0.971622 1 58 1.000000
  58 20.839891 31.958782 4.993042 -0.113146 0.311329 0.943542 0.418859 0.970329 1 58 1.000000
  58 20.679108 31.749382 5.025519 -0.183024 0.237092 0.954091 0.424450 0.980358 1 58 1.000000
engineer_handL
  58 20.733681 31.442562 5.060888 0.106968 -0.473959 0.874025 0.433122 0.985699 1 58 1.000000
  58 20.996241 31.670601 5.043977 0.231151 -0.123177 0.965089 0.428632 0.971622 1 58 1.000000
  58 20.679108 31.749382 5.025519 -0.183024 0.237092 0.954091 0.424450 0.980358 1 58 1.000000
engineer_handL
  58 20.733681 31.442562 5.060888 0.106968 -0.473959 0.874025 0.433122 0.985699 1 58 1.000000
  58 20.679108 31.749382 5.025519 -0.183024 0.237092 0.954091 0.424450 0.980358 1 58 1.000000
  58 20.496639 31.495913 5.036644 -0.427325 -0.142282 0.892832 0.430978 0.992065 1 58 1.000000
engineer_handL
  58 20.676838 31.289015 4.898738 -0.007293 -0.808194 0.588871 0.441591 0.986854 1 58 1.000000
  58 20.733681 31.442562 5.060888 0.106968 -0.473959 0.874025 0.433122 0.985699 1 58 1.000000
  58 20.496639 31.495913 5.036644 -0.427325 -0.142282 0.892832 0.430978 0.992065 1 58 1.000000
engineer_handL
  58 20.676838 31.289015 4.898738 -0.007293 -0.808194 0.588871 0.441591 0.986854 1 58 1.000000
  58 20.496639 31.495913 5.036644 -0.427325 -0.142282 0.892832 0.430978 0.992065 1 58 1.000000
  58 20.447765 31.374352 4.900645 -0.616799 -0.571485 0.541262 0.440385 0.992930 1 58 1.000000
engineer_handL
  58 20.435329 31.286264 4.728772 -0.639915 -0.718147 0.273447 0.447663 0.993600 1 58 1.000000
  58 20.676838 31.289015 4.898738 -0.007293 -0.808194 0.588871 0.441591 0.986854 1 58 1.000000
  58 20.447765 31.374352 4.900645 -0.616799 -0.571485 0.541262 0.440385 0.992930 1 58 1.000000
engineer_handL
  58 20.435329 31.286264 4.728772 -0.639915 -0.718147 0.273447 0.447663 0.993600 1 58 1.000000
  58 20.668331 31.206444 4.744165 -0.036786 -0.940910 0.336653 0.446946 0.987585 1 58 1.000000
  58 20.676838 31.289015 4.898738 -0.007293 -0.808194 0.588871 0.441591 0.986854 1 58 1.000000
engineer_handL
  58 20.668331 31.206444 4.744165 -0.036786 -0.940910 0.336653 0.446946 0.987585 1 58 1.000000
  58 20.435329 31.286264 4.728772 -0.639915 -0.718147 0.273447 0.447663 0.993600 1 58 1.000000
  58 20.446814 31.248932 4.543913 -0.611938 -0.790457 -0.026628 0.455129 0.990588 1 58 1.000000
engineer_handL
  58 20.668331 31.206444 4.744165 -0.036786 -0.940910 0.336653 0.446946 0.987585 1 58 1.000000
  58 20.446814 31.248932 4.543913 -0.611938 -0.790457 -0.026628 0.455129 0.990588 1 58 1.000000
  58 20.689222 31.170963 4.556555 -0.069414 -0.994561 0.077655 0.453708 0.984818 1 58 1.000000
engineer_handL
  58 20.497143 31.265553 4.343472 -0.500942 -0.649202 -0.572358 0.462595 0.987576 1 58 1.000000
  58 20.689222 31.170963 4.556555 -0.069414 -0.994561 0.077655 0.453708 0.984818 1 58 1.000000
  58 20.446814 31.248932 4.543913 -0.611938 -0.790457 -0.026628 0.455129 0.990588 1 58 1.000000
engineer_handL
  58 20.497143 31.265553 4.343472 -0.500942 -0.649202 -0.572358 0.462595 0.987576 1 58 1.000000
  58 20.722460 31.175114 4.369448 -0.009655 -0.915343 -0.402560 0.459459 0.982465 1 58 1.000000
  58 20.689222 31.170963 4.556555 -0.069414 -0.994561 0.077655 0.453708 0.984818 1 58 1.000000
engineer_handL
  58 20.722460 31.175114 4.369448 -0.009655 -0.915343 -0.402560 0.459459 0.982465 1 58 1.000000
  58 20.497143 31.265553 4.343472 -0.500942 -0.649202 -0.572358 0.462595 0.987576 1 58 1.000000
  58 20.684189 31.455946 4.180572 -0.309671 -0.347190 -0.885191 0.465586 0.974183 1 58 1.000000
engineer_handL
  58 20.722460 31.175114 4.369448 -0.009655 -0.915343 -0.402560 0.459459 0.982465 1 58 1.000000
  58 20.684189 31.455946 4.180572 -0.309671 -0.347190 -0.885191 0.465586 0.974183 1 58 1.000000
  58 20.965385 31.373627 4.192801 0.111919 -0.682024 -0.722715 0.459974 0.967749 1 58 1.000000
engineer_handL
  58 20.841890 31.606346 4.086932 -0.261162 -0.258685 -0.929988 0.468148 0.962711 1 58 1.000000
  58 20.965385 31.373627 4.192801 0.111919 -0.682024 -0.722715 0.459974 0.967749 1 58 1.000000
  58 20.684189 31.455946 4.180572 -0.309671 -0.347190 -0.885191 0.465586 0.974183 1 58 1.000000
engineer_handL
  56 22.608768 32.884186 3.621671 0.733881 -0.634241 -0.243223 0.451787 0.881873 2 56 0.861860 58 0.138140
  56 22.480005 32.871105 3.519583 0.250422 -0.538384 -0.804631 0.455116 0.881656 2 56 0.846669 58 0.153331
  56 22.871414 33.443485 3.232722 0.248579 -0.508195 -0.824588 0.452648 0.852641 1 56 1.000000
engineer_handL
  56 22.480005 32.871105 3.519583 0.250422 -0.538384 -0.804631 0.455116 0.881656 2 56 0.846669 58 0.153331
  56 22.608768 32.884186 3.621671 0.733881 -0.634241 -0.243223 0.451787 0.881873 2 56 0.861860 58 0.138140
  56 22.229057 32.386440 3.835608 0.702325 -0.668894 -0.243556 0.453213 0.906836 2 56 0.529559 58 0.470441
engineer_handL
  56 22.480005 32.871105 3.519583 0.250422 -0.538384 -0.804631 0.455116 0.881656 2 56 0.846669 58 0.153331
  56 22.229057 32.386440 3.835608 0.702325 -0.668894 -0.243556 0.453213 0.906836 2 56 0.529559 58 0.470441
  56 22.109627 32.394928 3.723275 0.248579 -0.508195 -0.824588 0.456852 0.906574 2 56 0.522528 58 0.477472
engineer_handL
  58 21.885410 32.001663 3.992590 0.631157 -0.744752 -0.216759 0.454545 0.925452 2 58 0.619532 56 0.380468
  56 22.109627 32.394928 3.723275 0.248579 -0.508195 -0.824588 0.456852 0.906574 2 56 0.522528 58 0.477472
  56 22.229057 32.386440 3.835608 0.702325 -0.668894 -0.243556 0.453213 0.906836 2 56 0.529559 58 0.470441
engineer_handL
  58 21.885410 32.001663 3.992590 0.631157 -0.744752 -0.216759 0.454545 0.925452 2 58 0.619532 56 0.380468
  58 21.754356 31.997459 3.874590 0.246969 -0.582202 -0.774628 0.457855 0.925186 2 58 0.650569 56 0.349431
  56 22.109627 32.394928 3.723275 0.248579 -0.508195 -0.824588 0.456852 0.906574 2 56 0.522528 58 0.477472
engineer_handL
  58 21.530081 31.719473 4.097526 0.576076 -0.800115 -0.167192 0.455959 0.942272 2 58 0.900216 56 0.099784
  58 21.754356 31.997459 3.874590 0.246969 -0.582202 -0.774628 0.457855 0.925186 2 58 0.650569 56 0.349431
  58 21.885410 32.001663 3.992590 0.631157 -0.744752 -0.216759 0.454545 0.925452 2 58 0.619532 56 0.380468
engineer_handL
  58 21.530081 31.719473 4.097526 0.576076 -0.800115 -0.167192 0.455959 0.942272 2 58 0.900216 56 0.099784
  58 21.451338 31.738853 3.992095 0.216809 -0.631089 -0.744796 0.459301 0.942104 2 58 0.890430 56 0.109570
  58 21.754356 31.997459 3.874590 0.246969 -0.582202 -0.774628 0.457855 0.925186 2 58 0.650569 56 0.349431
engineer_handL
  58 21.451338 31.738853 3.992095 0.216809 -0.631089 -0.744796 0.459301 0.942104 2 58 0.890430 56 0.109570
  58 21.530081 31.719473 4.097526 0.576076 -0.800115 -0.167192 0.455959 0.942272 2 58 0.900216 56 0.099784
  58 21.270807 31.521486 4.194293 0.537067 -0.839356 -0.083905 0.457048 0.955235 1 58 1.000000
engineer_handL
  58 21.451338 31.738853 3.992095 0.216809 -0.631089 -0.744796 0.459301 0.942104 2 58 0.890430 56 0.109570
  58 21.270807 31.521486 4.194293 0.537067 -0.839356 -0.083905 0.457048 0.955235 1 58 1.000000
  58 21.191549 31.537714 4.089494 0.178756 -0.646473 -0.741700 0.460416 0.955143 1 58 1.000000
engineer_handL
  58 21.191549 31.537714 4.089494 0.178756 -0.646473 -0.741700 0.460416 0.955143 1 58 1.000000
  58 21.270807 31.521486 4.194293 0.537067 -0.839356 -0.083905 0.457048 0.955235 1 58 1.000000
  58 21.046965 31.348030 4.272636 0.544858 -0.827201 -0.137365 0.456540 0.966611 1 58 1.000000
engineer_handL
  58 21.191549 31.537714 4.089494 0.178756 -0.646473 -0.741700 0.460416 0.955143 1 58 1.000000
  58 21.046965 31.348030 4.272636 0.544858 -0.827201 -0.137365 0.456540 0.966611 1 58 1.000000
  58 20.965385 31.373627 4.192801 0.111919 -0.682024 -0.722715 0.459974 0.967749 1 58 1.000000
engineer_handL
  58 20.965385 31.373627 4.192801 0.111919 -0.682024 -0.722715 0.459974 0.967749 1 58 1.000000
  58 21.046965 31.348030 4.272636 0.544858 -0.827201 -0.137365 0.456540 0.966611 1 58 1.000000
  58 20.824503 31.188435 4.398459 0.511831 -0.858111 -0.040912 0.455948 0.979892 1 58 1.000000
engineer_handL
  58 20.965385 31.373627 4.192801 0.111919 -0.682024 -0.722715 0.459974 0.967749 1 58 1.000000
  58 20.824503 31.188435 4.398459 0.511831 -0.858111 -0.040912 0.455948 0.979892 1 58 1.000000
  58 20.722460 31.175114 4.369448 -0.009655 -0.915343 -0.402560 0.459459 0.982465 1 58 1.000000
engineer_handL
  58 20.824503 31.188435 4.398459 0.511831 -0.858111 -0.040912 0.455948 0.979892 1 58 1.000000
  58 20.689222 31.170963 4.556555 -0.069414 -0.994561 0.077655 0.453708 0.984818 1 58 1.000000
  58 20.722460 31.175114 4.369448 -0.009655 -0.915343 -0.402560 0.459459 0.982465 1 58 1.000000
engineer_handL
  58 20.824503 31.188435 4.398459 0.511831 -0.858111 -0.040912 0.455948 0.979892 1 58 1.000000
  58 20.807344 31.193987 4.563269 0.545737 -0.825023 0.146660 0.452069 0.981224 1 58 1.000000
  58 20.689222 31.170963 4.556555 -0.069414 -0.994561 0.077655 0.453708 0.984818 1 58 1.000000
engineer_handL
  58 20.689222 31.170963 4.556555 -0.069414 -0.994561 0.077655 0.453708 0.984818 1 58 1.000000
  58 20.807344 31.193987 4.563269 0.545737 -0.825023 0.146660 0.452069 0.981224 1 58 1.000000
  58 20.808701 31.239468 4.718166 0.577494 -0.766092 0.282139 0.447042 0.982950 1 58 1.000000
engineer_handL
  58 20.837423 31.241385 4.564349 0.782527 -0.603125 0.154568 0.451266 0.978999 1 58 1.000000
  58 20.808701 31.239468 4.718166 0.577494 -0.766092 0.282139 0.447042 0.982950 1 58 1.000000
  58 20.807344 31.193987 4.563269 0.545737 -0.825023 0.146660 0.452069 0.981224 1 58 1.000000
engineer_handL
  58 20.837423 31.241385 4.564349 0.782527 -0.603125 0.154568 0.451266 0.978999 1 58 1.000000
  58 20.836119 31.280363 4.700413 0.790171 -0.576216 0.208817 0.446637 0.980460 1 58 1.000000
  58 20.808701 31.239468 4.718166 0.577494 -0.766092 0.282139 0.447042 0.982950 1 58 1.000000
engineer_handL
  58 20.841890 31.606346 4.086932 -0.261162 -0.258685 -0.929988 0.468148 0.962711 1 58 1.000000
  58 21.191549 31.537714 4.089494 0.178756 -0.646473 -0.741700 0.460416 0.955143 1 58 1.000000
  58 20.965385 31.373627 4.192801 0.111919 -0.682024 -0.722715 0.459974 0.967749 1 58 1.000000
engineer_handL
  58 21.191549 31.537714 4.089494 0.178756 -0.646473 -0.741700 0.460416 0.955143 1 58 1.000000
  58 20.841890 31.606346 4.086932 -0.261162 -0.258685 -0.929988 0.468148 0.962711 1 58 1.000000
  58 21.048033 31.794540 3.985223 -0.248081 -0.197139 -0.948468 0.467720 0.950192 1 58 1.000000
engineer_handL
  58 21.191549 31.537714 4.089494 0.178756 -0.646473 -0.741700 0.460416 0.955143 1 58 1.000000
  58 21.048033 31.794540 3.985223 -0.248081 -0.197139 -0.948468 0.467720 0.950192 1 58 1.000000
  58 21.451338 31.738853 3.992095 0.216809 -0.631089 -0.744796 0.459301 0.942104 2 58 0.890430 56 0.109570
engineer_handL
  58 21.299263 32.052917 3.856668 -0.248081 -0.197139 -0.948468 0.467165 0.933948 2 58 0.837096 56 0.162905
  58 21.451338 31.738853 3.992095 0.216809 -0.631089 -0.744796 0.459301 0.942104 2 58 0.890430 56 0.109570
  58 21.048033 31.794540 3.985223 -0.248081 -0.197139 -0.948468 0.467720 0.950192 1 58 1.000000
engineer_handL
  58 21.299263 32.052917 3.856668 -0.248081 -0.197139 -0.948468 0.467165 0.933948 2 58 0.837096 56 0.162905
  58 21.754356 31.997459 3.874590 0.246969 -0.582202 -0.774628 0.457855 0.925186 2 58 0.650569 56 0.349431
  58 21.451338 31.738853 3.992095 0.216809 -0.631089 -0.744796 0.459301 0.942104 2 58 0.890430 56 0.109570
engineer_handL
  58 21.754356 31.997459 3.874590 0.246969 -0.582202 -0.774628 0.457855 0.925186 2 58 0.650569 56 0.349431
  58 21.299263 32.052917 3.856668 -0.248081 -0.197139 -0.948468 0.467165 0.933948 2 58 0.837096 56 0.162905
  58 21.608643 32.475319 3.699627 -0.248081 -0.197139 -0.948468 0.467656 0.913573 2 58 0.516213 56 0.483787
engineer_handL
  58 21.754356 31.997459 3.874590 0.246969 -0.582202 -0.774628 0.457855 0.925186 2 58 0.650569 56 0.349431
  58 21.608643 32.475319 3.699627 -0.248081 -0.197139 -0.948468 0.467656 0.913573 2 58 0.516213 56 0.483787
  56 22.109627 32.394928 3.723275 0.248579 -0.508195 -0.824588 0.456852 0.906574 2 56 0.522528 58 0.477472
engineer_handL
  56 22.109627 32.394928 3.723275 0.248579 -0.508195 -0.824588 0.456852 0.906574 2 56 0.522528 58 0.477472
  58 21.608643 32.475319 3.699627 -0.248081 -0.197139 -0.948468 0.467656 0.913573 2 58 0.516213 56 0.483787
  56 21.885269 32.923157 3.538780 -0.261161 -0.258685 -0.929988 0.468154 0.889804 2 56 0.767641 58 0.232359
engineer_handL
  56 22.109627 32.394928 3.723275 0.248579 -0.508195 -0.824588 0.456852 0.906574 2 56 0.522528 58 0.477472
  56 21.885269 32.923157 3.538780 -0.261161 -0.258685 -0.929988 0.468154 0.889804 2 56 0.767641 58 0.232359
  56 22.480005 32.871105 3.519583 0.250422 -0.538384 -0.804631 0.455116 0.881656 2 56 0.846669 58 0.153331
engineer_handL
  56 22.480005 32.871105 3.519583 0.250422 -0.538384 -0.804631 0.455116 0.881656 2 56 0.846669 58 0.153331
  56 21.885269 32.923157 3.538780 -0.261161 -0.258685 -0.929988 0.468154 0.889804 2 56 0.767641 58 0.232359
  56 22.108744 33.378788 3.346982 -0.273090 -0.296319 -0.915214 0.468821 0.866004 1 56 1.000000
engineer_handL
  56 22.480005 32.871105 3.519583 0.250422 -0.538384 -0.804631 0.455116 0.881656 2 56 0.846669 58 0.153331
  56 22.108744 33.378788 3.346982 -0.273090 -0.296319 -0.915214 0.468821 0.866004 1 56 1.000000
  56 22.871414 33.443485 3.232722 0.248579 -0.508195 -0.824588 0.452648 0.852641 1 56 1.000000
engineer_handL
  56 22.871414 33.443485 3.232722 0.248579 -0.508195 -0.824588 0.452648 0.852641 1 56 1.000000
  56 22.108744 33.378788 3.346982 -0.273090 -0.296319 -0.915214 0.468821 0.866004 1 56 1.000000
  54 22.267761 33.843929 3.139316 -0.265210 -0.377698 -0.887134 0.471568 0.845934 2 54 0.543688 56 0.456312
engineer_handL
  56 22.871414 33.443485 3.232722 0.248579 -0.508195 -0.824588 0.452648 0.852641 1 56 1.000000
  54 22.267761 33.843929 3.139316 -0.265210 -0.377698 -0.887134 0.471568 0.845934 2 54 0.543688 56 0.456312
  56 22.943024 33.718311 3.106068 0.231441 -0.451084 -0.861950 0.453125 0.845761 2 56 0.501418 54 0.498582
engineer_handL
  56 22.943024 33.718311 3.106068 0.231441 -0.451084 -0.861950 0.453125 0.845761 2 56 0.501418 54 0.498582
  54 22.267761 33.843929 3.139316 -0.265210 -0.377698 -0.887134 0.471568 0.845934 2 54 0.543688 56 0.456312
  54 22.294025 34.361858 2.859949 -0.119812 -0.516047 -0.848139 0.473842 0.821302 2 54 0.825297 56 0.174703
engineer_handL
  56 22.943024 33.718311 3.106068 0.231441 -0.451084 -0.861950 0.453125 0.845761 2 56 0.501418 54 0.498582
  54 22.294025 34.361858 2.859949 -0.119812 -0.516047 -0.848139 0.473842 0.821302 2 54 0.825297 56 0.174703
  54 23.069025 34.499123 2.776470 0.231441 -0.451084 -0.861950 0.455344 0.811996 2 54 0.772234 56 0.227766
engineer_handL
  54 23.069025 34.499123 2.776470 0.231441 -0.451084 -0.861950 0.455344 0.811996 2 54 0.772234 56 0.227766
  54 22.294025 34.361858 2.859949 -0.119812 -0.516047 -0.848139 0.473842 0.821302 2 54 0.825297 56 0.174703
  54 22.220409 34.905148 2.493721 0.186846 -0.917236 -0.351804 0.478808 0.808610 1 54 1.000000
engineer_handL
  58 21.204689 31.590084 4.578833 0.764143 -0.605096 0.223484 0.443609 0.961835 1 58 1.000000
  58 21.199863 31.550268 4.438685 0.481487 -0.860547 0.166219 0.448916 0.959975 1 58 1.000000
  58 21.223886 31.611166 4.570436 0.462634 -0.832412 0.305057 0.443427 0.960715 1 58 1.000000
engineer_handL
  58 21.204689 31.590084 4.578833 0.764143 -0.605096 0.223484 0.443609 0.961835 1 58 1.000000
  58 21.180115 31.528866 4.447714 0.759870 -0.650052 0.005476 0.449044 0.961178 1 58 1.000000
  58 21.199863 31.550268 4.438685 0.481487 -0.860547 0.166219 0.448916 0.959975 1 58 1.000000
engineer_handL
  58 21.146114 31.500992 4.379786 0.718168 -0.670795 -0.185118 0.453417 0.960675 1 58 1.000000
  58 21.199863 31.550268 4.438685 0.481487 -0.860547 0.166219 0.448916 0.959975 1 58 1.000000
  58 21.180115 31.528866 4.447714 0.759870 -0.650052 0.005476 0.449044 0.961178 1 58 1.000000
engineer_handL
  58 21.065321 31.404444 4.500200 0.672234 -0.738418 0.053292 0.449792 0.968174 1 58 1.000000
  58 21.146114 31.500992 4.379786 0.718168 -0.670795 -0.185118 0.453417 0.960675 1 58 1.000000
  58 21.180115 31.528866 4.447714 0.759870 -0.650052 0.005476 0.449044 0.961178 1 58 1.000000
engineer_handL
  58 21.065321 31.404444 4.500200 0.672234 -0.738418 0.053292 0.449792 0.968174 1 58 1.000000
  58 21.045319 31.394327 4.405427 0.657578 -0.730200 -0.185469 0.453203 0.967537 1 58 1.000000
  58 21.146114 31.500992 4.379786 0.718168 -0.670795 -0.185118 0.453417 0.960675 1 58 1.000000
engineer_handL
  58 20.907593 31.277212 4.451859 0.537067 -0.839356 -0.083905 0.453008 0.975697 1 58 1.000000
  58 21.045319 31.394327 4.405427 0.657578 -0.730200 -0.185469 0.453203 0.967537 1 58 1.000000
  58 21.065321 31.404444 4.500200 0.672234 -0.738418 0.053292 0.449792 0.968174 1 58 1.000000
engineer_handL
  58 20.907593 31.277212 4.451859 0.537067 -0.839356 -0.083905 0.453008 0.975697 1 58 1.000000
  58 21.028942 31.392555 4.370954 0.718138 -0.653934 0.238009 0.454141 0.967361 1 58 1.000000
  58 21.045319 31.394327 4.405427 0.657578 -0.730200 -0.185469 0.453203 0.967537 1 58 1.000000
engineer_handL
  58 20.907593 31.277212 4.451859 0.537067 -0.839356 -0.083905 0.453008 0.975697 1 58 1.000000
  58 20.870937 31.257439 4.437894 0.660827 -0.729012 0.178465 0.453834 0.976848 1 58 1.000000
  58 21.028942 31.392555 4.370954 0.718138 -0.653934 0.238009 0.454141 0.967361 1 58 1.000000
engineer_handL
  58 21.052536 31.368999 4.339911 0.646454 -0.555441 0.523051 0.455005 0.967091 1 58 1.000000
  58 21.028942 31.392555 4.370954 0.718138 -0.653934 0.238009 0.454141 0.967361 1 58 1.000000
  58 20.870937 31.257439 4.437894 0.660827 -0.729012 0.178465 0.453834 0.976848 1 58 1.000000
engineer_handL
  58 21.052536 31.368999 4.339911 0.646454 -0.555441 0.523051 0.455005 0.967091 1 58 1.000000
  58 20.870937 31.257439 4.437894 0.660827 -0.729012 0.178465 0.453834 0.976848 1 58 1.000000
  58 20.858948 31.233814 4.428859 0.718203 -0.613860 0.327657 0.454595 0.977944 1 58 1.000000
engineer_handL
  58 21.046965 31.348030 4.272636 0.544858 -0.827201 -0.137365 0.456540 0.966611 1 58 1.000000
  58 21.052536 31.368999 4.339911 0.646454 -0.555441 0.523051 0.455005 0.967091 1 58 1.000000
  58 20.858948 31.233814 4.428859 0.718203 -0.613860 0.327657 0.454595 0.977944 1 58 1.000000
engineer_handL
  58 21.046965 31.348030 4.272636 0.544858 -0.827201 -0.137365 0.456540 0.966611 1 58 1.000000
  58 20.858948 31.233814 4.428859 0.718203 -0.613860 0.327657 0.454595 0.977944 1 58 1.000000
  58 20.824503 31.188435 4.398459 0.511831 -0.858111 -0.040912 0.455948 0.979892 1 58 1.000000
engineer_handL
  58 20.858948 31.233814 4.428859 0.718203 -0.613860 0.327657 0.454595 0.977944 1 58 1.000000
  58 20.807344 31.193987 4.563269 0.545737 -0.825023 0.146660 0.452069 0.981224 1 58 1.000000
  58 20.824503 31.188435 4.398459 0.511831 -0.858111 -0.040912 0.455948 0.979892 1 58 1.000000
engineer_handL
  58 20.858948 31.233814 4.428859 0.718203 -0.613860 0.327657 0.454595 0.977944 1 58 1.000000
  58 20.837423 31.241385 4.564349 0.782527 -0.603125 0.154568 0.451266 0.978999 1 58 1.000000
  58 20.807344 31.193987 4.563269 0.545737 -0.825023 0.146660 0.452069 0.981224 1 58 1.000000
engineer_handL
  58 20.837423 31.241385 4.564349 0.782527 -0.603125 0.154568 0.451266 0.978999 1 58 1.000000
  58 20.858948 31.233814 4.428859 0.718203 -0.613860 0.327657 0.454595 0.977944 1 58 1.000000
  58 20.870937 31.257439 4.437894 0.660827 -0.729012 0.178465 0.453834 0.976848 1 58 1.000000
engineer_handL
  58 20.837423 31.241385 4.564349 0.782527 -0.603125 0.154568 0.451266 0.978999 1 58 1.000000
  58 20.870937 31.257439 4.437894 0.660827 -0.729012 0.178465 0.453834 0.976848 1 58 1.000000
  58 20.864538 31.267405 4.564888 0.609560 -0.773781 0.172336 0.450815 0.977747 1 58 1.000000
engineer_handL
  58 20.864538 31.267405 4.564888 0.609560 -0.773781 0.172336 0.450815 0.977747 1 58 1.000000
  58 20.870937 31.257439 4.437894 0.660827 -0.729012 0.178465 0.453834 0.976848 1 58 1.000000
  58 20.907593 31.277212 4.451859 0.537067 -0.839356 -0.083905 0.453008 0.975697 1 58 1.000000
engineer_handL
  58 20.864538 31.267405 4.564888 0.609560 -0.773781 0.172336 0.450815 0.977747 1 58 1.000000
  58 20.907593 31.277212 4.451859 0.537067 -0.839356 -0.083905 0.453008 0.975697 1 58 1.000000
  58 20.915871 31.288769 4.554100 0.545737 -0.825023 0.146660 0.450615 0.975879 1 58 1.000000
engineer_handL
  58 21.028942 31.392555 4.370954 0.718138 -0.653934 0.238009 0.454141 0.967361 1 58 1.000000
  58 21.146114 31.500992 4.379786 0.718168 -0.670795 -0.185118 0.453417 0.960675 1 58 1.000000
  58 21.045319 31.394327 4.405427 0.657578 -0.730200 -0.185469 0.453203 0.967537 1 58 1.000000
engineer_handL
  58 21.028942 31.392555 4.370954 0.718138 -0.653934 0.238009 0.454141 0.967361 1 58 1.000000
  58 21.149769 31.524691 4.334304 0.609560 -0.773781 0.172336 0.454404 0.959235 1 58 1.000000
  58 21.146114 31.500992 4.379786 0.718168 -0.670795 -0.185118 0.453417 0.960675 1 58 1.000000
engineer_handL
  58 21.052536 31.368999 4.339911 0.646454 -0.555441 0.523051 0.455005 0.967091 1 58 1.000000
  58 21.149769 31.524691 4.334304 0.609560 -0.773781 0.172336 0.454404 0.959235 1 58 1.000000
  58 21.028942 31.392555 4.370954 0.718138 -0.653934 0.238009 0.454141 0.967361 1 58 1.000000
engineer_handL
  58 21.052536 31.368999 4.339911 0.646454 -0.555441 0.523051 0.455005 0.967091 1 58 1.000000
  58 21.197588 31.514879 4.302819 0.451007 -0.789604 0.416074 0.455356 0.957794 1 58 1.000000
  58 21.149769 31.524691 4.334304 0.609560 -0.773781 0.172336 0.454404 0.959235 1 58 1.000000
engineer_handL
  58 21.197588 31.514879 4.302819 0.451007 -0.789604 0.416074 0.455356 0.957794 1 58 1.000000
  58 21.052536 31.368999 4.339911 0.646454 -0.555441 0.523051 0.455005 0.967091 1 58 1.000000
  58 21.046965 31.348030 4.272636 0.544858 -0.827201 -0.137365 0.456540 0.966611 1 58 1.000000
engineer_handL
  58 21.197588 31.514879 4.302819 0.451007 -0.789604 0.416074 0.455356 0.957794 1 58 1.000000
  58 21.046965 31.348030 4.272636 0.544858 -0.827201 -0.137365 0.456540 0.966611 1 58 1.000000
  58 21.270807 31.521486 4.194293 0.537067 -0.839356 -0.083905 0.457048 0.955235 1 58 1.000000
engineer_handL
  58 21.331425 31.585634 4.414445 0.514382 -0.826204 0.229778 0.448706 0.956404 1 58 1.000000
  58 21.197588 31.514879 4.302819 0.451007 -0.789604 0.416074 0.455356 0.957794 1 58 1.000000
  58 21.270807 31.521486 4.194293 0.537067 -0.839356 -0.083905 0.457048 0.955235 1 58 1.000000
engineer_handL
  58 21.530081 31.719473 4.097526 0.576076 -0.800115 -0.167192 0.455959 0.942272 2 58 0.900216 56 0.099784
  58 21.331425 31.585634 4.414445 0.514382 -0.826204 0.229778 0.448706 0.956404 1 58 1.000000
  58 21.270807 31.521486 4.194293 0.537067 -0.839356 -0.083905 0.457048 0.955235 1 58 1.000000
engineer_handL
  58 21.530081 31.719473 4.097526 0.576076 -0.800115 -0.167192 0.455959 0.942272 2 58 0.900216 56 0.099784
  58 21.591217 31.839155 4.489172 0.649051 -0.721306 0.241765 0.441330 0.944333 1 58 1.000000
  58 21.331425 31.585634 4.414445 0.514382 -0.826204 0.229778 0.448706 0.956404 1 58 1.000000
engineer_handL
  58 21.885410 32.001663 3.992590 0.631157 -0.744752 -0.216759 0.454545 0.925452 2 58 0.619532 56 0.380468
  58 21.591217 31.839155 4.489172 0.649051 -0.721306 0.241765 0.441330 0.944333 1 58 1.000000
  58 21.530081 31.719473 4.097526 0.576076 -0.800115 -0.167192 0.455959 0.942272 2 58 0.900216 56 0.099784
engineer_handL
  58 21.331425 31.585634 4.414445 0.514382 -0.826204 0.229778 0.448706 0.956404 1 58 1.000000
  58 21.253889 31.555599 4.425564 0.225593 -0.935506 0.271911 0.448840 0.958689 1 58 1.000000
  58 21.197588 31.514879 4.302819 0.451007 -0.789604 0.416074 0.455356 0.957794 1 58 1.000000
engineer_handL
  58 21.331425 31.585634 4.414445 0.514382 -0.826204 0.229778 0.448706 0.956404 1 58 1.000000
  58 21.279776 31.617275 4.565446 0.231940 -0.907563 0.350047 0.443222 0.959457 1 58 1.000000
  58 21.253889 31.555599 4.425564 0.225593 -0.935506 0.271911 0.448840 0.958689 1 58 1.000000
engineer_handL
  58 21.331425 31.585634 4.414445 0.514382 -0.826204 0.229778 0.448706 0.956404 1 58 1.000000
  58 21.591217 31.839155 4.489172 0.649051 -0.721306 0.241765 0.441330 0.944333 1 58 1.000000
  58 21.346628 31.693251 4.686390 0.546117 -0.738823 0.394838 0.438252 0.957655 1 58 1.000000
engineer_handL
  58 21.331425 31.585634 4.414445 0.514382 -0.826204 0.229778 0.448706 0.956404 1 58 1.000000
  58 21.346628 31.693251 4.686390 0.546117 -0.738823 0.394838 0.438252 0.957655 1 58 1.000000
  58 21.349318 31.644344 4.568547 0.462634 -0.832412 0.305057 0.442859 0.957223 1 58 1.000000
engineer_handL
  58 21.331425 31.585634 4.414445 0.514382 -0.826204 0.229778 0.448706 0.956404 1 58 1.000000
  58 21.349318 31.644344 4.568547 0.462634 -0.832412 0.305057 0.442859 0.957223 1 58 1.000000
  58 21.279776 31.617275 4.565446 0.231940 -0.907563 0.350047 0.443222 0.959457 1 58 1.000000
engineer_handL
  58 21.346628 31.693251 4.686390 0.546117 -0.738823 0.394838 0.438252 0.957655 1 58 1.000000
  58 21.279776 31.617275 4.565446 0.231940 -0.907563 0.350047 0.443222 0.959457 1 58 1.000000
  58 21.349318 31.644344 4.568547 0.462634 -0.832412 0.305057 0.442859 0.957223 1 58 1.000000
engineer_handL
  58 21.346628 31.693251 4.686390 0.546117 -0.738823 0.394838 0.438252 0.957655 1 58 1.000000
  58 21.268522 31.665747 4.703660 0.233634 -0.884426 0.403989 0.438551 0.960043 1 58 1.000000
  58 21.279776 31.617275 4.565446 0.231940 -0.907563 0.350047 0.443222 0.959457 1 58 1.000000
engineer_handL
  58 21.268522 31.665747 4.703660 0.233634 -0.884426 0.403989 0.438551 0.960043 1 58 1.000000
  58 21.223886 31.611166 4.570436 0.462634 -0.832412 0.305057 0.443427 0.960715 1 58 1.000000
  58 21.279776 31.617275 4.565446 0.231940 -0.907563 0.350047 0.443222 0.959457 1 58 1.000000
engineer_handL
  58 21.253889 31.555599 4.425564 0.225593 -0.935506 0.271911 0.448840 0.958689 1 58 1.000000
  58 21.279776 31.617275 4.565446 0.231940 -0.907563 0.350047 0.443222 0.959457 1 58 1.000000
  58 21.223886 31.611166 4.570436 0.462634 -0.832412 0.305057 0.443427 0.960715 1 58 1.000000
engineer_handL
  58 21.253889 31.555599 4.425564 0.225593 -0.935506 0.271911 0.448840 0.958689 1 58 1.000000
  58 21.223886 31.611166 4.570436 0.462634 -0.832412 0.305057 0.443427 0.960715 1 58 1.000000
  58 21.199863 31.550268 4.438685 0.481487 -0.860547 0.166219 0.448916 0.959975 1 58 1.000000
engineer_handL
  58 21.197588 31.514879 4.302819 0.451007 -0.789604 0.416074 0.455356 0.957794 1 58 1.000000
  58 21.253889 31.555599 4.425564 0.225593 -0.935506 0.271911 0.448840 0.958689 1 58 1.000000
  58 21.199863 31.550268 4.438685 0.481487 -0.860547 0.166219 0.448916 0.959975 1 58 1.000000
engineer_handL
  58 21.197588 31.514879 4.302819 0.451007 -0.789604 0.416074 0.455356 0.957794 1 58 1.000000
  58 21.199863 31.550268 4.438685 0.481487 -0.860547 0.166219 0.448916 0.959975 1 58 1.000000
  58 21.149769 31.524691 4.334304 0.609560 -0.773781 0.172336 0.454404 0.959235 1 58 1.000000
engineer_handL
  58 21.146114 31.500992 4.379786 0.718168 -0.670795 -0.185118 0.453417 0.960675 1 58 1.000000
  58 21.149769 31.524691 4.334304 0.609560 -0.773781 0.172336 0.454404 0.959235 1 58 1.000000
  58 21.199863 31.550268 4.438685 0.481487 -0.860547 0.166219 0.448916 0.959975 1 58 1.000000
engineer_handL
  42 21.224564 32.910801 7.863748 0.609560 -0.773781 0.172336 0.226543 0.938203 1 42 1.000000
  42 21.223545 32.956600 8.010883 0.534400 -0.772347 0.343361 0.220640 0.937687 1 42 1.000000
  42 21.193352 32.897350 8.019287 0.836384 -0.453347 0.308121 0.220451 0.939646 1 42 1.000000
engineer_handL
  42 20.893200 32.839417 8.374545 0.743150 -0.637193 0.204238 0.205854 0.948028 1 42 1.000000
  42 20.714584 32.580879 8.347241 0.616608 -0.527842 0.584103 0.207185 0.961376 1 42 1.000000
  42 20.890055 32.839344 8.348439 0.719874 -0.499598 0.481854 0.206494 0.948230 1 42 1.000000
engineer_handL
  42 20.893200 32.839417 8.374545 0.743150 -0.637193 0.204238 0.205854 0.948028 1 42 1.000000
  42 20.890055 32.839344 8.348439 0.719874 -0.499598 0.481854 0.206494 0.948230 1 42 1.000000
  42 21.055775 33.022617 8.272804 0.629449 -0.602734 0.490414 0.205973 0.935614 1 42 1.000000
engineer_handL
  42 20.890055 32.839344 8.348439 0.719874 -0.499598 0.481854 0.206494 0.948230 1 42 1.000000
  42 21.072353 32.975956 8.257595 0.660117 -0.196136 0.725105 0.207668 0.937855 1 42 1.000000
  42 21.055775 33.022617 8.272804 0.629449 -0.602734 0.490414 0.205973 0.935614 1 42 1.000000
engineer_handL
  42 21.157562 32.997726 8.166043 0.506888 -0.708376 0.491191 0.213360 0.936659 1 42 1.000000
  42 21.055775 33.022617 8.272804 0.629449 -0.602734 0.490414 0.205973 0.935614 1 42 1.000000
  42 21.072353 32.975956 8.257595 0.660117 -0.196136 0.725105 0.207668 0.937855 1 42 1.000000
engineer_handL
  42 21.157562 32.997726 8.166043 0.506888 -0.708376 0.491191 0.213360 0.936659 1 42 1.000000
  42 21.072353 32.975956 8.257595 0.660117 -0.196136 0.725105 0.207668 0.937855 1 42 1.000000
  42 21.131233 32.948219 8.180128 0.764483 -0.339693 0.547882 0.213252 0.938637 1 42 1.000000
engineer_handL
  42 21.157562 32.997726 8.166043 0.506888 -0.708376 0.491191 0.213360 0.936659 1 42 1.000000
  42 21.131233 32.948219 8.180128 0.764483 -0.339693 0.547882 0.213252 0.938637 1 42 1.000000
  42 21.193352 32.897350 8.019287 0.836384 -0.453347 0.308121 0.220451 0.939646 1 42 1.000000
engineer_handL
  42 21.157562 32.997726 8.166043 0.506888 -0.708376 0.491191 0.213360 0.936659 1 42 1.000000
  42 21.193352 32.897350 8.019287 0.836384 -0.453347 0.308121 0.220451 0.939646 1 42 1.000000
  42 21.223545 32.956600 8.010883 0.534400 -0.772347 0.343361 0.220640 0.937687 1 42 1.000000
engineer_handL
  42 21.259819 32.963375 8.029925 0.268073 -0.911915 0.310721 0.220735 0.936708 1 42 1.000000
  42 21.157562 32.997726 8.166043 0.506888 -0.708376 0.491191 0.213360 0.936659 1 42 1.000000
  42 21.223545 32.956600 8.010883 0.534400 -0.772347 0.343361 0.220640 0.937687 1 42 1.000000
engineer_handL
  42 21.259819 32.963375 8.029925 0.268073 -0.911915 0.310721 0.220735 0.936708 1 42 1.000000
  42 21.223545 32.956600 8.010883 0.534400 -0.772347 0.343361 0.220640 0.937687 1 42 1.000000
  42 21.224564 32.910801 7.863748 0.609560 -0.773781 0.172336 0.226543 0.938203 1 42 1.000000
engineer_handL
  42 21.259819 32.963375 8.029925 0.268073 -0.911915 0.310721 0.220735 0.936708 1 42 1.000000
  42 21.224564 32.910801 7.863748 0.609560 -0.773781 0.172336 0.226543 0.938203 1 42 1.000000
  42 21.264589 32.903915 7.839399 0.311006 -0.913699 0.261590 0.226685 0.937287 1 42 1.000000
engineer_handL
  42 21.264589 32.903915 7.839399 0.311006 -0.913699 0.261590 0.226685 0.937287 1 42 1.000000
  42 21.224564 32.910801 7.863748 0.609560 -0.773781 0.172336 0.226543 0.938203 1 42 1.000000
  42 21.167284 32.836536 7.687537 0.733335 -0.679438 0.024165 0.235651 0.939021 1 42 1.000000
engineer_handL
  42 21.264589 32.903915 7.839399 0.311006 -0.913699 0.261590 0.226685 0.937287 1 42 1.000000
  42 21.167284 32.836536 7.687537 0.733335 -0.679438 0.024165 0.235651 0.939021 1 42 1.000000
  42 21.196814 32.840763 7.652076 0.534400 -0.772347 0.343361 0.236383 0.938247 2 42 0.895236 40 0.104764
engineer_handL
  42 21.016771 32.622761 7.621701 0.718138 -0.653934 0.238008 0.233059 0.952142 1 42 1.000000
  42 21.196814 32.840763 7.652076 0.534400 -0.772347 0.343361 0.236383 0.938247 2 42 0.895236 40 0.104764
  42 21.167284 32.836536 7.687537 0.733335 -0.679438 0.024165 0.235651 0.939021 1 42 1.000000
engineer_handL
  42 21.196814 32.840763 7.652076 0.534400 -0.772347 0.343361 0.236383 0.938247 2 42 0.895236 40 0.104764
  42 21.016771 32.622761 7.621701 0.718138 -0.653934 0.238008 0.233059 0.952142 1 42 1.000000
  42 21.015968 32.610054 7.574150 0.688056 -0.718278 -0.103229 0.233588 0.952138 1 42 1.000000
engineer_handL
  42 20.816599 32.392616 7.682337 0.741337 -0.666268 0.080664 0.229733 0.966067 1 42 1.000000
  42 21.015968 32.610054 7.574150 0.688056 -0.718278 -0.103229 0.233588 0.952138 1 42 1.000000
  42 21.016771 32.622761 7.621701 0.718138 -0.653934 0.238008 0.233059 0.952142 1 42 1.000000
engineer_handL
  42 20.816599 32.392616 7.682337 0.741337 -0.666268 0.080664 0.229733 0.966067 1 42 1.000000
  42 20.784578 32.370834 7.658944 0.576076 -0.800114 -0.167192 0.230061 0.966803 1 42 1.000000
  42 21.015968 32.610054 7.574150 0.688056 -0.718278 -0.103229 0.233588 0.952138 1 42 1.000000
engineer_handL
  42 20.761261 32.341869 7.831992 0.683153 -0.716631 0.140503 0.225098 0.966769 1 42 1.000000
  42 20.784578 32.370834 7.658944 0.576076 -0.800114 -0.167192 0.230061 0.966803 1 42 1.000000
  42 20.816599 32.392616 7.682337 0.741337 -0.666268 0.080664 0.229733 0.966067 1 42 1.000000
engineer_handL
  42 20.761261 32.341869 7.831992 0.683153 -0.716631 0.140503 0.225098 0.966769 1 42 1.000000
  42 20.709723 32.304741 7.820274 0.416960 -0.906705 0.063483 0.225116 0.967583 1 42 1.000000
  42 20.784578 32.370834 7.658944 0.576076 -0.800114 -0.167192 0.230061 0.966803 1 42 1.000000
engineer_handL
  42 21.197275 33.011585 8.198782 0.231940 -0.907563 0.350047 0.213414 0.935670 1 42 1.000000
  42 21.055775 33.022617 8.272804 0.629449 -0.602734 0.490414 0.205973 0.935614 1 42 1.000000
  42 21.157562 32.997726 8.166043 0.506888 -0.708376 0.491191 0.213360 0.936659 1 42 1.000000
engineer_handL
  42 21.259819 32.963375 8.029925 0.268073 -0.911915 0.310721 0.220735 0.936708 1 42 1.000000
  42 21.197275 33.011585 8.198782 0.231940 -0.907563 0.350047 0.213414 0.935670 1 42 1.000000
  42 21.157562 32.997726 8.166043 0.506888 -0.708376 0.491191 0.213360 0.936659 1 42 1.000000
engineer_handL
  42 21.197275 33.011585 8.198782 0.231940 -0.907563 0.350047 0.213414 0.935670 1 42 1.000000
  42 21.259819 32.963375 8.029925 0.268073 -0.911915 0.310721 0.220735 0.936708 1 42 1.000000
  42 21.331718 33.013023 8.040521 0.625410 -0.720659 0.299187 0.220829 0.935729 2 42 0.882963 40 0.117037
engineer_handL
  42 21.197275 33.011585 8.198782 0.231940 -0.907563 0.350047 0.213414 0.935670 1 42 1.000000
  42 21.331718 33.013023 8.040521 0.625410 -0.720659 0.299187 0.220829 0.935729 2 42 0.882963 40 0.117037
  42 21.267221 33.052349 8.225769 0.551256 -0.704792 0.446525 0.213468 0.934681 2 42 0.887686 40 0.112314
engineer_handL
  42 21.089195 33.034225 8.329778 0.484277 -0.844079 0.230233 0.205125 0.934494 1 42 1.000000
  42 21.197275 33.011585 8.198782 0.231940 -0.907563 0.350047 0.213414 0.935670 1 42 1.000000
  42 21.267221 33.052349 8.225769 0.551256 -0.704792 0.446525 0.213468 0.934681 2 42 0.887686 40 0.112314
engineer_handL
  42 21.197275 33.011585 8.198782 0.231940 -0.907563 0.350047 0.213414 0.935670 1 42 1.000000
  42 21.089195 33.034225 8.329778 0.484277 -0.844079 0.230233 0.205125 0.934494 1 42 1.000000
  42 21.055775 33.022617 8.272804 0.629449 -0.602734 0.490414 0.205973 0.935614 1 42 1.000000
engineer_handL
  42 20.893200 32.839417 8.374545 0.743150 -0.637193 0.204238 0.205854 0.948028 1 42 1.000000
  42 21.055775 33.022617 8.272804 0.629449 -0.602734 0.490414 0.205973 0.935614 1 42 1.000000
  42 21.089195 33.034225 8.329778 0.484277 -0.844079 0.230233 0.205125 0.934494 1 42 1.000000
engineer_handL
  42 20.761261 32.341869 7.831992 0.683153 -0.716631 0.140503 0.225098 0.966769 1 42 1.000000
  42 20.816599 32.392616 7.682337 0.741337 -0.666268 0.080664 0.229733 0.966067 1 42 1.000000
  42 20.826113 32.411942 7.699232 0.726562 -0.686043 -0.038116 0.229405 0.965332 1 42 1.000000
engineer_handL
  42 21.016771 32.622761 7.621701 0.718138 -0.653934 0.238008 0.233059 0.952142 1 42 1.000000
  42 20.826113 32.411942 7.699232 0.726562 -0.686043 -0.038116 0.229405 0.965332 1 42 1.000000
  42 20.816599 32.392616 7.682337 0.741337 -0.666268 0.080664 0.229733 0.966067 1 42 1.000000
engineer_handL
  42 21.016771 32.622761 7.621701 0.718138 -0.653934 0.238008 0.233059 0.952142 1 42 1.000000
  42 21.011414 32.635078 7.663275 0.774524 -0.629709 -0.059818 0.232530 0.952146 1 42 1.000000
  42 20.826113 32.411942 7.699232 0.726562 -0.686043 -0.038116 0.229405 0.965332 1 42 1.000000
engineer_handL
  42 21.016771 32.622761 7.621701 0.718138 -0.653934 0.238008 0.233059 0.952142 1 42 1.000000
  42 21.167284 32.836536 7.687537 0.733335 -0.679438 0.024165 0.235651 0.939021 1 42 1.000000
  42 21.011414 32.635078 7.663275 0.774524 -0.629709 -0.059818 0.232530 0.952146 1 42 1.000000
engineer_handL
  42 20.699955 32.571545 8.368940 0.700271 -0.565363 0.435873 0.206669 0.961828 1 42 1.000000
  42 20.893200 32.839417 8.374545 0.743150 -0.637193 0.204238 0.205854 0.948028 1 42 1.000000
  42 20.880907 32.848713 8.413053 0.519085 -0.451594 0.725681 0.205215 0.947827 1 42 1.000000
engineer_handL
  42 21.089195 33.034225 8.329778 0.484277 -0.844079 0.230233 0.205125 0.934494 1 42 1.000000
  42 20.880907 32.848713 8.413053 0.519085 -0.451594 0.725681 0.205215 0.947827 1 42 1.000000
  42 20.893200 32.839417 8.374545 0.743150 -0.637193 0.204238 0.205854 0.948028 1 42 1.000000
engineer_handL
  42 21.089195 33.034225 8.329778 0.484277 -0.844079 0.230233 0.205125 0.934494 1 42 1.000000
  42 21.117338 33.099884 8.403855 0.492268 -0.528175 0.691884 0.204277 0.933374 2 42 0.890596 40 0.109404
  42 20.880907 32.848713 8.413053 0.519085 -0.451594 0.725681 0.205215 0.947827 1 42 1.000000
engineer_handL
  42 21.089195 33.034225 8.329778 0.484277 -0.844079 0.230233 0.205125 0.934494 1 42 1.000000
  42 21.267221 33.052349 8.225769 0.551256 -0.704792 0.446525 0.213468 0.934681 2 42 0.887686 40 0.112314
  42 21.117338 33.099884 8.403855 0.492268 -0.528175 0.691884 0.204277 0.933374 2 42 0.890596 40 0.109404
engineer_handL
  42 21.267221 33.052349 8.225769 0.551256 -0.704792 0.446525 0.213468 0.934681 2 42 0.887686 40 0.112314
  42 21.377213 33.395203 8.427413 0.519085 -0.451594 0.725681 0.204345 0.919700 2 42 0.605798 40 0.394202
  42 21.117338 33.099884 8.403855 0.492268 -0.528175 0.691884 0.204277 0.933374 2 42 0.890596 40 0.109404
engineer_handL
  42 21.267221 33.052349 8.225769 0.551256 -0.704792 0.446525 0.213468 0.934681 2 42 0.887686 40 0.112314
  42 21.536858 33.224636 8.003164 0.718204 -0.613860 0.327657 0.221932 0.922844 2 42 0.636675 40 0.363325
  42 21.377213 33.395203 8.427413 0.519085 -0.451594 0.725681 0.204345 0.919700 2 42 0.605798 40 0.394202
engineer_handL
  42 21.331718 33.013023 8.040521 0.625410 -0.720659 0.299187 0.220829 0.935729 2 42 0.882963 40 0.117037
  42 21.536858 33.224636 8.003164 0.718204 -0.613860 0.327657 0.221932 0.922844 2 42 0.636675 40 0.363325
  42 21.267221 33.052349 8.225769 0.551256 -0.704792 0.446525 0.213468 0.934681 2 42 0.887686 40 0.112314
engineer_handL
  42 21.354836 32.961708 7.833450 0.634335 -0.742425 0.215460 0.226826 0.936371 2 42 0.849078 40 0.150922
  42 21.536858 33.224636 8.003164 0.718204 -0.613860 0.327657 0.221932 0.922844 2 42 0.636675 40 0.363325
  42 21.331718 33.013023 8.040521 0.625410 -0.720659 0.299187 0.220829 0.935729 2 42 0.882963 40 0.117037
engineer_handL
  42 21.259819 32.963375 8.029925 0.268073 -0.911915 0.310721 0.220735 0.936708 1 42 1.000000
  42 21.354836 32.961708 7.833450 0.634335 -0.742425 0.215460 0.226826 0.936371 2 42 0.849078 40 0.150922
  42 21.331718 33.013023 8.040521 0.625410 -0.720659 0.299187 0.220829 0.935729 2 42 0.882963 40 0.117037
engineer_handL
  42 21.259819 32.963375 8.029925 0.268073 -0.911915 0.310721 0.220735 0.936708 1 42 1.000000
  42 21.264589 32.903915 7.839399 0.311006 -0.913699 0.261590 0.226685 0.937287 1 42 1.000000
  42 21.354836 32.961708 7.833450 0.634335 -0.742425 0.215460 0.226826 0.936371 2 42 0.849078 40 0.150922
engineer_handL
  42 21.196814 32.840763 7.652076 0.534400 -0.772347 0.343361 0.236383 0.938247 2 42 0.895236 40 0.104764
  42 21.015968 32.610054 7.574150 0.688056 -0.718278 -0.103229 0.233588 0.952138 1 42 1.000000
  42 21.282572 32.860714 7.583272 0.656116 -0.754309 -0.023032 0.237115 0.937474 2 42 0.821288 40 0.178713
engineer_handL
  42 21.264589 32.903915 7.839399 0.311006 -0.913699 0.261590 0.226685 0.937287 1 42 1.000000
  42 21.196814 32.840763 7.652076 0.534400 -0.772347 0.343361 0.236383 0.938247 2 42 0.895236 40 0.104764
  42 21.282572 32.860714 7.583272 0.656116 -0.754309 -0.023032 0.237115 0.937474 2 42 0.821288 40 0.178713
engineer_handL
  42 21.264589 32.903915 7.839399 0.311006 -0.913699 0.261590 0.226685 0.937287 1 42 1.000000
  42 21.282572 32.860714 7.583272 0.656116 -0.754309 -0.023032 0.237115 0.937474 2 42 0.821288 40 0.178713
  42 21.354836 32.961708 7.833450 0.634335 -0.742425 0.215460 0.226826 0.936371 2 42 0.849078 40 0.150922
engineer_handL
  42 21.566933 33.133850 7.532115 0.680791 -0.717333 -0.148178 0.239428 0.925186 2 42 0.565947 40 0.434053
  42 21.354836 32.961708 7.833450 0.634335 -0.742425 0.215460 0.226826 0.936371 2 42 0.849078 40 0.150922
  42 21.282572 32.860714 7.583272 0.656116 -0.754309 -0.023032 0.237115 0.937474 2 42 0.821288 40 0.178713
engineer_handL
  42 21.566933 33.133850 7.532115 0.680791 -0.717333 -0.148178 0.239428 0.925186 2 42 0.565947 40 0.434053
  42 21.536858 33.224636 8.003164 0.718204 -0.613860 0.327657 0.221932 0.922844 2 42 0.636675 40 0.363325
  42 21.354836 32.961708 7.833450 0.634335 -0.742425 0.215460 0.226826 0.936371 2 42 0.849078 40 0.150922
engineer_handL
  40 21.774258 33.524986 7.974520 0.768512 -0.541442 0.340924 0.223034 0.909960 2 40 0.509666 42 0.490334
  42 21.536858 33.224636 8.003164 0.718204 -0.613860 0.327657 0.221932 0.922844 2 42 0.636675 40 0.363325
  42 21.566933 33.133850 7.532115 0.680791 -0.717333 -0.148178 0.239428 0.925186 2 42 0.565947 40 0.434053
engineer_handL
  42 21.377213 33.395203 8.427413 0.519085 -0.451594 0.725681 0.204345 0.919700 2 42 0.605798 40 0.394202
  42 21.536858 33.224636 8.003164 0.718204 -0.613860 0.327657 0.221932 0.922844 2 42 0.636675 40 0.363325
  40 21.774258 33.524986 7.974520 0.768512 -0.541442 0.340924 0.223034 0.909960 2 40 0.509666 42 0.490334
engineer_handL
  42 21.377213 33.395203 8.427413 0.519085 -0.451594 0.725681 0.204345 0.919700 2 42 0.605798 40 0.394202
  40 21.774258 33.524986 7.974520 0.768512 -0.541442 0.340924 0.223034 0.909960 2 40 0.509666 42 0.490334
  40 21.615944 33.686951 8.443298 0.599071 -0.404577 0.690964 0.204413 0.906026 2 40 0.501038 42 0.498962
engineer_handL
  42 21.011414 32.635078 7.663275 0.774524 -0.629709 -0.059818 0.232530 0.952146 1 42 1.000000
  42 21.038664 32.630634 7.704097 0.759674 -0.606959 -0.233442 0.231472 0.952154 1 42 1.000000
  42 20.862137 32.434441 7.727171 0.657578 -0.730200 -0.185469 0.228748 0.963860 1 42 1.000000
engineer_handL
  42 21.011414 32.635078 7.663275 0.774524 -0.629709 -0.059818 0.232530 0.952146 1 42 1.000000
  42 20.862137 32.434441 7.727171 0.657578 -0.730200 -0.185469 0.228748 0.963860 1 42 1.000000
  42 20.826113 32.411942 7.699232 0.726562 -0.686043 -0.038116 0.229405 0.965332 1 42 1.000000
engineer_handL
  42 20.777895 32.369465 7.848957 0.683153 -0.716631 0.140503 0.225080 0.965955 1 42 1.000000
  42 20.826113 32.411942 7.699232 0.726562 -0.686043 -0.038116 0.229405 0.965332 1 42 1.000000
  42 20.862137 32.434441 7.727171 0.657578 -0.730200 -0.185469 0.228748 0.963860 1 42 1.000000
engineer_handL
  42 20.761261 32.341869 7.831992 0.683153 -0.716631 0.140503 0.225098 0.966769 1 42 1.000000
  42 20.826113 32.411942 7.699232 0.726562 -0.686043 -0.038116 0.229405 0.965332 1 42 1.000000
  42 20.777895 32.369465 7.848957 0.683153 -0.716631 0.140503 0.225080 0.965955 1 42 1.000000
engineer_handL
  42 20.718040 32.379768 8.063140 0.625410 -0.720659 0.299187 0.217728 0.967875 1 42 1.000000
  42 20.761261 32.341869 7.831992 0.683153 -0.716631 0.140503 0.225098 0.966769 1 42 1.000000
  42 20.777895 32.369465 7.848957 0.683153 -0.716631 0.140503 0.225080 0.965955 1 42 1.000000
engineer_handL
  42 20.761261 32.341869 7.831992 0.683153 -0.716631 0.140503 0.225098 0.966769 1 42 1.000000
  42 20.718040 32.379768 8.063140 0.625410 -0.720659 0.299187 0.217728 0.967875 1 42 1.000000
  42 20.678093 32.360546 8.060027 0.327607 -0.894771 0.303410 0.217643 0.968761 1 42 1.000000
engineer_handL
  42 20.690432 32.450974 8.247784 0.630556 -0.638174 0.441738 0.211423 0.964443 1 42 1.000000
  42 20.678093 32.360546 8.060027 0.327607 -0.894771 0.303410 0.217643 0.968761 1 42 1.000000
  42 20.718040 32.379768 8.063140 0.625410 -0.720659 0.299187 0.217728 0.967875 1 42 1.000000
engineer_handL
  42 20.690432 32.450974 8.247784 0.630556 -0.638174 0.441738 0.211423 0.964443 1 42 1.000000
  42 20.647121 32.424553 8.257580 0.300616 -0.793079 0.529768 0.211360 0.965217 1 42 1.000000
  42 20.678093 32.360546 8.060027 0.327607 -0.894771 0.303410 0.217643 0.968761 1 42 1.000000
engineer_handL
  42 20.647121 32.424553 8.257580 0.300616 -0.793079 0.529768 0.211360 0.965217 1 42 1.000000
  42 20.690432 32.450974 8.247784 0.630556 -0.638174 0.441738 0.211423 0.964443 1 42 1.000000
  42 20.699955 32.571545 8.368940 0.700271 -0.565363 0.435873 0.206669 0.961828 1 42 1.000000
engineer_handL
  42 20.647121 32.424553 8.257580 0.300616 -0.793079 0.529768 0.211360 0.965217 1 42 1.000000
  42 20.699955 32.571545 8.368940 0.700271 -0.565363 0.435873 0.206669 0.961828 1 42 1.000000
  42 20.662437 32.570835 8.395061 0.372957 -0.572776 0.729953 0.206153 0.962280 1 42 1.000000
engineer_handL
  42 20.699955 32.571545 8.368940 0.700271 -0.565363 0.435873 0.206669 0.961828 1 42 1.000000
  42 20.880907 32.848713 8.413053 0.519085 -0.451594 0.725681 0.205215 0.947827 1 42 1.000000
  42 20.662437 32.570835 8.395061 0.372957 -0.572776 0.729953 0.206153 0.962280 1 42 1.000000
engineer_handL
  42 20.662437 32.570835 8.395061 0.372957 -0.572776 0.729953 0.206153 0.962280 1 42 1.000000
  42 20.880907 32.848713 8.413053 0.519085 -0.451594 0.725681 0.205215 0.947827 1 42 1.000000
  42 20.782290 32.883537 8.454602 0.055916 -0.138180 0.988827 0.201860 0.949262 1 42 1.000000
engineer_handL
  42 21.009089 33.177326 8.472850 0.055916 -0.138180 0.988827 0.200407 0.933548 2 42 0.879014 40 0.120986
  42 20.782290 32.883537 8.454602 0.055916 -0.138180 0.988827 0.201860 0.949262 1 42 1.000000
  42 20.880907 32.848713 8.413053 0.519085 -0.451594 0.725681 0.205215 0.947827 1 42 1.000000
engineer_handL
  42 21.009089 33.177326 8.472850 0.055916 -0.138180 0.988827 0.200407 0.933548 2 42 0.879014 40 0.120986
  42 20.880907 32.848713 8.413053 0.519085 -0.451594 0.725681 0.205215 0.947827 1 42 1.000000
  42 21.117338 33.099884 8.403855 0.492268 -0.528175 0.691884 0.204277 0.933374 2 42 0.890596 40 0.109404
engineer_handL
  42 21.117338 33.099884 8.403855 0.492268 -0.528175 0.691884 0.204277 0.933374 2 42 0.890596 40 0.109404
  42 21.233349 33.472095 8.501791 0.055916 -0.138180 0.988827 0.200716 0.919653 2 42 0.620389 40 0.379611
  42 21.009089 33.177326 8.472850 0.055916 -0.138180 0.988827 0.200407 0.933548 2 42 0.879014 40 0.120986
engineer_handL
  42 21.117338 33.099884 8.403855 0.492268 -0.528175 0.691884 0.204277 0.933374 2 42 0.890596 40 0.109404
  42 21.377213 33.395203 8.427413 0.519085 -0.451594 0.725681 0.204345 0.919700 2 42 0.605798 40 0.394202
  42 21.233349 33.472095 8.501791 0.055916 -0.138180 0.988827 0.200716 0.919653 2 42 0.620389 40 0.379611
engineer_handL
  40 21.471468 33.779533 8.530743 0.140295 -0.106590 0.984356 0.201025 0.905758 2 40 0.500401 42 0.499599
  42 21.233349 33.472095 8.501791 0.055916 -0.138180 0.988827 0.200716 0.919653 2 42 0.620389 40 0.379611
  42 21.377213 33.395203 8.427413 0.519085 -0.451594 0.725681 0.204345 0.919700 2 42 0.605798 40 0.394202
engineer_handL
  40 21.471468 33.779533 8.530743 0.140295 -0.106590 0.984356 0.201025 0.905758 2 40 0.500401 42 0.499599
  42 21.377213 33.395203 8.427413 0.519085 -0.451594 0.725681 0.204345 0.919700 2 42 0.605798 40 0.394202
  40 21.615944 33.686951 8.443298 0.599071 -0.404577 0.690964 0.204413 0.906026 2 40 0.501038 42 0.498962
engineer_handL
  42 20.761261 32.341869 7.831992 0.683153 -0.716631 0.140503 0.225098 0.966769 1 42 1.000000
  42 20.678093 32.360546 8.060027 0.327607 -0.894771 0.303410 0.217643 0.968761 1 42 1.000000
  42 20.709723 32.304741 7.820274 0.416960 -0.906705 0.063483 0.225116 0.967583 1 42 1.000000
engineer_handL
  42 20.709723 32.304741 7.820274 0.416960 -0.906705 0.063483 0.225116 0.967583 1 42 1.000000
  42 20.678093 32.360546 8.060027 0.327607 -0.894771 0.303410 0.217643 0.968761 1 42 1.000000
  42 20.581863 32.338051 8.053650 -0.150142 -0.955439 0.254151 0.217205 0.972361 1 42 1.000000
engineer_handL
  42 20.647121 32.424553 8.257580 0.300616 -0.793079 0.529768 0.211360 0.965217 1 42 1.000000
  42 20.581863 32.338051 8.053650 -0.150142 -0.955439 0.254151 0.217205 0.972361 1 42 1.000000
  42 20.678093 32.360546 8.060027 0.327607 -0.894771 0.303410 0.217643 0.968761 1 42 1.000000
engineer_handL
  42 20.647121 32.424553 8.257580 0.300616 -0.793079 0.529768 0.211360 0.965217 1 42 1.000000
  42 20.560698 32.417980 8.259772 -0.171598 -0.822595 0.542117 0.209990 0.968525 1 42 1.000000
  42 20.581863 32.338051 8.053650 -0.150142 -0.955439 0.254151 0.217205 0.972361 1 42 1.000000
engineer_handL
  42 20.647121 32.424553 8.257580 0.300616 -0.793079 0.529768 0.211360 0.965217 1 42 1.000000
  42 20.583054 32.579582 8.409616 -0.077773 -0.426705 0.901040 0.203313 0.964976 1 42 1.000000
  42 20.560698 32.417980 8.259772 -0.171598 -0.822595 0.542117 0.209990 0.968525 1 42 1.000000
engineer_handL
  42 20.647121 32.424553 8.257580 0.300616 -0.793079 0.529768 0.211360 0.965217 1 42 1.000000
  42 20.662437 32.570835 8.395061 0.372957 -0.572776 0.729953 0.206153 0.962280 1 42 1.000000
  42 20.583054 32.579582 8.409616 -0.077773 -0.426705 0.901040 0.203313 0.964976 1 42 1.000000
engineer_handL
  42 20.662437 32.570835 8.395061 0.372957 -0.572776 0.729953 0.206153 0.962280 1 42 1.000000
  42 20.782290 32.883537 8.454602 0.055916 -0.138180 0.988827 0.201860 0.949262 1 42 1.000000
  42 20.583054 32.579582 8.409616 -0.077773 -0.426705 0.901040 0.203313 0.964976 1 42 1.000000
engineer_handL
  40 21.833071 34.344135 8.499776 0.213043 -0.038407 0.976287 0.203230 0.881627 2 40 0.749795 42 0.250205
  40 21.584946 34.964832 8.372757 -0.361422 0.249961 0.898272 0.190004 0.863699 2 40 0.865690 42 0.134311
  40 21.251785 34.362671 8.439465 -0.361422 0.249961 0.898272 0.187302 0.891925 2 40 0.614615 42 0.385385
engineer_handL
  40 21.471468 33.779533 8.530743 0.140295 -0.106590 0.984356 0.201025 0.905758 2 40 0.500401 42 0.499599
  40 21.833071 34.344135 8.499776 0.213043 -0.038407 0.976287 0.203230 0.881627 2 40 0.749795 42 0.250205
  40 21.251785 34.362671 8.439465 -0.361422 0.249961 0.898272 0.187302 0.891925 2 40 0.614615 42 0.385385
engineer_handL
  40 21.471468 33.779533 8.530743 0.140295 -0.106590 0.984356 0.201025 0.905758 2 40 0.500401 42 0.499599
  40 21.251785 34.362671 8.439465 -0.361422 0.249961 0.898272 0.187302 0.891925 2 40 0.614615 42 0.385385
  42 21.005936 33.947350 8.448925 -0.361422 0.249961 0.898272 0.188224 0.912588 2 42 0.507295 40 0.492705
engineer_handL
  42 21.005936 33.947350 8.448925 -0.361422 0.249961 0.898272 0.188224 0.912588 2 42 0.507295 40 0.492705
  42 21.233349 33.472095 8.501791 0.055916 -0.138180 0.988827 0.200716 0.919653 2 42 0.620389 40 0.379611
  40 21.471468 33.779533 8.530743 0.140295 -0.106590 0.984356 0.201025 0.905758 2 40 0.500401 42 0.499599
engineer_handL
  42 21.005936 33.947350 8.448925 -0.361422 0.249961 0.898272 0.188224 0.912588 2 42 0.507295 40 0.492705
  42 20.803055 33.621326 8.432186 -0.363509 0.179197 0.914193 0.189400 0.926933 2 42 0.691131 40 0.308869
  42 21.233349 33.472095 8.501791 0.055916 -0.138180 0.988827 0.200716 0.919653 2 42 0.620389 40 0.379611
engineer_handL
  42 21.009089 33.177326 8.472850 0.055916 -0.138180 0.988827 0.200407 0.933548 2 42 0.879014 40 0.120986
  42 21.233349 33.472095 8.501791 0.055916 -0.138180 0.988827 0.200716 0.919653 2 42 0.620389 40 0.379611
  42 20.803055 33.621326 8.432186 -0.363509 0.179197 0.914193 0.189400 0.926933 2 42 0.691131 40 0.308869
engineer_handL
  42 21.009089 33.177326 8.472850 0.055916 -0.138180 0.988827 0.200407 0.933548 2 42 0.879014 40 0.120986
  42 20.803055 33.621326 8.432186 -0.363509 0.179197 0.914193 0.189400 0.926933 2 42 0.691131 40 0.308869
  42 20.618467 33.311306 8.410641 -0.336749 0.152747 0.929122 0.190576 0.941278 2 42 0.903919 40 0.096081
engineer_handL
  42 20.618467 33.311306 8.410641 -0.336749 0.152747 0.929122 0.190576 0.941278 2 42 0.903919 40 0.096081
  42 20.782290 32.883537 8.454602 0.055916 -0.138180 0.988827 0.201860 0.949262 1 42 1.000000
  42 21.009089 33.177326 8.472850 0.055916 -0.138180 0.988827 0.200407 0.933548 2 42 0.879014 40 0.120986
engineer_handL
  42 20.618467 33.311306 8.410641 -0.336749 0.152747 0.929122 0.190576 0.941278 2 42 0.903919 40 0.096081
  42 20.457409 32.999424 8.393650 -0.326819 0.093529 0.940448 0.194426 0.955630 1 42 1.000000
  42 20.782290 32.883537 8.454602 0.055916 -0.138180 0.988827 0.201860 0.949262 1 42 1.000000
engineer_handL
  42 20.583054 32.579582 8.409616 -0.077773 -0.426705 0.901040 0.203313 0.964976 1 42 1.000000
  42 20.782290 32.883537 8.454602 0.055916 -0.138180 0.988827 0.201860 0.949262 1 42 1.000000
  42 20.457409 32.999424 8.393650 -0.326819 0.093529 0.940448 0.194426 0.955630 1 42 1.000000
engineer_handL
  42 20.583054 32.579582 8.409616 -0.077773 -0.426705 0.901040 0.203313 0.964976 1 42 1.000000
  42 20.457409 32.999424 8.393650 -0.326819 0.093529 0.940448 0.194426 0.955630 1 42 1.000000
  42 20.334028 32.688015 8.367620 -0.489818 -0.253399 0.834187 0.198276 0.969983 1 42 1.000000
engineer_handL
  42 20.583054 32.579582 8.409616 -0.077773 -0.426705 0.901040 0.203313 0.964976 1 42 1.000000
  42 20.334028 32.688015 8.367620 -0.489818 -0.253399 0.834187 0.198276 0.969983 1 42 1.000000
  42 20.299196 32.532337 8.202860 -0.628804 -0.655659 0.417992 0.207112 0.975127 1 42 1.000000
engineer_handL
  42 20.583054 32.579582 8.409616 -0.077773 -0.426705 0.901040 0.203313 0.964976 1 42 1.000000
  42 20.299196 32.532337 8.202860 -0.628804 -0.655659 0.417992 0.207112 0.975127 1 42 1.000000
  42 20.560698 32.417980 8.259772 -0.171598 -0.822595 0.542117 0.209990 0.968525 1 42 1.000000
engineer_handL
  42 20.560698 32.417980 8.259772 -0.171598 -0.822595 0.542117 0.209990 0.968525 1 42 1.000000
  42 20.299196 32.532337 8.202860 -0.628804 -0.655659 0.417992 0.207112 0.975127 1 42 1.000000
  42 20.326612 32.460270 8.002476 -0.632828 -0.766643 0.108567 0.215301 0.979893 1 42 1.000000
engineer_handL
  42 20.560698 32.417980 8.259772 -0.171598 -0.822595 0.542117 0.209990 0.968525 1 42 1.000000
  42 20.326612 32.460270 8.002476 -0.632828 -0.766643 0.108567 0.215301 0.979893 1 42 1.000000
  42 20.581863 32.338051 8.053650 -0.150142 -0.955439 0.254151 0.217205 0.972361 1 42 1.000000
engineer_handL
  42 20.581863 32.338051 8.053650 -0.150142 -0.955439 0.254151 0.217205 0.972361 1 42 1.000000
  42 20.326612 32.460270 8.002476 -0.632828 -0.766643 0.108567 0.215301 0.979893 1 42 1.000000
  42 20.387625 32.405003 7.751360 -0.580253 -0.787568 -0.207467 0.227974 0.977480 1 42 1.000000
engineer_handL
  42 20.581863 32.338051 8.053650 -0.150142 -0.955439 0.254151 0.217205 0.972361 1 42 1.000000
  42 20.387625 32.405003 7.751360 -0.580253 -0.787568 -0.207467 0.227974 0.977480 1 42 1.000000
  42 20.623867 32.281670 7.799325 -0.061342 -0.995996 -0.065034 0.226549 0.971228 1 42 1.000000
engineer_handL
  42 20.623867 32.281670 7.799325 -0.061342 -0.995996 -0.065034 0.226549 0.971228 1 42 1.000000
  42 20.387625 32.405003 7.751360 -0.580253 -0.787568 -0.207467 0.227974 0.977480 1 42 1.000000
  42 20.480009 32.452778 7.536010 -0.321012 -0.603143 -0.730185 0.236516 0.975854 1 42 1.000000
engineer_handL
  40 21.833071 34.344135 8.499776 0.213043 -0.038407 0.976287 0.203230 0.881627 2 40 0.749795 42 0.250205
  40 21.471468 33.779533 8.530743 0.140295 -0.106590 0.984356 0.201025 0.905758 2 40 0.500401 42 0.499599
  40 21.615944 33.686951 8.443298 0.599071 -0.404577 0.690964 0.204413 0.906026 2 40 0.501038 42 0.498962
engineer_handL
  40 21.833071 34.344135 8.499776 0.213043 -0.038407 0.976287 0.203230 0.881627 2 40 0.749795 42 0.250205
  40 21.615944 33.686951 8.443298 0.599071 -0.404577 0.690964 0.204413 0.906026 2 40 0.501038 42 0.498962
  40 21.961517 34.270203 8.385615 0.659557 -0.361696 0.658908 0.207158 0.882245 2 40 0.795233 42 0.204768
engineer_handL
  40 21.961517 34.270203 8.385615 0.659557 -0.361696 0.658908 0.207158 0.882245 2 40 0.795233 42 0.204768
  40 22.177757 34.933823 8.465504 0.213043 -0.038407 0.976287 0.205606 0.857615 1 40 1.000000
  40 21.833071 34.344135 8.499776 0.213043 -0.038407 0.976287 0.203230 0.881627 2 40 0.749795 42 0.250205
engineer_handL
  40 21.833071 34.344135 8.499776 0.213043 -0.038407 0.976287 0.203230 0.881627 2 40 0.749795 42 0.250205
  40 22.177757 34.933823 8.465504 0.213043 -0.038407 0.976287 0.205606 0.857615 1 40 1.000000
  40 21.584946 34.964832 8.372757 -0.361422 0.249961 0.898272 0.190004 0.863699 2 40 0.865690 42 0.134311
engineer_handL
  40 22.177757 34.933823 8.465504 0.213043 -0.038407 0.976287 0.205606 0.857615 1 40 1.000000
  40 21.758986 35.436230 8.305567 -0.348242 0.283369 0.893549 0.192577 0.843629 1 40 1.000000
  40 21.584946 34.964832 8.372757 -0.361422 0.249961 0.898272 0.190004 0.863699 2 40 0.865690 42 0.134311
engineer_handL
  42 20.623867 32.281670 7.799325 -0.061342 -0.995996 -0.065034 0.226549 0.971228 1 42 1.000000
  42 20.480009 32.452778 7.536010 -0.321012 -0.603143 -0.730185 0.236516 0.975854 1 42 1.000000
  42 20.718761 32.350845 7.611414 0.196197 -0.827710 -0.525741 0.232070 0.970558 1 42 1.000000
engineer_handL
  42 20.631596 32.696499 7.429904 -0.049995 -0.323915 -0.944764 0.242847 0.962187 1 42 1.000000
  42 20.718761 32.350845 7.611414 0.196197 -0.827710 -0.525741 0.232070 0.970558 1 42 1.000000
  42 20.480009 32.452778 7.536010 -0.321012 -0.603143 -0.730185 0.236516 0.975854 1 42 1.000000
engineer_handL
  42 20.631596 32.696499 7.429904 -0.049995 -0.323915 -0.944764 0.242847 0.962187 1 42 1.000000
  42 20.963770 32.597046 7.510923 0.392496 -0.583594 -0.710890 0.236393 0.954497 1 42 1.000000
  42 20.718761 32.350845 7.611414 0.196197 -0.827710 -0.525741 0.232070 0.970558 1 42 1.000000
engineer_handL
  42 20.963770 32.597046 7.510923 0.392496 -0.583594 -0.710890 0.236393 0.954497 1 42 1.000000
  42 20.631596 32.696499 7.429904 -0.049995 -0.323915 -0.944764 0.242847 0.962187 1 42 1.000000
  42 20.831156 32.993176 7.346865 0.030781 -0.278695 -0.959886 0.249178 0.948520 2 42 0.860008 40 0.139992
engineer_handL
  42 20.963770 32.597046 7.510923 0.392496 -0.583594 -0.710890 0.236393 0.954497 1 42 1.000000
  42 20.831156 32.993176 7.346865 0.030781 -0.278695 -0.959886 0.249178 0.948520 2 42 0.860008 40 0.139992
  42 21.226744 32.884033 7.459662 0.416035 -0.542346 -0.729915 0.240716 0.938436 2 42 0.796444 40 0.203556
engineer_handL
  42 21.226744 32.884033 7.459662 0.416035 -0.542346 -0.729915 0.240716 0.938436 2 42 0.796444 40 0.203556
  42 20.831156 32.993176 7.346865 0.030781 -0.278695 -0.959886 0.249178 0.948520 2 42 0.860008 40 0.139992
  42 21.048080 33.260242 7.290183 0.030781 -0.278695 -0.959886 0.251811 0.935548 2 42 0.672541 40 0.327459
engineer_handL
  42 21.226744 32.884033 7.459662 0.416035 -0.542346 -0.729915 0.240716 0.938436 2 42 0.796444 40 0.203556
  42 21.048080 33.260242 7.290183 0.030781 -0.278695 -0.959886 0.251811 0.935548 2 42 0.672541 40 0.327459
  42 21.474174 33.145679 7.403624 0.416035 -0.542346 -0.729915 0.242916 0.926026 2 42 0.575223 40 0.424777
engineer_handL
  42 21.474174 33.145679 7.403624 0.416035 -0.542346 -0.729915 0.242916 0.926026 2 42 0.575223 40 0.424777
  42 21.048080 33.260242 7.290183 0.030781 -0.278695 -0.959886 0.251811 0.935548 2 42 0.672541 40 0.327459
  42 21.272804 33.535221 7.216335 0.030781 -0.278695 -0.959886 0.254445 0.922576 2 42 0.507028 40 0.492972
engineer_handL
  42 21.474174 33.145679 7.403624 0.416035 -0.542346 -0.729915 0.242916 0.926026 2 42 0.575223 40 0.424777
  42 21.272804 33.535221 7.216335 0.030781 -0.278695 -0.959886 0.254445 0.922576 2 42 0.507028 40 0.492972
  40 21.738592 33.432076 7.343735 0.416035 -0.542346 -0.729915 0.245116 0.913615 2 40 0.509623 42 0.490377
engineer_handL
  40 21.738592 33.432076 7.343735 0.416035 -0.542346 -0.729915 0.245116 0.913615 2 40 0.509623 42 0.490377
  42 21.272804 33.535221 7.216335 0.030781 -0.278695 -0.959886 0.254445 0.922576 2 42 0.507028 40 0.492972
  40 21.551853 33.952339 7.117156 0.030781 -0.278695 -0.959886 0.261417 0.902223 2 40 0.697412 42 0.302588
engineer_handL
  40 21.738592 33.432076 7.343735 0.416035 -0.542346 -0.729915 0.245116 0.913615 2 40 0.509623 42 0.490377
  40 21.551853 33.952339 7.117156 0.030781 -0.278695 -0.959886 0.261417 0.902223 2 40 0.697412 42 0.302588
  40 22.134220 33.918201 7.228539 0.470038 -0.518880 -0.714022 0.249365 0.888880 2 40 0.792530 42 0.207470
engineer_handL
  40 21.839581 33.413361 7.487023 0.753428 -0.645734 -0.123994 0.241741 0.912897 2 40 0.511547 42 0.488453
  40 21.738592 33.432076 7.343735 0.416035 -0.542346 -0.729915 0.245116 0.913615 2 40 0.509623 42 0.490377
  40 22.134220 33.918201 7.228539 0.470038 -0.518880 -0.714022 0.249365 0.888880 2 40 0.792530 42 0.207470
engineer_handL
  40 21.839581 33.413361 7.487023 0.753428 -0.645734 -0.123994 0.241741 0.912897 2 40 0.511547 42 0.488453
  40 22.134220 33.918201 7.228539 0.470038 -0.518880 -0.714022 0.249365 0.888880 2 40 0.792530 42 0.207470
  40 22.218222 33.930218 7.379792 0.806225 -0.587602 -0.068735 0.245702 0.888284 2 40 0.818990 42 0.181010
engineer_handL
  40 21.839581 33.413361 7.487023 0.753428 -0.645734 -0.123994 0.241741 0.912897 2 40 0.511547 42 0.488453
  40 22.218222 33.930218 7.379792 0.806225 -0.587602 -0.068735 0.245702 0.888284 2 40 0.818990 42 0.181010
  40 22.136909 34.071037 7.894294 0.803413 -0.482910 0.348318 0.226282 0.886033 2 40 0.901439 42 0.098561
engineer_handL
  40 22.218222 33.930218 7.379792 0.806225 -0.587602 -0.068735 0.245702 0.888284 2 40 0.818990 42 0.181010
  40 22.513115 34.643532 7.816685 0.827638 -0.445309 0.341637 0.228601 0.863409 1 40 1.000000
  40 22.136909 34.071037 7.894294 0.803413 -0.482910 0.348318 0.226282 0.886033 2 40 0.901439 42 0.098561
engineer_handL
  40 21.961517 34.270203 8.385615 0.659557 -0.361696 0.658908 0.207158 0.882245 2 40 0.795233 42 0.204768
  40 22.136909 34.071037 7.894294 0.803413 -0.482910 0.348318 0.226282 0.886033 2 40 0.901439 42 0.098561
  40 22.513115 34.643532 7.816685 0.827638 -0.445309 0.341637 0.228601 0.863409 1 40 1.000000
engineer_handL
  40 21.961517 34.270203 8.385615 0.659557 -0.361696 0.658908 0.207158 0.882245 2 40 0.795233 42 0.204768
  40 22.513115 34.643532 7.816685 0.827638 -0.445309 0.341637 0.228601 0.863409 1 40 1.000000
  40 22.347479 34.854813 8.344296 0.690316 -0.336379 0.640557 0.208796 0.858261 1 40 1.000000
engineer_handL
  40 21.961517 34.270203 8.385615 0.659557 -0.361696 0.658908 0.207158 0.882245 2 40 0.795233 42 0.204768
  40 22.347479 34.854813 8.344296 0.690316 -0.336379 0.640557 0.208796 0.858261 1 40 1.000000
  40 22.177757 34.933823 8.465504 0.213043 -0.038407 0.976287 0.205606 0.857615 1 40 1.000000
engineer_handL
  40 21.615944 33.686951 8.443298 0.599071 -0.404577 0.690964 0.204413 0.906026 2 40 0.501038 42 0.498962
  40 22.136909 34.071037 7.894294 0.803413 -0.482910 0.348318 0.226282 0.886033 2 40 0.901439 42 0.098561
  40 21.961517 34.270203 8.385615 0.659557 -0.361696 0.658908 0.207158 0.882245 2 40 0.795233 42 0.204768
engineer_handL
  40 21.615944 33.686951 8.443298 0.599071 -0.404577 0.690964 0.204413 0.906026 2 40 0.501038 42 0.498962
  40 21.774258 33.524986 7.974520 0.768512 -0.541442 0.340924 0.223034 0.909960 2 40 0.509666 42 0.490334
  40 22.136909 34.071037 7.894294 0.803413 -0.482910 0.348318 0.226282 0.886033 2 40 0.901439 42 0.098561
engineer_handL
  40 21.839581 33.413361 7.487023 0.753428 -0.645734 -0.123994 0.241741 0.912897 2 40 0.511547 42 0.488453
  40 22.136909 34.071037 7.894294 0.803413 -0.482910 0.348318 0.226282 0.886033 2 40 0.901439 42 0.098561
  40 21.774258 33.524986 7.974520 0.768512 -0.541442 0.340924 0.223034 0.909960 2 40 0.509666 42 0.490334
engineer_handL
  40 21.774258 33.524986 7.974520 0.768512 -0.541442 0.340924 0.223034 0.909960 2 40 0.509666 42 0.490334
  42 21.566933 33.133850 7.532115 0.680791 -0.717333 -0.148178 0.239428 0.925186 2 42 0.565947 40 0.434053
  40 21.839581 33.413361 7.487023 0.753428 -0.645734 -0.123994 0.241741 0.912897 2 40 0.511547 42 0.488453
engineer_handL
  42 21.566933 33.133850 7.532115 0.680791 -0.717333 -0.148178 0.239428 0.925186 2 42 0.565947 40 0.434053
  40 21.738592 33.432076 7.343735 0.416035 -0.542346 -0.729915 0.245116 0.913615 2 40 0.509623 42 0.490377
  40 21.839581 33.413361 7.487023 0.753428 -0.645734 -0.123994 0.241741 0.912897 2 40 0.511547 42 0.488453
engineer_handL
  42 21.566933 33.133850 7.532115 0.680791 -0.717333 -0.148178 0.239428 0.925186 2 42 0.565947 40 0.434053
  42 21.474174 33.145679 7.403624 0.416035 -0.542346 -0.729915 0.242916 0.926026 2 42 0.575223 40 0.424777
  40 21.738592 33.432076 7.343735 0.416035 -0.542346 -0.729915 0.245116 0.913615 2 40 0.509623 42 0.490377
engineer_handL
  42 21.474174 33.145679 7.403624 0.416035 -0.542346 -0.729915 0.242916 0.926026 2 42 0.575223 40 0.424777
  42 21.566933 33.133850 7.532115 0.680791 -0.717333 -0.148178 0.239428 0.925186 2 42 0.565947 40 0.434053
  42 21.282572 32.860714 7.583272 0.656116 -0.754309 -0.023032 0.237115 0.937474 2 42 0.821288 40 0.178713
engineer_handL
  42 21.474174 33.145679 7.403624 0.416035 -0.542346 -0.729915 0.242916 0.926026 2 42 0.575223 40 0.424777
  42 21.282572 32.860714 7.583272 0.656116 -0.754309 -0.023032 0.237115 0.937474 2 42 0.821288 40 0.178713
  42 21.226744 32.884033 7.459662 0.416035 -0.542346 -0.729915 0.240716 0.938436 2 42 0.796444 40 0.203556
engineer_handL
  42 21.015968 32.610054 7.574150 0.688056 -0.718278 -0.103229 0.233588 0.952138 1 42 1.000000
  42 21.226744 32.884033 7.459662 0.416035 -0.542346 -0.729915 0.240716 0.938436 2 42 0.796444 40 0.203556
  42 21.282572 32.860714 7.583272 0.656116 -0.754309 -0.023032 0.237115 0.937474 2 42 0.821288 40 0.178713
engineer_handL
  42 21.015968 32.610054 7.574150 0.688056 -0.718278 -0.103229 0.233588 0.952138 1 42 1.000000
  42 20.963770 32.597046 7.510923 0.392496 -0.583594 -0.710890 0.236393 0.954497 1 42 1.000000
  42 21.226744 32.884033 7.459662 0.416035 -0.542346 -0.729915 0.240716 0.938436 2 42 0.796444 40 0.203556
engineer_handL
  42 20.784578 32.370834 7.658944 0.576076 -0.800114 -0.167192 0.230061 0.966803 1 42 1.000000
  42 20.963770 32.597046 7.510923 0.392496 -0.583594 -0.710890 0.236393 0.954497 1 42 1.000000
  42 21.015968 32.610054 7.574150 0.688056 -0.718278 -0.103229 0.233588 0.952138 1 42 1.000000
engineer_handL
  42 20.784578 32.370834 7.658944 0.576076 -0.800114 -0.167192 0.230061 0.966803 1 42 1.000000
  42 20.718761 32.350845 7.611414 0.196197 -0.827710 -0.525741 0.232070 0.970558 1 42 1.000000
  42 20.963770 32.597046 7.510923 0.392496 -0.583594 -0.710890 0.236393 0.954497 1 42 1.000000
engineer_handL
  42 20.709723 32.304741 7.820274 0.416960 -0.906705 0.063483 0.225116 0.967583 1 42 1.000000
  42 20.718761 32.350845 7.611414 0.196197 -0.827710 -0.525741 0.232070 0.970558 1 42 1.000000
  42 20.784578 32.370834 7.658944 0.576076 -0.800114 -0.167192 0.230061 0.966803 1 42 1.000000
engineer_handL
  42 20.709723 32.304741 7.820274 0.416960 -0.906705 0.063483 0.225116 0.967583 1 42 1.000000
  42 20.623867 32.281670 7.799325 -0.061342 -0.995996 -0.065034 0.226549 0.971228 1 42 1.000000
  42 20.718761 32.350845 7.611414 0.196197 -0.827710 -0.525741 0.232070 0.970558 1 42 1.000000
engineer_handL
  42 20.709723 32.304741 7.820274 0.416960 -0.906705 0.063483 0.225116 0.967583 1 42 1.000000
  42 20.581863 32.338051 8.053650 -0.150142 -0.955439 0.254151 0.217205 0.972361 1 42 1.000000
  42 20.623867 32.281670 7.799325 -0.061342 -0.995996 -0.065034 0.226549 0.971228 1 42 1.000000
engineer_handL
  40 22.492260 34.442207 7.081778 0.470038 -0.518880 -0.714022 0.252637 0.867122 1 40 1.000000
  40 22.218222 33.930218 7.379792 0.806225 -0.587602 -0.068735 0.245702 0.888284 2 40 0.818990 42 0.181010
  40 22.134220 33.918201 7.228539 0.470038 -0.518880 -0.714022 0.249365 0.888880 2 40 0.792530 42 0.207470
engineer_handL
  40 22.492260 34.442207 7.081778 0.470038 -0.518880 -0.714022 0.252637 0.867122 1 40 1.000000
  40 22.578547 34.470242 7.236474 0.827311 -0.559992 -0.044322 0.249150 0.866603 1 40 1.000000
  40 22.218222 33.930218 7.379792 0.806225 -0.587602 -0.068735 0.245702 0.888284 2 40 0.818990 42 0.181010
engineer_handL
  40 22.760386 34.854107 6.955223 0.470038 -0.518880 -0.714022 0.254536 0.843606 1 40 1.000000
  40 22.578547 34.470242 7.236474 0.827311 -0.559992 -0.044322 0.249150 0.866603 1 40 1.000000
  40 22.492260 34.442207 7.081778 0.470038 -0.518880 -0.714022 0.252637 0.867122 1 40 1.000000
engineer_handL
  40 22.760386 34.854107 6.955223 0.470038 -0.518880 -0.714022 0.254536 0.843606 1 40 1.000000
  40 22.853409 34.875538 7.087920 0.876731 -0.474570 -0.078275 0.252082 0.843667 1 40 1.000000
  40 22.578547 34.470242 7.236474 0.827311 -0.559992 -0.044322 0.249150 0.866603 1 40 1.000000
engineer_handL
  40 22.853409 34.875538 7.087920 0.876731 -0.474570 -0.078275 0.252082 0.843667 1 40 1.000000
  40 22.760386 34.854107 6.955223 0.470038 -0.518880 -0.714022 0.254536 0.843606 1 40 1.000000
  38 22.903900 35.215111 6.827081 0.483336 -0.440667 -0.756438 0.255251 0.837370 2 38 0.525305 40 0.474695
engineer_handL
  40 22.853409 34.875538 7.087920 0.876731 -0.474570 -0.078275 0.252082 0.843667 1 40 1.000000
  38 22.903900 35.215111 6.827081 0.483336 -0.440667 -0.756438 0.255251 0.837370 2 38 0.525305 40 0.474695
  38 23.013229 35.252415 6.957229 0.947006 -0.292190 -0.133429 0.252543 0.836696 2 38 0.517537 40 0.482464
engineer_handL
  38 22.903900 35.215111 6.827081 0.483336 -0.440667 -0.756438 0.255251 0.837370 2 38 0.525305 40 0.474695
  38 23.107719 36.020226 6.610451 0.971164 -0.163290 -0.173716 0.259115 0.808202 2 38 0.762226 40 0.237774
  38 23.013229 35.252415 6.957229 0.947006 -0.292190 -0.133429 0.252543 0.836696 2 38 0.517537 40 0.482464
engineer_handL
  38 23.013229 35.252415 6.957229 0.947006 -0.292190 -0.133429 0.252543 0.836696 2 38 0.517537 40 0.482464
  38 23.107719 36.020226 6.610451 0.971164 -0.163290 -0.173716 0.259115 0.808202 2 38 0.762226 40 0.237774
  38 22.944260 36.266529 7.257635 0.947127 0.090655 0.307784 0.236465 0.805894 2 38 0.833888 40 0.166112
engineer_handL
  38 23.013229 35.252415 6.957229 0.947006 -0.292190 -0.133429 0.252543 0.836696 2 38 0.517537 40 0.482464
  38 22.944260 36.266529 7.257635 0.947127 0.090655 0.307784 0.236465 0.805894 2 38 0.833888 40 0.166112
  38 22.878239 35.486988 7.569461 0.951203 -0.076155 0.299019 0.232288 0.832854 2 38 0.525324 40 0.474676
engineer_handL
  38 22.676989 36.466866 7.900668 0.754713 0.274361 0.595932 0.213299 0.804456 2 38 0.760022 40 0.239978
  38 22.878239 35.486988 7.569461 0.951203 -0.076155 0.299019 0.232288 0.832854 2 38 0.525324 40 0.474676
  38 22.944260 36.266529 7.257635 0.947127 0.090655 0.307784 0.236465 0.805894 2 38 0.833888 40 0.166112
engineer_handL
  38 22.676989 36.466866 7.900668 0.754713 0.274361 0.595932 0.213299 0.804456 2 38 0.760022 40 0.239978
  38 22.662800 35.730835 8.179059 0.811369 0.092047 0.577242 0.212307 0.829812 2 38 0.513930 40 0.486070
  38 22.878239 35.486988 7.569461 0.951203 -0.076155 0.299019 0.232288 0.832854 2 38 0.525324 40 0.474676
engineer_handL
  38 22.662800 35.730835 8.179059 0.811369 0.092047 0.577242 0.212307 0.829812 2 38 0.513930 40 0.486070
  38 22.676989 36.466866 7.900668 0.754713 0.274361 0.595932 0.213299 0.804456 2 38 0.760022 40 0.239978
  38 22.486477 36.478260 8.026350 0.204613 0.405917 0.890710 0.210294 0.804554 2 38 0.749593 40 0.250407
engineer_handL
  38 22.662800 35.730835 8.179059 0.811369 0.092047 0.577242 0.212307 0.829812 2 38 0.513930 40 0.486070
  38 22.486477 36.478260 8.026350 0.204613 0.405917 0.890710 0.210294 0.804554 2 38 0.749593 40 0.250407
  38 22.485443 35.806034 8.301017 0.256191 0.284124 0.923926 0.210121 0.829917 2 38 0.519513 40 0.480487
engineer_handL
  38 22.662800 35.730835 8.179059 0.811369 0.092047 0.577242 0.212307 0.829812 2 38 0.513930 40 0.486070
  38 22.485443 35.806034 8.301017 0.256191 0.284124 0.923926 0.210121 0.829917 2 38 0.519513 40 0.480487
  40 22.426628 35.398773 8.429311 0.243405 0.114892 0.963096 0.210081 0.835290 1 40 1.000000
engineer_handL
  38 22.662800 35.730835 8.179059 0.811369 0.092047 0.577242 0.212307 0.829812 2 38 0.513930 40 0.486070
  40 22.426628 35.398773 8.429311 0.243405 0.114892 0.963096 0.210081 0.835290 1 40 1.000000
  40 22.580889 35.318233 8.289829 0.777467 -0.156291 0.609195 0.211311 0.835824 1 40 1.000000
engineer_handL
  40 22.426628 35.398773 8.429311 0.243405 0.114892 0.963096 0.210081 0.835290 1 40 1.000000
  40 22.347479 34.854813 8.344296 0.690316 -0.336379 0.640557 0.208796 0.858261 1 40 1.000000
  40 22.580889 35.318233 8.289829 0.777467 -0.156291 0.609195 0.211311 0.835824 1 40 1.000000
engineer_handL
  40 22.347479 34.854813 8.344296 0.690316 -0.336379 0.640557 0.208796 0.858261 1 40 1.000000
  40 22.748028 35.071259 7.709735 0.896994 -0.300991 0.323737 0.231167 0.840377 1 40 1.000000
  40 22.580889 35.318233 8.289829 0.777467 -0.156291 0.609195 0.211311 0.835824 1 40 1.000000
engineer_handL
  40 22.347479 34.854813 8.344296 0.690316 -0.336379 0.640557 0.208796 0.858261 1 40 1.000000
  40 22.513115 34.643532 7.816685 0.827638 -0.445309 0.341637 0.228601 0.863409 1 40 1.000000
  40 22.748028 35.071259 7.709735 0.896994 -0.300991 0.323737 0.231167 0.840377 1 40 1.000000
engineer_handL
  40 22.578547 34.470242 7.236474 0.827311 -0.559992 -0.044322 0.249150 0.866603 1 40 1.000000
  40 22.748028 35.071259 7.709735 0.896994 -0.300991 0.323737 0.231167 0.840377 1 40 1.000000
  40 22.513115 34.643532 7.816685 0.827638 -0.445309 0.341637 0.228601 0.863409 1 40 1.000000
engineer_handL
  40 22.218222 33.930218 7.379792 0.806225 -0.587602 -0.068735 0.245702 0.888284 2 40 0.818990 42 0.181010
  40 22.578547 34.470242 7.236474 0.827311 -0.559992 -0.044322 0.249150 0.866603 1 40 1.000000
  40 22.513115 34.643532 7.816685 0.827638 -0.445309 0.341637 0.228601 0.863409 1 40 1.000000
engineer_handL
  40 22.853409 34.875538 7.087920 0.876731 -0.474570 -0.078275 0.252082 0.843667 1 40 1.000000
  38 23.013229 35.252415 6.957229 0.947006 -0.292190 -0.133429 0.252543 0.836696 2 38 0.517537 40 0.482464
  38 22.878239 35.486988 7.569461 0.951203 -0.076155 0.299019 0.232288 0.832854 2 38 0.525324 40 0.474676
engineer_handL
  40 22.580889 35.318233 8.289829 0.777467 -0.156291 0.609195 0.211311 0.835824 1 40 1.000000
  38 22.878239 35.486988 7.569461 0.951203 -0.076155 0.299019 0.232288 0.832854 2 38 0.525324 40 0.474676
  38 22.662800 35.730835 8.179059 0.811369 0.092047 0.577242 0.212307 0.829812 2 38 0.513930 40 0.486070
engineer_handL
  40 22.580889 35.318233 8.289829 0.777467 -0.156291 0.609195 0.211311 0.835824 1 40 1.000000
  40 22.748028 35.071259 7.709735 0.896994 -0.300991 0.323737 0.231167 0.840377 1 40 1.000000
  38 22.878239 35.486988 7.569461 0.951203 -0.076155 0.299019 0.232288 0.832854 2 38 0.525324 40 0.474676
engineer_handL
  40 22.853409 34.875538 7.087920 0.876731 -0.474570 -0.078275 0.252082 0.843667 1 40 1.000000
  38 22.878239 35.486988 7.569461 0.951203 -0.076155 0.299019 0.232288 0.832854 2 38 0.525324 40 0.474676
  40 22.748028 35.071259 7.709735 0.896994 -0.300991 0.323737 0.231167 0.840377 1 40 1.000000
engineer_handL
  40 22.578547 34.470242 7.236474 0.827311 -0.559992 -0.044322 0.249150 0.866603 1 40 1.000000
  40 22.853409 34.875538 7.087920 0.876731 -0.474570 -0.078275 0.252082 0.843667 1 40 1.000000
  40 22.748028 35.071259 7.709735 0.896994 -0.300991 0.323737 0.231167 0.840377 1 40 1.000000
engineer_handL
  38 22.903900 35.215111 6.827081 0.483336 -0.440667 -0.756438 0.255251 0.837370 2 38 0.525305 40 0.474695
  38 23.014790 35.977364 6.483513 0.490807 -0.402377 -0.772788 0.261692 0.808922 2 38 0.774678 40 0.225323
  38 23.107719 36.020226 6.610451 0.971164 -0.163290 -0.173716 0.259115 0.808202 2 38 0.762226 40 0.237774
engineer_handL
  38 23.036905 36.796707 6.117942 0.680791 -0.717333 -0.148178 0.277375 0.773650 1 38 1.000000
  38 23.107719 36.020226 6.610451 0.971164 -0.163290 -0.173716 0.259115 0.808202 2 38 0.762226 40 0.237774
  38 23.014790 35.977364 6.483513 0.490807 -0.402377 -0.772788 0.261692 0.808922 2 38 0.774678 40 0.225323
engineer_handL
  40 22.426628 35.398773 8.429311 0.243405 0.114892 0.963096 0.210081 0.835290 1 40 1.000000
  40 22.177757 34.933823 8.465504 0.213043 -0.038407 0.976287 0.205606 0.857615 1 40 1.000000
  40 22.347479 34.854813 8.344296 0.690316 -0.336379 0.640557 0.208796 0.858261 1 40 1.000000
engineer_handL
  40 22.177757 34.933823 8.465504 0.213043 -0.038407 0.976287 0.205606 0.857615 1 40 1.000000
  40 22.426628 35.398773 8.429311 0.243405 0.114892 0.963096 0.210081 0.835290 1 40 1.000000
  40 21.758986 35.436230 8.305567 -0.348242 0.283369 0.893549 0.192577 0.843629 1 40 1.000000
engineer_handL
  38 22.485443 35.806034 8.301017 0.256191 0.284124 0.923926 0.210121 0.829917 2 38 0.519513 40 0.480487
  40 21.758986 35.436230 8.305567 -0.348242 0.283369 0.893549 0.192577 0.843629 1 40 1.000000
  40 22.426628 35.398773 8.429311 0.243405 0.114892 0.963096 0.210081 0.835290 1 40 1.000000
engineer_handL
  38 22.485443 35.806034 8.301017 0.256191 0.284124 0.923926 0.210121 0.829917 2 38 0.519513 40 0.480487
  38 21.781086 35.822800 8.164025 -0.353684 0.330200 0.875143 0.191107 0.826439 2 38 0.568628 40 0.431372
  40 21.758986 35.436230 8.305567 -0.348242 0.283369 0.893549 0.192577 0.843629 1 40 1.000000
engineer_handL
  38 22.486477 36.478260 8.026350 0.204613 0.405917 0.890710 0.210294 0.804554 2 38 0.749593 40 0.250407
  38 21.781086 35.822800 8.164025 -0.353684 0.330200 0.875143 0.191107 0.826439 2 38 0.568628 40 0.431372
  38 22.485443 35.806034 8.301017 0.256191 0.284124 0.923926 0.210121 0.829917 2 38 0.519513 40 0.480487
engineer_handL
  38 22.486477 36.478260 8.026350 0.204613 0.405917 0.890710 0.210294 0.804554 2 38 0.749593 40 0.250407
  38 21.689959 36.345009 7.952184 -0.353684 0.330200 0.875143 0.190194 0.804224 2 38 0.782567 40 0.217433
  38 21.781086 35.822800 8.164025 -0.353684 0.330200 0.875143 0.191107 0.826439 2 38 0.568628 40 0.431372
engineer_handL
  38 22.486477 36.478260 8.026350 0.204613 0.405917 0.890710 0.210294 0.804554 2 38 0.749593 40 0.250407
  38 21.530384 36.890495 7.706193 -0.353684 0.330200 0.875143 0.188421 0.775862 1 38 1.000000
  38 21.689959 36.345009 7.952184 -0.353684 0.330200 0.875143 0.190194 0.804224 2 38 0.782567 40 0.217433
engineer_handL
  38 22.486477 36.478260 8.026350 0.204613 0.405917 0.890710 0.210294 0.804554 2 38 0.749593 40 0.250407
  38 22.380013 37.241901 7.626009 0.172492 0.466473 0.867554 0.212371 0.770247 1 38 1.000000
  38 21.530384 36.890495 7.706193 -0.353684 0.330200 0.875143 0.188421 0.775862 1 38 1.000000
engineer_handL
  38 22.380013 37.241901 7.626009 0.172492 0.466473 0.867554 0.212371 0.770247 1 38 1.000000
  38 22.486477 36.478260 8.026350 0.204613 0.405917 0.890710 0.210294 0.804554 2 38 0.749593 40 0.250407
  38 22.676989 36.466866 7.900668 0.754713 0.274361 0.595932 0.213299 0.804456 2 38 0.760022 40 0.239978
engineer_handL
  38 22.380013 37.241901 7.626009 0.172492 0.466473 0.867554 0.212371 0.770247 1 38 1.000000
  38 22.676989 36.466866 7.900668 0.754713 0.274361 0.595932 0.213299 0.804456 2 38 0.760022 40 0.239978
  38 22.578148 37.280289 7.499138 0.674434 0.406799 0.616160 0.218876 0.768344 1 38 1.000000
engineer_handL
  38 22.578148 37.280289 7.499138 0.674434 0.406799 0.616160 0.218876 0.768344 1 38 1.000000
  38 22.676989 36.466866 7.900668 0.754713 0.274361 0.595932 0.213299 0.804456 2 38 0.760022 40 0.239978
  38 22.944260 36.266529 7.257635 0.947127 0.090655 0.307784 0.236465 0.805894 2 38 0.833888 40 0.166112
engineer_handL
  38 22.578148 37.280289 7.499138 0.674434 0.406799 0.616160 0.218876 0.768344 1 38 1.000000
  38 22.944260 36.266529 7.257635 0.947127 0.090655 0.307784 0.236465 0.805894 2 38 0.833888 40 0.166112
  38 22.962059 37.184761 6.893860 0.908771 0.244514 0.338155 0.245555 0.769843 1 38 1.000000
engineer_handL
  38 23.107719 36.020226 6.610451 0.971164 -0.163290 -0.173716 0.259115 0.808202 2 38 0.762226 40 0.237774
  38 22.962059 37.184761 6.893860 0.908771 0.244514 0.338155 0.245555 0.769843 1 38 1.000000
  38 22.944260 36.266529 7.257635 0.947127 0.090655 0.307784 0.236465 0.805894 2 38 0.833888 40 0.166112
engineer_handL
  38 23.107719 36.020226 6.610451 0.971164 -0.163290 -0.173716 0.259115 0.808202 2 38 0.762226 40 0.237774
  38 23.176851 36.937832 6.192571 0.980166 -0.124684 0.154040 0.275266 0.769352 1 38 1.000000
  38 22.962059 37.184761 6.893860 0.908771 0.244514 0.338155 0.245555 0.769843 1 38 1.000000
engineer_handL
  38 23.036905 36.796707 6.117942 0.680791 -0.717333 -0.148178 0.277375 0.773650 1 38 1.000000
  38 23.176851 36.937832 6.192571 0.980166 -0.124684 0.154040 0.275266 0.769352 1 38 1.000000
  38 23.107719 36.020226 6.610451 0.971164 -0.163290 -0.173716 0.259115 0.808202 2 38 0.762226 40 0.237774
engineer_handL
  46 23.137815 36.609669 5.820670 0.500984 -0.256888 0.826452 0.308302 0.773943 1 46 1.000000
  38 23.176851 36.937832 6.192571 0.980166 -0.124684 0.154040 0.275266 0.769352 1 38 1.000000
  38 23.036905 36.796707 6.117942 0.680791 -0.717333 -0.148178 0.277375 0.773650 1 38 1.000000
engineer_handL
  38 23.036905 36.796707 6.117942 0.680791 -0.717333 -0.148178 0.277375 0.773650 1 38 1.000000
  46 22.157976 36.076908 5.951245 0.278170 -0.307774 0.909888 0.293686 0.804377 1 46 1.000000
  46 23.137815 36.609669 5.820670 0.500984 -0.256888 0.826452 0.308302 0.773943 1 46 1.000000
engineer_handL
  46 23.140270 35.505360 6.151070 0.358471 0.226651 0.905609 0.317065 0.813704 2 46 0.822997 48 0.177003
  46 23.137815 36.609669 5.820670 0.500984 -0.256888 0.826452 0.308302 0.773943 1 46 1.000000
  46 22.157976 36.076908 5.951245 0.278170 -0.307774 0.909888 0.293686 0.804377 1 46 1.000000
engineer_handL
  38 23.036905 36.796707 6.117942 0.680791 -0.717333 -0.148178 0.277375 0.773650 1 38 1.000000
  38 22.082611 36.202225 6.202209 0.441237 -0.855176 -0.272000 0.283074 0.807445 1 38 1.000000
  46 22.157976 36.076908 5.951245 0.278170 -0.307774 0.909888 0.293686 0.804377 1 46 1.000000
engineer_handL
  38 23.014790 35.977364 6.483513 0.490807 -0.402377 -0.772788 0.261692 0.808922 2 38 0.774678 40 0.225323
  38 22.082611 36.202225 6.202209 0.441237 -0.855176 -0.272000 0.283074 0.807445 1 38 1.000000
  38 23.036905 36.796707 6.117942 0.680791 -0.717333 -0.148178 0.277375 0.773650 1 38 1.000000
engineer_handL
  38 23.014790 35.977364 6.483513 0.490807 -0.402377 -0.772788 0.261692 0.808922 2 38 0.774678 40 0.225323
  38 22.161285 35.757080 6.458484 0.087586 -0.478157 -0.873896 0.279915 0.821375 2 38 0.876023 40 0.123977
  38 22.082611 36.202225 6.202209 0.441237 -0.855176 -0.272000 0.283074 0.807445 1 38 1.000000
engineer_handL
  38 22.903900 35.215111 6.827081 0.483336 -0.440667 -0.756438 0.255251 0.837370 2 38 0.525305 40 0.474695
  38 22.161285 35.757080 6.458484 0.087586 -0.478157 -0.873896 0.279915 0.821375 2 38 0.876023 40 0.123977
  38 23.014790 35.977364 6.483513 0.490807 -0.402377 -0.772788 0.261692 0.808922 2 38 0.774678 40 0.225323
engineer_handL
  38 22.903900 35.215111 6.827081 0.483336 -0.440667 -0.756438 0.255251 0.837370 2 38 0.525305 40 0.474695
  38 22.146206 35.246674 6.708806 0.017291 -0.422902 -0.906011 0.272833 0.842779 2 38 0.630356 40 0.369644
  38 22.161285 35.757080 6.458484 0.087586 -0.478157 -0.873896 0.279915 0.821375 2 38 0.876023 40 0.123977
engineer_handL
  40 22.760386 34.854107 6.955223 0.470038 -0.518880 -0.714022 0.254536 0.843606 1 40 1.000000
  38 22.146206 35.246674 6.708806 0.017291 -0.422902 -0.906011 0.272833 0.842779 2 38 0.630356 40 0.369644
  38 22.903900 35.215111 6.827081 0.483336 -0.440667 -0.756438 0.255251 0.837370 2 38 0.525305 40 0.474695
engineer_handL
  40 22.760386 34.854107 6.955223 0.470038 -0.518880 -0.714022 0.254536 0.843606 1 40 1.000000
  40 22.060354 34.905807 6.847826 -0.002303 -0.323300 -0.946294 0.268087 0.857936 1 40 1.000000
  38 22.146206 35.246674 6.708806 0.017291 -0.422902 -0.906011 0.272833 0.842779 2 38 0.630356 40 0.369644
engineer_handL
  40 22.492260 34.442207 7.081778 0.470038 -0.518880 -0.714022 0.252637 0.867122 1 40 1.000000
  40 22.060354 34.905807 6.847826 -0.002303 -0.323300 -0.946294 0.268087 0.857936 1 40 1.000000
  40 22.760386 34.854107 6.955223 0.470038 -0.518880 -0.714022 0.254536 0.843606 1 40 1.000000
engineer_handL
  40 22.492260 34.442207 7.081778 0.470038 -0.518880 -0.714022 0.252637 0.867122 1 40 1.000000
  40 21.834463 34.471191 6.965335 0.030781 -0.278695 -0.959886 0.266985 0.878543 1 40 1.000000
  40 22.060354 34.905807 6.847826 -0.002303 -0.323300 -0.946294 0.268087 0.857936 1 40 1.000000
engineer_handL
  40 22.134220 33.918201 7.228539 0.470038 -0.518880 -0.714022 0.249365 0.888880 2 40 0.792530 42 0.207470
  40 21.834463 34.471191 6.965335 0.030781 -0.278695 -0.959886 0.266985 0.878543 1 40 1.000000
  40 22.492260 34.442207 7.081778 0.470038 -0.518880 -0.714022 0.252637 0.867122 1 40 1.000000
engineer_handL
  40 22.134220 33.918201 7.228539 0.470038 -0.518880 -0.714022 0.249365 0.888880 2 40 0.792530 42 0.207470
  40 21.551853 33.952339 7.117156 0.030781 -0.278695 -0.959886 0.261417 0.902223 2 40 0.697412 42 0.302588
  40 21.834463 34.471191 6.965335 0.030781 -0.278695 -0.959886 0.266985 0.878543 1 40 1.000000
engineer_handL
  46 23.140270 35.505360 6.151070 0.358471 0.226651 0.905609 0.317065 0.813704 2 46 0.822997 48 0.177003
  46 22.157976 36.076908 5.951245 0.278170 -0.307774 0.909888 0.293686 0.804377 1 46 1.000000
  46 22.320755 35.247540 6.189499 -0.094153 0.237507 0.966812 0.300888 0.823588 2 46 0.880790 48 0.119210
engineer_handL
  48 23.044031 34.294342 6.425080 0.379096 0.125548 0.916801 0.322705 0.851763 1 48 1.000000
  46 23.140270 35.505360 6.151070 0.358471 0.226651 0.905609 0.317065 0.813704 2 46 0.822997 48 0.177003
  46 22.320755 35.247540 6.189499 -0.094153 0.237507 0.966812 0.300888 0.823588 2 46 0.880790 48 0.119210
engineer_handL
  48 23.044031 34.294342 6.425080 0.379096 0.125548 0.916801 0.322705 0.851763 1 48 1.000000
  46 22.320755 35.247540 6.189499 -0.094153 0.237507 0.966812 0.300888 0.823588 2 46 0.880790 48 0.119210
  46 22.355583 34.448811 6.438571 -0.153363 0.258529 0.953752 0.306979 0.850163 2 46 0.536593 48 0.463407
engineer_handL
  48 22.959181 34.002827 6.474812 0.345265 0.013809 0.938403 0.323331 0.856433 1 48 1.000000
  48 23.044031 34.294342 6.425080 0.379096 0.125548 0.916801 0.322705 0.851763 1 48 1.000000
  46 22.355583 34.448811 6.438571 -0.153363 0.258529 0.953752 0.306979 0.850163 2 46 0.536593 48 0.463407
engineer_handL
  48 22.959181 34.002827 6.474812 0.345265 0.013809 0.938403 0.323331 0.856433 1 48 1.000000
  46 22.355583 34.448811 6.438571 -0.153363 0.258529 0.953752 0.306979 0.850163 2 46 0.536593 48 0.463407
  48 22.184237 33.965111 6.542053 -0.153363 0.258529 0.953752 0.308558 0.869486 1 48 1.000000
engineer_handL
  48 22.465219 33.329025 6.625142 0.331053 -0.025106 0.943278 0.322426 0.884271 2 48 0.906749 50 0.093251
  48 22.959181 34.002827 6.474812 0.345265 0.013809 0.938403 0.323331 0.856433 1 48 1.000000
  48 22.184237 33.965111 6.542053 -0.153363 0.258529 0.953752 0.308558 0.869486 1 48 1.000000
engineer_handL
  48 22.465219 33.329025 6.625142 0.331053 -0.025106 0.943278 0.322426 0.884271 2 48 0.906749 50 0.093251
  48 22.184237 33.965111 6.542053 -0.153363 0.258529 0.953752 0.308558 0.869486 1 48 1.000000
  48 21.787737 33.399910 6.647932 -0.113146 0.311329 0.943542 0.308711 0.895000 2 48 0.798257 50 0.201743
engineer_handL
  48 21.980881 32.667664 6.793554 0.339561 -0.068916 0.938056 0.324171 0.910617 2 48 0.526279 50 0.473721
  48 22.465219 33.329025 6.625142 0.331053 -0.025106 0.943278 0.322426 0.884271 2 48 0.906749 50 0.093251
  48 21.787737 33.399910 6.647932 -0.113146 0.311329 0.943542 0.308711 0.895000 2 48 0.798257 50 0.201743
engineer_handL
  48 21.980881 32.667664 6.793554 0.339561 -0.068916 0.938056 0.324171 0.910617 2 48 0.526279 50 0.473721
  48 21.787737 33.399910 6.647932 -0.113146 0.311329 0.943542 0.308711 0.895000 2 48 0.798257 50 0.201743
  50 21.354446 32.798840 6.801854 -0.154688 0.329010 0.931571 0.312065 0.922906 2 50 0.527361 48 0.472639
engineer_handL
  50 21.674263 32.337364 6.863692 0.286166 -0.144365 0.947242 0.325333 0.930621 2 50 0.578234 48 0.421766
  48 21.980881 32.667664 6.793554 0.339561 -0.068916 0.938056 0.324171 0.910617 2 48 0.526279 50 0.473721
  50 21.354446 32.798840 6.801854 -0.154688 0.329010 0.931571 0.312065 0.922906 2 50 0.527361 48 0.472639
engineer_handL
  50 21.674263 32.337364 6.863692 0.286166 -0.144365 0.947242 0.325333 0.930621 2 50 0.578234 48 0.421766
  50 21.354446 32.798840 6.801854 -0.154688 0.329010 0.931571 0.312065 0.922906 2 50 0.527361 48 0.472639
  50 21.001221 32.379112 6.889206 -0.154688 0.329010 0.931571 0.315606 0.943369 2 50 0.831380 48 0.168620
engineer_handL
  50 21.001221 32.379112 6.889206 -0.154688 0.329010 0.931571 0.315606 0.943369 2 50 0.831380 48 0.168620
  50 21.325123 32.057922 6.923922 0.286166 -0.144365 0.947242 0.326906 0.945997 2 50 0.870231 48 0.129769
  50 21.674263 32.337364 6.863692 0.286166 -0.144365 0.947242 0.325333 0.930621 2 50 0.578234 48 0.421766
engineer_handL
  50 21.001221 32.379112 6.889206 -0.154688 0.329010 0.931571 0.315606 0.943369 2 50 0.831380 48 0.168620
  50 20.767197 32.128830 6.937058 -0.154688 0.329010 0.931571 0.318049 0.957472 1 50 1.000000
  50 21.325123 32.057922 6.923922 0.286166 -0.144365 0.947242 0.326906 0.945997 2 50 0.870231 48 0.129769
engineer_handL
  50 21.007822 31.806034 6.977723 0.249052 -0.158161 0.955488 0.328480 0.961372 1 50 1.000000
  50 21.325123 32.057922 6.923922 0.286166 -0.144365 0.947242 0.326906 0.945997 2 50 0.870231 48 0.129769
  50 20.767197 32.128830 6.937058 -0.154688 0.329010 0.931571 0.318049 0.957472 1 50 1.000000
engineer_handL
  50 21.007822 31.806034 6.977723 0.249052 -0.158161 0.955488 0.328480 0.961372 1 50 1.000000
  50 20.767197 32.128830 6.937058 -0.154688 0.329010 0.931571 0.318049 0.957472 1 50 1.000000
  50 20.567472 31.907490 6.984188 -0.153363 0.258529 0.953752 0.320491 0.971574 1 50 1.000000
engineer_handL
  50 20.567472 31.907490 6.984188 -0.153363 0.258529 0.953752 0.320491 0.971574 1 50 1.000000
  50 20.725859 31.561205 6.993058 0.158906 -0.192416 0.968362 0.331338 0.972596 1 50 1.000000
  50 21.007822 31.806034 6.977723 0.249052 -0.158161 0.955488 0.328480 0.961372 1 50 1.000000
engineer_handL
  50 20.567472 31.907490 6.984188 -0.153363 0.258529 0.953752 0.320491 0.971574 1 50 1.000000
  50 20.364088 31.641405 6.997090 -0.198476 0.066385 0.977855 0.325813 0.981327 1 50 1.000000
  50 20.725859 31.561205 6.993058 0.158906 -0.192416 0.968362 0.331338 0.972596 1 50 1.000000
engineer_handL
  50 20.529337 31.354540 6.964769 0.016707 -0.447283 0.894236 0.334196 0.983820 1 50 1.000000
  50 20.725859 31.561205 6.993058 0.158906 -0.192416 0.968362 0.331338 0.972596 1 50 1.000000
  50 20.364088 31.641405 6.997090 -0.198476 0.066385 0.977855 0.325813 0.981327 1 50 1.000000
engineer_handL
  50 21.674263 32.337364 6.863692 0.286166 -0.144365 0.947242 0.325333 0.930621 2 50 0.578234 48 0.421766
  50 21.325123 32.057922 6.923922 0.286166 -0.144365 0.947242 0.326906 0.945997 2 50 0.870231 48 0.129769
  50 21.411867 31.977722 6.823339 0.579437 -0.527693 0.621122 0.330116 0.945515 2 50 0.888893 48 0.111108
engineer_handL
  50 21.674263 32.337364 6.863692 0.286166 -0.144365 0.947242 0.325333 0.930621 2 50 0.578234 48 0.421766
  50 21.411867 31.977722 6.823339 0.579437 -0.527693 0.621122 0.330116 0.945515 2 50 0.888893 48 0.111108
  50 21.740276 32.264561 6.770723 0.616608 -0.527842 0.584103 0.328606 0.930381 2 50 0.582909 48 0.417091
engineer_handL
  48 21.980881 32.667664 6.793554 0.339561 -0.068916 0.938056 0.324171 0.910617 2 48 0.526279 50 0.473721
  50 21.674263 32.337364 6.863692 0.286166 -0.144365 0.947242 0.325333 0.930621 2 50 0.578234 48 0.421766
  50 21.740276 32.264561 6.770723 0.616608 -0.527842 0.584103 0.328606 0.930381 2 50 0.582909 48 0.417091
engineer_handL
  48 21.980881 32.667664 6.793554 0.339561 -0.068916 0.938056 0.324171 0.910617 2 48 0.526279 50 0.473721
  50 21.740276 32.264561 6.770723 0.616608 -0.527842 0.584103 0.328606 0.930381 2 50 0.582909 48 0.417091
  48 22.050957 32.584873 6.698546 0.678219 -0.446281 0.583826 0.327305 0.910300 2 48 0.527083 50 0.472917
engineer_handL
  48 22.050957 32.584873 6.698546 0.678219 -0.446281 0.583826 0.327305 0.910300 2 48 0.527083 50 0.472917
  48 22.465219 33.329025 6.625142 0.331053 -0.025106 0.943278 0.322426 0.884271 2 48 0.906749 50 0.093251
  48 21.980881 32.667664 6.793554 0.339561 -0.068916 0.938056 0.324171 0.910617 2 48 0.526279 50 0.473721
engineer_handL
  48 22.050957 32.584873 6.698546 0.678219 -0.446281 0.583826 0.327305 0.910300 2 48 0.527083 50 0.472917
  48 22.562778 33.241619 6.540216 0.705471 -0.380004 0.598254 0.325846 0.884321 1 48 1.000000
  48 22.465219 33.329025 6.625142 0.331053 -0.025106 0.943278 0.322426 0.884271 2 48 0.906749 50 0.093251
engineer_handL
  48 22.959181 34.002827 6.474812 0.345265 0.013809 0.938403 0.323331 0.856433 1 48 1.000000
  48 22.465219 33.329025 6.625142 0.331053 -0.025106 0.943278 0.322426 0.884271 2 48 0.906749 50 0.093251
  48 22.562778 33.241619 6.540216 0.705471 -0.380004 0.598254 0.325846 0.884321 1 48 1.000000
engineer_handL
  48 22.050957 32.584873 6.698546 0.678219 -0.446281 0.583826 0.327305 0.910300 2 48 0.527083 50 0.472917
  48 22.632545 33.035484 6.095039 0.802547 -0.534664 0.264675 0.340868 0.885343 1 48 1.000000
  48 22.562778 33.241619 6.540216 0.705471 -0.380004 0.598254 0.325846 0.884321 1 48 1.000000
engineer_handL
  50 21.248526 31.659006 6.667689 0.490827 -0.765624 0.415822 0.338988 0.959719 1 50 1.000000
  50 21.411867 31.977722 6.823339 0.579437 -0.527693 0.621122 0.330116 0.945515 2 50 0.888893 48 0.111108
  50 21.104782 31.742935 6.895772 0.514318 -0.605917 0.606911 0.331627 0.960649 1 50 1.000000
engineer_handL
  50 21.248526 31.659006 6.667689 0.490827 -0.765624 0.415822 0.338988 0.959719 1 50 1.000000
  50 21.500994 31.813931 6.439835 0.675143 -0.676386 0.294420 0.343321 0.944007 1 50 1.000000
  50 21.411867 31.977722 6.823339 0.579437 -0.527693 0.621122 0.330116 0.945515 2 50 0.888893 48 0.111108
engineer_handL
  50 21.277954 31.612257 6.515291 0.462635 -0.832412 0.305057 0.344100 0.959074 1 50 1.000000
  50 21.500994 31.813931 6.439835 0.675143 -0.676386 0.294420 0.343321 0.944007 1 50 1.000000
  50 21.248526 31.659006 6.667689 0.490827 -0.765624 0.415822 0.338988 0.959719 1 50 1.000000
engineer_handL
  50 21.740276 32.264561 6.770723 0.616608 -0.527842 0.584103 0.328606 0.930381 2 50 0.582909 48 0.417091
  50 21.411867 31.977722 6.823339 0.579437 -0.527693 0.621122 0.330116 0.945515 2 50 0.888893 48 0.111108
  50 21.500994 31.813931 6.439835 0.675143 -0.676386 0.294420 0.343321 0.944007 1 50 1.000000
engineer_handL
  50 21.740276 32.264561 6.770723 0.616608 -0.527842 0.584103 0.328606 0.930381 2 50 0.582909 48 0.417091
  50 21.500994 31.813931 6.439835 0.675143 -0.676386 0.294420 0.343321 0.944007 1 50 1.000000
  50 21.825344 32.092735 6.364357 0.675143 -0.676386 0.294420 0.342542 0.928940 2 50 0.603091 48 0.396909
engineer_handL
  48 22.050957 32.584873 6.698546 0.678219 -0.446281 0.583826 0.327305 0.910300 2 48 0.527083 50 0.472917
  50 21.740276 32.264561 6.770723 0.616608 -0.527842 0.584103 0.328606 0.930381 2 50 0.582909 48 0.417091
  50 21.825344 32.092735 6.364357 0.675143 -0.676386 0.294420 0.342542 0.928940 2 50 0.603091 48 0.396909
engineer_handL
  48 22.050957 32.584873 6.698546 0.678219 -0.446281 0.583826 0.327305 0.910300 2 48 0.527083 50 0.472917
  50 21.825344 32.092735 6.364357 0.675143 -0.676386 0.294420 0.342542 0.928940 2 50 0.603091 48 0.396909
  48 22.135277 32.398754 6.268560 0.753954 -0.593989 0.280589 0.341687 0.909890 2 48 0.537065 50 0.462935
engineer_handL
  48 22.050957 32.584873 6.698546 0.678219 -0.446281 0.583826 0.327305 0.910300 2 48 0.527083 50 0.472917
  48 22.135277 32.398754 6.268560 0.753954 -0.593989 0.280589 0.341687 0.909890 2 48 0.537065 50 0.462935
  48 22.632545 33.035484 6.095039 0.802547 -0.534664 0.264675 0.340868 0.885343 1 48 1.000000
engineer_handL
  48 22.617992 32.858479 5.595015 0.753427 -0.645734 -0.123994 0.355621 0.885261 2 48 0.850789 50 0.149211
  48 22.632545 33.035484 6.095039 0.802547 -0.534664 0.264675 0.340868 0.885343 1 48 1.000000
  48 22.135277 32.398754 6.268560 0.753954 -0.593989 0.280589 0.341687 0.909890 2 48 0.537065 50 0.462935
engineer_handL
  48 22.617992 32.858479 5.595015 0.753427 -0.645734 -0.123994 0.355621 0.885261 2 48 0.850789 50 0.149211
  48 22.135277 32.398754 6.268560 0.753954 -0.593989 0.280589 0.341687 0.909890 2 48 0.537065 50 0.462935
  48 22.124763 32.259361 5.796313 0.715021 -0.694410 -0.080865 0.355506 0.908958 2 48 0.516446 50 0.483555
engineer_handL
  48 22.135277 32.398754 6.268560 0.753954 -0.593989 0.280589 0.341687 0.909890 2 48 0.537065 50 0.462935
  50 21.820200 31.965267 5.917652 0.639236 -0.764838 -0.080005 0.355775 0.927097 2 50 0.550958 48 0.449042
  48 22.124763 32.259361 5.796313 0.715021 -0.694410 -0.080865 0.355506 0.908958 2 48 0.516446 50 0.483555
engineer_handL
  48 22.135277 32.398754 6.268560 0.753954 -0.593989 0.280589 0.341687 0.909890 2 48 0.537065 50 0.462935
  50 21.825344 32.092735 6.364357 0.675143 -0.676386 0.294420 0.342542 0.928940 2 50 0.603091 48 0.396909
  50 21.820200 31.965267 5.917652 0.639236 -0.764838 -0.080005 0.355775 0.927097 2 50 0.550958 48 0.449042
engineer_handL
  50 21.825344 32.092735 6.364357 0.675143 -0.676386 0.294420 0.342542 0.928940 2 50 0.603091 48 0.396909
  50 21.478294 31.692806 6.025837 0.601474 -0.792831 -0.098223 0.355899 0.942022 2 50 0.830115 48 0.169885
  50 21.820200 31.965267 5.917652 0.639236 -0.764838 -0.080005 0.355775 0.927097 2 50 0.550958 48 0.449042
engineer_handL
  50 21.825344 32.092735 6.364357 0.675143 -0.676386 0.294420 0.342542 0.928940 2 50 0.603091 48 0.396909
  50 21.500994 31.813931 6.439835 0.675143 -0.676386 0.294420 0.343321 0.944007 1 50 1.000000
  50 21.478294 31.692806 6.025837 0.601474 -0.792831 -0.098223 0.355899 0.942022 2 50 0.830115 48 0.169885
engineer_handL
  50 21.478294 31.692806 6.025837 0.601474 -0.792831 -0.098223 0.355899 0.942022 2 50 0.830115 48 0.169885
  50 21.500994 31.813931 6.439835 0.675143 -0.676386 0.294420 0.343321 0.944007 1 50 1.000000
  50 21.273249 31.557964 6.359106 0.514382 -0.826204 0.229778 0.348348 0.958316 1 50 1.000000
engineer_handL
  50 21.277954 31.612257 6.515291 0.462635 -0.832412 0.305057 0.344100 0.959074 1 50 1.000000
  50 21.273249 31.557964 6.359106 0.514382 -0.826204 0.229778 0.348348 0.958316 1 50 1.000000
  50 21.500994 31.813931 6.439835 0.675143 -0.676386 0.294420 0.343321 0.944007 1 50 1.000000
engineer_handL
  50 21.193373 31.597075 6.522587 0.090114 -0.940658 0.327172 0.344173 0.959841 1 50 1.000000
  50 21.273249 31.557964 6.359106 0.514382 -0.826204 0.229778 0.348348 0.958316 1 50 1.000000
  50 21.277954 31.612257 6.515291 0.462635 -0.832412 0.305057 0.344100 0.959074 1 50 1.000000
engineer_handL
  50 21.248526 31.659006 6.667689 0.490827 -0.765624 0.415822 0.338988 0.959719 1 50 1.000000
  50 21.193373 31.597075 6.522587 0.090114 -0.940658 0.327172 0.344173 0.959841 1 50 1.000000
  50 21.277954 31.612257 6.515291 0.462635 -0.832412 0.305057 0.344100 0.959074 1 50 1.000000
engineer_handL
  50 21.248526 31.659006 6.667689 0.490827 -0.765624 0.415822 0.338988 0.959719 1 50 1.000000
  50 21.168068 31.643305 6.682440 0.153641 -0.933849 0.322988 0.339040 0.960461 1 50 1.000000
  50 21.193373 31.597075 6.522587 0.090114 -0.940658 0.327172 0.344173 0.959841 1 50 1.000000
engineer_handL
  50 21.104782 31.742935 6.895772 0.514318 -0.605917 0.606911 0.331627 0.960649 1 50 1.000000
  50 21.168068 31.643305 6.682440 0.153641 -0.933849 0.322988 0.339040 0.960461 1 50 1.000000
  50 21.248526 31.659006 6.667689 0.490827 -0.765624 0.415822 0.338988 0.959719 1 50 1.000000
engineer_handL
  50 21.104782 31.742935 6.895772 0.514318 -0.605917 0.606911 0.331627 0.960649 1 50 1.000000
  50 21.040464 31.666702 6.823709 0.424873 -0.871756 0.243977 0.332768 0.961224 1 50 1.000000
  50 21.168068 31.643305 6.682440 0.153641 -0.933849 0.322988 0.339040 0.960461 1 50 1.000000
engineer_handL
  46 23.257950 35.468769 6.028707 0.868104 0.077663 0.490270 0.319682 0.813362 2 46 0.821217 48 0.178784
  48 23.044031 34.294342 6.425080 0.379096 0.125548 0.916801 0.322705 0.851763 1 48 1.000000
  48 23.154087 34.235722 6.334881 0.849669 -0.073930 0.522109 0.324963 0.851437 1 48 1.000000
engineer_handL
  48 23.154087 34.235722 6.334881 0.849669 -0.073930 0.522109 0.324963 0.851437 1 48 1.000000
  48 23.044031 34.294342 6.425080 0.379096 0.125548 0.916801 0.322705 0.851763 1 48 1.000000
  48 22.959181 34.002827 6.474812 0.345265 0.013809 0.938403 0.323331 0.856433 1 48 1.000000
engineer_handL
  48 23.154087 34.235722 6.334881 0.849669 -0.073930 0.522109 0.324963 0.851437 1 48 1.000000
  48 22.959181 34.002827 6.474812 0.345265 0.013809 0.938403 0.323331 0.856433 1 48 1.000000
  48 23.044025 33.929443 6.395208 0.762767 -0.278028 0.583855 0.325486 0.856148 1 48 1.000000
engineer_handL
  48 22.959181 34.002827 6.474812 0.345265 0.013809 0.938403 0.323331 0.856433 1 48 1.000000
  48 22.562778 33.241619 6.540216 0.705471 -0.380004 0.598254 0.325846 0.884321 1 48 1.000000
  48 23.044025 33.929443 6.395208 0.762767 -0.278028 0.583855 0.325486 0.856148 1 48 1.000000
engineer_handL
  48 22.562778 33.241619 6.540216 0.705471 -0.380004 0.598254 0.325846 0.884321 1 48 1.000000
  48 23.131248 33.720512 5.882480 0.874391 -0.426633 0.231138 0.340777 0.857616 1 48 1.000000
  48 23.044025 33.929443 6.395208 0.762767 -0.278028 0.583855 0.325486 0.856148 1 48 1.000000
engineer_handL
  48 22.562778 33.241619 6.540216 0.705471 -0.380004 0.598254 0.325846 0.884321 1 48 1.000000
  48 22.632545 33.035484 6.095039 0.802547 -0.534664 0.264675 0.340868 0.885343 1 48 1.000000
  48 23.131248 33.720512 5.882480 0.874391 -0.426633 0.231138 0.340777 0.857616 1 48 1.000000
engineer_handL
  48 23.117945 33.519123 5.333305 0.818602 -0.555240 -0.146967 0.355959 0.857544 1 48 1.000000
  48 23.131248 33.720512 5.882480 0.874391 -0.426633 0.231138 0.340777 0.857616 1 48 1.000000
  48 22.632545 33.035484 6.095039 0.802547 -0.534664 0.264675 0.340868 0.885343 1 48 1.000000
engineer_handL
  48 23.117945 33.519123 5.333305 0.818602 -0.555240 -0.146967 0.355959 0.857544 1 48 1.000000
  48 22.632545 33.035484 6.095039 0.802547 -0.534664 0.264675 0.340868 0.885343 1 48 1.000000
  48 22.617992 32.858479 5.595015 0.753427 -0.645734 -0.123994 0.355621 0.885261 2 48 0.850789 50 0.149211
engineer_handL
  48 22.617992 32.858479 5.595015 0.753427 -0.645734 -0.123994 0.355621 0.885261 2 48 0.850789 50 0.149211
  48 23.005560 33.491676 5.203210 0.416035 -0.542346 -0.729915 0.358140 0.857416 1 48 1.000000
  48 23.117945 33.519123 5.333305 0.818602 -0.555240 -0.146967 0.355959 0.857544 1 48 1.000000
engineer_handL
  48 22.617992 32.858479 5.595015 0.753427 -0.645734 -0.123994 0.355621 0.885261 2 48 0.850789 50 0.149211
  48 22.530285 32.860817 5.442223 0.392496 -0.583594 -0.710890 0.359012 0.885304 2 48 0.830593 50 0.169407
  48 23.005560 33.491676 5.203210 0.416035 -0.542346 -0.729915 0.358140 0.857416 1 48 1.000000
engineer_handL
  48 22.530285 32.860817 5.442223 0.392496 -0.583594 -0.710890 0.359012 0.885304 2 48 0.830593 50 0.169407
  48 22.617992 32.858479 5.595015 0.753427 -0.645734 -0.123994 0.355621 0.885261 2 48 0.850789 50 0.149211
  48 22.124763 32.259361 5.796313 0.715021 -0.694410 -0.080865 0.355506 0.908958 2 48 0.516446 50 0.483555
engineer_handL
  48 22.530285 32.860817 5.442223 0.392496 -0.583594 -0.710890 0.359012 0.885304 2 48 0.830593 50 0.169407
  48 22.124763 32.259361 5.796313 0.715021 -0.694410 -0.080865 0.355506 0.908958 2 48 0.516446 50 0.483555
  48 22.061834 32.254097 5.658062 0.360636 -0.620191 -0.696638 0.358511 0.908940 2 48 0.513331 50 0.486669
engineer_handL
  50 21.820200 31.965267 5.917652 0.639236 -0.764838 -0.080005 0.355775 0.927097 2 50 0.550958 48 0.449042
  48 22.061834 32.254097 5.658062 0.360636 -0.620191 -0.696638 0.358511 0.908940 2 48 0.513331 50 0.486669
  48 22.124763 32.259361 5.796313 0.715021 -0.694410 -0.080865 0.355506 0.908958 2 48 0.516446 50 0.483555
engineer_handL
  50 21.820200 31.965267 5.917652 0.639236 -0.764838 -0.080005 0.355775 0.927097 2 50 0.550958 48 0.449042
  50 21.719648 31.959543 5.794850 0.304152 -0.641584 -0.704174 0.358770 0.927061 2 50 0.567419 48 0.432581
  48 22.061834 32.254097 5.658062 0.360636 -0.620191 -0.696638 0.358511 0.908940 2 48 0.513331 50 0.486669
engineer_handL
  50 21.478294 31.692806 6.025837 0.601474 -0.792831 -0.098223 0.355899 0.942022 2 50 0.830115 48 0.169885
  50 21.719648 31.959543 5.794850 0.304152 -0.641584 -0.704174 0.358770 0.927061 2 50 0.567419 48 0.432581
  50 21.820200 31.965267 5.917652 0.639236 -0.764838 -0.080005 0.355775 0.927097 2 50 0.550958 48 0.449042
engineer_handL
  50 21.478294 31.692806 6.025837 0.601474 -0.792831 -0.098223 0.355899 0.942022 2 50 0.830115 48 0.169885
  50 21.393471 31.687479 5.905340 0.271823 -0.692116 -0.668646 0.358937 0.942050 2 50 0.822942 48 0.177058
  50 21.719648 31.959543 5.794850 0.304152 -0.641584 -0.704174 0.358770 0.927061 2 50 0.567419 48 0.432581
engineer_handL
  50 21.160601 31.460550 6.130298 0.511831 -0.858111 -0.040912 0.356023 0.956946 1 50 1.000000
  50 21.393471 31.687479 5.905340 0.271823 -0.692116 -0.668646 0.358937 0.942050 2 50 0.822942 48 0.177058
  50 21.478294 31.692806 6.025837 0.601474 -0.792831 -0.098223 0.355899 0.942022 2 50 0.830115 48 0.169885
engineer_handL
  50 21.160601 31.460550 6.130298 0.511831 -0.858111 -0.040912 0.356023 0.956946 1 50 1.000000
  50 21.085106 31.459269 6.026464 0.271823 -0.692116 -0.668646 0.359104 0.957040 1 50 1.000000
  50 21.393471 31.687479 5.905340 0.271823 -0.692116 -0.668646 0.358937 0.942050 2 50 0.822942 48 0.177058
engineer_handL
  48 23.154087 34.235722 6.334881 0.849669 -0.073930 0.522109 0.324963 0.851437 1 48 1.000000
  48 23.256510 34.012787 5.803419 0.965621 -0.203394 0.161885 0.340527 0.851924 1 48 1.000000
  46 23.385548 35.181911 5.441177 0.990948 -0.046903 0.125787 0.338615 0.815106 2 46 0.835803 48 0.164198
engineer_handL
  48 23.044025 33.929443 6.395208 0.762767 -0.278028 0.583855 0.325486 0.856148 1 48 1.000000
  48 23.256510 34.012787 5.803419 0.965621 -0.203394 0.161885 0.340527 0.851924 1 48 1.000000
  48 23.154087 34.235722 6.334881 0.849669 -0.073930 0.522109 0.324963 0.851437 1 48 1.000000
engineer_handL
  48 23.044025 33.929443 6.395208 0.762767 -0.278028 0.583855 0.325486 0.856148 1 48 1.000000
  48 23.131248 33.720512 5.882480 0.874391 -0.426633 0.231138 0.340777 0.857616 1 48 1.000000
  48 23.256510 34.012787 5.803419 0.965621 -0.203394 0.161885 0.340527 0.851924 1 48 1.000000
engineer_handL
  48 23.235943 33.782326 5.213478 0.911208 -0.349571 -0.217944 0.355821 0.852568 1 48 1.000000
  48 23.256510 34.012787 5.803419 0.965621 -0.203394 0.161885 0.340527 0.851924 1 48 1.000000
  48 23.131248 33.720512 5.882480 0.874391 -0.426633 0.231138 0.340777 0.857616 1 48 1.000000
engineer_handL
  48 23.235943 33.782326 5.213478 0.911208 -0.349571 -0.217944 0.355821 0.852568 1 48 1.000000
  48 23.131248 33.720512 5.882480 0.874391 -0.426633 0.231138 0.340777 0.857616 1 48 1.000000
  48 23.117945 33.519123 5.333305 0.818602 -0.555240 -0.146967 0.355959 0.857544 1 48 1.000000
engineer_handL
  48 23.152504 33.764969 5.083922 0.441275 -0.434410 -0.785217 0.357890 0.852603 1 48 1.000000
  48 23.235943 33.782326 5.213478 0.911208 -0.349571 -0.217944 0.355821 0.852568 1 48 1.000000
  48 23.117945 33.519123 5.333305 0.818602 -0.555240 -0.146967 0.355959 0.857544 1 48 1.000000
engineer_handL
  48 23.152504 33.764969 5.083922 0.441275 -0.434410 -0.785217 0.357890 0.852603 1 48 1.000000
  48 23.117945 33.519123 5.333305 0.818602 -0.555240 -0.146967 0.355959 0.857544 1 48 1.000000
  48 23.005560 33.491676 5.203210 0.416035 -0.542346 -0.729915 0.358140 0.857416 1 48 1.000000
engineer_handL
  50 21.099703 31.446033 6.240865 0.431023 -0.815515 0.386205 0.355000 0.957982 1 50 1.000000
  50 20.868114 31.262199 6.199662 0.513047 -0.846815 -0.140312 0.355217 0.967024 1 50 1.000000
  50 21.160601 31.460550 6.130298 0.511831 -0.858111 -0.040912 0.356023 0.956946 1 50 1.000000
engineer_handL
  50 21.099703 31.446033 6.240865 0.431023 -0.815515 0.386205 0.355000 0.957982 1 50 1.000000
  50 21.181736 31.532299 6.364092 0.179909 -0.905547 0.384210 0.348463 0.959108 1 50 1.000000
  50 21.140207 31.533495 6.364876 0.462635 -0.832412 0.305057 0.348578 0.959901 1 50 1.000000
engineer_handL
  50 21.273249 31.557964 6.359106 0.514382 -0.826204 0.229778 0.348348 0.958316 1 50 1.000000
  50 21.181736 31.532299 6.364092 0.179909 -0.905547 0.384210 0.348463 0.959108 1 50 1.000000
  50 21.099703 31.446033 6.240865 0.431023 -0.815515 0.386205 0.355000 0.957982 1 50 1.000000
engineer_handL
  50 21.273249 31.557964 6.359106 0.514382 -0.826204 0.229778 0.348348 0.958316 1 50 1.000000
  50 21.099703 31.446033 6.240865 0.431023 -0.815515 0.386205 0.355000 0.957982 1 50 1.000000
  50 21.160601 31.460550 6.130298 0.511831 -0.858111 -0.040912 0.356023 0.956946 1 50 1.000000
engineer_handL
  50 21.478294 31.692806 6.025837 0.601474 -0.792831 -0.098223 0.355899 0.942022 2 50 0.830115 48 0.169885
  50 21.273249 31.557964 6.359106 0.514382 -0.826204 0.229778 0.348348 0.958316 1 50 1.000000
  50 21.160601 31.460550 6.130298 0.511831 -0.858111 -0.040912 0.356023 0.956946 1 50 1.000000
engineer_handL
  48 23.152504 33.764969 5.083922 0.441275 -0.434410 -0.785217 0.357890 0.852603 1 48 1.000000
  46 23.381742 34.916321 4.784443 0.927403 -0.217243 -0.304515 0.356514 0.815854 2 46 0.767427 48 0.232573
  48 23.235943 33.782326 5.213478 0.911208 -0.349571 -0.217944 0.355821 0.852568 1 48 1.000000
engineer_handL
  48 23.152504 33.764969 5.083922 0.441275 -0.434410 -0.785217 0.357890 0.852603 1 48 1.000000
  46 23.299694 34.877220 4.687634 0.426475 -0.375948 -0.822668 0.359361 0.815949 2 46 0.769797 48 0.230204
  46 23.381742 34.916321 4.784443 0.927403 -0.217243 -0.304515 0.356514 0.815854 2 46 0.767427 48 0.232573
engineer_handL
  46 23.381742 34.916321 4.784443 0.927403 -0.217243 -0.304515 0.356514 0.815854 2 46 0.767427 48 0.232573
  46 23.299694 34.877220 4.687634 0.426475 -0.375948 -0.822668 0.359361 0.815949 2 46 0.769797 48 0.230204
  46 23.341805 35.960506 4.230508 0.561565 -0.739208 -0.371775 0.367268 0.775397 1 46 1.000000
engineer_handL
  46 23.381742 34.916321 4.784443 0.927403 -0.217243 -0.304515 0.356514 0.815854 2 46 0.767427 48 0.232573
  46 23.341805 35.960506 4.230508 0.561565 -0.739208 -0.371775 0.367268 0.775397 1 46 1.000000
  46 23.500372 36.106224 4.266541 0.946770 -0.316696 -0.057708 0.364768 0.771756 1 46 1.000000
engineer_handL
  46 23.500372 36.106224 4.266541 0.946770 -0.316696 -0.057708 0.364768 0.771756 1 46 1.000000
  46 23.385548 35.181911 5.441177 0.990948 -0.046903 0.125787 0.338615 0.815106 2 46 0.835803 48 0.164198
  46 23.381742 34.916321 4.784443 0.927403 -0.217243 -0.304515 0.356514 0.815854 2 46 0.767427 48 0.232573
engineer_handL
  46 23.381742 34.916321 4.784443 0.927403 -0.217243 -0.304515 0.356514 0.815854 2 46 0.767427 48 0.232573
  46 23.385548 35.181911 5.441177 0.990948 -0.046903 0.125787 0.338615 0.815106 2 46 0.835803 48 0.164198
  48 23.256510 34.012787 5.803419 0.965621 -0.203394 0.161885 0.340527 0.851924 1 48 1.000000
engineer_handL
  46 23.381742 34.916321 4.784443 0.927403 -0.217243 -0.304515 0.356514 0.815854 2 46 0.767427 48 0.232573
  48 23.256510 34.012787 5.803419 0.965621 -0.203394 0.161885 0.340527 0.851924 1 48 1.000000
  48 23.235943 33.782326 5.213478 0.911208 -0.349571 -0.217944 0.355821 0.852568 1 48 1.000000
engineer_handL
  50 21.719648 31.959543 5.794850 0.304152 -0.641584 -0.704174 0.358770 0.927061 2 50 0.567419 48 0.432581
  50 21.517311 32.356537 5.609782 -0.107507 -0.300299 -0.947767 0.370127 0.918648 2 50 0.516031 48 0.483969
  48 22.061834 32.254097 5.658062 0.360636 -0.620191 -0.696638 0.358511 0.908940 2 48 0.513331 50 0.486669
engineer_handL
  48 22.061834 32.254097 5.658062 0.360636 -0.620191 -0.696638 0.358511 0.908940 2 48 0.513331 50 0.486669
  50 21.517311 32.356537 5.609782 -0.107507 -0.300299 -0.947767 0.370127 0.918648 2 50 0.516031 48 0.483969
  48 21.943504 32.919411 5.373661 -0.107507 -0.300299 -0.947767 0.371026 0.893421 2 48 0.767228 50 0.232772
engineer_handL
  48 22.061834 32.254097 5.658062 0.360636 -0.620191 -0.696638 0.358511 0.908940 2 48 0.513331 50 0.486669
  48 21.943504 32.919411 5.373661 -0.107507 -0.300299 -0.947767 0.371026 0.893421 2 48 0.767228 50 0.232772
  48 22.530285 32.860817 5.442223 0.392496 -0.583594 -0.710890 0.359012 0.885304 2 48 0.830593 50 0.169407
engineer_handL
  48 22.530285 32.860817 5.442223 0.392496 -0.583594 -0.710890 0.359012 0.885304 2 48 0.830593 50 0.169407
  48 21.943504 32.919411 5.373661 -0.107507 -0.300299 -0.947767 0.371026 0.893421 2 48 0.767228 50 0.232772
  48 22.304167 33.473248 5.168569 -0.107507 -0.300299 -0.947767 0.372381 0.869844 1 48 1.000000
engineer_handL
  48 22.530285 32.860817 5.442223 0.392496 -0.583594 -0.710890 0.359012 0.885304 2 48 0.830593 50 0.169407
  48 22.304167 33.473248 5.168569 -0.107507 -0.300299 -0.947767 0.372381 0.869844 1 48 1.000000
  48 23.005560 33.491676 5.203210 0.416035 -0.542346 -0.729915 0.358140 0.857416 1 48 1.000000
engineer_handL
  48 23.005560 33.491676 5.203210 0.416035 -0.542346 -0.729915 0.358140 0.857416 1 48 1.000000
  48 22.304167 33.473248 5.168569 -0.107507 -0.300299 -0.947767 0.372381 0.869844 1 48 1.000000
  46 22.497566 33.919212 5.008860 -0.119117 -0.336168 -0.934239 0.372867 0.849785 2 46 0.524800 48 0.475200
engineer_handL
  48 23.005560 33.491676 5.203210 0.416035 -0.542346 -0.729915 0.358140 0.857416 1 48 1.000000
  46 22.497566 33.919212 5.008860 -0.119117 -0.336168 -0.934239 0.372867 0.849785 2 46 0.524800 48 0.475200
  48 23.152504 33.764969 5.083922 0.441275 -0.434410 -0.785217 0.357890 0.852603 1 48 1.000000
engineer_handL
  48 23.152504 33.764969 5.083922 0.441275 -0.434410 -0.785217 0.357890 0.852603 1 48 1.000000
  46 22.497566 33.919212 5.008860 -0.119117 -0.336168 -0.934239 0.372867 0.849785 2 46 0.524800 48 0.475200
  46 22.525066 34.672253 4.731494 0.017291 -0.422902 -0.906011 0.376814 0.825223 2 46 0.851536 48 0.148464
engineer_handL
  48 23.152504 33.764969 5.083922 0.441275 -0.434410 -0.785217 0.357890 0.852603 1 48 1.000000
  46 22.525066 34.672253 4.731494 0.017291 -0.422902 -0.906011 0.376814 0.825223 2 46 0.851536 48 0.148464
  46 23.299694 34.877220 4.687634 0.426475 -0.375948 -0.822668 0.359361 0.815949 2 46 0.769797 48 0.230204
engineer_handL
  46 23.299694 34.877220 4.687634 0.426475 -0.375948 -0.822668 0.359361 0.815949 2 46 0.769797 48 0.230204
  46 22.525066 34.672253 4.731494 0.017291 -0.422902 -0.906011 0.376814 0.825223 2 46 0.851536 48 0.148464
  46 22.362450 35.422489 4.333230 0.331824 -0.834904 -0.439122 0.378569 0.809409 1 46 1.000000
engineer_handL
  46 23.299694 34.877220 4.687634 0.426475 -0.375948 -0.822668 0.359361 0.815949 2 46 0.769797 48 0.230204
  46 22.362450 35.422489 4.333230 0.331824 -0.834904 -0.439122 0.378569 0.809409 1 46 1.000000
  46 23.341805 35.960506 4.230508 0.561565 -0.739208 -0.371775 0.367268 0.775397 1 46 1.000000
engineer_handL
  54 23.343912 35.880039 3.880761 0.563912 -0.431156 0.704349 0.394404 0.775800 2 54 0.899598 56 0.100402
  46 23.341805 35.960506 4.230508 0.561565 -0.739208 -0.371775 0.367268 0.775397 1 46 1.000000
  46 22.362450 35.422489 4.333230 0.331824 -0.834904 -0.439122 0.378569 0.809409 1 46 1.000000
engineer_handL
  54 23.343912 35.880039 3.880761 0.563912 -0.431156 0.704349 0.394404 0.775800 2 54 0.899598 56 0.100402
  46 23.500372 36.106224 4.266541 0.946770 -0.316696 -0.057708 0.364768 0.771756 1 46 1.000000
  46 23.341805 35.960506 4.230508 0.561565 -0.739208 -0.371775 0.367268 0.775397 1 46 1.000000
engineer_handL
  54 23.343912 35.880039 3.880761 0.563912 -0.431156 0.704349 0.394404 0.775800 2 54 0.899598 56 0.100402
  54 23.493660 35.941711 3.742225 0.930401 -0.227573 0.287339 0.397444 0.771628 2 54 0.898445 56 0.101555
  46 23.500372 36.106224 4.266541 0.946770 -0.316696 -0.057708 0.364768 0.771756 1 46 1.000000
engineer_handL
  54 23.573353 36.367077 3.660215 0.999929 -0.005102 -0.010727 0.389616 0.751424 1 54 1.000000
  46 23.500372 36.106224 4.266541 0.946770 -0.316696 -0.057708 0.364768 0.771756 1 46 1.000000
  54 23.493660 35.941711 3.742225 0.930401 -0.227573 0.287339 0.397444 0.771628 2 54 0.898445 56 0.101555
engineer_handL
  54 23.531511 36.063889 2.905586 0.994327 -0.024482 -0.103507 0.426449 0.750208 1 54 1.000000
  54 23.573353 36.367077 3.660215 0.999929 -0.005102 -0.010727 0.389616 0.751424 1 54 1.000000
  54 23.493660 35.941711 3.742225 0.930401 -0.227573 0.287339 0.397444 0.771628 2 54 0.898445 56 0.101555
engineer_handL
  54 23.573353 36.367077 3.660215 0.999929 -0.005102 -0.010727 0.389616 0.751424 1 54 1.000000
  54 23.531511 36.063889 2.905586 0.994327 -0.024482 -0.103507 0.426449 0.750208 1 54 1.000000
  52 23.484112 36.420441 2.770571 0.977143 0.143453 -0.156882 0.425735 0.732403 2 52 0.508765 54 0.491235
engineer_handL
  54 23.423004 35.785500 2.282798 0.980593 -0.083419 -0.177420 0.457649 0.749451 1 54 1.000000
  52 23.484112 36.420441 2.770571 0.977143 0.143453 -0.156882 0.425735 0.732403 2 52 0.508765 54 0.491235
  54 23.531511 36.063889 2.905586 0.994327 -0.024482 -0.103507 0.426449 0.750208 1 54 1.000000
engineer_handL
  50 20.529337 31.354540 6.964769 0.016707 -0.447283 0.894236 0.334196 0.983820 1 50 1.000000
  50 20.364088 31.641405 6.997090 -0.198476 0.066385 0.977855 0.325813 0.981327 1 50 1.000000
  50 20.235939 31.431931 6.956697 -0.349599 -0.316660 0.881763 0.331134 0.991080 1 50 1.000000
engineer_handL
  50 20.235939 31.431931 6.956697 -0.349599 -0.316660 0.881763 0.331134 0.991080 1 50 1.000000
  50 20.482645 31.215649 6.854827 -0.049035 -0.809760 0.584709 0.340500 0.984046 1 50 1.000000
  50 20.529337 31.354540 6.964769 0.016707 -0.447283 0.894236 0.334196 0.983820 1 50 1.000000
engineer_handL
  50 20.235939 31.431931 6.956697 -0.349599 -0.316660 0.881763 0.331134 0.991080 1 50 1.000000
  50 20.212225 31.299891 6.831145 -0.502148 -0.700194 0.507519 0.339407 0.991791 1 50 1.000000
  50 20.482645 31.215649 6.854827 -0.049035 -0.809760 0.584709 0.340500 0.984046 1 50 1.000000
engineer_handL
  50 20.482645 31.215649 6.854827 -0.049035 -0.809760 0.584709 0.340500 0.984046 1 50 1.000000
  50 20.212225 31.299891 6.831145 -0.502148 -0.700194 0.507519 0.339407 0.991791 1 50 1.000000
  50 20.227808 31.223198 6.634044 -0.533107 -0.820677 0.205634 0.347043 0.992448 1 50 1.000000
engineer_handL
  50 20.482645 31.215649 6.854827 -0.049035 -0.809760 0.584709 0.340500 0.984046 1 50 1.000000
  50 20.227808 31.223198 6.634044 -0.533107 -0.820677 0.205634 0.347043 0.992448 1 50 1.000000
  50 20.488897 31.130054 6.665474 -0.030422 -0.953271 0.300582 0.346881 0.984273 1 50 1.000000
engineer_handL
  50 20.488897 31.130054 6.665474 -0.030422 -0.953271 0.300582 0.346881 0.984273 1 50 1.000000
  50 20.227808 31.223198 6.634044 -0.533107 -0.820677 0.205634 0.347043 0.992448 1 50 1.000000
  50 20.261713 31.158787 6.389614 -0.473869 -0.878218 -0.064654 0.354292 0.988621 1 50 1.000000
engineer_handL
  50 20.488897 31.130054 6.665474 -0.030422 -0.953271 0.300582 0.346881 0.984273 1 50 1.000000
  50 20.261713 31.158787 6.389614 -0.473869 -0.878218 -0.064654 0.354292 0.988621 1 50 1.000000
  50 20.518122 31.085941 6.436717 -0.006706 -0.999448 0.032537 0.352370 0.981695 1 50 1.000000
engineer_handL
  50 20.518122 31.085941 6.436717 -0.006706 -0.999448 0.032537 0.352370 0.981695 1 50 1.000000
  50 20.261713 31.158787 6.389614 -0.473869 -0.878218 -0.064654 0.354292 0.988621 1 50 1.000000
  50 20.339033 31.178112 6.207066 -0.294285 -0.758943 -0.580863 0.361742 0.984689 1 50 1.000000
engineer_handL
  50 20.518122 31.085941 6.436717 -0.006706 -0.999448 0.032537 0.352370 0.981695 1 50 1.000000
  50 20.339033 31.178112 6.207066 -0.294285 -0.758943 -0.580863 0.361742 0.984689 1 50 1.000000
  50 20.603975 31.117905 6.267479 0.106236 -0.911850 -0.396540 0.357309 0.979374 1 50 1.000000
engineer_handL
  50 20.481920 31.338432 6.084432 -0.104986 -0.473511 -0.874509 0.364706 0.974572 1 50 1.000000
  50 20.603975 31.117905 6.267479 0.106236 -0.911850 -0.396540 0.357309 0.979374 1 50 1.000000
  50 20.339033 31.178112 6.207066 -0.294285 -0.758943 -0.580863 0.361742 0.984689 1 50 1.000000
engineer_handL
  50 20.481920 31.338432 6.084432 -0.104986 -0.473511 -0.874509 0.364706 0.974572 1 50 1.000000
  50 20.802744 31.263523 6.144548 0.214202 -0.737166 -0.640861 0.358206 0.968207 1 50 1.000000
  50 20.603975 31.117905 6.267479 0.106236 -0.911850 -0.396540 0.357309 0.979374 1 50 1.000000
engineer_handL
  50 20.802744 31.263523 6.144548 0.214202 -0.737166 -0.640861 0.358206 0.968207 1 50 1.000000
  50 20.481920 31.338432 6.084432 -0.104986 -0.473511 -0.874509 0.364706 0.974572 1 50 1.000000
  50 20.690521 31.554949 5.964396 -0.103410 -0.384168 -0.917454 0.367669 0.964456 1 50 1.000000
engineer_handL
  50 20.802744 31.263523 6.144548 0.214202 -0.737166 -0.640861 0.358206 0.968207 1 50 1.000000
  50 20.690521 31.554949 5.964396 -0.103410 -0.384168 -0.917454 0.367669 0.964456 1 50 1.000000
  50 21.085106 31.459269 6.026464 0.271823 -0.692116 -0.668646 0.359104 0.957040 1 50 1.000000
engineer_handL
  50 21.085106 31.459269 6.026464 0.271823 -0.692116 -0.668646 0.359104 0.957040 1 50 1.000000
  50 20.690521 31.554949 5.964396 -0.103410 -0.384168 -0.917454 0.367669 0.964456 1 50 1.000000
  50 20.920126 31.770184 5.857706 -0.119117 -0.336168 -0.934239 0.368251 0.950521 1 50 1.000000
engineer_handL
  50 21.085106 31.459269 6.026464 0.271823 -0.692116 -0.668646 0.359104 0.957040 1 50 1.000000
  50 20.920126 31.770184 5.857706 -0.119117 -0.336168 -0.934239 0.368251 0.950521 1 50 1.000000
  50 21.393471 31.687479 5.905340 0.271823 -0.692116 -0.668646 0.358937 0.942050 2 50 0.822942 48 0.177058
engineer_handL
  50 21.393471 31.687479 5.905340 0.271823 -0.692116 -0.668646 0.358937 0.942050 2 50 0.822942 48 0.177058
  50 20.920126 31.770184 5.857706 -0.119117 -0.336168 -0.934239 0.368251 0.950521 1 50 1.000000
  50 21.180782 32.016689 5.754292 -0.107507 -0.300299 -0.947767 0.368832 0.936586 2 50 0.775390 48 0.224610
engineer_handL
  50 21.393471 31.687479 5.905340 0.271823 -0.692116 -0.668646 0.358937 0.942050 2 50 0.822942 48 0.177058
  50 21.180782 32.016689 5.754292 -0.107507 -0.300299 -0.947767 0.368832 0.936586 2 50 0.775390 48 0.224610
  50 21.719648 31.959543 5.794850 0.304152 -0.641584 -0.704174 0.358770 0.927061 2 50 0.567419 48 0.432581
engineer_handL
  50 21.719648 31.959543 5.794850 0.304152 -0.641584 -0.704174 0.358770 0.927061 2 50 0.567419 48 0.432581
  50 21.180782 32.016689 5.754292 -0.107507 -0.300299 -0.947767 0.368832 0.936586 2 50 0.775390 48 0.224610
  50 21.517311 32.356537 5.609782 -0.107507 -0.300299 -0.947767 0.370127 0.918648 2 50 0.516031 48 0.483969
engineer_handL
  50 20.868114 31.262199 6.199662 0.513047 -0.846815 -0.140312 0.355217 0.967024 1 50 1.000000
  50 21.085106 31.459269 6.026464 0.271823 -0.692116 -0.668646 0.359104 0.957040 1 50 1.000000
  50 21.160601 31.460550 6.130298 0.511831 -0.858111 -0.040912 0.356023 0.956946 1 50 1.000000
engineer_handL
  50 20.868114 31.262199 6.199662 0.513047 -0.846815 -0.140312 0.355217 0.967024 1 50 1.000000
  50 20.802744 31.263523 6.144548 0.214202 -0.737166 -0.640861 0.358206 0.968207 1 50 1.000000
  50 21.085106 31.459269 6.026464 0.271823 -0.692116 -0.668646 0.359104 0.957040 1 50 1.000000
engineer_handL
  50 20.671522 31.129116 6.301035 0.453526 -0.889767 -0.051278 0.354412 0.977102 1 50 1.000000
  50 20.802744 31.263523 6.144548 0.214202 -0.737166 -0.640861 0.358206 0.968207 1 50 1.000000
  50 20.868114 31.262199 6.199662 0.513047 -0.846815 -0.140312 0.355217 0.967024 1 50 1.000000
engineer_handL
  50 20.671522 31.129116 6.301035 0.453526 -0.889767 -0.051278 0.354412 0.977102 1 50 1.000000
  50 20.603975 31.117905 6.267479 0.106236 -0.911850 -0.396540 0.357309 0.979374 1 50 1.000000
  50 20.802744 31.263523 6.144548 0.214202 -0.737166 -0.640861 0.358206 0.968207 1 50 1.000000
engineer_handL
  50 20.594749 31.106878 6.450193 0.425298 -0.890955 0.159124 0.350927 0.978754 1 50 1.000000
  50 20.603975 31.117905 6.267479 0.106236 -0.911850 -0.396540 0.357309 0.979374 1 50 1.000000
  50 20.671522 31.129116 6.301035 0.453526 -0.889767 -0.051278 0.354412 0.977102 1 50 1.000000
engineer_handL
  50 20.594749 31.106878 6.450193 0.425298 -0.890955 0.159124 0.350927 0.978754 1 50 1.000000
  50 20.518122 31.085941 6.436717 -0.006706 -0.999448 0.032537 0.352370 0.981695 1 50 1.000000
  50 20.603975 31.117905 6.267479 0.106236 -0.911850 -0.396540 0.357309 0.979374 1 50 1.000000
engineer_handL
  50 20.568922 31.154291 6.657053 0.462635 -0.832412 0.305057 0.346174 0.981007 1 50 1.000000
  50 20.518122 31.085941 6.436717 -0.006706 -0.999448 0.032537 0.352370 0.981695 1 50 1.000000
  50 20.594749 31.106878 6.450193 0.425298 -0.890955 0.159124 0.350927 0.978754 1 50 1.000000
engineer_handL
  50 20.568922 31.154291 6.657053 0.462635 -0.832412 0.305057 0.346174 0.981007 1 50 1.000000
  50 20.488897 31.130054 6.665474 -0.030422 -0.953271 0.300582 0.346881 0.984273 1 50 1.000000
  50 20.518122 31.085941 6.436717 -0.006706 -0.999448 0.032537 0.352370 0.981695 1 50 1.000000
engineer_handL
  50 20.563061 31.229866 6.836859 0.400089 -0.781154 0.479298 0.340993 0.980467 1 50 1.000000
  50 20.488897 31.130054 6.665474 -0.030422 -0.953271 0.300582 0.346881 0.984273 1 50 1.000000
  50 20.568922 31.154291 6.657053 0.462635 -0.832412 0.305057 0.346174 0.981007 1 50 1.000000
engineer_handL
  50 20.563061 31.229866 6.836859 0.400089 -0.781154 0.479298 0.340993 0.980467 1 50 1.000000
  50 20.482645 31.215649 6.854827 -0.049035 -0.809760 0.584709 0.340500 0.984046 1 50 1.000000
  50 20.488897 31.130054 6.665474 -0.030422 -0.953271 0.300582 0.346881 0.984273 1 50 1.000000
engineer_handL
  50 20.529337 31.354540 6.964769 0.016707 -0.447283 0.894236 0.334196 0.983820 1 50 1.000000
  50 20.482645 31.215649 6.854827 -0.049035 -0.809760 0.584709 0.340500 0.984046 1 50 1.000000
  50 20.563061 31.229866 6.836859 0.400089 -0.781154 0.479298 0.340993 0.980467 1 50 1.000000
engineer_handL
  50 20.529337 31.354540 6.964769 0.016707 -0.447283 0.894236 0.334196 0.983820 1 50 1.000000
  50 20.563061 31.229866 6.836859 0.400089 -0.781154 0.479298 0.340993 0.980467 1 50 1.000000
  50 20.599806 31.339581 6.963701 0.402593 -0.606891 0.685275 0.336620 0.980011 1 50 1.000000
engineer_handL
  50 20.599806 31.339581 6.963701 0.402593 -0.606891 0.685275 0.336620 0.980011 1 50 1.000000
  50 20.725859 31.561205 6.993058 0.158906 -0.192416 0.968362 0.331338 0.972596 1 50 1.000000
  50 20.529337 31.354540 6.964769 0.016707 -0.447283 0.894236 0.334196 0.983820 1 50 1.000000
engineer_handL
  50 20.599806 31.339581 6.963701 0.402593 -0.606891 0.685275 0.336620 0.980011 1 50 1.000000
  50 20.804596 31.523634 6.942635 0.492268 -0.528175 0.691884 0.334124 0.970330 1 50 1.000000
  50 20.725859 31.561205 6.993058 0.158906 -0.192416 0.968362 0.331338 0.972596 1 50 1.000000
engineer_handL
  50 21.007822 31.806034 6.977723 0.249052 -0.158161 0.955488 0.328480 0.961372 1 50 1.000000
  50 20.725859 31.561205 6.993058 0.158906 -0.192416 0.968362 0.331338 0.972596 1 50 1.000000
  50 20.804596 31.523634 6.942635 0.492268 -0.528175 0.691884 0.334124 0.970330 1 50 1.000000
engineer_handL
  50 21.007822 31.806034 6.977723 0.249052 -0.158161 0.955488 0.328480 0.961372 1 50 1.000000
  50 20.804596 31.523634 6.942635 0.492268 -0.528175 0.691884 0.334124 0.970330 1 50 1.000000
  50 21.104782 31.742935 6.895772 0.514318 -0.605917 0.606911 0.331627 0.960649 1 50 1.000000
engineer_handL
  50 21.104782 31.742935 6.895772 0.514318 -0.605917 0.606911 0.331627 0.960649 1 50 1.000000
  50 21.325123 32.057922 6.923922 0.286166 -0.144365 0.947242 0.326906 0.945997 2 50 0.870231 48 0.129769
  50 21.007822 31.806034 6.977723 0.249052 -0.158161 0.955488 0.328480 0.961372 1 50 1.000000
engineer_handL
  50 21.104782 31.742935 6.895772 0.514318 -0.605917 0.606911 0.331627 0.960649 1 50 1.000000
  50 21.411867 31.977722 6.823339 0.579437 -0.527693 0.621122 0.330116 0.945515 2 50 0.888893 48 0.111108
  50 21.325123 32.057922 6.923922 0.286166 -0.144365 0.947242 0.326906 0.945997 2 50 0.870231 48 0.129769
engineer_handL
  50 20.634167 31.346031 6.933020 0.660639 -0.673043 0.332520 0.337119 0.979224 1 50 1.000000
  50 20.804596 31.523634 6.942635 0.492268 -0.528175 0.691884 0.334124 0.970330 1 50 1.000000
  50 20.599806 31.339581 6.963701 0.402593 -0.606891 0.685275 0.336620 0.980011 1 50 1.000000
engineer_handL
  50 20.563061 31.229866 6.836859 0.400089 -0.781154 0.479298 0.340993 0.980467 1 50 1.000000
  50 20.634167 31.346031 6.933020 0.660639 -0.673043 0.332520 0.337119 0.979224 1 50 1.000000
  50 20.599806 31.339581 6.963701 0.402593 -0.606891 0.685275 0.336620 0.980011 1 50 1.000000
engineer_handL
  50 20.563061 31.229866 6.836859 0.400089 -0.781154 0.479298 0.340993 0.980467 1 50 1.000000
  50 20.602325 31.253986 6.817026 0.675143 -0.676386 0.294420 0.341116 0.979604 1 50 1.000000
  50 20.634167 31.346031 6.933020 0.660639 -0.673043 0.332520 0.337119 0.979224 1 50 1.000000
engineer_handL
  50 20.568922 31.154291 6.657053 0.462635 -0.832412 0.305057 0.346174 0.981007 1 50 1.000000
  50 20.602325 31.253986 6.817026 0.675143 -0.676386 0.294420 0.341116 0.979604 1 50 1.000000
  50 20.563061 31.229866 6.836859 0.400089 -0.781154 0.479298 0.340993 0.980467 1 50 1.000000
engineer_handL
  50 20.568922 31.154291 6.657053 0.462635 -0.832412 0.305057 0.346174 0.981007 1 50 1.000000
  50 20.604063 31.179869 6.650613 0.675143 -0.676386 0.294420 0.346086 0.980074 1 50 1.000000
  50 20.602325 31.253986 6.817026 0.675143 -0.676386 0.294420 0.341116 0.979604 1 50 1.000000
engineer_handL
  50 20.568922 31.154291 6.657053 0.462635 -0.832412 0.305057 0.346174 0.981007 1 50 1.000000
  50 20.629311 31.135010 6.454949 0.649051 -0.721306 0.241765 0.350549 0.977870 1 50 1.000000
  50 20.604063 31.179869 6.650613 0.675143 -0.676386 0.294420 0.346086 0.980074 1 50 1.000000
engineer_handL
  50 20.568922 31.154291 6.657053 0.462635 -0.832412 0.305057 0.346174 0.981007 1 50 1.000000
  50 20.594749 31.106878 6.450193 0.425298 -0.890955 0.159124 0.350927 0.978754 1 50 1.000000
  50 20.629311 31.135010 6.454949 0.649051 -0.721306 0.241765 0.350549 0.977870 1 50 1.000000
engineer_handL
  50 20.671522 31.129116 6.301035 0.453526 -0.889767 -0.051278 0.354412 0.977102 1 50 1.000000
  50 20.629311 31.135010 6.454949 0.649051 -0.721306 0.241765 0.350549 0.977870 1 50 1.000000
  50 20.594749 31.106878 6.450193 0.425298 -0.890955 0.159124 0.350927 0.978754 1 50 1.000000
engineer_handL
  50 20.671522 31.129116 6.301035 0.453526 -0.889767 -0.051278 0.354412 0.977102 1 50 1.000000
  50 20.695091 31.148849 6.324588 0.634335 -0.742426 0.215461 0.353649 0.976343 1 50 1.000000
  50 20.629311 31.135010 6.454949 0.649051 -0.721306 0.241765 0.350549 0.977870 1 50 1.000000
engineer_handL
  50 20.868114 31.262199 6.199662 0.513047 -0.846815 -0.140312 0.355217 0.967024 1 50 1.000000
  50 20.695091 31.148849 6.324588 0.634335 -0.742426 0.215461 0.353649 0.976343 1 50 1.000000
  50 20.671522 31.129116 6.301035 0.453526 -0.889767 -0.051278 0.354412 0.977102 1 50 1.000000
engineer_handL
  50 20.868114 31.262199 6.199662 0.513047 -0.846815 -0.140312 0.355217 0.967024 1 50 1.000000
  50 20.876947 31.274103 6.245013 0.577495 -0.766092 0.282139 0.354508 0.967236 1 50 1.000000
  50 20.695091 31.148849 6.324588 0.634335 -0.742426 0.215461 0.353649 0.976343 1 50 1.000000
engineer_handL
  50 21.099703 31.446033 6.240865 0.431023 -0.815515 0.386205 0.355000 0.957982 1 50 1.000000
  50 20.876947 31.274103 6.245013 0.577495 -0.766092 0.282139 0.354508 0.967236 1 50 1.000000
  50 20.868114 31.262199 6.199662 0.513047 -0.846815 -0.140312 0.355217 0.967024 1 50 1.000000
engineer_handL
  50 21.066751 31.454659 6.270578 0.544556 -0.787438 0.288790 0.353978 0.959018 1 50 1.000000
  50 20.876947 31.274103 6.245013 0.577495 -0.766092 0.282139 0.354508 0.967236 1 50 1.000000
  50 21.099703 31.446033 6.240865 0.431023 -0.815515 0.386205 0.355000 0.957982 1 50 1.000000
engineer_handL
  50 21.099703 31.446033 6.240865 0.431023 -0.815515 0.386205 0.355000 0.957982 1 50 1.000000
  50 21.140207 31.533495 6.364876 0.462635 -0.832412 0.305057 0.348578 0.959901 1 50 1.000000
  50 21.066751 31.454659 6.270578 0.544556 -0.787438 0.288790 0.353978 0.959018 1 50 1.000000
engineer_handL
  50 21.105230 31.497189 6.377109 0.712360 -0.684067 0.156826 0.348608 0.961176 1 50 1.000000
  50 21.066751 31.454659 6.270578 0.544556 -0.787438 0.288790 0.353978 0.959018 1 50 1.000000
  50 21.140207 31.533495 6.364876 0.462635 -0.832412 0.305057 0.348578 0.959901 1 50 1.000000
engineer_handL
  50 21.131327 31.565664 6.528226 0.741873 -0.619004 0.257793 0.344370 0.961923 1 50 1.000000
  50 21.105230 31.497189 6.377109 0.712360 -0.684067 0.156826 0.348608 0.961176 1 50 1.000000
  50 21.140207 31.533495 6.364876 0.462635 -0.832412 0.305057 0.348578 0.959901 1 50 1.000000
engineer_handL
  50 20.868011 31.360611 6.594714 0.625410 -0.720659 0.299187 0.345137 0.970040 1 50 1.000000
  50 21.105230 31.497189 6.377109 0.712360 -0.684067 0.156826 0.348608 0.961176 1 50 1.000000
  50 21.131327 31.565664 6.528226 0.741873 -0.619004 0.257793 0.344370 0.961923 1 50 1.000000
engineer_handL
  50 20.868011 31.360611 6.594714 0.625410 -0.720659 0.299187 0.345137 0.970040 1 50 1.000000
  50 21.131327 31.565664 6.528226 0.741873 -0.619004 0.257793 0.344370 0.961923 1 50 1.000000
  50 21.082701 31.594677 6.684844 0.712666 -0.532792 0.456334 0.339341 0.962576 1 50 1.000000
engineer_handL
  50 20.804596 31.523634 6.942635 0.492268 -0.528175 0.691884 0.334124 0.970330 1 50 1.000000
  50 21.040464 31.666702 6.823709 0.424873 -0.871756 0.243977 0.332768 0.961224 1 50 1.000000
  50 21.104782 31.742935 6.895772 0.514318 -0.605917 0.606911 0.331627 0.960649 1 50 1.000000
engineer_handL
  50 20.804596 31.523634 6.942635 0.492268 -0.528175 0.691884 0.334124 0.970330 1 50 1.000000
  50 20.814009 31.502520 6.902222 0.634335 -0.742426 0.215461 0.334793 0.970312 1 50 1.000000
  50 21.040464 31.666702 6.823709 0.424873 -0.871756 0.243977 0.332768 0.961224 1 50 1.000000
engineer_handL
  50 20.634167 31.346031 6.933020 0.660639 -0.673043 0.332520 0.337119 0.979224 1 50 1.000000
  50 20.814009 31.502520 6.902222 0.634335 -0.742426 0.215461 0.334793 0.970312 1 50 1.000000
  50 20.804596 31.523634 6.942635 0.492268 -0.528175 0.691884 0.334124 0.970330 1 50 1.000000
engineer_handL
  50 20.651890 31.357029 6.903482 0.611576 -0.674585 0.413412 0.337617 0.978436 1 50 1.000000
  50 20.814009 31.502520 6.902222 0.634335 -0.742426 0.215461 0.334793 0.970312 1 50 1.000000
  50 20.634167 31.346031 6.933020 0.660639 -0.673043 0.332520 0.337119 0.979224 1 50 1.000000
engineer_handL
  50 20.651890 31.357029 6.903482 0.611576 -0.674585 0.413412 0.337617 0.978436 1 50 1.000000
  50 20.634167 31.346031 6.933020 0.660639 -0.673043 0.332520 0.337119 0.979224 1 50 1.000000
  50 20.602325 31.253986 6.817026 0.675143 -0.676386 0.294420 0.341116 0.979604 1 50 1.000000
engineer_handL
  50 20.651890 31.357029 6.903482 0.611576 -0.674585 0.413412 0.337617 0.978436 1 50 1.000000
  50 20.602325 31.253986 6.817026 0.675143 -0.676386 0.294420 0.341116 0.979604 1 50 1.000000
  50 20.628111 31.275434 6.800030 0.610562 -0.709950 0.350976 0.341238 0.978741 1 50 1.000000
engineer_handL
  50 20.628111 31.275434 6.800030 0.610562 -0.709950 0.350976 0.341238 0.978741 1 50 1.000000
  50 20.602325 31.253986 6.817026 0.675143 -0.676386 0.294420 0.341116 0.979604 1 50 1.000000
  50 20.604063 31.179869 6.650613 0.675143 -0.676386 0.294420 0.346086 0.980074 1 50 1.000000
engineer_handL
  50 20.628111 31.275434 6.800030 0.610562 -0.709950 0.350976 0.341238 0.978741 1 50 1.000000
  50 20.604063 31.179869 6.650613 0.675143 -0.676386 0.294420 0.346086 0.980074 1 50 1.000000
  50 20.624203 31.208553 6.638221 0.625410 -0.720659 0.299187 0.345998 0.979142 1 50 1.000000
engineer_handL
  50 20.624203 31.208553 6.638221 0.625410 -0.720659 0.299187 0.345998 0.979142 1 50 1.000000
  50 20.604063 31.179869 6.650613 0.675143 -0.676386 0.294420 0.346086 0.980074 1 50 1.000000
  50 20.629311 31.135010 6.454949 0.649051 -0.721306 0.241765 0.350549 0.977870 1 50 1.000000
engineer_handL
  50 20.624203 31.208553 6.638221 0.625410 -0.720659 0.299187 0.345998 0.979142 1 50 1.000000
  50 20.629311 31.135010 6.454949 0.649051 -0.721306 0.241765 0.350549 0.977870 1 50 1.000000
  50 20.658249 31.163183 6.455851 0.584105 -0.775381 0.240011 0.350172 0.976987 1 50 1.000000
engineer_handL
  50 20.658249 31.163183 6.455851 0.584105 -0.775381 0.240011 0.350172 0.976987 1 50 1.000000
  50 20.629311 31.135010 6.454949 0.649051 -0.721306 0.241765 0.350549 0.977870 1 50 1.000000
  50 20.695091 31.148849 6.324588 0.634335 -0.742426 0.215461 0.353649 0.976343 1 50 1.000000
engineer_handL
  50 20.658249 31.163183 6.455851 0.584105 -0.775381 0.240011 0.350172 0.976987 1 50 1.000000
  50 20.695091 31.148849 6.324588 0.634335 -0.742426 0.215461 0.353649 0.976343 1 50 1.000000
  50 20.714033 31.173534 6.344711 0.609560 -0.773781 0.172336 0.352887 0.975585 1 50 1.000000
engineer_handL
  50 20.714033 31.173534 6.344711 0.609560 -0.773781 0.172336 0.352887 0.975585 1 50 1.000000
  50 20.695091 31.148849 6.324588 0.634335 -0.742426 0.215461 0.353649 0.976343 1 50 1.000000
  50 20.876947 31.274103 6.245013 0.577495 -0.766092 0.282139 0.354508 0.967236 1 50 1.000000
engineer_handL
  50 20.714033 31.173534 6.344711 0.609560 -0.773781 0.172336 0.352887 0.975585 1 50 1.000000
  50 20.876947 31.274103 6.245013 0.577495 -0.766092 0.282139 0.354508 0.967236 1 50 1.000000
  50 20.871828 31.287066 6.281754 0.634335 -0.742426 0.215461 0.353798 0.967449 1 50 1.000000
engineer_handL
  50 21.066751 31.454659 6.270578 0.544556 -0.787438 0.288790 0.353978 0.959018 1 50 1.000000
  50 20.871828 31.287066 6.281754 0.634335 -0.742426 0.215461 0.353798 0.967449 1 50 1.000000
  50 20.876947 31.274103 6.245013 0.577495 -0.766092 0.282139 0.354508 0.967236 1 50 1.000000
engineer_handL
  50 20.871828 31.287066 6.281754 0.634335 -0.742426 0.215461 0.353798 0.967449 1 50 1.000000
  50 21.066751 31.454659 6.270578 0.544556 -0.787438 0.288790 0.353978 0.959018 1 50 1.000000
  50 21.046350 31.434565 6.308105 0.672235 -0.738418 0.053292 0.351860 0.960735 1 50 1.000000
engineer_handL
  50 21.105230 31.497189 6.377109 0.712360 -0.684067 0.156826 0.348608 0.961176 1 50 1.000000
  50 21.046350 31.434565 6.308105 0.672235 -0.738418 0.053292 0.351860 0.960735 1 50 1.000000
  50 21.066751 31.454659 6.270578 0.544556 -0.787438 0.288790 0.353978 0.959018 1 50 1.000000
engineer_handL
  50 20.875631 31.310221 6.412437 0.634335 -0.742426 0.215461 0.348795 0.968946 1 50 1.000000
  50 21.046350 31.434565 6.308105 0.672235 -0.738418 0.053292 0.351860 0.960735 1 50 1.000000
  50 21.105230 31.497189 6.377109 0.712360 -0.684067 0.156826 0.348608 0.961176 1 50 1.000000
engineer_handL
  50 20.875631 31.310221 6.412437 0.634335 -0.742426 0.215461 0.348795 0.968946 1 50 1.000000
  50 20.722124 31.196547 6.449540 0.514382 -0.826204 0.229778 0.349846 0.975084 1 50 1.000000
  50 20.748905 31.197615 6.370497 0.563115 -0.818374 0.114738 0.351795 0.974219 1 50 1.000000
engineer_handL
  50 20.875631 31.310221 6.412437 0.634335 -0.742426 0.215461 0.348795 0.968946 1 50 1.000000
  50 20.748905 31.197615 6.370497 0.563115 -0.818374 0.114738 0.351795 0.974219 1 50 1.000000
  50 20.870909 31.287645 6.332299 0.625080 -0.774449 0.097488 0.351949 0.968002 1 50 1.000000
engineer_handL
  50 20.875631 31.310221 6.412437 0.634335 -0.742426 0.215461 0.348795 0.968946 1 50 1.000000
  50 20.870909 31.287645 6.332299 0.625080 -0.774449 0.097488 0.351949 0.968002 1 50 1.000000
  50 21.046350 31.434565 6.308105 0.672235 -0.738418 0.053292 0.351860 0.960735 1 50 1.000000
engineer_handL
  50 20.871828 31.287066 6.281754 0.634335 -0.742426 0.215461 0.353798 0.967449 1 50 1.000000
  50 21.046350 31.434565 6.308105 0.672235 -0.738418 0.053292 0.351860 0.960735 1 50 1.000000
  50 20.870909 31.287645 6.332299 0.625080 -0.774449 0.097488 0.351949 0.968002 1 50 1.000000
engineer_handL
  50 20.871828 31.287066 6.281754 0.634335 -0.742426 0.215461 0.353798 0.967449 1 50 1.000000
  50 20.870909 31.287645 6.332299 0.625080 -0.774449 0.097488 0.351949 0.968002 1 50 1.000000
  50 20.748905 31.197615 6.370497 0.563115 -0.818374 0.114738 0.351795 0.974219 1 50 1.000000
engineer_handL
  50 20.871828 31.287066 6.281754 0.634335 -0.742426 0.215461 0.353798 0.967449 1 50 1.000000
  50 20.748905 31.197615 6.370497 0.563115 -0.818374 0.114738 0.351795 0.974219 1 50 1.000000
  50 20.714033 31.173534 6.344711 0.609560 -0.773781 0.172336 0.352887 0.975585 1 50 1.000000
engineer_handL
  50 20.714033 31.173534 6.344711 0.609560 -0.773781 0.172336 0.352887 0.975585 1 50 1.000000
  50 20.748905 31.197615 6.370497 0.563115 -0.818374 0.114738 0.351795 0.974219 1 50 1.000000
  50 20.722124 31.196547 6.449540 0.514382 -0.826204 0.229778 0.349846 0.975084 1 50 1.000000
engineer_handL
  50 20.714033 31.173534 6.344711 0.609560 -0.773781 0.172336 0.352887 0.975585 1 50 1.000000
  50 20.722124 31.196547 6.449540 0.514382 -0.826204 0.229778 0.349846 0.975084 1 50 1.000000
  50 20.658249 31.163183 6.455851 0.584105 -0.775381 0.240011 0.350172 0.976987 1 50 1.000000
engineer_handL
  50 20.868011 31.360611 6.594714 0.625410 -0.720659 0.299187 0.345137 0.970040 1 50 1.000000
  50 20.875631 31.310221 6.412437 0.634335 -0.742426 0.215461 0.348795 0.968946 1 50 1.000000
  50 21.105230 31.497189 6.377109 0.712360 -0.684067 0.156826 0.348608 0.961176 1 50 1.000000
engineer_handL
  50 20.868011 31.360611 6.594714 0.625410 -0.720659 0.299187 0.345137 0.970040 1 50 1.000000
  50 20.722124 31.196547 6.449540 0.514382 -0.826204 0.229778 0.349846 0.975084 1 50 1.000000
  50 20.875631 31.310221 6.412437 0.634335 -0.742426 0.215461 0.348795 0.968946 1 50 1.000000
engineer_handL
  50 20.868011 31.360611 6.594714 0.625410 -0.720659 0.299187 0.345137 0.970040 1 50 1.000000
  50 20.692667 31.232378 6.632202 0.508126 -0.804017 0.308813 0.345797 0.977014 1 50 1.000000
  50 20.722124 31.196547 6.449540 0.514382 -0.826204 0.229778 0.349846 0.975084 1 50 1.000000
engineer_handL
  50 20.658249 31.163183 6.455851 0.584105 -0.775381 0.240011 0.350172 0.976987 1 50 1.000000
  50 20.722124 31.196547 6.449540 0.514382 -0.826204 0.229778 0.349846 0.975084 1 50 1.000000
  50 20.692667 31.232378 6.632202 0.508126 -0.804017 0.308813 0.345797 0.977014 1 50 1.000000
engineer_handL
  50 20.658249 31.163183 6.455851 0.584105 -0.775381 0.240011 0.350172 0.976987 1 50 1.000000
  50 20.692667 31.232378 6.632202 0.508126 -0.804017 0.308813 0.345797 0.977014 1 50 1.000000
  50 20.624203 31.208553 6.638221 0.625410 -0.720659 0.299187 0.345998 0.979142 1 50 1.000000
engineer_handL
  50 20.692667 31.232378 6.632202 0.508126 -0.804017 0.308813 0.345797 0.977014 1 50 1.000000
  50 20.628111 31.275434 6.800030 0.610562 -0.709950 0.350976 0.341238 0.978741 1 50 1.000000
  50 20.624203 31.208553 6.638221 0.625410 -0.720659 0.299187 0.345998 0.979142 1 50 1.000000
engineer_handL
  50 20.692667 31.232378 6.632202 0.508126 -0.804017 0.308813 0.345797 0.977014 1 50 1.000000
  50 20.690334 31.304882 6.783663 0.490827 -0.765624 0.415822 0.341100 0.976431 1 50 1.000000
  50 20.628111 31.275434 6.800030 0.610562 -0.709950 0.350976 0.341238 0.978741 1 50 1.000000
engineer_handL
  50 20.628111 31.275434 6.800030 0.610562 -0.709950 0.350976 0.341238 0.978741 1 50 1.000000
  50 20.690334 31.304882 6.783663 0.490827 -0.765624 0.415822 0.341100 0.976431 1 50 1.000000
  50 20.687653 31.359919 6.879502 0.540790 -0.636364 0.550079 0.338671 0.975751 1 50 1.000000
engineer_handL
  50 20.690334 31.304882 6.783663 0.490827 -0.765624 0.415822 0.341100 0.976431 1 50 1.000000
  50 20.827120 31.465199 6.833058 0.579437 -0.527693 0.621122 0.337629 0.970238 1 50 1.000000
  50 20.687653 31.359919 6.879502 0.540790 -0.636364 0.550079 0.338671 0.975751 1 50 1.000000
engineer_handL
  50 20.808914 31.493845 6.868529 0.643153 -0.652203 0.401230 0.335462 0.970295 1 50 1.000000
  50 20.687653 31.359919 6.879502 0.540790 -0.636364 0.550079 0.338671 0.975751 1 50 1.000000
  50 20.827120 31.465199 6.833058 0.579437 -0.527693 0.621122 0.337629 0.970238 1 50 1.000000
engineer_handL
  50 20.808914 31.493845 6.868529 0.643153 -0.652203 0.401230 0.335462 0.970295 1 50 1.000000
  50 20.827120 31.465199 6.833058 0.579437 -0.527693 0.621122 0.337629 0.970238 1 50 1.000000
  50 21.009077 31.610140 6.785164 0.618082 -0.455738 0.640530 0.335326 0.962942 1 50 1.000000
engineer_handL
  50 20.808914 31.493845 6.868529 0.643153 -0.652203 0.401230 0.335462 0.970295 1 50 1.000000
  50 21.009077 31.610140 6.785164 0.618082 -0.455738 0.640530 0.335326 0.962942 1 50 1.000000
  50 21.005703 31.653700 6.801100 0.551256 -0.704792 0.446525 0.333910 0.961800 1 50 1.000000
engineer_handL
  50 21.005703 31.653700 6.801100 0.551256 -0.704792 0.446525 0.333910 0.961800 1 50 1.000000
  50 21.009077 31.610140 6.785164 0.618082 -0.455738 0.640530 0.335326 0.962942 1 50 1.000000
  50 21.082701 31.594677 6.684844 0.712666 -0.532792 0.456334 0.339341 0.962576 1 50 1.000000
engineer_handL
  50 21.005703 31.653700 6.801100 0.551256 -0.704792 0.446525 0.333910 0.961800 1 50 1.000000
  50 21.082701 31.594677 6.684844 0.712666 -0.532792 0.456334 0.339341 0.962576 1 50 1.000000
  50 21.119276 31.640898 6.675001 0.490827 -0.765624 0.415822 0.339091 0.961203 1 50 1.000000
engineer_handL
  50 21.119276 31.640898 6.675001 0.490827 -0.765624 0.415822 0.339091 0.961203 1 50 1.000000
  50 21.082701 31.594677 6.684844 0.712666 -0.532792 0.456334 0.339341 0.962576 1 50 1.000000
  50 21.131327 31.565664 6.528226 0.741873 -0.619004 0.257793 0.344370 0.961923 1 50 1.000000
engineer_handL
  50 21.119276 31.640898 6.675001 0.490827 -0.765624 0.415822 0.339091 0.961203 1 50 1.000000
  50 21.131327 31.565664 6.528226 0.741873 -0.619004 0.257793 0.344370 0.961923 1 50 1.000000
  50 21.146147 31.600739 6.520648 0.462635 -0.832412 0.305057 0.344245 0.960609 1 50 1.000000
engineer_handL
  50 21.131327 31.565664 6.528226 0.741873 -0.619004 0.257793 0.344370 0.961923 1 50 1.000000
  50 21.140207 31.533495 6.364876 0.462635 -0.832412 0.305057 0.348578 0.959901 1 50 1.000000
  50 21.146147 31.600739 6.520648 0.462635 -0.832412 0.305057 0.344245 0.960609 1 50 1.000000
engineer_handL
  50 21.146147 31.600739 6.520648 0.462635 -0.832412 0.305057 0.344245 0.960609 1 50 1.000000
  50 21.140207 31.533495 6.364876 0.462635 -0.832412 0.305057 0.348578 0.959901 1 50 1.000000
  50 21.181736 31.532299 6.364092 0.179909 -0.905547 0.384210 0.348463 0.959108 1 50 1.000000
engineer_handL
  50 20.868011 31.360611 6.594714 0.625410 -0.720659 0.299187 0.345137 0.970040 1 50 1.000000
  50 21.082701 31.594677 6.684844 0.712666 -0.532792 0.456334 0.339341 0.962576 1 50 1.000000
  50 20.852419 31.418827 6.743896 0.611576 -0.674585 0.413412 0.340724 0.970156 1 50 1.000000
engineer_handL
  50 20.852419 31.418827 6.743896 0.611576 -0.674585 0.413412 0.340724 0.970156 1 50 1.000000
  50 21.082701 31.594677 6.684844 0.712666 -0.532792 0.456334 0.339341 0.962576 1 50 1.000000
  50 21.009077 31.610140 6.785164 0.618082 -0.455738 0.640530 0.335326 0.962942 1 50 1.000000
engineer_handL
  50 20.852419 31.418827 6.743896 0.611576 -0.674585 0.413412 0.340724 0.970156 1 50 1.000000
  50 21.009077 31.610140 6.785164 0.618082 -0.455738 0.640530 0.335326 0.962942 1 50 1.000000
  50 20.827120 31.465199 6.833058 0.579437 -0.527693 0.621122 0.337629 0.970238 1 50 1.000000
engineer_handL
  50 20.690334 31.304882 6.783663 0.490827 -0.765624 0.415822 0.341100 0.976431 1 50 1.000000
  50 20.852419 31.418827 6.743896 0.611576 -0.674585 0.413412 0.340724 0.970156 1 50 1.000000
  50 20.827120 31.465199 6.833058 0.579437 -0.527693 0.621122 0.337629 0.970238 1 50 1.000000
engineer_handL
  50 20.868011 31.360611 6.594714 0.625410 -0.720659 0.299187 0.345137 0.970040 1 50 1.000000
  50 20.852419 31.418827 6.743896 0.611576 -0.674585 0.413412 0.340724 0.970156 1 50 1.000000
  50 20.690334 31.304882 6.783663 0.490827 -0.765624 0.415822 0.341100 0.976431 1 50 1.000000
engineer_handL
  50 20.868011 31.360611 6.594714 0.625410 -0.720659 0.299187 0.345137 0.970040 1 50 1.000000
  50 20.690334 31.304882 6.783663 0.490827 -0.765624 0.415822 0.341100 0.976431 1 50 1.000000
  50 20.692667 31.232378 6.632202 0.508126 -0.804017 0.308813 0.345797 0.977014 1 50 1.000000
engineer_handL
  50 20.628111 31.275434 6.800030 0.610562 -0.709950 0.350976 0.341238 0.978741 1 50 1.000000
  50 20.687653 31.359919 6.879502 0.540790 -0.636364 0.550079 0.338671 0.975751 1 50 1.000000
  50 20.651890 31.357029 6.903482 0.611576 -0.674585 0.413412 0.337617 0.978436 1 50 1.000000
engineer_handL
  50 20.808914 31.493845 6.868529 0.643153 -0.652203 0.401230 0.335462 0.970295 1 50 1.000000
  50 20.651890 31.357029 6.903482 0.611576 -0.674585 0.413412 0.337617 0.978436 1 50 1.000000
  50 20.687653 31.359919 6.879502 0.540790 -0.636364 0.550079 0.338671 0.975751 1 50 1.000000
engineer_handL
  50 20.651890 31.357029 6.903482 0.611576 -0.674585 0.413412 0.337617 0.978436 1 50 1.000000
  50 20.808914 31.493845 6.868529 0.643153 -0.652203 0.401230 0.335462 0.970295 1 50 1.000000
  50 20.814009 31.502520 6.902222 0.634335 -0.742426 0.215461 0.334793 0.970312 1 50 1.000000
engineer_handL
  50 21.005703 31.653700 6.801100 0.551256 -0.704792 0.446525 0.333910 0.961800 1 50 1.000000
  50 20.814009 31.502520 6.902222 0.634335 -0.742426 0.215461 0.334793 0.970312 1 50 1.000000
  50 20.808914 31.493845 6.868529 0.643153 -0.652203 0.401230 0.335462 0.970295 1 50 1.000000
engineer_handL
  50 21.005703 31.653700 6.801100 0.551256 -0.704792 0.446525 0.333910 0.961800 1 50 1.000000
  50 21.040464 31.666702 6.823709 0.424873 -0.871756 0.243977 0.332768 0.961224 1 50 1.000000
  50 20.814009 31.502520 6.902222 0.634335 -0.742426 0.215461 0.334793 0.970312 1 50 1.000000
engineer_handL
  50 21.119276 31.640898 6.675001 0.490827 -0.765624 0.415822 0.339091 0.961203 1 50 1.000000
  50 21.040464 31.666702 6.823709 0.424873 -0.871756 0.243977 0.332768 0.961224 1 50 1.000000
  50 21.005703 31.653700 6.801100 0.551256 -0.704792 0.446525 0.333910 0.961800 1 50 1.000000
engineer_handL
  50 21.119276 31.640898 6.675001 0.490827 -0.765624 0.415822 0.339091 0.961203 1 50 1.000000
  50 21.168068 31.643305 6.682440 0.153641 -0.933849 0.322988 0.339040 0.960461 1 50 1.000000
  50 21.040464 31.666702 6.823709 0.424873 -0.871756 0.243977 0.332768 0.961224 1 50 1.000000
engineer_handL
  50 21.146147 31.600739 6.520648 0.462635 -0.832412 0.305057 0.344245 0.960609 1 50 1.000000
  50 21.168068 31.643305 6.682440 0.153641 -0.933849 0.322988 0.339040 0.960461 1 50 1.000000
  50 21.119276 31.640898 6.675001 0.490827 -0.765624 0.415822 0.339091 0.961203 1 50 1.000000
engineer_handL
  50 21.146147 31.600739 6.520648 0.462635 -0.832412 0.305057 0.344245 0.960609 1 50 1.000000
  50 21.193373 31.597075 6.522587 0.090114 -0.940658 0.327172 0.344173 0.959841 1 50 1.000000
  50 21.168068 31.643305 6.682440 0.153641 -0.933849 0.322988 0.339040 0.960461 1 50 1.000000
engineer_handL
  50 21.146147 31.600739 6.520648 0.462635 -0.832412 0.305057 0.344245 0.960609 1 50 1.000000
  50 21.181736 31.532299 6.364092 0.179909 -0.905547 0.384210 0.348463 0.959108 1 50 1.000000
  50 21.193373 31.597075 6.522587 0.090114 -0.940658 0.327172 0.344173 0.959841 1 50 1.000000
engineer_handL
  50 21.193373 31.597075 6.522587 0.090114 -0.940658 0.327172 0.344173 0.959841 1 50 1.000000
  50 21.181736 31.532299 6.364092 0.179909 -0.905547 0.384210 0.348463 0.959108 1 50 1.000000
  50 21.273249 31.557964 6.359106 0.514382 -0.826204 0.229778 0.348348 0.958316 1 50 1.000000
engineer_handL
  58 20.794405 31.896669 4.101355 -0.606793 0.264868 -0.749431 0.692752 0.932624 1 58 1.000000
  58 20.545708 31.839769 4.372429 -0.772694 0.488871 -0.404908 0.700305 0.942383 1 58 1.000000
  58 20.709839 32.092297 4.441119 -0.767444 0.586206 -0.259600 0.704915 0.932430 1 58 1.000000
engineer_handL
  58 20.794405 31.896669 4.101355 -0.606793 0.264868 -0.749431 0.692752 0.932624 1 58 1.000000
  58 20.611700 31.715170 4.181273 -0.597427 0.186624 -0.779905 0.694236 0.942353 1 58 1.000000
  58 20.545708 31.839769 4.372429 -0.772694 0.488871 -0.404908 0.700305 0.942383 1 58 1.000000
engineer_handL
  58 20.493227 31.556818 4.277073 -0.691843 0.054934 -0.719956 0.695858 0.949341 1 58 1.000000
  58 20.545708 31.839769 4.372429 -0.772694 0.488871 -0.404908 0.700305 0.942383 1 58 1.000000
  58 20.611700 31.715170 4.181273 -0.597427 0.186624 -0.779905 0.694236 0.942353 1 58 1.000000
engineer_handL
  58 20.493227 31.556818 4.277073 -0.691843 0.054934 -0.719956 0.695858 0.949341 1 58 1.000000
  58 20.413834 31.642504 4.428454 -0.866829 0.325772 -0.377466 0.700710 0.949776 1 58 1.000000
  58 20.545708 31.839769 4.372429 -0.772694 0.488871 -0.404908 0.700305 0.942383 1 58 1.000000
engineer_handL
  58 20.413834 31.642504 4.428454 -0.866829 0.325772 -0.377466 0.700710 0.949776 1 58 1.000000
  58 20.493227 31.556818 4.277073 -0.691843 0.054934 -0.719956 0.695858 0.949341 1 58 1.000000
  58 20.383430 31.402939 4.378928 -0.793889 -0.208972 -0.571027 0.697752 0.957498 1 58 1.000000
engineer_handL
  58 20.413834 31.642504 4.428454 -0.866829 0.325772 -0.377466 0.700710 0.949776 1 58 1.000000
  58 20.383430 31.402939 4.378928 -0.793889 -0.208972 -0.571027 0.697752 0.957498 1 58 1.000000
  58 20.328459 31.423775 4.514927 -0.965714 -0.179102 -0.187934 0.701182 0.958406 1 58 1.000000
engineer_handL
  58 20.388998 31.706369 4.580709 -0.897641 0.422836 -0.124299 0.705541 0.950349 1 58 1.000000
  58 20.413834 31.642504 4.428454 -0.866829 0.325772 -0.377466 0.700710 0.949776 1 58 1.000000
  58 20.328459 31.423775 4.514927 -0.965714 -0.179102 -0.187934 0.701182 0.958406 1 58 1.000000
engineer_handL
  58 20.388998 31.706369 4.580709 -0.897641 0.422836 -0.124299 0.705541 0.950349 1 58 1.000000
  58 20.328459 31.423775 4.514927 -0.965714 -0.179102 -0.187934 0.701182 0.958406 1 58 1.000000
  58 20.324924 31.483274 4.676446 -0.992895 -0.088857 0.079142 0.705765 0.959620 1 58 1.000000
engineer_handL
  58 20.356762 31.549683 4.834578 -0.951158 0.031866 0.307057 0.709706 0.959059 1 58 1.000000
  58 20.388998 31.706369 4.580709 -0.897641 0.422836 -0.124299 0.705541 0.950349 1 58 1.000000
  58 20.324924 31.483274 4.676446 -0.992895 -0.088857 0.079142 0.705765 0.959620 1 58 1.000000
engineer_handL
  58 20.356762 31.549683 4.834578 -0.951158 0.031866 0.307057 0.709706 0.959059 1 58 1.000000
  58 20.426958 31.778862 4.731945 -0.880749 0.467937 0.072912 0.709632 0.950382 1 58 1.000000
  58 20.388998 31.706369 4.580709 -0.897641 0.422836 -0.124299 0.705541 0.950349 1 58 1.000000
engineer_handL
  58 20.423496 31.622869 4.957310 -0.771191 0.168839 0.613806 0.713647 0.958498 1 58 1.000000
  58 20.426958 31.778862 4.731945 -0.880749 0.467937 0.072912 0.709632 0.950382 1 58 1.000000
  58 20.356762 31.549683 4.834578 -0.951158 0.031866 0.307057 0.709706 0.959059 1 58 1.000000
engineer_handL
  58 20.423496 31.622869 4.957310 -0.771191 0.168839 0.613806 0.713647 0.958498 1 58 1.000000
  58 20.502050 31.813822 4.941644 -0.634921 0.462631 0.618747 0.715205 0.950606 1 58 1.000000
  58 20.426958 31.778862 4.731945 -0.880749 0.467937 0.072912 0.709632 0.950382 1 58 1.000000
engineer_handL
  58 20.502050 31.813822 4.941644 -0.634921 0.462631 0.618747 0.715205 0.950606 1 58 1.000000
  58 20.556093 31.944588 4.671962 -0.775976 0.630670 -0.010764 0.709568 0.942950 1 58 1.000000
  58 20.426958 31.778862 4.731945 -0.880749 0.467937 0.072912 0.709632 0.950382 1 58 1.000000
engineer_handL
  58 20.426958 31.778862 4.731945 -0.880749 0.467937 0.072912 0.709632 0.950382 1 58 1.000000
  58 20.556093 31.944588 4.671962 -0.775976 0.630670 -0.010764 0.709568 0.942950 1 58 1.000000
  58 20.535759 31.895615 4.523206 -0.786712 0.593181 -0.170943 0.705350 0.942408 1 58 1.000000
engineer_handL
  58 20.556093 31.944588 4.671962 -0.775976 0.630670 -0.010764 0.709568 0.942950 1 58 1.000000
  58 20.709839 32.092297 4.441119 -0.767444 0.586206 -0.259600 0.704915 0.932430 1 58 1.000000
  58 20.535759 31.895615 4.523206 -0.786712 0.593181 -0.170943 0.705350 0.942408 1 58 1.000000
engineer_handL
  58 20.709839 32.092297 4.441119 -0.767444 0.586206 -0.259600 0.704915 0.932430 1 58 1.000000
  58 20.545708 31.839769 4.372429 -0.772694 0.488871 -0.404908 0.700305 0.942383 1 58 1.000000
  58 20.535759 31.895615 4.523206 -0.786712 0.593181 -0.170943 0.705350 0.942408 1 58 1.000000
engineer_handL
  58 20.545708 31.839769 4.372429 -0.772694 0.488871 -0.404908 0.700305 0.942383 1 58 1.000000
  58 20.388998 31.706369 4.580709 -0.897641 0.422836 -0.124299 0.705541 0.950349 1 58 1.000000
  58 20.535759 31.895615 4.523206 -0.786712 0.593181 -0.170943 0.705350 0.942408 1 58 1.000000
engineer_handL
  58 20.545708 31.839769 4.372429 -0.772694 0.488871 -0.404908 0.700305 0.942383 1 58 1.000000
  58 20.413834 31.642504 4.428454 -0.866829 0.325772 -0.377466 0.700710 0.949776 1 58 1.000000
  58 20.388998 31.706369 4.580709 -0.897641 0.422836 -0.124299 0.705541 0.950349 1 58 1.000000
engineer_handL
  58 20.426958 31.778862 4.731945 -0.880749 0.467937 0.072912 0.709632 0.950382 1 58 1.000000
  58 20.535759 31.895615 4.523206 -0.786712 0.593181 -0.170943 0.705350 0.942408 1 58 1.000000
  58 20.388998 31.706369 4.580709 -0.897641 0.422836 -0.124299 0.705541 0.950349 1 58 1.000000
engineer_handL
  58 21.368431 32.532047 3.834033 -0.683858 0.234217 -0.691000 0.689319 0.900558 2 58 0.592243 56 0.407757
  58 21.608643 32.475319 3.699627 -0.248081 -0.197139 -0.948468 0.683568 0.898140 2 58 0.516213 56 0.483787
  58 21.299263 32.052917 3.856668 -0.248081 -0.197139 -0.948468 0.685598 0.917065 2 58 0.837096 56 0.162905
engineer_handL
  58 21.368431 32.532047 3.834033 -0.683858 0.234217 -0.691000 0.689319 0.900558 2 58 0.592243 56 0.407757
  58 21.299263 32.052917 3.856668 -0.248081 -0.197139 -0.948468 0.685598 0.917065 2 58 0.837096 56 0.162905
  58 21.043774 32.164528 3.988976 -0.636349 0.269027 -0.722969 0.690826 0.920000 1 58 1.000000
engineer_handL
  58 21.043774 32.164528 3.988976 -0.636349 0.269027 -0.722969 0.690826 0.920000 1 58 1.000000
  58 21.299263 32.052917 3.856668 -0.248081 -0.197139 -0.948468 0.685598 0.917065 2 58 0.837096 56 0.162905
  58 21.048033 31.794540 3.985223 -0.248081 -0.197139 -0.948468 0.688043 0.930398 1 58 1.000000
engineer_handL
  58 21.043774 32.164528 3.988976 -0.636349 0.269027 -0.722969 0.690826 0.920000 1 58 1.000000
  58 21.048033 31.794540 3.985223 -0.248081 -0.197139 -0.948468 0.688043 0.930398 1 58 1.000000
  58 20.794405 31.896669 4.101355 -0.606793 0.264868 -0.749431 0.692752 0.932624 1 58 1.000000
engineer_handL
  58 20.794405 31.896669 4.101355 -0.606793 0.264868 -0.749431 0.692752 0.932624 1 58 1.000000
  58 21.048033 31.794540 3.985223 -0.248081 -0.197139 -0.948468 0.688043 0.930398 1 58 1.000000
  58 20.841890 31.606346 4.086932 -0.261162 -0.258685 -0.929988 0.689928 0.940674 1 58 1.000000
engineer_handL
  58 20.794405 31.896669 4.101355 -0.606793 0.264868 -0.749431 0.692752 0.932624 1 58 1.000000
  58 20.841890 31.606346 4.086932 -0.261162 -0.258685 -0.929988 0.689928 0.940674 1 58 1.000000
  58 20.611700 31.715170 4.181273 -0.597427 0.186624 -0.779905 0.694236 0.942353 1 58 1.000000
engineer_handL
  58 20.611700 31.715170 4.181273 -0.597427 0.186624 -0.779905 0.694236 0.942353 1 58 1.000000
  58 20.841890 31.606346 4.086932 -0.261162 -0.258685 -0.929988 0.689928 0.940674 1 58 1.000000
  58 20.684189 31.455946 4.180572 -0.309671 -0.347190 -0.885191 0.692499 0.948608 1 58 1.000000
engineer_handL
  58 20.611700 31.715170 4.181273 -0.597427 0.186624 -0.779905 0.694236 0.942353 1 58 1.000000
  58 20.684189 31.455946 4.180572 -0.309671 -0.347190 -0.885191 0.692499 0.948608 1 58 1.000000
  58 20.493227 31.556818 4.277073 -0.691843 0.054934 -0.719956 0.695858 0.949341 1 58 1.000000
engineer_handL
  58 20.493227 31.556818 4.277073 -0.691843 0.054934 -0.719956 0.695858 0.949341 1 58 1.000000
  58 20.684189 31.455946 4.180572 -0.309671 -0.347190 -0.885191 0.692499 0.948608 1 58 1.000000
  58 20.497143 31.265553 4.343472 -0.500942 -0.649202 -0.572358 0.695501 0.957871 1 58 1.000000
engineer_handL
  58 20.493227 31.556818 4.277073 -0.691843 0.054934 -0.719956 0.695858 0.949341 1 58 1.000000
  58 20.497143 31.265553 4.343472 -0.500942 -0.649202 -0.572358 0.695501 0.957871 1 58 1.000000
  58 20.383430 31.402939 4.378928 -0.793889 -0.208972 -0.571027 0.697752 0.957498 1 58 1.000000
engineer_handL
  58 20.383430 31.402939 4.378928 -0.793889 -0.208972 -0.571027 0.697752 0.957498 1 58 1.000000
  58 20.497143 31.265553 4.343472 -0.500942 -0.649202 -0.572358 0.695501 0.957871 1 58 1.000000
  58 20.446814 31.248932 4.543913 -0.611938 -0.790457 -0.026628 0.700298 0.960348 1 58 1.000000
engineer_handL
  58 20.383430 31.402939 4.378928 -0.793889 -0.208972 -0.571027 0.697752 0.957498 1 58 1.000000
  58 20.446814 31.248932 4.543913 -0.611938 -0.790457 -0.026628 0.700298 0.960348 1 58 1.000000
  58 20.328459 31.423775 4.514927 -0.965714 -0.179102 -0.187934 0.701182 0.958406 1 58 1.000000
engineer_handL
  58 20.328459 31.423775 4.514927 -0.965714 -0.179102 -0.187934 0.701182 0.958406 1 58 1.000000
  58 20.446814 31.248932 4.543913 -0.611938 -0.790457 -0.026628 0.700298 0.960348 1 58 1.000000
  58 20.435329 31.286264 4.728772 -0.639915 -0.718147 0.273447 0.705714 0.963144 1 58 1.000000
engineer_handL
  58 20.328459 31.423775 4.514927 -0.965714 -0.179102 -0.187934 0.701182 0.958406 1 58 1.000000
  58 20.435329 31.286264 4.728772 -0.639915 -0.718147 0.273447 0.705714 0.963144 1 58 1.000000
  58 20.324924 31.483274 4.676446 -0.992895 -0.088857 0.079142 0.705765 0.959620 1 58 1.000000
engineer_handL
  58 20.447765 31.374352 4.900645 -0.616799 -0.571485 0.541262 0.710540 0.962033 1 58 1.000000
  58 20.324924 31.483274 4.676446 -0.992895 -0.088857 0.079142 0.705765 0.959620 1 58 1.000000
  58 20.435329 31.286264 4.728772 -0.639915 -0.718147 0.273447 0.705714 0.963144 1 58 1.000000
engineer_handL
  58 20.447765 31.374352 4.900645 -0.616799 -0.571485 0.541262 0.710540 0.962033 1 58 1.000000
  58 20.356762 31.549683 4.834578 -0.951158 0.031866 0.307057 0.709706 0.959059 1 58 1.000000
  58 20.324924 31.483274 4.676446 -0.992895 -0.088857 0.079142 0.705765 0.959620 1 58 1.000000
engineer_handL
  58 20.356762 31.549683 4.834578 -0.951158 0.031866 0.307057 0.709706 0.959059 1 58 1.000000
  58 20.447765 31.374352 4.900645 -0.616799 -0.571485 0.541262 0.710540 0.962033 1 58 1.000000
  58 20.496639 31.495913 5.036644 -0.427325 -0.142282 0.892832 0.716371 0.960690 1 58 1.000000
engineer_handL
  58 20.356762 31.549683 4.834578 -0.951158 0.031866 0.307057 0.709706 0.959059 1 58 1.000000
  58 20.496639 31.495913 5.036644 -0.427325 -0.142282 0.892832 0.716371 0.960690 1 58 1.000000
  58 20.423496 31.622869 4.957310 -0.771191 0.168839 0.613806 0.713647 0.958498 1 58 1.000000
engineer_handL
  42 21.056835 32.651630 7.874606 0.776059 -0.621766 0.105541 0.225072 0.952202 1 42 1.000000
  42 20.804392 32.442886 8.059640 0.577495 -0.766092 0.282139 0.217985 0.965217 1 42 1.000000
  42 20.840635 32.403019 7.863311 0.625080 -0.774449 0.097488 0.225043 0.964327 1 42 1.000000
engineer_handL
  42 20.757624 32.584896 8.335403 0.449724 -0.487125 0.748638 0.208218 0.960472 1 42 1.000000
  42 20.987604 32.744270 8.218781 0.703600 -0.480129 0.523854 0.212071 0.949987 1 42 1.000000
  42 20.933634 32.802238 8.312338 0.573204 -0.313206 0.757191 0.207773 0.948633 1 42 1.000000
engineer_handL
  42 20.757624 32.584896 8.335403 0.449724 -0.487125 0.748638 0.208218 0.960472 1 42 1.000000
  42 20.772467 32.500935 8.243924 0.528387 -0.674580 0.515508 0.211612 0.962121 1 42 1.000000
  42 20.987604 32.744270 8.218781 0.703600 -0.480129 0.523854 0.212071 0.949987 1 42 1.000000
engineer_handL
  42 20.772467 32.500935 8.243924 0.528387 -0.674580 0.515508 0.211612 0.962121 1 42 1.000000
  42 21.035894 32.685345 8.042789 0.753954 -0.593989 0.280589 0.219236 0.952245 1 42 1.000000
  42 20.987604 32.744270 8.218781 0.703600 -0.480129 0.523854 0.212071 0.949987 1 42 1.000000
engineer_handL
  42 20.772467 32.500935 8.243924 0.528387 -0.674580 0.515508 0.211612 0.962121 1 42 1.000000
  42 20.804392 32.442886 8.059640 0.577495 -0.766092 0.282139 0.217985 0.965217 1 42 1.000000
  42 21.035894 32.685345 8.042789 0.753954 -0.593989 0.280589 0.219236 0.952245 1 42 1.000000
engineer_handL
  42 21.056835 32.651630 7.874606 0.776059 -0.621766 0.105541 0.225072 0.952202 1 42 1.000000
  42 21.035894 32.685345 8.042789 0.753954 -0.593989 0.280589 0.219236 0.952245 1 42 1.000000
  42 20.804392 32.442886 8.059640 0.577495 -0.766092 0.282139 0.217985 0.965217 1 42 1.000000
engineer_handL
  42 21.201412 32.850311 7.871545 0.876843 -0.478301 0.048719 0.226260 0.940036 1 42 1.000000
  42 21.035894 32.685345 8.042789 0.753954 -0.593989 0.280589 0.219236 0.952245 1 42 1.000000
  42 21.056835 32.651630 7.874606 0.776059 -0.621766 0.105541 0.225072 0.952202 1 42 1.000000
engineer_handL
  42 21.056835 32.651630 7.874606 0.776059 -0.621766 0.105541 0.225072 0.952202 1 42 1.000000
  42 21.166414 32.813091 7.725097 0.848837 -0.486458 -0.206963 0.234187 0.940568 1 42 1.000000
  42 21.201412 32.850311 7.871545 0.876843 -0.478301 0.048719 0.226260 0.940036 1 42 1.000000
engineer_handL
  42 21.056835 32.651630 7.874606 0.776059 -0.621766 0.105541 0.225072 0.952202 1 42 1.000000
  42 21.038664 32.630634 7.704097 0.759674 -0.606959 -0.233442 0.231472 0.952154 1 42 1.000000
  42 21.166414 32.813091 7.725097 0.848837 -0.486458 -0.206963 0.234187 0.940568 1 42 1.000000
engineer_handL
  42 21.056835 32.651630 7.874606 0.776059 -0.621766 0.105541 0.225072 0.952202 1 42 1.000000
  42 20.862137 32.434441 7.727171 0.657578 -0.730200 -0.185469 0.228748 0.963860 1 42 1.000000
  42 21.038664 32.630634 7.704097 0.759674 -0.606959 -0.233442 0.231472 0.952154 1 42 1.000000
engineer_handL
  42 21.056835 32.651630 7.874606 0.776059 -0.621766 0.105541 0.225072 0.952202 1 42 1.000000
  42 20.840635 32.403019 7.863311 0.625080 -0.774449 0.097488 0.225043 0.964327 1 42 1.000000
  42 20.862137 32.434441 7.727171 0.657578 -0.730200 -0.185469 0.228748 0.963860 1 42 1.000000
engineer_handL
  42 20.777895 32.369465 7.848957 0.683153 -0.716631 0.140503 0.225080 0.965955 1 42 1.000000
  42 20.862137 32.434441 7.727171 0.657578 -0.730200 -0.185469 0.228748 0.963860 1 42 1.000000
  42 20.840635 32.403019 7.863311 0.625080 -0.774449 0.097488 0.225043 0.964327 1 42 1.000000
engineer_handL
  42 20.738911 32.404694 8.057933 0.625410 -0.720659 0.299187 0.217814 0.966989 1 42 1.000000
  42 20.777895 32.369465 7.848957 0.683153 -0.716631 0.140503 0.225080 0.965955 1 42 1.000000
  42 20.840635 32.403019 7.863311 0.625080 -0.774449 0.097488 0.225043 0.964327 1 42 1.000000
engineer_handL
  42 20.718040 32.379768 8.063140 0.625410 -0.720659 0.299187 0.217728 0.967875 1 42 1.000000
  42 20.777895 32.369465 7.848957 0.683153 -0.716631 0.140503 0.225080 0.965955 1 42 1.000000
  42 20.738911 32.404694 8.057933 0.625410 -0.720659 0.299187 0.217814 0.966989 1 42 1.000000
engineer_handL
  42 20.718040 32.379768 8.063140 0.625410 -0.720659 0.299187 0.217728 0.967875 1 42 1.000000
  42 20.738911 32.404694 8.057933 0.625410 -0.720659 0.299187 0.217814 0.966989 1 42 1.000000
  42 20.710415 32.470341 8.239216 0.576942 -0.669552 0.467801 0.211486 0.963669 1 42 1.000000
engineer_handL
  42 20.718040 32.379768 8.063140 0.625410 -0.720659 0.299187 0.217728 0.967875 1 42 1.000000
  42 20.710415 32.470341 8.239216 0.576942 -0.669552 0.467801 0.211486 0.963669 1 42 1.000000
  42 20.690432 32.450974 8.247784 0.630556 -0.638174 0.441738 0.211423 0.964443 1 42 1.000000
engineer_handL
  42 20.699955 32.571545 8.368940 0.700271 -0.565363 0.435873 0.206669 0.961828 1 42 1.000000
  42 20.690432 32.450974 8.247784 0.630556 -0.638174 0.441738 0.211423 0.964443 1 42 1.000000
  42 20.710415 32.470341 8.239216 0.576942 -0.669552 0.467801 0.211486 0.963669 1 42 1.000000
engineer_handL
  42 20.699955 32.571545 8.368940 0.700271 -0.565363 0.435873 0.206669 0.961828 1 42 1.000000
  42 20.710415 32.470341 8.239216 0.576942 -0.669552 0.467801 0.211486 0.963669 1 42 1.000000
  42 20.714584 32.580879 8.347241 0.616608 -0.527842 0.584103 0.207185 0.961376 1 42 1.000000
engineer_handL
  42 20.893200 32.839417 8.374545 0.743150 -0.637193 0.204238 0.205854 0.948028 1 42 1.000000
  42 20.699955 32.571545 8.368940 0.700271 -0.565363 0.435873 0.206669 0.961828 1 42 1.000000
  42 20.714584 32.580879 8.347241 0.616608 -0.527842 0.584103 0.207185 0.961376 1 42 1.000000
engineer_handL
  42 20.738911 32.404694 8.057933 0.625410 -0.720659 0.299187 0.217814 0.966989 1 42 1.000000
  42 20.840635 32.403019 7.863311 0.625080 -0.774449 0.097488 0.225043 0.964327 1 42 1.000000
  42 20.804392 32.442886 8.059640 0.577495 -0.766092 0.282139 0.217985 0.965217 1 42 1.000000
engineer_handL
  42 20.710415 32.470341 8.239216 0.576942 -0.669552 0.467801 0.211486 0.963669 1 42 1.000000
  42 20.738911 32.404694 8.057933 0.625410 -0.720659 0.299187 0.217814 0.966989 1 42 1.000000
  42 20.804392 32.442886 8.059640 0.577495 -0.766092 0.282139 0.217985 0.965217 1 42 1.000000
engineer_handL
  42 20.710415 32.470341 8.239216 0.576942 -0.669552 0.467801 0.211486 0.963669 1 42 1.000000
  42 20.804392 32.442886 8.059640 0.577495 -0.766092 0.282139 0.217985 0.965217 1 42 1.000000
  42 20.772467 32.500935 8.243924 0.528387 -0.674580 0.515508 0.211612 0.962121 1 42 1.000000
engineer_handL
  42 20.714584 32.580879 8.347241 0.616608 -0.527842 0.584103 0.207185 0.961376 1 42 1.000000
  42 20.710415 32.470341 8.239216 0.576942 -0.669552 0.467801 0.211486 0.963669 1 42 1.000000
  42 20.772467 32.500935 8.243924 0.528387 -0.674580 0.515508 0.211612 0.962121 1 42 1.000000
engineer_handL
  42 20.714584 32.580879 8.347241 0.616608 -0.527842 0.584103 0.207185 0.961376 1 42 1.000000
  42 20.772467 32.500935 8.243924 0.528387 -0.674580 0.515508 0.211612 0.962121 1 42 1.000000
  42 20.757624 32.584896 8.335403 0.449724 -0.487125 0.748638 0.208218 0.960472 1 42 1.000000
engineer_handL
  42 20.890055 32.839344 8.348439 0.719874 -0.499598 0.481854 0.206494 0.948230 1 42 1.000000
  42 20.714584 32.580879 8.347241 0.616608 -0.527842 0.584103 0.207185 0.961376 1 42 1.000000
  42 20.757624 32.584896 8.335403 0.449724 -0.487125 0.748638 0.208218 0.960472 1 42 1.000000
engineer_handL
  42 20.890055 32.839344 8.348439 0.719874 -0.499598 0.481854 0.206494 0.948230 1 42 1.000000
  42 20.757624 32.584896 8.335403 0.449724 -0.487125 0.748638 0.208218 0.960472 1 42 1.000000
  42 20.933634 32.802238 8.312338 0.573204 -0.313206 0.757191 0.207773 0.948633 1 42 1.000000
engineer_handL
  42 20.890055 32.839344 8.348439 0.719874 -0.499598 0.481854 0.206494 0.948230 1 42 1.000000
  42 20.933634 32.802238 8.312338 0.573204 -0.313206 0.757191 0.207773 0.948633 1 42 1.000000
  42 21.072353 32.975956 8.257595 0.660117 -0.196136 0.725105 0.207668 0.937855 1 42 1.000000
engineer_handL
  42 20.987604 32.744270 8.218781 0.703600 -0.480129 0.523854 0.212071 0.949987 1 42 1.000000
  42 21.072353 32.975956 8.257595 0.660117 -0.196136 0.725105 0.207668 0.937855 1 42 1.000000
  42 20.933634 32.802238 8.312338 0.573204 -0.313206 0.757191 0.207773 0.948633 1 42 1.000000
engineer_handL
  42 20.987604 32.744270 8.218781 0.703600 -0.480129 0.523854 0.212071 0.949987 1 42 1.000000
  42 21.131233 32.948219 8.180128 0.764483 -0.339693 0.547882 0.213252 0.938637 1 42 1.000000
  42 21.072353 32.975956 8.257595 0.660117 -0.196136 0.725105 0.207668 0.937855 1 42 1.000000
engineer_handL
  42 21.131233 32.948219 8.180128 0.764483 -0.339693 0.547882 0.213252 0.938637 1 42 1.000000
  42 20.987604 32.744270 8.218781 0.703600 -0.480129 0.523854 0.212071 0.949987 1 42 1.000000
  42 21.035894 32.685345 8.042789 0.753954 -0.593989 0.280589 0.219236 0.952245 1 42 1.000000
engineer_handL
  42 21.131233 32.948219 8.180128 0.764483 -0.339693 0.547882 0.213252 0.938637 1 42 1.000000
  42 21.035894 32.685345 8.042789 0.753954 -0.593989 0.280589 0.219236 0.952245 1 42 1.000000
  42 21.193352 32.897350 8.019287 0.836384 -0.453347 0.308121 0.220451 0.939646 1 42 1.000000
engineer_handL
  42 21.201412 32.850311 7.871545 0.876843 -0.478301 0.048719 0.226260 0.940036 1 42 1.000000
  42 21.193352 32.897350 8.019287 0.836384 -0.453347 0.308121 0.220451 0.939646 1 42 1.000000
  42 21.035894 32.685345 8.042789 0.753954 -0.593989 0.280589 0.219236 0.952245 1 42 1.000000
engineer_handL
  42 21.224564 32.910801 7.863748 0.609560 -0.773781 0.172336 0.226543 0.938203 1 42 1.000000
  42 21.193352 32.897350 8.019287 0.836384 -0.453347 0.308121 0.220451 0.939646 1 42 1.000000
  42 21.201412 32.850311 7.871545 0.876843 -0.478301 0.048719 0.226260 0.940036 1 42 1.000000
engineer_handL
  42 21.224564 32.910801 7.863748 0.609560 -0.773781 0.172336 0.226543 0.938203 1 42 1.000000
  42 21.201412 32.850311 7.871545 0.876843 -0.478301 0.048719 0.226260 0.940036 1 42 1.000000
  42 21.166414 32.813091 7.725097 0.848837 -0.486458 -0.206963 0.234187 0.940568 1 42 1.000000
engineer_handL
  42 21.224564 32.910801 7.863748 0.609560 -0.773781 0.172336 0.226543 0.938203 1 42 1.000000
  42 21.166414 32.813091 7.725097 0.848837 -0.486458 -0.206963 0.234187 0.940568 1 42 1.000000
  42 21.167284 32.836536 7.687537 0.733335 -0.679438 0.024165 0.235651 0.939021 1 42 1.000000
engineer_handL
  42 21.167284 32.836536 7.687537 0.733335 -0.679438 0.024165 0.235651 0.939021 1 42 1.000000
  42 21.166414 32.813091 7.725097 0.848837 -0.486458 -0.206963 0.234187 0.940568 1 42 1.000000
  42 21.038664 32.630634 7.704097 0.759674 -0.606959 -0.233442 0.231472 0.952154 1 42 1.000000
engineer_handL
  42 21.167284 32.836536 7.687537 0.733335 -0.679438 0.024165 0.235651 0.939021 1 42 1.000000
  42 21.038664 32.630634 7.704097 0.759674 -0.606959 -0.233442 0.231472 0.952154 1 42 1.000000
  42 21.011414 32.635078 7.663275 0.774524 -0.629709 -0.059818 0.232530 0.952146 1 42 1.000000
engineer_handL
  66 21.248367 31.774273 2.701993 0.652306 -0.523186 0.548427 0.560956 0.931099 1 66 1.000000
  66 21.077059 31.607000 2.735361 0.483602 -0.612094 0.625675 0.566179 0.939632 1 66 1.000000
  66 21.257792 31.752459 2.679542 0.618081 -0.455738 0.640530 0.561799 0.930546 1 66 1.000000
engineer_handL
  66 21.399342 31.844072 2.588432 0.762767 -0.278028 0.583854 0.558715 0.922476 1 66 1.000000
  66 21.248367 31.774273 2.701993 0.652306 -0.523186 0.548427 0.560956 0.931099 1 66 1.000000
  66 21.257792 31.752459 2.679542 0.618081 -0.455738 0.640530 0.561799 0.930546 1 66 1.000000
engineer_handL
  66 21.399342 31.844072 2.588432 0.762767 -0.278028 0.583854 0.558715 0.922476 1 66 1.000000
  66 21.257792 31.752459 2.679542 0.618081 -0.455738 0.640530 0.561799 0.930546 1 66 1.000000
  66 21.293627 31.689312 2.581242 0.678862 -0.597187 0.427216 0.564273 0.928922 1 66 1.000000
engineer_handL
  66 21.077059 31.607000 2.735361 0.483602 -0.612094 0.625675 0.566179 0.939632 1 66 1.000000
  66 21.293627 31.689312 2.581242 0.678862 -0.597187 0.427216 0.564273 0.928922 1 66 1.000000
  66 21.257792 31.752459 2.679542 0.618081 -0.455738 0.640530 0.561799 0.930546 1 66 1.000000
engineer_handL
  66 21.077059 31.607000 2.735361 0.483602 -0.612094 0.625675 0.566179 0.939632 1 66 1.000000
  66 21.079681 31.535530 2.660975 0.400089 -0.781155 0.479298 0.567595 0.937917 1 66 1.000000
  66 21.293627 31.689312 2.581242 0.678862 -0.597187 0.427216 0.564273 0.928922 1 66 1.000000
engineer_handL
  66 21.293627 31.689312 2.581242 0.678862 -0.597187 0.427216 0.564273 0.928922 1 66 1.000000
  66 21.079681 31.535530 2.660975 0.400089 -0.781155 0.479298 0.567595 0.937917 1 66 1.000000
  66 21.073854 31.474909 2.515424 0.371770 -0.892174 0.256540 0.571010 0.936021 1 66 1.000000
engineer_handL
  66 21.079681 31.535530 2.660975 0.400089 -0.781155 0.479298 0.567595 0.937917 1 66 1.000000
  66 21.003889 31.465294 2.529373 0.609204 -0.765508 0.207046 0.571622 0.938029 1 66 1.000000
  66 21.073854 31.474909 2.515424 0.371770 -0.892174 0.256540 0.571010 0.936021 1 66 1.000000
engineer_handL
  66 21.079681 31.535530 2.660975 0.400089 -0.781155 0.479298 0.567595 0.937917 1 66 1.000000
  66 21.009947 31.542698 2.674434 0.610562 -0.709950 0.350976 0.568445 0.940220 1 66 1.000000
  66 21.003889 31.465294 2.529373 0.609204 -0.765508 0.207046 0.571622 0.938029 1 66 1.000000
engineer_handL
  66 21.077059 31.607000 2.735361 0.483602 -0.612094 0.625675 0.566179 0.939632 1 66 1.000000
  66 21.009947 31.542698 2.674434 0.610562 -0.709950 0.350976 0.568445 0.940220 1 66 1.000000
  66 21.079681 31.535530 2.660975 0.400089 -0.781155 0.479298 0.567595 0.937917 1 66 1.000000
engineer_handL
  66 21.077059 31.607000 2.735361 0.483602 -0.612094 0.625675 0.566179 0.939632 1 66 1.000000
  66 21.039186 31.598057 2.761318 0.629449 -0.602734 0.490414 0.566324 0.941684 1 66 1.000000
  66 21.009947 31.542698 2.674434 0.610562 -0.709950 0.350976 0.568445 0.940220 1 66 1.000000
engineer_handL
  66 21.248367 31.774273 2.701993 0.652306 -0.523186 0.548427 0.560956 0.931099 1 66 1.000000
  66 21.039186 31.598057 2.761318 0.629449 -0.602734 0.490414 0.566324 0.941684 1 66 1.000000
  66 21.077059 31.607000 2.735361 0.483602 -0.612094 0.625675 0.566179 0.939632 1 66 1.000000
engineer_handL
  66 21.229179 31.791248 2.736076 0.638498 -0.674204 0.371174 0.559316 0.932175 1 66 1.000000
  66 21.039186 31.598057 2.761318 0.629449 -0.602734 0.490414 0.566324 0.941684 1 66 1.000000
  66 21.248367 31.774273 2.701993 0.652306 -0.523186 0.548427 0.560956 0.931099 1 66 1.000000
engineer_handL
  66 21.410042 31.882412 2.585555 0.680388 -0.538146 0.497465 0.557337 0.921654 1 66 1.000000
  66 21.229179 31.791248 2.736076 0.638498 -0.674204 0.371174 0.559316 0.932175 1 66 1.000000
  66 21.248367 31.774273 2.701993 0.652306 -0.523186 0.548427 0.560956 0.931099 1 66 1.000000
engineer_handL
  66 21.399342 31.844072 2.588432 0.762767 -0.278028 0.583854 0.558715 0.922476 1 66 1.000000
  66 21.410042 31.882412 2.585555 0.680388 -0.538146 0.497465 0.557337 0.921654 1 66 1.000000
  66 21.248367 31.774273 2.701993 0.652306 -0.523186 0.548427 0.560956 0.931099 1 66 1.000000
engineer_handL
  66 21.410042 31.882412 2.585555 0.680388 -0.538146 0.497465 0.557337 0.921654 1 66 1.000000
  66 21.399342 31.844072 2.588432 0.762767 -0.278028 0.583854 0.558715 0.922476 1 66 1.000000
  66 21.444935 31.811022 2.490411 0.866509 -0.342826 0.362812 0.561718 0.921850 1 66 1.000000
engineer_handL
  66 21.399342 31.844072 2.588432 0.762767 -0.278028 0.583854 0.558715 0.922476 1 66 1.000000
  66 21.293627 31.689312 2.581242 0.678862 -0.597187 0.427216 0.564273 0.928922 1 66 1.000000
  66 21.444935 31.811022 2.490411 0.866509 -0.342826 0.362812 0.561718 0.921850 1 66 1.000000
engineer_handL
  66 21.444935 31.811022 2.490411 0.866509 -0.342826 0.362812 0.561718 0.921850 1 66 1.000000
  66 21.293627 31.689312 2.581242 0.678862 -0.597187 0.427216 0.564273 0.928922 1 66 1.000000
  66 21.304085 31.628746 2.438686 0.660827 -0.729012 0.178465 0.568085 0.926421 1 66 1.000000
engineer_handL
  66 21.293627 31.689312 2.581242 0.678862 -0.597187 0.427216 0.564273 0.928922 1 66 1.000000
  66 21.073854 31.474909 2.515424 0.371770 -0.892174 0.256540 0.571010 0.936021 1 66 1.000000
  66 21.304085 31.628746 2.438686 0.660827 -0.729012 0.178465 0.568085 0.926421 1 66 1.000000
engineer_handL
  66 21.060949 31.442453 2.351698 0.384249 -0.922795 0.028318 0.574393 0.934792 1 66 1.000000
  66 21.304085 31.628746 2.438686 0.660827 -0.729012 0.178465 0.568085 0.926421 1 66 1.000000
  66 21.073854 31.474909 2.515424 0.371770 -0.892174 0.256540 0.571010 0.936021 1 66 1.000000
engineer_handL
  66 21.003889 31.465294 2.529373 0.609204 -0.765508 0.207046 0.571622 0.938029 1 66 1.000000
  66 21.060949 31.442453 2.351698 0.384249 -0.922795 0.028318 0.574393 0.934792 1 66 1.000000
  66 21.073854 31.474909 2.515424 0.371770 -0.892174 0.256540 0.571010 0.936021 1 66 1.000000
engineer_handL
  66 21.003889 31.465294 2.529373 0.609204 -0.765508 0.207046 0.571622 0.938029 1 66 1.000000
  66 20.991608 31.436687 2.347837 0.592172 -0.801154 0.086510 0.574897 0.937256 1 66 1.000000
  66 21.060949 31.442453 2.351698 0.384249 -0.922795 0.028318 0.574393 0.934792 1 66 1.000000
engineer_handL
  66 20.991608 31.436687 2.347837 0.592172 -0.801154 0.086510 0.574897 0.937256 1 66 1.000000
  66 21.053926 31.446850 2.254612 0.441634 -0.870609 -0.216793 0.575864 0.935108 1 66 1.000000
  66 21.060949 31.442453 2.351698 0.384249 -0.922795 0.028318 0.574393 0.934792 1 66 1.000000
engineer_handL
  66 21.053926 31.446850 2.254612 0.441634 -0.870609 -0.216793 0.575864 0.935108 1 66 1.000000
  66 21.277576 31.602900 2.296456 0.639236 -0.764838 -0.080005 0.572573 0.925898 1 66 1.000000
  66 21.060949 31.442453 2.351698 0.384249 -0.922795 0.028318 0.574393 0.934792 1 66 1.000000
engineer_handL
  66 21.053926 31.446850 2.254612 0.441634 -0.870609 -0.216793 0.575864 0.935108 1 66 1.000000
  66 21.242189 31.601278 2.216558 0.561565 -0.739208 -0.371775 0.574407 0.925684 1 66 1.000000
  66 21.277576 31.602900 2.296456 0.639236 -0.764838 -0.080005 0.572573 0.925898 1 66 1.000000
engineer_handL
  66 21.060949 31.442453 2.351698 0.384249 -0.922795 0.028318 0.574393 0.934792 1 66 1.000000
  66 21.277576 31.602900 2.296456 0.639236 -0.764838 -0.080005 0.572573 0.925898 1 66 1.000000
  66 21.304085 31.628746 2.438686 0.660827 -0.729012 0.178465 0.568085 0.926421 1 66 1.000000
engineer_handL
  66 21.410042 31.882412 2.585555 0.680388 -0.538146 0.497465 0.557337 0.921654 1 66 1.000000
  66 21.457642 31.922644 2.625262 0.534400 -0.772347 0.343361 0.555149 0.920298 1 66 1.000000
  66 21.229179 31.791248 2.736076 0.638498 -0.674204 0.371174 0.559316 0.932175 1 66 1.000000
engineer_handL
  66 21.752092 32.222141 2.628148 0.618081 -0.455738 0.640530 0.547257 0.904310 2 66 0.722452 64 0.277548
  66 21.510435 32.015167 2.690217 0.579436 -0.527693 0.621122 0.552030 0.918093 1 66 1.000000
  66 21.569681 31.909582 2.447028 0.660639 -0.673043 0.332520 0.559792 0.915141 1 66 1.000000
engineer_handL
  66 21.569681 31.909582 2.447028 0.660639 -0.673043 0.332520 0.559792 0.915141 1 66 1.000000
  66 21.510435 32.015167 2.690217 0.579436 -0.527693 0.621122 0.552030 0.918093 1 66 1.000000
  66 21.457642 31.922644 2.625262 0.534400 -0.772347 0.343361 0.555149 0.920298 1 66 1.000000
engineer_handL
  66 21.457642 31.922644 2.625262 0.534400 -0.772347 0.343361 0.555149 0.920298 1 66 1.000000
  66 21.510435 32.015167 2.690217 0.579436 -0.527693 0.621122 0.552030 0.918093 1 66 1.000000
  66 21.241684 31.801661 2.794923 0.519085 -0.451594 0.725681 0.557353 0.933463 1 66 1.000000
engineer_handL
  66 21.457642 31.922644 2.625262 0.534400 -0.772347 0.343361 0.555149 0.920298 1 66 1.000000
  66 21.241684 31.801661 2.794923 0.519085 -0.451594 0.725681 0.557353 0.933463 1 66 1.000000
  66 21.229179 31.791248 2.736076 0.638498 -0.674204 0.371174 0.559316 0.932175 1 66 1.000000
engineer_handL
  66 21.241684 31.801661 2.794923 0.519085 -0.451594 0.725681 0.557353 0.933463 1 66 1.000000
  66 21.015371 31.577971 2.793315 0.678862 -0.597187 0.427216 0.566111 0.944201 1 66 1.000000
  66 21.229179 31.791248 2.736076 0.638498 -0.674204 0.371174 0.559316 0.932175 1 66 1.000000
engineer_handL
  66 21.229179 31.791248 2.736076 0.638498 -0.674204 0.371174 0.559316 0.932175 1 66 1.000000
  66 21.015371 31.577971 2.793315 0.678862 -0.597187 0.427216 0.566111 0.944201 1 66 1.000000
  66 21.039186 31.598057 2.761318 0.629449 -0.602734 0.490414 0.566324 0.941684 1 66 1.000000
engineer_handL
  66 21.039186 31.598057 2.761318 0.629449 -0.602734 0.490414 0.566324 0.941684 1 66 1.000000
  66 21.015371 31.577971 2.793315 0.678862 -0.597187 0.427216 0.566111 0.944201 1 66 1.000000
  66 20.996458 31.501842 2.702176 0.718204 -0.613860 0.327657 0.568846 0.942621 1 66 1.000000
engineer_handL
  66 21.039186 31.598057 2.761318 0.629449 -0.602734 0.490414 0.566324 0.941684 1 66 1.000000
  66 20.996458 31.501842 2.702176 0.718204 -0.613860 0.327657 0.568846 0.942621 1 66 1.000000
  66 21.009947 31.542698 2.674434 0.610562 -0.709950 0.350976 0.568445 0.940220 1 66 1.000000
engineer_handL
  66 21.009947 31.542698 2.674434 0.610562 -0.709950 0.350976 0.568445 0.940220 1 66 1.000000
  66 20.996458 31.501842 2.702176 0.718204 -0.613860 0.327657 0.568846 0.942621 1 66 1.000000
  66 20.990765 31.439465 2.541386 0.736517 -0.656511 0.162900 0.572396 0.940570 1 66 1.000000
engineer_handL
  66 21.009947 31.542698 2.674434 0.610562 -0.709950 0.350976 0.568445 0.940220 1 66 1.000000
  66 20.990765 31.439465 2.541386 0.736517 -0.656511 0.162900 0.572396 0.940570 1 66 1.000000
  66 21.003889 31.465294 2.529373 0.609204 -0.765508 0.207046 0.571622 0.938029 1 66 1.000000
engineer_handL
  66 20.975340 31.398277 2.360455 0.672234 -0.738418 0.053292 0.575599 0.939638 1 66 1.000000
  66 21.003889 31.465294 2.529373 0.609204 -0.765508 0.207046 0.571622 0.938029 1 66 1.000000
  66 20.990765 31.439465 2.541386 0.736517 -0.656511 0.162900 0.572396 0.940570 1 66 1.000000
engineer_handL
  66 20.975340 31.398277 2.360455 0.672234 -0.738418 0.053292 0.575599 0.939638 1 66 1.000000
  66 20.991608 31.436687 2.347837 0.592172 -0.801154 0.086510 0.574897 0.937256 1 66 1.000000
  66 21.003889 31.465294 2.529373 0.609204 -0.765508 0.207046 0.571622 0.938029 1 66 1.000000
engineer_handL
  66 20.975340 31.398277 2.360455 0.672234 -0.738418 0.053292 0.575599 0.939638 1 66 1.000000
  66 21.008373 31.429869 2.233184 0.642687 -0.766036 0.011935 0.577002 0.936760 1 66 1.000000
  66 20.991608 31.436687 2.347837 0.592172 -0.801154 0.086510 0.574897 0.937256 1 66 1.000000
engineer_handL
  66 20.991608 31.436687 2.347837 0.592172 -0.801154 0.086510 0.574897 0.937256 1 66 1.000000
  66 21.008373 31.429869 2.233184 0.642687 -0.766036 0.011935 0.577002 0.936760 1 66 1.000000
  66 21.053926 31.446850 2.254612 0.441634 -0.870609 -0.216793 0.575864 0.935108 1 66 1.000000
engineer_handL
  66 21.053926 31.446850 2.254612 0.441634 -0.870609 -0.216793 0.575864 0.935108 1 66 1.000000
  66 21.008373 31.429869 2.233184 0.642687 -0.766036 0.011935 0.577002 0.936760 1 66 1.000000
  66 21.205599 31.608065 2.170287 0.642687 -0.766036 0.011935 0.575544 0.925552 1 66 1.000000
engineer_handL
  66 21.053926 31.446850 2.254612 0.441634 -0.870609 -0.216793 0.575864 0.935108 1 66 1.000000
  66 21.205599 31.608065 2.170287 0.642687 -0.766036 0.011935 0.575544 0.925552 1 66 1.000000
  66 21.242189 31.601278 2.216558 0.561565 -0.739208 -0.371775 0.574407 0.925684 1 66 1.000000
engineer_handL
  66 21.205599 31.608065 2.170287 0.642687 -0.766036 0.011935 0.575544 0.925552 1 66 1.000000
  66 21.378069 31.713234 2.213013 0.673862 -0.646536 -0.357633 0.572791 0.919016 1 66 1.000000
  66 21.242189 31.601278 2.216558 0.561565 -0.739208 -0.371775 0.574407 0.925684 1 66 1.000000
engineer_handL
  66 21.378069 31.713234 2.213013 0.673862 -0.646536 -0.357633 0.572791 0.919016 1 66 1.000000
  66 21.277576 31.602900 2.296456 0.639236 -0.764838 -0.080005 0.572573 0.925898 1 66 1.000000
  66 21.242189 31.601278 2.216558 0.561565 -0.739208 -0.371775 0.574407 0.925684 1 66 1.000000
engineer_handL
  66 20.975340 31.398277 2.360455 0.672234 -0.738418 0.053292 0.575599 0.939638 1 66 1.000000
  66 20.984001 31.390575 2.216126 0.625079 -0.774449 0.097488 0.578803 0.938705 1 66 1.000000
  66 21.008373 31.429869 2.233184 0.642687 -0.766036 0.011935 0.577002 0.936760 1 66 1.000000
engineer_handL
  66 20.984001 31.390575 2.216126 0.625079 -0.774449 0.097488 0.578803 0.938705 1 66 1.000000
  66 20.887506 31.363991 2.384578 0.140385 -0.989447 0.035870 0.577885 0.943412 1 66 1.000000
  66 20.910393 31.385668 2.165421 0.246190 -0.937125 -0.247360 0.581608 0.942023 1 66 1.000000
engineer_handL
  66 20.984001 31.390575 2.216126 0.625079 -0.774449 0.097488 0.578803 0.938705 1 66 1.000000
  66 20.975340 31.398277 2.360455 0.672234 -0.738418 0.053292 0.575599 0.939638 1 66 1.000000
  66 20.887506 31.363991 2.384578 0.140385 -0.989447 0.035870 0.577885 0.943412 1 66 1.000000
engineer_handL
  66 20.887506 31.363991 2.384578 0.140385 -0.989447 0.035870 0.577885 0.943412 1 66 1.000000
  66 20.975340 31.398277 2.360455 0.672234 -0.738418 0.053292 0.575599 0.939638 1 66 1.000000
  66 20.990765 31.439465 2.541386 0.736517 -0.656511 0.162900 0.572396 0.940570 1 66 1.000000
engineer_handL
  66 20.887506 31.363991 2.384578 0.140385 -0.989447 0.035870 0.577885 0.943412 1 66 1.000000
  66 20.990765 31.439465 2.541386 0.736517 -0.656511 0.162900 0.572396 0.940570 1 66 1.000000
  66 20.898918 31.393209 2.569547 0.225593 -0.935506 0.271911 0.573734 0.944960 1 66 1.000000
engineer_handL
  66 20.996458 31.501842 2.702176 0.718204 -0.613860 0.327657 0.568846 0.942621 1 66 1.000000
  66 20.898918 31.393209 2.569547 0.225593 -0.935506 0.271911 0.573734 0.944960 1 66 1.000000
  66 20.990765 31.439465 2.541386 0.736517 -0.656511 0.162900 0.572396 0.940570 1 66 1.000000
engineer_handL
  66 20.996458 31.501842 2.702176 0.718204 -0.613860 0.327657 0.568846 0.942621 1 66 1.000000
  66 20.912073 31.488121 2.755910 0.250390 -0.794459 0.553298 0.568641 0.946500 1 66 1.000000
  66 20.898918 31.393209 2.569547 0.225593 -0.935506 0.271911 0.573734 0.944960 1 66 1.000000
engineer_handL
  66 21.015371 31.577971 2.793315 0.678862 -0.597187 0.427216 0.566111 0.944201 1 66 1.000000
  66 20.912073 31.488121 2.755910 0.250390 -0.794459 0.553298 0.568641 0.946500 1 66 1.000000
  66 20.996458 31.501842 2.702176 0.718204 -0.613860 0.327657 0.568846 0.942621 1 66 1.000000
engineer_handL
  66 21.100777 31.559008 2.031352 0.178756 -0.646473 -0.741700 0.583628 0.924820 1 66 1.000000
  66 21.189680 31.552639 2.095793 0.475900 -0.810601 -0.341241 0.580141 0.925016 1 66 1.000000
  66 20.910393 31.385668 2.165421 0.246190 -0.937125 -0.247360 0.581608 0.942023 1 66 1.000000
engineer_handL
  66 21.100777 31.559008 2.031352 0.178756 -0.646473 -0.741700 0.583628 0.924820 1 66 1.000000
  66 20.910393 31.385668 2.165421 0.246190 -0.937125 -0.247360 0.581608 0.942023 1 66 1.000000
  66 20.810888 31.394278 2.138925 -0.100131 -0.872257 -0.478687 0.585216 0.944056 1 66 1.000000
engineer_handL
  66 20.763758 31.377672 2.376965 -0.266609 -0.963735 -0.011601 0.580195 0.945922 1 66 1.000000
  66 20.810888 31.394278 2.138925 -0.100131 -0.872257 -0.478687 0.585216 0.944056 1 66 1.000000
  66 20.910393 31.385668 2.165421 0.246190 -0.937125 -0.247360 0.581608 0.942023 1 66 1.000000
engineer_handL
  66 20.763758 31.377672 2.376965 -0.266609 -0.963735 -0.011601 0.580195 0.945922 1 66 1.000000
  66 20.910393 31.385668 2.165421 0.246190 -0.937125 -0.247360 0.581608 0.942023 1 66 1.000000
  66 20.887506 31.363991 2.384578 0.140385 -0.989447 0.035870 0.577885 0.943412 1 66 1.000000
engineer_handL
  66 20.761808 31.391443 2.572768 -0.240913 -0.931818 0.271432 0.575175 0.947788 1 66 1.000000
  66 20.763758 31.377672 2.376965 -0.266609 -0.963735 -0.011601 0.580195 0.945922 1 66 1.000000
  66 20.887506 31.363991 2.384578 0.140385 -0.989447 0.035870 0.577885 0.943412 1 66 1.000000
engineer_handL
  66 20.761808 31.391443 2.572768 -0.240913 -0.931818 0.271432 0.575175 0.947788 1 66 1.000000
  66 20.887506 31.363991 2.384578 0.140385 -0.989447 0.035870 0.577885 0.943412 1 66 1.000000
  66 20.898918 31.393209 2.569547 0.225593 -0.935506 0.271911 0.573734 0.944960 1 66 1.000000
engineer_handL
  66 20.786797 31.489985 2.772766 -0.148558 -0.780698 0.606993 0.569497 0.949908 1 66 1.000000
  66 20.761808 31.391443 2.572768 -0.240913 -0.931818 0.271432 0.575175 0.947788 1 66 1.000000
  66 20.898918 31.393209 2.569547 0.225593 -0.935506 0.271911 0.573734 0.944960 1 66 1.000000
engineer_handL
  66 20.786797 31.489985 2.772766 -0.148558 -0.780698 0.606993 0.569497 0.949908 1 66 1.000000
  66 20.898918 31.393209 2.569547 0.225593 -0.935506 0.271911 0.573734 0.944960 1 66 1.000000
  66 20.912073 31.488121 2.755910 0.250390 -0.794459 0.553298 0.568641 0.946500 1 66 1.000000
engineer_handL
  66 20.786797 31.489985 2.772766 -0.148558 -0.780698 0.606993 0.569497 0.949908 1 66 1.000000
  66 20.912073 31.488121 2.755910 0.250390 -0.794459 0.553298 0.568641 0.946500 1 66 1.000000
  66 20.946283 31.592939 2.841509 0.372957 -0.572776 0.729953 0.565751 0.947374 1 66 1.000000
engineer_handL
  66 21.015371 31.577971 2.793315 0.678862 -0.597187 0.427216 0.566111 0.944201 1 66 1.000000
  66 20.946283 31.592939 2.841509 0.372957 -0.572776 0.729953 0.565751 0.947374 1 66 1.000000
  66 20.912073 31.488121 2.755910 0.250390 -0.794459 0.553298 0.568641 0.946500 1 66 1.000000
engineer_handL
  66 21.241684 31.801661 2.794923 0.519085 -0.451594 0.725681 0.557353 0.933463 1 66 1.000000
  66 20.946283 31.592939 2.841509 0.372957 -0.572776 0.729953 0.565751 0.947374 1 66 1.000000
  66 21.015371 31.577971 2.793315 0.678862 -0.597187 0.427216 0.566111 0.944201 1 66 1.000000
engineer_handL
  66 20.946283 31.592939 2.841509 0.372957 -0.572776 0.729953 0.565751 0.947374 1 66 1.000000
  66 21.241684 31.801661 2.794923 0.519085 -0.451594 0.725681 0.557353 0.933463 1 66 1.000000
  66 21.143621 31.877583 2.833562 0.252378 -0.033336 0.967054 0.553953 0.934818 1 66 1.000000
engineer_handL
  66 21.241684 31.801661 2.794923 0.519085 -0.451594 0.725681 0.557353 0.933463 1 66 1.000000
  66 21.434835 32.104939 2.747561 0.331053 -0.025107 0.943278 0.548382 0.919208 1 66 1.000000
  66 21.143621 31.877583 2.833562 0.252378 -0.033336 0.967054 0.553953 0.934818 1 66 1.000000
engineer_handL
  66 21.241684 31.801661 2.794923 0.519085 -0.451594 0.725681 0.557353 0.933463 1 66 1.000000
  66 21.510435 32.015167 2.690217 0.579436 -0.527693 0.621122 0.552030 0.918093 1 66 1.000000
  66 21.434835 32.104939 2.747561 0.331053 -0.025107 0.943278 0.548382 0.919208 1 66 1.000000
engineer_handL
  66 21.510435 32.015167 2.690217 0.579436 -0.527693 0.621122 0.552030 0.918093 1 66 1.000000
  66 21.690804 32.301544 2.681958 0.339561 -0.068917 0.938056 0.543387 0.905211 2 66 0.723829 64 0.276171
  66 21.434835 32.104939 2.747561 0.331053 -0.025107 0.943278 0.548382 0.919208 1 66 1.000000
engineer_handL
  66 21.510435 32.015167 2.690217 0.579436 -0.527693 0.621122 0.552030 0.918093 1 66 1.000000
  66 21.752092 32.222141 2.628148 0.618081 -0.455738 0.640530 0.547257 0.904310 2 66 0.722452 64 0.277548
  66 21.690804 32.301544 2.681958 0.339561 -0.068917 0.938056 0.543387 0.905211 2 66 0.723829 64 0.276171
engineer_handL
  66 21.752092 32.222141 2.628148 0.618081 -0.455738 0.640530 0.547257 0.904310 2 66 0.722452 64 0.277548
  66 21.918980 32.525295 2.617814 0.374664 -0.074513 0.924162 0.539079 0.891488 2 66 0.568568 64 0.431432
  66 21.690804 32.301544 2.681958 0.339561 -0.068917 0.938056 0.543387 0.905211 2 66 0.723829 64 0.276171
engineer_handL
  66 20.786797 31.489985 2.772766 -0.148558 -0.780698 0.606993 0.569497 0.949908 1 66 1.000000
  66 20.946283 31.592939 2.841509 0.372957 -0.572776 0.729953 0.565751 0.947374 1 66 1.000000
  66 20.834970 31.632246 2.892420 0.065217 -0.385342 0.920466 0.564557 0.951752 1 66 1.000000
engineer_handL
  66 20.946283 31.592939 2.841509 0.372957 -0.572776 0.729953 0.565751 0.947374 1 66 1.000000
  66 21.143621 31.877583 2.833562 0.252378 -0.033336 0.967054 0.553953 0.934818 1 66 1.000000
  66 20.834970 31.632246 2.892420 0.065217 -0.385342 0.920466 0.564557 0.951752 1 66 1.000000
engineer_handL
  66 21.835258 32.241627 1.708126 0.329437 -0.575023 -0.748879 0.573923 0.884138 2 66 0.562518 64 0.437482
  64 21.562725 32.569859 1.555317 -0.248081 -0.197139 -0.948468 0.583936 0.873547 2 64 0.515571 66 0.484429
  64 22.056702 32.531094 1.602074 0.333293 -0.510803 -0.792462 0.569149 0.867387 2 64 0.598382 66 0.401618
engineer_handL
  66 21.835258 32.241627 1.708126 0.329437 -0.575023 -0.748879 0.573923 0.884138 2 66 0.562518 64 0.437482
  66 21.376152 32.287289 1.655117 -0.248081 -0.197139 -0.948468 0.587244 0.891123 2 66 0.643887 64 0.356113
  64 21.562725 32.569859 1.555317 -0.248081 -0.197139 -0.948468 0.583936 0.873547 2 64 0.515571 66 0.484429
engineer_handL
  66 21.376152 32.287289 1.655117 -0.248081 -0.197139 -0.948468 0.587244 0.891123 2 66 0.643887 64 0.356113
  66 21.835258 32.241627 1.708126 0.329437 -0.575023 -0.748879 0.573923 0.884138 2 66 0.562518 64 0.437482
  66 21.615612 31.999630 1.812614 0.304152 -0.641584 -0.704174 0.577856 0.899098 2 66 0.693308 64 0.306693
engineer_handL
  66 21.376152 32.287289 1.655117 -0.248081 -0.197139 -0.948468 0.587244 0.891123 2 66 0.643887 64 0.356113
  66 21.615612 31.999630 1.812614 0.304152 -0.641584 -0.704174 0.577856 0.899098 2 66 0.693308 64 0.306693
  66 21.184324 32.055206 1.752229 -0.248081 -0.197139 -0.948468 0.589948 0.906292 2 66 0.832066 64 0.167934
engineer_handL
  66 21.184324 32.055206 1.752229 -0.248081 -0.197139 -0.948468 0.589948 0.906292 2 66 0.832066 64 0.167934
  66 21.615612 31.999630 1.812614 0.304152 -0.641584 -0.704174 0.577856 0.899098 2 66 0.693308 64 0.306693
  66 21.366962 31.775778 1.924536 0.260246 -0.657600 -0.706990 0.580585 0.911259 2 66 0.894369 64 0.105631
engineer_handL
  66 21.184324 32.055206 1.752229 -0.248081 -0.197139 -0.948468 0.589948 0.906292 2 66 0.832066 64 0.167934
  66 21.366962 31.775778 1.924536 0.260246 -0.657600 -0.706990 0.580585 0.911259 2 66 0.894369 64 0.105631
  66 20.994392 31.880501 1.856896 -0.261162 -0.258685 -0.929988 0.590987 0.918443 1 66 1.000000
engineer_handL
  66 21.100777 31.559008 2.031352 0.178756 -0.646473 -0.741700 0.583628 0.924820 1 66 1.000000
  66 20.994392 31.880501 1.856896 -0.261162 -0.258685 -0.929988 0.590987 0.918443 1 66 1.000000
  66 21.366962 31.775778 1.924536 0.260246 -0.657600 -0.706990 0.580585 0.911259 2 66 0.894369 64 0.105631
engineer_handL
  66 21.100777 31.559008 2.031352 0.178756 -0.646473 -0.741700 0.583628 0.924820 1 66 1.000000
  66 20.789560 31.670712 1.980687 -0.312501 -0.267722 -0.911410 0.592145 0.931993 1 66 1.000000
  66 20.994392 31.880501 1.856896 -0.261162 -0.258685 -0.929988 0.590987 0.918443 1 66 1.000000
engineer_handL
  66 20.810888 31.394278 2.138925 -0.100131 -0.872257 -0.478687 0.585216 0.944056 1 66 1.000000
  66 20.789560 31.670712 1.980687 -0.312501 -0.267722 -0.911410 0.592145 0.931993 1 66 1.000000
  66 21.100777 31.559008 2.031352 0.178756 -0.646473 -0.741700 0.583628 0.924820 1 66 1.000000
engineer_handL
  66 20.810888 31.394278 2.138925 -0.100131 -0.872257 -0.478687 0.585216 0.944056 1 66 1.000000
  66 20.601164 31.495785 2.118510 -0.551135 -0.571456 -0.608020 0.590268 0.949085 1 66 1.000000
  66 20.789560 31.670712 1.980687 -0.312501 -0.267722 -0.911410 0.592145 0.931993 1 66 1.000000
engineer_handL
  66 20.601164 31.495785 2.118510 -0.551135 -0.571456 -0.608020 0.590268 0.949085 1 66 1.000000
  66 20.810888 31.394278 2.138925 -0.100131 -0.872257 -0.478687 0.585216 0.944056 1 66 1.000000
  66 20.763758 31.377672 2.376965 -0.266609 -0.963735 -0.011601 0.580195 0.945922 1 66 1.000000
engineer_handL
  66 20.601164 31.495785 2.118510 -0.551135 -0.571456 -0.608020 0.590268 0.949085 1 66 1.000000
  66 20.763758 31.377672 2.376965 -0.266609 -0.963735 -0.011601 0.580195 0.945922 1 66 1.000000
  66 20.533041 31.496277 2.341679 -0.678036 -0.730309 -0.083157 0.584266 0.953249 1 66 1.000000
engineer_handL
  66 20.761808 31.391443 2.572768 -0.240913 -0.931818 0.271432 0.575175 0.947788 1 66 1.000000
  66 20.533041 31.496277 2.341679 -0.678036 -0.730309 -0.083157 0.584266 0.953249 1 66 1.000000
  66 20.763758 31.377672 2.376965 -0.266609 -0.963735 -0.011601 0.580195 0.945922 1 66 1.000000
engineer_handL
  66 20.761808 31.391443 2.572768 -0.240913 -0.931818 0.271432 0.575175 0.947788 1 66 1.000000
  66 20.512712 31.530779 2.562321 -0.695861 -0.690069 0.198955 0.578264 0.957413 1 66 1.000000
  66 20.533041 31.496277 2.341679 -0.678036 -0.730309 -0.083157 0.584266 0.953249 1 66 1.000000
engineer_handL
  66 20.512712 31.530779 2.562321 -0.695861 -0.690069 0.198955 0.578264 0.957413 1 66 1.000000
  66 20.761808 31.391443 2.572768 -0.240913 -0.931818 0.271432 0.575175 0.947788 1 66 1.000000
  66 20.786797 31.489985 2.772766 -0.148558 -0.780698 0.606993 0.569497 0.949908 1 66 1.000000
engineer_handL
  66 20.512712 31.530779 2.562321 -0.695861 -0.690069 0.198955 0.578264 0.957413 1 66 1.000000
  66 20.786797 31.489985 2.772766 -0.148558 -0.780698 0.606993 0.569497 0.949908 1 66 1.000000
  66 20.531803 31.607334 2.757139 -0.616799 -0.571485 0.541262 0.572059 0.958279 1 66 1.000000
engineer_handL
  66 20.786797 31.489985 2.772766 -0.148558 -0.780698 0.606993 0.569497 0.949908 1 66 1.000000
  66 20.595591 31.720779 2.902608 -0.364782 -0.157138 0.917737 0.564671 0.959309 1 66 1.000000
  66 20.531803 31.607334 2.757139 -0.616799 -0.571485 0.541262 0.572059 0.958279 1 66 1.000000
engineer_handL
  66 20.786797 31.489985 2.772766 -0.148558 -0.780698 0.606993 0.569497 0.949908 1 66 1.000000
  66 20.834970 31.632246 2.892420 0.065217 -0.385342 0.920466 0.564557 0.951752 1 66 1.000000
  66 20.595591 31.720779 2.902608 -0.364782 -0.157138 0.917737 0.564671 0.959309 1 66 1.000000
engineer_handL
  66 20.834970 31.632246 2.892420 0.065217 -0.385342 0.920466 0.564557 0.951752 1 66 1.000000
  66 20.834776 31.984655 2.876184 -0.036853 0.230716 0.972323 0.549856 0.945239 1 66 1.000000
  66 20.595591 31.720779 2.902608 -0.364782 -0.157138 0.917737 0.564671 0.959309 1 66 1.000000
engineer_handL
  66 20.834970 31.632246 2.892420 0.065217 -0.385342 0.920466 0.564557 0.951752 1 66 1.000000
  66 21.143621 31.877583 2.833562 0.252378 -0.033336 0.967054 0.553953 0.934818 1 66 1.000000
  66 20.834776 31.984655 2.876184 -0.036853 0.230716 0.972323 0.549856 0.945239 1 66 1.000000
engineer_handL
  66 21.143621 31.877583 2.833562 0.252378 -0.033336 0.967054 0.553953 0.934818 1 66 1.000000
  66 21.040472 32.183014 2.817014 0.039433 0.226234 0.973274 0.543483 0.931813 1 66 1.000000
  66 20.834776 31.984655 2.876184 -0.036853 0.230716 0.972323 0.549856 0.945239 1 66 1.000000
engineer_handL
  66 21.143621 31.877583 2.833562 0.252378 -0.033336 0.967054 0.553953 0.934818 1 66 1.000000
  66 21.434835 32.104939 2.747561 0.331053 -0.025107 0.943278 0.548382 0.919208 1 66 1.000000
  66 21.040472 32.183014 2.817014 0.039433 0.226234 0.973274 0.543483 0.931813 1 66 1.000000
engineer_handL
  66 21.434835 32.104939 2.747561 0.331053 -0.025107 0.943278 0.548382 0.919208 1 66 1.000000
  66 21.232849 32.350502 2.770020 0.039433 0.226234 0.973274 0.537768 0.919774 2 66 0.935028 64 0.064972
  66 21.040472 32.183014 2.817014 0.039433 0.226234 0.973274 0.543483 0.931813 1 66 1.000000
engineer_handL
  66 21.434835 32.104939 2.747561 0.331053 -0.025107 0.943278 0.548382 0.919208 1 66 1.000000
  66 21.690804 32.301544 2.681958 0.339561 -0.068917 0.938056 0.543387 0.905211 2 66 0.723829 64 0.276171
  66 21.232849 32.350502 2.770020 0.039433 0.226234 0.973274 0.537768 0.919774 2 66 0.935028 64 0.064972
engineer_handL
  66 21.690804 32.301544 2.681958 0.339561 -0.068917 0.938056 0.543387 0.905211 2 66 0.723829 64 0.276171
  66 21.427013 32.578568 2.710458 0.039433 0.226234 0.973274 0.531442 0.906805 2 66 0.699883 64 0.300118
  66 21.232849 32.350502 2.770020 0.039433 0.226234 0.973274 0.537768 0.919774 2 66 0.935028 64 0.064972
engineer_handL
  66 21.690804 32.301544 2.681958 0.339561 -0.068917 0.938056 0.543387 0.905211 2 66 0.723829 64 0.276171
  66 21.918980 32.525295 2.617814 0.374664 -0.074513 0.924162 0.539079 0.891488 2 66 0.568568 64 0.431432
  66 21.427013 32.578568 2.710458 0.039433 0.226234 0.973274 0.531442 0.906805 2 66 0.699883 64 0.300118
engineer_handL
  64 21.624443 32.867313 2.636196 0.039433 0.226234 0.973274 0.524053 0.891510 2 64 0.519415 66 0.480585
  66 21.427013 32.578568 2.710458 0.039433 0.226234 0.973274 0.531442 0.906805 2 66 0.699883 64 0.300118
  66 21.918980 32.525295 2.617814 0.374664 -0.074513 0.924162 0.539079 0.891488 2 66 0.568568 64 0.431432
engineer_handL
  64 21.624443 32.867313 2.636196 0.039433 0.226234 0.973274 0.524053 0.891510 2 64 0.519415 66 0.480585
  66 21.918980 32.525295 2.617814 0.374664 -0.074513 0.924162 0.539079 0.891488 2 66 0.568568 64 0.431432
  64 22.157381 32.821060 2.540678 0.413297 -0.064393 0.908316 0.533571 0.875523 2 64 0.647369 66 0.352631
engineer_handL
  64 22.157381 32.821060 2.540678 0.413297 -0.064393 0.908316 0.533571 0.875523 2 64 0.647369 66 0.352631
  64 21.986958 33.491550 2.477174 0.040931 0.161854 0.985965 0.508904 0.859936 2 64 0.935200 66 0.064800
  64 21.624443 32.867313 2.636196 0.039433 0.226234 0.973274 0.524053 0.891510 2 64 0.519415 66 0.480585
engineer_handL
  64 22.157381 32.821060 2.540678 0.413297 -0.064393 0.908316 0.533571 0.875523 2 64 0.647369 66 0.352631
  64 22.605682 33.477066 2.379332 0.458807 -0.037762 0.887733 0.521588 0.842881 1 64 1.000000
  64 21.986958 33.491550 2.477174 0.040931 0.161854 0.985965 0.508904 0.859936 2 64 0.935200 66 0.064800
engineer_handL
  64 22.605682 33.477066 2.379332 0.458807 -0.037762 0.887733 0.521588 0.842881 1 64 1.000000
  62 22.155443 34.125019 2.389189 0.098853 0.072111 0.992486 0.496606 0.832124 2 62 0.635260 64 0.364740
  64 21.986958 33.491550 2.477174 0.040931 0.161854 0.985965 0.508904 0.859936 2 64 0.935200 66 0.064800
engineer_handL
  64 22.605682 33.477066 2.379332 0.458807 -0.037762 0.887733 0.521588 0.842881 1 64 1.000000
  64 22.817486 34.142014 2.269563 0.496934 -0.004590 0.867776 0.511495 0.818091 2 64 0.581795 62 0.418205
  62 22.155443 34.125019 2.389189 0.098853 0.072111 0.992486 0.496606 0.832124 2 62 0.635260 64 0.364740
engineer_handL
  62 22.148142 34.825073 2.359156 0.301454 -0.557618 0.773426 0.482461 0.804918 2 62 0.875638 64 0.124363
  62 22.155443 34.125019 2.389189 0.098853 0.072111 0.992486 0.496606 0.832124 2 62 0.635260 64 0.364740
  64 22.817486 34.142014 2.269563 0.496934 -0.004590 0.867776 0.511495 0.818091 2 64 0.581795 62 0.418205
engineer_handL
  62 22.148142 34.825073 2.359156 0.301454 -0.557618 0.773426 0.482461 0.804918 2 62 0.875638 64 0.124363
  64 22.817486 34.142014 2.269563 0.496934 -0.004590 0.867776 0.511495 0.818091 2 64 0.581795 62 0.418205
  62 22.993626 35.080154 2.147758 0.579437 -0.527693 0.621122 0.487170 0.773663 2 62 0.874304 64 0.125697
engineer_handL
  62 22.993626 35.080154 2.147758 0.579437 -0.527693 0.621122 0.487170 0.773663 2 62 0.874304 64 0.125697
  54 22.220409 34.905148 2.493721 0.186846 -0.917236 -0.351804 0.478808 0.808610 1 54 1.000000
  62 22.148142 34.825073 2.359156 0.301454 -0.557618 0.773426 0.482461 0.804918 2 62 0.875638 64 0.124363
engineer_handL
  62 22.993626 35.080154 2.147758 0.579437 -0.527693 0.621122 0.487170 0.773663 2 62 0.874304 64 0.125697
  54 23.092148 35.145458 2.425524 0.408945 -0.816674 -0.407194 0.459129 0.774892 2 54 0.905171 56 0.094829
  54 22.220409 34.905148 2.493721 0.186846 -0.917236 -0.351804 0.478808 0.808610 1 54 1.000000
engineer_handL
  66 21.378069 31.713234 2.213013 0.673862 -0.646536 -0.357633 0.572791 0.919016 1 66 1.000000
  66 21.424643 31.741022 2.268248 0.788547 -0.588074 -0.179898 0.570790 0.919175 1 66 1.000000
  66 21.277576 31.602900 2.296456 0.639236 -0.764838 -0.080005 0.572573 0.925898 1 66 1.000000
engineer_handL
  66 21.424643 31.741022 2.268248 0.788547 -0.588074 -0.179898 0.570790 0.919175 1 66 1.000000
  66 21.304085 31.628746 2.438686 0.660827 -0.729012 0.178465 0.568085 0.926421 1 66 1.000000
  66 21.277576 31.602900 2.296456 0.639236 -0.764838 -0.080005 0.572573 0.925898 1 66 1.000000
engineer_handL
  66 21.424643 31.741022 2.268248 0.788547 -0.588074 -0.179898 0.570790 0.919175 1 66 1.000000
  66 21.453465 31.775978 2.379588 0.870972 -0.482911 0.090577 0.566275 0.919940 1 66 1.000000
  66 21.304085 31.628746 2.438686 0.660827 -0.729012 0.178465 0.568085 0.926421 1 66 1.000000
engineer_handL
  66 21.444935 31.811022 2.490411 0.866509 -0.342826 0.362812 0.561718 0.921850 1 66 1.000000
  66 21.304085 31.628746 2.438686 0.660827 -0.729012 0.178465 0.568085 0.926421 1 66 1.000000
  66 21.453465 31.775978 2.379588 0.870972 -0.482911 0.090577 0.566275 0.919940 1 66 1.000000
engineer_handL
  66 21.446640 31.858751 2.472859 0.679332 -0.623493 0.386995 0.561106 0.920156 1 66 1.000000
  66 21.444935 31.811022 2.490411 0.866509 -0.342826 0.362812 0.561718 0.921850 1 66 1.000000
  66 21.453465 31.775978 2.379588 0.870972 -0.482911 0.090577 0.566275 0.919940 1 66 1.000000
engineer_handL
  66 21.410042 31.882412 2.585555 0.680388 -0.538146 0.497465 0.557337 0.921654 1 66 1.000000
  66 21.444935 31.811022 2.490411 0.866509 -0.342826 0.362812 0.561718 0.921850 1 66 1.000000
  66 21.446640 31.858751 2.472859 0.679332 -0.623493 0.386995 0.561106 0.920156 1 66 1.000000
engineer_handL
  66 21.508009 31.864033 2.481498 0.431023 -0.815515 0.386205 0.560658 0.918141 1 66 1.000000
  66 21.410042 31.882412 2.585555 0.680388 -0.538146 0.497465 0.557337 0.921654 1 66 1.000000
  66 21.446640 31.858751 2.472859 0.679332 -0.623493 0.386995 0.561106 0.920156 1 66 1.000000
engineer_handL
  66 21.508009 31.864033 2.481498 0.431023 -0.815515 0.386205 0.560658 0.918141 1 66 1.000000
  66 21.457642 31.922644 2.625262 0.534400 -0.772347 0.343361 0.555149 0.920298 1 66 1.000000
  66 21.410042 31.882412 2.585555 0.680388 -0.538146 0.497465 0.557337 0.921654 1 66 1.000000
engineer_handL
  66 21.569681 31.909582 2.447028 0.660639 -0.673043 0.332520 0.559792 0.915141 1 66 1.000000
  66 21.457642 31.922644 2.625262 0.534400 -0.772347 0.343361 0.555149 0.920298 1 66 1.000000
  66 21.508009 31.864033 2.481498 0.431023 -0.815515 0.386205 0.560658 0.918141 1 66 1.000000
engineer_handL
  66 21.569681 31.909582 2.447028 0.660639 -0.673043 0.332520 0.559792 0.915141 1 66 1.000000
  66 21.508009 31.864033 2.481498 0.431023 -0.815515 0.386205 0.560658 0.918141 1 66 1.000000
  66 21.520000 31.825388 2.358465 0.391766 -0.876016 0.281273 0.565268 0.916335 1 66 1.000000
engineer_handL
  66 21.569681 31.909582 2.447028 0.660639 -0.673043 0.332520 0.559792 0.915141 1 66 1.000000
  66 21.520000 31.825388 2.358465 0.391766 -0.876016 0.281273 0.565268 0.916335 1 66 1.000000
  66 21.568836 31.864145 2.339667 0.673903 -0.708772 0.208558 0.564441 0.913374 1 66 1.000000
engineer_handL
  66 21.520000 31.825388 2.358465 0.391766 -0.876016 0.281273 0.565268 0.916335 1 66 1.000000
  66 21.549500 31.824179 2.216882 0.672234 -0.738418 0.053292 0.569373 0.912666 1 66 1.000000
  66 21.568836 31.864145 2.339667 0.673903 -0.708772 0.208558 0.564441 0.913374 1 66 1.000000
engineer_handL
  66 21.549500 31.824179 2.216882 0.672234 -0.738418 0.053292 0.569373 0.912666 1 66 1.000000
  66 21.569681 31.909582 2.447028 0.660639 -0.673043 0.332520 0.559792 0.915141 1 66 1.000000
  66 21.568836 31.864145 2.339667 0.673903 -0.708772 0.208558 0.564441 0.913374 1 66 1.000000
engineer_handL
  66 21.549500 31.824179 2.216882 0.672234 -0.738418 0.053292 0.569373 0.912666 1 66 1.000000
  66 21.794630 32.065838 2.253690 0.712360 -0.684068 0.156826 0.561174 0.901674 2 66 0.752825 64 0.247175
  66 21.569681 31.909582 2.447028 0.660639 -0.673043 0.332520 0.559792 0.915141 1 66 1.000000
engineer_handL
  66 21.752092 32.222141 2.628148 0.618081 -0.455738 0.640530 0.547257 0.904310 2 66 0.722452 64 0.277548
  66 21.569681 31.909582 2.447028 0.660639 -0.673043 0.332520 0.559792 0.915141 1 66 1.000000
  66 21.794630 32.065838 2.253690 0.712360 -0.684068 0.156826 0.561174 0.901674 2 66 0.752825 64 0.247175
engineer_handL
  66 21.987654 32.448135 2.549354 0.678219 -0.446281 0.583826 0.542854 0.890362 2 66 0.570140 64 0.429860
  66 21.752092 32.222141 2.628148 0.618081 -0.455738 0.640530 0.547257 0.904310 2 66 0.722452 64 0.277548
  66 21.794630 32.065838 2.253690 0.712360 -0.684068 0.156826 0.561174 0.901674 2 66 0.752825 64 0.247175
engineer_handL
  66 21.752092 32.222141 2.628148 0.618081 -0.455738 0.640530 0.547257 0.904310 2 66 0.722452 64 0.277548
  66 21.987654 32.448135 2.549354 0.678219 -0.446281 0.583826 0.542854 0.890362 2 66 0.570140 64 0.429860
  66 21.918980 32.525295 2.617814 0.374664 -0.074513 0.924162 0.539079 0.891488 2 66 0.568568 64 0.431432
engineer_handL
  64 22.157381 32.821060 2.540678 0.413297 -0.064393 0.908316 0.533571 0.875523 2 64 0.647369 66 0.352631
  66 21.918980 32.525295 2.617814 0.374664 -0.074513 0.924162 0.539079 0.891488 2 66 0.568568 64 0.431432
  66 21.987654 32.448135 2.549354 0.678219 -0.446281 0.583826 0.542854 0.890362 2 66 0.570140 64 0.429860
engineer_handL
  66 21.189680 31.552639 2.095793 0.475900 -0.810601 -0.341241 0.580141 0.925016 1 66 1.000000
  66 20.984001 31.390575 2.216126 0.625079 -0.774449 0.097488 0.578803 0.938705 1 66 1.000000
  66 20.910393 31.385668 2.165421 0.246190 -0.937125 -0.247360 0.581608 0.942023 1 66 1.000000
engineer_handL
  66 21.189680 31.552639 2.095793 0.475900 -0.810601 -0.341241 0.580141 0.925016 1 66 1.000000
  66 21.202671 31.581209 2.139071 0.634335 -0.742426 0.215461 0.577299 0.925347 1 66 1.000000
  66 20.984001 31.390575 2.216126 0.625079 -0.774449 0.097488 0.578803 0.938705 1 66 1.000000
engineer_handL
  66 21.008373 31.429869 2.233184 0.642687 -0.766036 0.011935 0.577002 0.936760 1 66 1.000000
  66 20.984001 31.390575 2.216126 0.625079 -0.774449 0.097488 0.578803 0.938705 1 66 1.000000
  66 21.202671 31.581209 2.139071 0.634335 -0.742426 0.215461 0.577299 0.925347 1 66 1.000000
engineer_handL
  66 21.008373 31.429869 2.233184 0.642687 -0.766036 0.011935 0.577002 0.936760 1 66 1.000000
  66 21.202671 31.581209 2.139071 0.634335 -0.742426 0.215461 0.577299 0.925347 1 66 1.000000
  66 21.205599 31.608065 2.170287 0.642687 -0.766036 0.011935 0.575544 0.925552 1 66 1.000000
engineer_handL
  66 21.202671 31.581209 2.139071 0.634335 -0.742426 0.215461 0.577299 0.925347 1 66 1.000000
  66 21.388672 31.753233 2.165406 0.569100 -0.822188 0.011447 0.573275 0.916904 1 66 1.000000
  66 21.205599 31.608065 2.170287 0.642687 -0.766036 0.011935 0.575544 0.925552 1 66 1.000000
engineer_handL
  66 21.205599 31.608065 2.170287 0.642687 -0.766036 0.011935 0.575544 0.925552 1 66 1.000000
  66 21.388672 31.753233 2.165406 0.569100 -0.822188 0.011447 0.573275 0.916904 1 66 1.000000
  66 21.378069 31.713234 2.213013 0.673862 -0.646536 -0.357633 0.572791 0.919016 1 66 1.000000
engineer_handL
  66 21.378069 31.713234 2.213013 0.673862 -0.646536 -0.357633 0.572791 0.919016 1 66 1.000000
  66 21.388672 31.753233 2.165406 0.569100 -0.822188 0.011447 0.573275 0.916904 1 66 1.000000
  66 21.433908 31.783169 2.248694 0.569100 -0.822188 0.011447 0.570332 0.917448 1 66 1.000000
engineer_handL
  66 21.378069 31.713234 2.213013 0.673862 -0.646536 -0.357633 0.572791 0.919016 1 66 1.000000
  66 21.433908 31.783169 2.248694 0.569100 -0.822188 0.011447 0.570332 0.917448 1 66 1.000000
  66 21.424643 31.741022 2.268248 0.788547 -0.588074 -0.179898 0.570790 0.919175 1 66 1.000000
engineer_handL
  66 21.424643 31.741022 2.268248 0.788547 -0.588074 -0.179898 0.570790 0.919175 1 66 1.000000
  66 21.433908 31.783169 2.248694 0.569100 -0.822188 0.011447 0.570332 0.917448 1 66 1.000000
  66 21.470514 31.819235 2.363642 0.634335 -0.742426 0.215461 0.565813 0.918285 1 66 1.000000
engineer_handL
  66 21.424643 31.741022 2.268248 0.788547 -0.588074 -0.179898 0.570790 0.919175 1 66 1.000000
  66 21.470514 31.819235 2.363642 0.634335 -0.742426 0.215461 0.565813 0.918285 1 66 1.000000
  66 21.453465 31.775978 2.379588 0.870972 -0.482911 0.090577 0.566275 0.919940 1 66 1.000000
engineer_handL
  66 21.446640 31.858751 2.472859 0.679332 -0.623493 0.386995 0.561106 0.920156 1 66 1.000000
  66 21.453465 31.775978 2.379588 0.870972 -0.482911 0.090577 0.566275 0.919940 1 66 1.000000
  66 21.470514 31.819235 2.363642 0.634335 -0.742426 0.215461 0.565813 0.918285 1 66 1.000000
engineer_handL
  66 21.508009 31.864033 2.481498 0.431023 -0.815515 0.386205 0.560658 0.918141 1 66 1.000000
  66 21.446640 31.858751 2.472859 0.679332 -0.623493 0.386995 0.561106 0.920156 1 66 1.000000
  66 21.470514 31.819235 2.363642 0.634335 -0.742426 0.215461 0.565813 0.918285 1 66 1.000000
engineer_handL
  66 21.508009 31.864033 2.481498 0.431023 -0.815515 0.386205 0.560658 0.918141 1 66 1.000000
  66 21.470514 31.819235 2.363642 0.634335 -0.742426 0.215461 0.565813 0.918285 1 66 1.000000
  66 21.520000 31.825388 2.358465 0.391766 -0.876016 0.281273 0.565268 0.916335 1 66 1.000000
engineer_handL
  66 21.470514 31.819235 2.363642 0.634335 -0.742426 0.215461 0.565813 0.918285 1 66 1.000000
  66 21.496315 31.778044 2.230384 0.393943 -0.901076 0.181301 0.570357 0.915488 1 66 1.000000
  66 21.520000 31.825388 2.358465 0.391766 -0.876016 0.281273 0.565268 0.916335 1 66 1.000000
engineer_handL
  66 21.520000 31.825388 2.358465 0.391766 -0.876016 0.281273 0.565268 0.916335 1 66 1.000000
  66 21.496315 31.778044 2.230384 0.393943 -0.901076 0.181301 0.570357 0.915488 1 66 1.000000
  66 21.549500 31.824179 2.216882 0.672234 -0.738418 0.053292 0.569373 0.912666 1 66 1.000000
engineer_handL
  66 21.441448 31.743921 2.114580 0.484276 -0.844079 0.230233 0.574760 0.914754 1 66 1.000000
  66 21.549500 31.824179 2.216882 0.672234 -0.738418 0.053292 0.569373 0.912666 1 66 1.000000
  66 21.496315 31.778044 2.230384 0.393943 -0.901076 0.181301 0.570357 0.915488 1 66 1.000000
engineer_handL
  66 21.441448 31.743921 2.114580 0.484276 -0.844079 0.230233 0.574760 0.914754 1 66 1.000000
  66 21.475843 31.786188 2.029130 0.592255 -0.774994 -0.220493 0.576922 0.911584 2 66 0.894604 64 0.105396
  66 21.549500 31.824179 2.216882 0.672234 -0.738418 0.053292 0.569373 0.912666 1 66 1.000000
engineer_handL
  66 21.189680 31.552639 2.095793 0.475900 -0.810601 -0.341241 0.580141 0.925016 1 66 1.000000
  66 21.475843 31.786188 2.029130 0.592255 -0.774994 -0.220493 0.576922 0.911584 2 66 0.894604 64 0.105396
  66 21.441448 31.743921 2.114580 0.484276 -0.844079 0.230233 0.574760 0.914754 1 66 1.000000
engineer_handL
  66 21.189680 31.552639 2.095793 0.475900 -0.810601 -0.341241 0.580141 0.925016 1 66 1.000000
  66 21.441448 31.743921 2.114580 0.484276 -0.844079 0.230233 0.574760 0.914754 1 66 1.000000
  66 21.202671 31.581209 2.139071 0.634335 -0.742426 0.215461 0.577299 0.925347 1 66 1.000000
engineer_handL
  66 21.202671 31.581209 2.139071 0.634335 -0.742426 0.215461 0.577299 0.925347 1 66 1.000000
  66 21.441448 31.743921 2.114580 0.484276 -0.844079 0.230233 0.574760 0.914754 1 66 1.000000
  66 21.388672 31.753233 2.165406 0.569100 -0.822188 0.011447 0.573275 0.916904 1 66 1.000000
engineer_handL
  66 21.388672 31.753233 2.165406 0.569100 -0.822188 0.011447 0.573275 0.916904 1 66 1.000000
  66 21.441448 31.743921 2.114580 0.484276 -0.844079 0.230233 0.574760 0.914754 1 66 1.000000
  66 21.496315 31.778044 2.230384 0.393943 -0.901076 0.181301 0.570357 0.915488 1 66 1.000000
engineer_handL
  66 21.388672 31.753233 2.165406 0.569100 -0.822188 0.011447 0.573275 0.916904 1 66 1.000000
  66 21.496315 31.778044 2.230384 0.393943 -0.901076 0.181301 0.570357 0.915488 1 66 1.000000
  66 21.433908 31.783169 2.248694 0.569100 -0.822188 0.011447 0.570332 0.917448 1 66 1.000000
engineer_handL
  66 21.470514 31.819235 2.363642 0.634335 -0.742426 0.215461 0.565813 0.918285 1 66 1.000000
  66 21.433908 31.783169 2.248694 0.569100 -0.822188 0.011447 0.570332 0.917448 1 66 1.000000
  66 21.496315 31.778044 2.230384 0.393943 -0.901076 0.181301 0.570357 0.915488 1 66 1.000000
engineer_handL
  34 18.284176 35.784622 9.042170 0.029249 0.563492 0.825604 0.034942 0.765681 1 34 1.000000
  34 18.093948 35.716099 9.080567 -0.062616 0.410356 0.909773 0.029726 0.763609 1 34 1.000000
  34 18.103476 35.697472 9.097226 -0.070825 0.484857 0.871721 0.029625 0.764816 1 34 1.000000
engineer_handL
  34 18.284176 35.784622 9.042170 0.029249 0.563492 0.825604 0.034942 0.765681 1 34 1.000000
  34 18.103476 35.697472 9.097226 -0.070825 0.484857 0.871721 0.029625 0.764816 1 34 1.000000
  34 18.311155 35.773270 9.050426 -0.024303 0.588109 0.808416 0.035225 0.767371 1 34 1.000000
engineer_handL
  34 18.406864 36.102215 8.731814 0.097243 0.508821 0.855362 0.045647 0.753770 1 34 1.000000
  34 18.284176 35.784622 9.042170 0.029249 0.563492 0.825604 0.034942 0.765681 1 34 1.000000
  34 18.311155 35.773270 9.050426 -0.024303 0.588109 0.808416 0.035225 0.767371 1 34 1.000000
engineer_handL
  34 18.209976 35.837341 9.034951 0.195352 0.523772 0.829156 0.034249 0.761540 1 34 1.000000
  34 18.284176 35.784622 9.042170 0.029249 0.563492 0.825604 0.034942 0.765681 1 34 1.000000
  34 18.406864 36.102215 8.731814 0.097243 0.508821 0.855362 0.045647 0.753770 1 34 1.000000
engineer_handL
  34 18.209976 35.837341 9.034951 0.195352 0.523772 0.829156 0.034249 0.761540 1 34 1.000000
  34 18.093948 35.716099 9.080567 -0.062616 0.410356 0.909773 0.029726 0.763609 1 34 1.000000
  34 18.284176 35.784622 9.042170 0.029249 0.563492 0.825604 0.034942 0.765681 1 34 1.000000
engineer_handL
  34 18.209976 35.837341 9.034951 0.195352 0.523772 0.829156 0.034249 0.761540 1 34 1.000000
  34 18.061287 35.821632 9.056376 -0.032593 0.468596 0.882811 0.030141 0.759910 1 34 1.000000
  34 18.093948 35.716099 9.080567 -0.062616 0.410356 0.909773 0.029726 0.763609 1 34 1.000000
engineer_handL
  34 17.893860 35.683414 9.062923 -0.224333 0.383118 0.896044 0.024510 0.761538 1 34 1.000000
  34 18.093948 35.716099 9.080567 -0.062616 0.410356 0.909773 0.029726 0.763609 1 34 1.000000
  34 18.061287 35.821632 9.056376 -0.032593 0.468596 0.882811 0.030141 0.759910 1 34 1.000000
engineer_handL
  34 17.893860 35.683414 9.062923 -0.224333 0.383118 0.896044 0.024510 0.761538 1 34 1.000000
  34 18.061287 35.821632 9.056376 -0.032593 0.468596 0.882811 0.030141 0.759910 1 34 1.000000
  34 17.887392 35.804733 9.043885 -0.232414 0.441094 0.866845 0.026033 0.758281 1 34 1.000000
engineer_handL
  34 17.716740 35.769894 8.988442 -0.440950 0.428108 0.788852 0.023633 0.756730 1 34 1.000000
  34 17.893860 35.683414 9.062923 -0.224333 0.383118 0.896044 0.024510 0.761538 1 34 1.000000
  34 17.887392 35.804733 9.043885 -0.232414 0.441094 0.866845 0.026033 0.758281 1 34 1.000000
engineer_handL
  34 18.348829 35.728912 9.057343 0.433478 0.197504 0.879255 0.035531 0.769203 1 34 1.000000
  34 18.103476 35.697472 9.097226 -0.070825 0.484857 0.871721 0.029625 0.764816 1 34 1.000000
  34 18.115892 35.626648 9.130928 0.096680 -0.035649 0.994677 0.029482 0.766523 1 34 1.000000
engineer_handL
  34 18.348829 35.728912 9.057343 0.433478 0.197504 0.879255 0.035531 0.769203 1 34 1.000000
  34 18.311155 35.773270 9.050426 -0.024303 0.588109 0.808416 0.035225 0.767371 1 34 1.000000
  34 18.103476 35.697472 9.097226 -0.070825 0.484857 0.871721 0.029625 0.764816 1 34 1.000000
engineer_handL
  34 18.348829 35.728912 9.057343 0.433478 0.197504 0.879255 0.035531 0.769203 1 34 1.000000
  34 18.435036 36.139366 8.722884 0.097243 0.508821 0.855362 0.047217 0.753606 1 34 1.000000
  34 18.311155 35.773270 9.050426 -0.024303 0.588109 0.808416 0.035225 0.767371 1 34 1.000000
engineer_handL
  34 18.406864 36.102215 8.731814 0.097243 0.508821 0.855362 0.045647 0.753770 1 34 1.000000
  34 18.311155 35.773270 9.050426 -0.024303 0.588109 0.808416 0.035225 0.767371 1 34 1.000000
  34 18.435036 36.139366 8.722884 0.097243 0.508821 0.855362 0.047217 0.753606 1 34 1.000000
engineer_handL
  34 18.309006 36.161716 8.741320 0.125795 0.457445 0.880295 0.043154 0.750516 1 34 1.000000
  34 18.406864 36.102215 8.731814 0.097243 0.508821 0.855362 0.045647 0.753770 1 34 1.000000
  34 18.435036 36.139366 8.722884 0.097243 0.508821 0.855362 0.047217 0.753606 1 34 1.000000
engineer_handL
  34 18.209976 35.837341 9.034951 0.195352 0.523772 0.829156 0.034249 0.761540 1 34 1.000000
  34 18.406864 36.102215 8.731814 0.097243 0.508821 0.855362 0.045647 0.753770 1 34 1.000000
  34 18.309006 36.161716 8.741320 0.125795 0.457445 0.880295 0.043154 0.750516 1 34 1.000000
engineer_handL
  34 18.209976 35.837341 9.034951 0.195352 0.523772 0.829156 0.034249 0.761540 1 34 1.000000
  34 18.309006 36.161716 8.741320 0.125795 0.457445 0.880295 0.043154 0.750516 1 34 1.000000
  34 18.092926 36.176765 8.721923 -0.091963 0.522899 0.847419 0.036670 0.747042 1 34 1.000000
engineer_handL
  34 18.209976 35.837341 9.034951 0.195352 0.523772 0.829156 0.034249 0.761540 1 34 1.000000
  34 18.092926 36.176765 8.721923 -0.091963 0.522899 0.847419 0.036670 0.747042 1 34 1.000000
  34 18.061287 35.821632 9.056376 -0.032593 0.468596 0.882811 0.030141 0.759910 1 34 1.000000
engineer_handL
  34 18.061287 35.821632 9.056376 -0.032593 0.468596 0.882811 0.030141 0.759910 1 34 1.000000
  34 18.092926 36.176765 8.721923 -0.091963 0.522899 0.847419 0.036670 0.747042 1 34 1.000000
  34 17.927784 36.169781 8.695196 -0.247983 0.529077 0.811531 0.032578 0.744849 1 34 1.000000
engineer_handL
  34 18.061287 35.821632 9.056376 -0.032593 0.468596 0.882811 0.030141 0.759910 1 34 1.000000
  34 17.927784 36.169781 8.695196 -0.247983 0.529077 0.811531 0.032578 0.744849 1 34 1.000000
  34 17.887392 35.804733 9.043885 -0.232414 0.441094 0.866845 0.026033 0.758281 1 34 1.000000
engineer_handL
  34 17.757818 36.127583 8.657621 -0.384019 0.484912 0.785742 0.027913 0.742839 1 34 1.000000
  34 17.887392 35.804733 9.043885 -0.232414 0.441094 0.866845 0.026033 0.758281 1 34 1.000000
  34 17.927784 36.169781 8.695196 -0.247983 0.529077 0.811531 0.032578 0.744849 1 34 1.000000
engineer_handL
  34 17.757818 36.127583 8.657621 -0.384019 0.484912 0.785742 0.027913 0.742839 1 34 1.000000
  34 17.716740 35.769894 8.988442 -0.440950 0.428108 0.788852 0.023633 0.756730 1 34 1.000000
  34 17.887392 35.804733 9.043885 -0.232414 0.441094 0.866845 0.026033 0.758281 1 34 1.000000
engineer_handL
  34 17.604282 35.753361 8.913121 -0.634779 0.425255 0.645146 0.021233 0.755180 1 34 1.000000
  34 17.716740 35.769894 8.988442 -0.440950 0.428108 0.788852 0.023633 0.756730 1 34 1.000000
  34 17.757818 36.127583 8.657621 -0.384019 0.484912 0.785742 0.027913 0.742839 1 34 1.000000
engineer_handL
  34 17.604282 35.753361 8.913121 -0.634779 0.425255 0.645146 0.021233 0.755180 1 34 1.000000
  34 17.702082 35.662193 9.004173 -0.385605 0.441706 0.810064 0.021304 0.759501 1 34 1.000000
  34 17.716740 35.769894 8.988442 -0.440950 0.428108 0.788852 0.023633 0.756730 1 34 1.000000
engineer_handL
  34 17.716740 35.769894 8.988442 -0.440950 0.428108 0.788852 0.023633 0.756730 1 34 1.000000
  34 17.702082 35.662193 9.004173 -0.385605 0.441706 0.810064 0.021304 0.759501 1 34 1.000000
  34 17.893860 35.683414 9.062923 -0.224333 0.383118 0.896044 0.024510 0.761538 1 34 1.000000
engineer_handL
  34 17.702082 35.662193 9.004173 -0.385605 0.441706 0.810064 0.021304 0.759501 1 34 1.000000
  34 17.891787 35.660656 9.076384 -0.224818 0.484000 0.845695 0.024040 0.762544 1 34 1.000000
  34 17.893860 35.683414 9.062923 -0.224333 0.383118 0.896044 0.024510 0.761538 1 34 1.000000
engineer_handL
  34 18.093948 35.716099 9.080567 -0.062616 0.410356 0.909773 0.029726 0.763609 1 34 1.000000
  34 17.893860 35.683414 9.062923 -0.224333 0.383118 0.896044 0.024510 0.761538 1 34 1.000000
  34 17.891787 35.660656 9.076384 -0.224818 0.484000 0.845695 0.024040 0.762544 1 34 1.000000
engineer_handL
  34 18.093948 35.716099 9.080567 -0.062616 0.410356 0.909773 0.029726 0.763609 1 34 1.000000
  34 17.891787 35.660656 9.076384 -0.224818 0.484000 0.845695 0.024040 0.762544 1 34 1.000000
  34 18.103476 35.697472 9.097226 -0.070825 0.484857 0.871721 0.029625 0.764816 1 34 1.000000
engineer_handL
  34 18.115892 35.626648 9.130928 0.096680 -0.035649 0.994677 0.029482 0.766523 1 34 1.000000
  34 18.103476 35.697472 9.097226 -0.070825 0.484857 0.871721 0.029625 0.764816 1 34 1.000000
  34 17.891787 35.660656 9.076384 -0.224818 0.484000 0.845695 0.024040 0.762544 1 34 1.000000
engineer_handL
  34 18.348829 35.728912 9.057343 0.433478 0.197504 0.879255 0.035531 0.769203 1 34 1.000000
  34 18.516243 36.188831 8.685604 0.501058 0.415666 0.759054 0.049896 0.753327 2 34 0.881170 32 0.118830
  34 18.435036 36.139366 8.722884 0.097243 0.508821 0.855362 0.047217 0.753606 1 34 1.000000
engineer_handL
  34 17.927784 36.169781 8.695196 -0.247983 0.529077 0.811531 0.032578 0.744849 1 34 1.000000
  34 18.092926 36.176765 8.721923 -0.091963 0.522899 0.847419 0.036670 0.747042 1 34 1.000000
  34 18.084705 36.215435 8.705501 -0.104038 0.449499 0.887202 0.037081 0.746032 1 34 1.000000
engineer_handL
  34 18.092926 36.176765 8.721923 -0.091963 0.522899 0.847419 0.036670 0.747042 1 34 1.000000
  34 18.313879 36.201130 8.729882 0.051885 0.379376 0.923786 0.043856 0.749647 1 34 1.000000
  34 18.084705 36.215435 8.705501 -0.104038 0.449499 0.887202 0.037081 0.746032 1 34 1.000000
engineer_handL
  34 18.092926 36.176765 8.721923 -0.091963 0.522899 0.847419 0.036670 0.747042 1 34 1.000000
  34 18.309006 36.161716 8.741320 0.125795 0.457445 0.880295 0.043154 0.750516 1 34 1.000000
  34 18.313879 36.201130 8.729882 0.051885 0.379376 0.923786 0.043856 0.749647 1 34 1.000000
engineer_handL
  34 18.309006 36.161716 8.741320 0.125795 0.457445 0.880295 0.043154 0.750516 1 34 1.000000
  34 18.435036 36.139366 8.722884 0.097243 0.508821 0.855362 0.047217 0.753606 1 34 1.000000
  34 18.313879 36.201130 8.729882 0.051885 0.379376 0.923786 0.043856 0.749647 1 34 1.000000
engineer_handL
  34 18.328129 36.258251 8.687567 0.100920 0.581560 0.807220 0.044815 0.748460 1 34 1.000000
  34 18.313879 36.201130 8.729882 0.051885 0.379376 0.923786 0.043856 0.749647 1 34 1.000000
  34 18.435036 36.139366 8.722884 0.097243 0.508821 0.855362 0.047217 0.753606 1 34 1.000000
engineer_handL
  34 18.328129 36.258251 8.687567 0.100920 0.581560 0.807220 0.044815 0.748460 1 34 1.000000
  34 18.435036 36.139366 8.722884 0.097243 0.508821 0.855362 0.047217 0.753606 1 34 1.000000
  34 18.516243 36.188831 8.685604 0.501058 0.415666 0.759054 0.049896 0.753327 2 34 0.881170 32 0.118830
engineer_handL
  34 18.328129 36.258251 8.687567 0.100920 0.581560 0.807220 0.044815 0.748460 1 34 1.000000
  34 18.516243 36.188831 8.685604 0.501058 0.415666 0.759054 0.049896 0.753327 2 34 0.881170 32 0.118830
  34 18.570290 36.419239 8.507208 0.581590 0.375812 0.721469 0.055742 0.745592 2 34 0.716471 32 0.283529
engineer_handL
  34 18.328129 36.258251 8.687567 0.100920 0.581560 0.807220 0.044815 0.748460 1 34 1.000000
  34 18.084705 36.215435 8.705501 -0.104038 0.449499 0.887202 0.037081 0.746032 1 34 1.000000
  34 18.313879 36.201130 8.729882 0.051885 0.379376 0.923786 0.043856 0.749647 1 34 1.000000
engineer_handL
  34 18.570290 36.419239 8.507208 0.581590 0.375812 0.721469 0.055742 0.745592 2 34 0.716471 32 0.283529
  34 18.899691 36.269493 8.013758 0.964504 -0.038860 0.261194 0.073412 0.747175 2 34 0.529336 32 0.470664
  34 18.621634 36.658443 8.349010 0.612932 0.360554 0.703076 0.061588 0.737857 2 34 0.541856 32 0.458144
engineer_handL
  34 18.570290 36.419239 8.507208 0.581590 0.375812 0.721469 0.055742 0.745592 2 34 0.716471 32 0.283529
  34 18.814152 36.060425 8.219897 0.951203 -0.076155 0.299019 0.064795 0.754551 2 34 0.676130 32 0.323870
  34 18.899691 36.269493 8.013758 0.964504 -0.038860 0.261194 0.073412 0.747175 2 34 0.529336 32 0.470664
engineer_handL
  34 18.814152 36.060425 8.219897 0.951203 -0.076155 0.299019 0.064795 0.754551 2 34 0.676130 32 0.323870
  34 18.570290 36.419239 8.507208 0.581590 0.375812 0.721469 0.055742 0.745592 2 34 0.716471 32 0.283529
  34 18.516243 36.188831 8.685604 0.501058 0.415666 0.759054 0.049896 0.753327 2 34 0.881170 32 0.118830
engineer_handL
  34 18.814152 36.060425 8.219897 0.951203 -0.076155 0.299019 0.064795 0.754551 2 34 0.676130 32 0.323870
  34 18.516243 36.188831 8.685604 0.501058 0.415666 0.759054 0.049896 0.753327 2 34 0.881170 32 0.118830
  34 18.725607 35.859295 8.444139 0.932145 -0.132064 0.337142 0.056178 0.761926 2 34 0.847309 32 0.152691
engineer_handL
  34 18.348829 35.728912 9.057343 0.433478 0.197504 0.879255 0.035531 0.769203 1 34 1.000000
  34 18.725607 35.859295 8.444139 0.932145 -0.132064 0.337142 0.056178 0.761926 2 34 0.847309 32 0.152691
  34 18.516243 36.188831 8.685604 0.501058 0.415666 0.759054 0.049896 0.753327 2 34 0.881170 32 0.118830
engineer_handL
  34 18.348829 35.728912 9.057343 0.433478 0.197504 0.879255 0.035531 0.769203 1 34 1.000000
  34 18.473772 35.456722 8.882912 0.703600 -0.480129 0.523854 0.037897 0.776347 1 34 1.000000
  34 18.725607 35.859295 8.444139 0.932145 -0.132064 0.337142 0.056178 0.761926 2 34 0.847309 32 0.152691
engineer_handL
  34 18.176291 35.353165 8.971580 0.229666 -0.757228 0.611440 0.027770 0.774531 1 34 1.000000
  34 18.473772 35.456722 8.882912 0.703600 -0.480129 0.523854 0.037897 0.776347 1 34 1.000000
  34 18.348829 35.728912 9.057343 0.433478 0.197504 0.879255 0.035531 0.769203 1 34 1.000000
engineer_handL
  34 18.176291 35.353165 8.971580 0.229666 -0.757228 0.611440 0.027770 0.774531 1 34 1.000000
  34 18.348829 35.728912 9.057343 0.433478 0.197504 0.879255 0.035531 0.769203 1 34 1.000000
  34 18.115892 35.626648 9.130928 0.096680 -0.035649 0.994677 0.029482 0.766523 1 34 1.000000
engineer_handL
  34 17.893202 35.583958 9.106913 -0.179217 -0.076248 0.980850 0.023432 0.763844 1 34 1.000000
  34 18.176291 35.353165 8.971580 0.229666 -0.757228 0.611440 0.027770 0.774531 1 34 1.000000
  34 18.115892 35.626648 9.130928 0.096680 -0.035649 0.994677 0.029482 0.766523 1 34 1.000000
engineer_handL
  34 18.115892 35.626648 9.130928 0.096680 -0.035649 0.994677 0.029482 0.766523 1 34 1.000000
  34 17.891787 35.660656 9.076384 -0.224818 0.484000 0.845695 0.024040 0.762544 1 34 1.000000
  34 17.893202 35.583958 9.106913 -0.179217 -0.076248 0.980850 0.023432 0.763844 1 34 1.000000
engineer_handL
  34 17.893202 35.583958 9.106913 -0.179217 -0.076248 0.980850 0.023432 0.763844 1 34 1.000000
  34 17.891787 35.660656 9.076384 -0.224818 0.484000 0.845695 0.024040 0.762544 1 34 1.000000
  34 17.691431 35.646404 9.017056 -0.355892 0.564781 0.744555 0.020676 0.760219 1 34 1.000000
engineer_handL
  34 17.702082 35.662193 9.004173 -0.385605 0.441706 0.810064 0.021304 0.759501 1 34 1.000000
  34 17.691431 35.646404 9.017056 -0.355892 0.564781 0.744555 0.020676 0.760219 1 34 1.000000
  34 17.891787 35.660656 9.076384 -0.224818 0.484000 0.845695 0.024040 0.762544 1 34 1.000000
engineer_handL
  34 17.570892 35.684715 8.908572 -0.517414 0.542485 0.661810 0.018098 0.757465 1 34 1.000000
  34 17.691431 35.646404 9.017056 -0.355892 0.564781 0.744555 0.020676 0.760219 1 34 1.000000
  34 17.702082 35.662193 9.004173 -0.385605 0.441706 0.810064 0.021304 0.759501 1 34 1.000000
engineer_handL
  34 17.604282 35.753361 8.913121 -0.634779 0.425255 0.645146 0.021233 0.755180 1 34 1.000000
  34 17.570892 35.684715 8.908572 -0.517414 0.542485 0.661810 0.018098 0.757465 1 34 1.000000
  34 17.702082 35.662193 9.004173 -0.385605 0.441706 0.810064 0.021304 0.759501 1 34 1.000000
engineer_handL
  34 17.604282 35.753361 8.913121 -0.634779 0.425255 0.645146 0.021233 0.755180 1 34 1.000000
  34 17.523548 35.984192 8.556759 -0.634779 0.425255 0.645146 0.018726 0.739926 1 34 1.000000
  34 17.570892 35.684715 8.908572 -0.517414 0.542485 0.661810 0.018098 0.757465 1 34 1.000000
engineer_handL
  34 17.604282 35.753361 8.913121 -0.634779 0.425255 0.645146 0.021233 0.755180 1 34 1.000000
  34 17.590561 36.058918 8.600826 -0.607451 0.380029 0.697554 0.022488 0.740501 1 34 1.000000
  34 17.523548 35.984192 8.556759 -0.634779 0.425255 0.645146 0.018726 0.739926 1 34 1.000000
engineer_handL
  34 17.590561 36.058918 8.600826 -0.607451 0.380029 0.697554 0.022488 0.740501 1 34 1.000000
  34 17.497202 35.997185 8.531082 -0.553638 0.448063 0.701943 0.017783 0.738931 1 34 1.000000
  34 17.523548 35.984192 8.556759 -0.634779 0.425255 0.645146 0.018726 0.739926 1 34 1.000000
engineer_handL
  34 17.590561 36.058918 8.600826 -0.607451 0.380029 0.697554 0.022488 0.740501 1 34 1.000000
  34 17.586054 36.096840 8.588881 -0.583059 0.325668 0.744300 0.022591 0.739290 1 34 1.000000
  34 17.497202 35.997185 8.531082 -0.553638 0.448063 0.701943 0.017783 0.738931 1 34 1.000000
engineer_handL
  34 17.893202 35.583958 9.106913 -0.179217 -0.076248 0.980850 0.023432 0.763844 1 34 1.000000
  34 17.947939 35.311859 8.948486 -0.007293 -0.808194 0.588871 0.020103 0.773156 1 34 1.000000
  34 18.176291 35.353165 8.971580 0.229666 -0.757228 0.611440 0.027770 0.774531 1 34 1.000000
engineer_handL
  34 17.893202 35.583958 9.106913 -0.179217 -0.076248 0.980850 0.023432 0.763844 1 34 1.000000
  34 17.752699 35.294571 8.889853 -0.233126 -0.814227 0.531683 0.014173 0.767877 1 34 1.000000
  34 17.947939 35.311859 8.948486 -0.007293 -0.808194 0.588871 0.020103 0.773156 1 34 1.000000
engineer_handL
  34 17.523548 35.984192 8.556759 -0.634779 0.425255 0.645146 0.018726 0.739926 1 34 1.000000
  34 17.497202 35.997185 8.531082 -0.553638 0.448063 0.701943 0.017783 0.738931 1 34 1.000000
  34 17.544563 35.669209 8.913910 -0.420461 0.619451 0.662942 0.017211 0.758111 1 34 1.000000
engineer_handL
  34 17.497202 35.997185 8.531082 -0.553638 0.448063 0.701943 0.017783 0.738931 1 34 1.000000
  34 17.496262 35.609730 8.915678 -0.745572 0.138968 0.651775 0.015513 0.759349 1 34 1.000000
  34 17.544563 35.669209 8.913910 -0.420461 0.619451 0.662942 0.017211 0.758111 1 34 1.000000
engineer_handL
  34 17.497202 35.997185 8.531082 -0.553638 0.448063 0.701943 0.017783 0.738931 1 34 1.000000
  34 17.431906 36.005367 8.468070 -0.823979 0.301216 0.479924 0.015880 0.736926 2 34 0.902902 32 0.097098
  34 17.496262 35.609730 8.915678 -0.745572 0.138968 0.651775 0.015513 0.759349 1 34 1.000000
engineer_handL
  34 17.582563 36.139076 8.553767 -0.551902 0.493694 0.672064 0.022692 0.738112 1 34 1.000000
  34 17.431906 36.005367 8.468070 -0.823979 0.301216 0.479924 0.015880 0.736926 2 34 0.902902 32 0.097098
  34 17.497202 35.997185 8.531082 -0.553638 0.448063 0.701943 0.017783 0.738931 1 34 1.000000
engineer_handL
  34 17.669277 35.569981 9.044980 -0.430486 -0.067022 0.900105 0.019472 0.761597 1 34 1.000000
  34 17.544563 35.669209 8.913910 -0.420461 0.619451 0.662942 0.017211 0.758111 1 34 1.000000
  34 17.496262 35.609730 8.915678 -0.745572 0.138968 0.651775 0.015513 0.759349 1 34 1.000000
engineer_handL
  34 17.963409 36.682579 8.355414 -0.247983 0.529077 0.811531 0.042256 0.725499 2 34 0.619945 32 0.380056
  32 18.003515 37.102318 8.101608 -0.247983 0.529077 0.811531 0.050575 0.710064 2 32 0.598404 34 0.401596
  32 17.541836 36.957146 7.958562 -0.586123 0.473606 0.657386 0.033466 0.704002 2 32 0.543236 34 0.456764
engineer_handL
  34 17.963409 36.682579 8.355414 -0.247983 0.529077 0.811531 0.042256 0.725499 2 34 0.619945 32 0.380056
  32 17.541836 36.957146 7.958562 -0.586123 0.473606 0.657386 0.033466 0.704002 2 32 0.543236 34 0.456764
  34 17.536907 36.555832 8.220446 -0.553638 0.448063 0.701943 0.027258 0.719529 2 34 0.603640 32 0.396361
engineer_handL
  34 17.536907 36.555832 8.220446 -0.553638 0.448063 0.701943 0.027258 0.719529 2 34 0.603640 32 0.396361
  34 17.948181 36.448196 8.491455 -0.244027 0.589730 0.769850 0.037919 0.734144 2 34 0.856304 32 0.143696
  34 17.963409 36.682579 8.355414 -0.247983 0.529077 0.811531 0.042256 0.725499 2 34 0.619945 32 0.380056
engineer_handL
  34 17.536907 36.555832 8.220446 -0.553638 0.448063 0.701943 0.027258 0.719529 2 34 0.603640 32 0.396361
  34 17.574577 36.329334 8.383781 -0.551902 0.493694 0.672064 0.024975 0.728820 2 34 0.807774 32 0.192227
  34 17.948181 36.448196 8.491455 -0.244027 0.589730 0.769850 0.037919 0.734144 2 34 0.856304 32 0.143696
engineer_handL
  34 17.769922 36.216160 8.619048 -0.355892 0.564781 0.744555 0.028694 0.740690 1 34 1.000000
  34 17.948181 36.448196 8.491455 -0.244027 0.589730 0.769850 0.037919 0.734144 2 34 0.856304 32 0.143696
  34 17.574577 36.329334 8.383781 -0.551902 0.493694 0.672064 0.024975 0.728820 2 34 0.807774 32 0.192227
engineer_handL
  34 17.769922 36.216160 8.619048 -0.355892 0.564781 0.744555 0.028694 0.740690 1 34 1.000000
  34 17.574577 36.329334 8.383781 -0.551902 0.493694 0.672064 0.024975 0.728820 2 34 0.807774 32 0.192227
  34 17.582563 36.139076 8.553767 -0.551902 0.493694 0.672064 0.022692 0.738112 1 34 1.000000
engineer_handL
  34 17.582563 36.139076 8.553767 -0.551902 0.493694 0.672064 0.022692 0.738112 1 34 1.000000
  34 17.574577 36.329334 8.383781 -0.551902 0.493694 0.672064 0.024975 0.728820 2 34 0.807774 32 0.192227
  34 17.395918 36.230980 8.260228 -0.877884 0.256618 0.404311 0.018169 0.727091 2 34 0.745879 32 0.254121
engineer_handL
  34 17.582563 36.139076 8.553767 -0.551902 0.493694 0.672064 0.022692 0.738112 1 34 1.000000
  34 17.395918 36.230980 8.260228 -0.877884 0.256618 0.404311 0.018169 0.727091 2 34 0.745879 32 0.254121
  34 17.431906 36.005367 8.468070 -0.823979 0.301216 0.479924 0.015880 0.736926 2 34 0.902902 32 0.097098
engineer_handL
  34 17.312300 35.631077 8.149906 -0.938528 -0.345010 0.011513 0.003234 0.736284 2 34 0.831184 32 0.168816
  34 17.431906 36.005367 8.468070 -0.823979 0.301216 0.479924 0.015880 0.736926 2 34 0.902902 32 0.097098
  34 17.395918 36.230980 8.260228 -0.877884 0.256618 0.404311 0.018169 0.727091 2 34 0.745879 32 0.254121
engineer_handL
  34 17.501482 35.327251 8.723209 -0.685196 -0.669184 0.287575 0.006301 0.760870 1 34 1.000000
  34 17.431906 36.005367 8.468070 -0.823979 0.301216 0.479924 0.015880 0.736926 2 34 0.902902 32 0.097098
  34 17.312300 35.631077 8.149906 -0.938528 -0.345010 0.011513 0.003234 0.736284 2 34 0.831184 32 0.168816
engineer_handL
  34 17.501482 35.327251 8.723209 -0.685196 -0.669184 0.287575 0.006301 0.760870 1 34 1.000000
  34 17.496262 35.609730 8.915678 -0.745572 0.138968 0.651775 0.015513 0.759349 1 34 1.000000
  34 17.431906 36.005367 8.468070 -0.823979 0.301216 0.479924 0.015880 0.736926 2 34 0.902902 32 0.097098
engineer_handL
  34 17.496262 35.609730 8.915678 -0.745572 0.138968 0.651775 0.015513 0.759349 1 34 1.000000
  34 17.501482 35.327251 8.723209 -0.685196 -0.669184 0.287575 0.006301 0.760870 1 34 1.000000
  34 17.752699 35.294571 8.889853 -0.233126 -0.814227 0.531683 0.014173 0.767877 1 34 1.000000
engineer_handL
  34 17.496262 35.609730 8.915678 -0.745572 0.138968 0.651775 0.015513 0.759349 1 34 1.000000
  34 17.752699 35.294571 8.889853 -0.233126 -0.814227 0.531683 0.014173 0.767877 1 34 1.000000
  34 17.669277 35.569981 9.044980 -0.430486 -0.067022 0.900105 0.019472 0.761597 1 34 1.000000
engineer_handL
  34 17.893202 35.583958 9.106913 -0.179217 -0.076248 0.980850 0.023432 0.763844 1 34 1.000000
  34 17.669277 35.569981 9.044980 -0.430486 -0.067022 0.900105 0.019472 0.761597 1 34 1.000000
  34 17.752699 35.294571 8.889853 -0.233126 -0.814227 0.531683 0.014173 0.767877 1 34 1.000000
engineer_handL
  34 17.893202 35.583958 9.106913 -0.179217 -0.076248 0.980850 0.023432 0.763844 1 34 1.000000
  34 17.691431 35.646404 9.017056 -0.355892 0.564781 0.744555 0.020676 0.760219 1 34 1.000000
  34 17.669277 35.569981 9.044980 -0.430486 -0.067022 0.900105 0.019472 0.761597 1 34 1.000000
engineer_handL
  34 17.669277 35.569981 9.044980 -0.430486 -0.067022 0.900105 0.019472 0.761597 1 34 1.000000
  34 17.691431 35.646404 9.017056 -0.355892 0.564781 0.744555 0.020676 0.760219 1 34 1.000000
  34 17.544563 35.669209 8.913910 -0.420461 0.619451 0.662942 0.017211 0.758111 1 34 1.000000
engineer_handL
  34 17.570892 35.684715 8.908572 -0.517414 0.542485 0.661810 0.018098 0.757465 1 34 1.000000
  34 17.544563 35.669209 8.913910 -0.420461 0.619451 0.662942 0.017211 0.758111 1 34 1.000000
  34 17.691431 35.646404 9.017056 -0.355892 0.564781 0.744555 0.020676 0.760219 1 34 1.000000
engineer_handL
  34 17.523548 35.984192 8.556759 -0.634779 0.425255 0.645146 0.018726 0.739926 1 34 1.000000
  34 17.544563 35.669209 8.913910 -0.420461 0.619451 0.662942 0.017211 0.758111 1 34 1.000000
  34 17.570892 35.684715 8.908572 -0.517414 0.542485 0.661810 0.018098 0.757465 1 34 1.000000
engineer_handL
  34 17.395918 36.230980 8.260228 -0.877884 0.256618 0.404311 0.018169 0.727091 2 34 0.745879 32 0.254121
  34 17.574577 36.329334 8.383781 -0.551902 0.493694 0.672064 0.024975 0.728820 2 34 0.807774 32 0.192227
  34 17.536907 36.555832 8.220446 -0.553638 0.448063 0.701943 0.027258 0.719529 2 34 0.603640 32 0.396361
engineer_handL
  34 17.923220 36.241005 8.663794 -0.247983 0.529077 0.811531 0.033582 0.742789 1 34 1.000000
  34 17.948181 36.448196 8.491455 -0.244027 0.589730 0.769850 0.037919 0.734144 2 34 0.856304 32 0.143696
  34 17.769922 36.216160 8.619048 -0.355892 0.564781 0.744555 0.028694 0.740690 1 34 1.000000
engineer_handL
  34 17.312300 35.631077 8.149906 -0.938528 -0.345010 0.011513 0.003234 0.736284 2 34 0.831184 32 0.168816
  34 17.395918 36.230980 8.260228 -0.877884 0.256618 0.404311 0.018169 0.727091 2 34 0.745879 32 0.254121
  34 17.278412 35.803055 7.903149 -0.955084 -0.293726 -0.039230 0.003483 0.724387 2 34 0.685177 32 0.314823
engineer_handL
  34 17.395918 36.230980 8.260228 -0.877884 0.256618 0.404311 0.018169 0.727091 2 34 0.745879 32 0.254121
  34 17.239389 35.983261 7.667684 -0.964341 -0.216699 -0.151949 0.003731 0.712490 2 34 0.557205 32 0.442795
  34 17.278412 35.803055 7.903149 -0.955084 -0.293726 -0.039230 0.003483 0.724387 2 34 0.685177 32 0.314823
engineer_handL
  34 17.395918 36.230980 8.260228 -0.877884 0.256618 0.404311 0.018169 0.727091 2 34 0.745879 32 0.254121
  34 17.370068 36.452972 8.091751 -0.877884 0.256618 0.404311 0.020457 0.717257 2 34 0.579637 32 0.420364
  34 17.239389 35.983261 7.667684 -0.964341 -0.216699 -0.151949 0.003731 0.712490 2 34 0.557205 32 0.442795
engineer_handL
  34 17.395918 36.230980 8.260228 -0.877884 0.256618 0.404311 0.018169 0.727091 2 34 0.745879 32 0.254121
  34 17.536907 36.555832 8.220446 -0.553638 0.448063 0.701943 0.027258 0.719529 2 34 0.603640 32 0.396361
  34 17.370068 36.452972 8.091751 -0.877884 0.256618 0.404311 0.020457 0.717257 2 34 0.579637 32 0.420364
engineer_handL
  32 17.380104 36.857193 7.818685 -0.898379 0.293871 0.326426 0.026746 0.700868 2 32 0.533620 34 0.466380
  34 17.370068 36.452972 8.091751 -0.877884 0.256618 0.404311 0.020457 0.717257 2 34 0.579637 32 0.420364
  34 17.536907 36.555832 8.220446 -0.553638 0.448063 0.701943 0.027258 0.719529 2 34 0.603640 32 0.396361
engineer_handL
  32 17.380104 36.857193 7.818685 -0.898379 0.293871 0.326426 0.026746 0.700868 2 32 0.533620 34 0.466380
  34 17.536907 36.555832 8.220446 -0.553638 0.448063 0.701943 0.027258 0.719529 2 34 0.603640 32 0.396361
  32 17.541836 36.957146 7.958562 -0.586123 0.473606 0.657386 0.033466 0.704002 2 32 0.543236 34 0.456764
engineer_handL
  32 17.541836 36.957146 7.958562 -0.586123 0.473606 0.657386 0.033466 0.704002 2 32 0.543236 34 0.456764
  32 17.422417 37.410431 7.391854 -0.913495 0.292211 0.283088 0.035906 0.676215 2 32 0.825236 34 0.174764
  32 17.380104 36.857193 7.818685 -0.898379 0.293871 0.326426 0.026746 0.700868 2 32 0.533620 34 0.466380
engineer_handL
  32 17.541836 36.957146 7.958562 -0.586123 0.473606 0.657386 0.033466 0.704002 2 32 0.543236 34 0.456764
  32 17.591896 37.516460 7.549728 -0.634921 0.462630 0.618747 0.043670 0.679937 2 32 0.854716 34 0.145284
  32 17.422417 37.410431 7.391854 -0.913495 0.292211 0.283088 0.035906 0.676215 2 32 0.825236 34 0.174764
engineer_handL
  32 17.386417 37.227386 6.595582 -0.965714 -0.179102 -0.187934 0.020861 0.656982 2 32 0.860392 34 0.139608
  32 17.341629 36.937645 6.843311 -0.963494 -0.107152 -0.245351 0.016963 0.669299 2 32 0.747105 34 0.252895
  32 17.422417 37.410431 7.391854 -0.913495 0.292211 0.283088 0.035906 0.676215 2 32 0.825236 34 0.174764
engineer_handL
  32 17.341629 36.937645 6.843311 -0.963494 -0.107152 -0.245351 0.016963 0.669299 2 32 0.747105 34 0.252895
  32 17.380104 36.857193 7.818685 -0.898379 0.293871 0.326426 0.026746 0.700868 2 32 0.533620 34 0.466380
  32 17.422417 37.410431 7.391854 -0.913495 0.292211 0.283088 0.035906 0.676215 2 32 0.825236 34 0.174764
engineer_handL
  32 17.341629 36.937645 6.843311 -0.963494 -0.107152 -0.245351 0.016963 0.669299 2 32 0.747105 34 0.252895
  32 17.276609 36.418995 7.275433 -0.963494 -0.107152 -0.245351 0.008864 0.693535 2 32 0.518909 34 0.481091
  32 17.380104 36.857193 7.818685 -0.898379 0.293871 0.326426 0.026746 0.700868 2 32 0.533620 34 0.466380
engineer_handL
  34 17.370068 36.452972 8.091751 -0.877884 0.256618 0.404311 0.020457 0.717257 2 34 0.579637 32 0.420364
  32 17.380104 36.857193 7.818685 -0.898379 0.293871 0.326426 0.026746 0.700868 2 32 0.533620 34 0.466380
  32 17.276609 36.418995 7.275433 -0.963494 -0.107152 -0.245351 0.008864 0.693535 2 32 0.518909 34 0.481091
engineer_handL
  34 17.370068 36.452972 8.091751 -0.877884 0.256618 0.404311 0.020457 0.717257 2 34 0.579637 32 0.420364
  32 17.276609 36.418995 7.275433 -0.963494 -0.107152 -0.245351 0.008864 0.693535 2 32 0.518909 34 0.481091
  34 17.239389 35.983261 7.667684 -0.964341 -0.216699 -0.151949 0.003731 0.712490 2 34 0.557205 32 0.442795
engineer_handL
  34 17.582563 36.139076 8.553767 -0.551902 0.493694 0.672064 0.022692 0.738112 1 34 1.000000
  34 17.497202 35.997185 8.531082 -0.553638 0.448063 0.701943 0.017783 0.738931 1 34 1.000000
  34 17.586054 36.096840 8.588881 -0.583059 0.325668 0.744300 0.022591 0.739290 1 34 1.000000
engineer_handL
  34 17.582563 36.139076 8.553767 -0.551902 0.493694 0.672064 0.022692 0.738112 1 34 1.000000
  34 17.586054 36.096840 8.588881 -0.583059 0.325668 0.744300 0.022591 0.739290 1 34 1.000000
  34 17.758545 36.168385 8.642624 -0.364315 0.397154 0.842344 0.028298 0.741779 1 34 1.000000
engineer_handL
  34 17.582563 36.139076 8.553767 -0.551902 0.493694 0.672064 0.022692 0.738112 1 34 1.000000
  34 17.758545 36.168385 8.642624 -0.364315 0.397154 0.842344 0.028298 0.741779 1 34 1.000000
  34 17.769922 36.216160 8.619048 -0.355892 0.564781 0.744555 0.028694 0.740690 1 34 1.000000
engineer_handL
  34 17.769922 36.216160 8.619048 -0.355892 0.564781 0.744555 0.028694 0.740690 1 34 1.000000
  34 17.758545 36.168385 8.642624 -0.364315 0.397154 0.842344 0.028298 0.741779 1 34 1.000000
  34 17.925083 36.205906 8.681901 -0.232414 0.441094 0.866845 0.033072 0.743836 1 34 1.000000
engineer_handL
  34 17.769922 36.216160 8.619048 -0.355892 0.564781 0.744555 0.028694 0.740690 1 34 1.000000
  34 17.925083 36.205906 8.681901 -0.232414 0.441094 0.866845 0.033072 0.743836 1 34 1.000000
  34 17.923220 36.241005 8.663794 -0.247983 0.529077 0.811531 0.033582 0.742789 1 34 1.000000
engineer_handL
  34 17.925083 36.205906 8.681901 -0.232414 0.441094 0.866845 0.033072 0.743836 1 34 1.000000
  34 18.071745 36.267216 8.668225 -0.120093 0.600531 0.790532 0.037581 0.744808 1 34 1.000000
  34 17.923220 36.241005 8.663794 -0.247983 0.529077 0.811531 0.033582 0.742789 1 34 1.000000
engineer_handL
  34 17.923220 36.241005 8.663794 -0.247983 0.529077 0.811531 0.033582 0.742789 1 34 1.000000
  34 18.071745 36.267216 8.668225 -0.120093 0.600531 0.790532 0.037581 0.744808 1 34 1.000000
  34 17.948181 36.448196 8.491455 -0.244027 0.589730 0.769850 0.037919 0.734144 2 34 0.856304 32 0.143696
engineer_handL
  34 18.364616 36.465736 8.526064 0.071014 0.555121 0.828732 0.050363 0.740744 2 34 0.774320 32 0.225680
  34 17.948181 36.448196 8.491455 -0.244027 0.589730 0.769850 0.037919 0.734144 2 34 0.856304 32 0.143696
  34 18.071745 36.267216 8.668225 -0.120093 0.600531 0.790532 0.037581 0.744808 1 34 1.000000
engineer_handL
  34 17.963409 36.682579 8.355414 -0.247983 0.529077 0.811531 0.042256 0.725499 2 34 0.619945 32 0.380056
  34 17.948181 36.448196 8.491455 -0.244027 0.589730 0.769850 0.037919 0.734144 2 34 0.856304 32 0.143696
  34 18.364616 36.465736 8.526064 0.071014 0.555121 0.828732 0.050363 0.740744 2 34 0.774320 32 0.225680
engineer_handL
  34 17.963409 36.682579 8.355414 -0.247983 0.529077 0.811531 0.042256 0.725499 2 34 0.619945 32 0.380056
  34 18.364616 36.465736 8.526064 0.071014 0.555121 0.828732 0.050363 0.740744 2 34 0.774320 32 0.225680
  34 18.410044 36.705292 8.393771 0.097243 0.508821 0.855362 0.055911 0.733028 2 34 0.565733 32 0.434267
engineer_handL
  34 18.410044 36.705292 8.393771 0.097243 0.508821 0.855362 0.055911 0.733028 2 34 0.565733 32 0.434267
  32 18.003515 37.102318 8.101608 -0.247983 0.529077 0.811531 0.050575 0.710064 2 32 0.598404 34 0.401596
  34 17.963409 36.682579 8.355414 -0.247983 0.529077 0.811531 0.042256 0.725499 2 34 0.619945 32 0.380056
engineer_handL
  34 18.410044 36.705292 8.393771 0.097243 0.508821 0.855362 0.055911 0.733028 2 34 0.565733 32 0.434267
  32 18.459629 37.122665 8.128257 0.147218 0.513715 0.845236 0.065817 0.717505 2 32 0.603203 34 0.396797
  32 18.003515 37.102318 8.101608 -0.247983 0.529077 0.811531 0.050575 0.710064 2 32 0.598404 34 0.401596
engineer_handL
  32 18.459629 37.122665 8.128257 0.147218 0.513715 0.845236 0.065817 0.717505 2 32 0.603203 34 0.396797
  32 18.054346 37.708210 7.747620 -0.247983 0.529077 0.811531 0.062978 0.686439 2 32 0.893892 34 0.106108
  32 18.003515 37.102318 8.101608 -0.247983 0.529077 0.811531 0.050575 0.710064 2 32 0.598404 34 0.401596
engineer_handL
  32 18.459629 37.122665 8.128257 0.147218 0.513715 0.845236 0.065817 0.717505 2 32 0.603203 34 0.396797
  32 18.573273 37.723175 7.741785 0.172492 0.466473 0.867554 0.083650 0.694314 2 32 0.891289 34 0.108712
  32 18.054346 37.708210 7.747620 -0.247983 0.529077 0.811531 0.062978 0.686439 2 32 0.893892 34 0.106108
engineer_handL
  32 18.072931 38.110905 7.551359 -0.279361 0.446858 0.849868 0.070079 0.672511 1 32 1.000000
  32 18.054346 37.708210 7.747620 -0.247983 0.529077 0.811531 0.062978 0.686439 2 32 0.893892 34 0.106108
  32 18.573273 37.723175 7.741785 0.172492 0.466473 0.867554 0.083650 0.694314 2 32 0.891289 34 0.108712
engineer_handL
  32 18.072931 38.110905 7.551359 -0.279361 0.446858 0.849868 0.070079 0.672511 1 32 1.000000
  32 18.573273 37.723175 7.741785 0.172492 0.466473 0.867554 0.083650 0.694314 2 32 0.891289 34 0.108712
  32 18.656733 38.110565 7.522266 0.168636 0.402849 0.899597 0.095374 0.681334 1 32 1.000000
engineer_handL
  32 18.656733 38.110565 7.522266 0.168636 0.402849 0.899597 0.095374 0.681334 1 32 1.000000
  30 18.130808 38.762154 7.237222 -0.298316 0.591072 0.749427 0.082812 0.646978 2 30 0.533092 32 0.466908
  32 18.072931 38.110905 7.551359 -0.279361 0.446858 0.849868 0.070079 0.672511 1 32 1.000000
engineer_handL
  32 18.656733 38.110565 7.522266 0.168636 0.402849 0.899597 0.095374 0.681334 1 32 1.000000
  30 18.855061 38.814354 7.207930 0.147218 0.513715 0.845236 0.104307 0.652441 2 30 0.565214 32 0.434786
  30 18.130808 38.762154 7.237222 -0.298316 0.591072 0.749427 0.082812 0.646978 2 30 0.533092 32 0.466908
engineer_handL
  34 17.604282 35.753361 8.913121 -0.634779 0.425255 0.645146 0.021233 0.755180 1 34 1.000000
  34 17.757818 36.127583 8.657621 -0.384019 0.484912 0.785742 0.027913 0.742839 1 34 1.000000
  34 17.590561 36.058918 8.600826 -0.607451 0.380029 0.697554 0.022488 0.740501 1 34 1.000000
engineer_handL
  34 17.757818 36.127583 8.657621 -0.384019 0.484912 0.785742 0.027913 0.742839 1 34 1.000000
  34 17.586054 36.096840 8.588881 -0.583059 0.325668 0.744300 0.022591 0.739290 1 34 1.000000
  34 17.590561 36.058918 8.600826 -0.607451 0.380029 0.697554 0.022488 0.740501 1 34 1.000000
engineer_handL
  34 17.757818 36.127583 8.657621 -0.384019 0.484912 0.785742 0.027913 0.742839 1 34 1.000000
  34 17.758545 36.168385 8.642624 -0.364315 0.397154 0.842344 0.028298 0.741779 1 34 1.000000
  34 17.586054 36.096840 8.588881 -0.583059 0.325668 0.744300 0.022591 0.739290 1 34 1.000000
engineer_handL
  34 17.927784 36.169781 8.695196 -0.247983 0.529077 0.811531 0.032578 0.744849 1 34 1.000000
  34 17.758545 36.168385 8.642624 -0.364315 0.397154 0.842344 0.028298 0.741779 1 34 1.000000
  34 17.757818 36.127583 8.657621 -0.384019 0.484912 0.785742 0.027913 0.742839 1 34 1.000000
engineer_handL
  34 17.927784 36.169781 8.695196 -0.247983 0.529077 0.811531 0.032578 0.744849 1 34 1.000000
  34 17.925083 36.205906 8.681901 -0.232414 0.441094 0.866845 0.033072 0.743836 1 34 1.000000
  34 17.758545 36.168385 8.642624 -0.364315 0.397154 0.842344 0.028298 0.741779 1 34 1.000000
engineer_handL
  34 17.927784 36.169781 8.695196 -0.247983 0.529077 0.811531 0.032578 0.744849 1 34 1.000000
  34 18.084705 36.215435 8.705501 -0.104038 0.449499 0.887202 0.037081 0.746032 1 34 1.000000
  34 17.925083 36.205906 8.681901 -0.232414 0.441094 0.866845 0.033072 0.743836 1 34 1.000000
engineer_handL
  34 17.925083 36.205906 8.681901 -0.232414 0.441094 0.866845 0.033072 0.743836 1 34 1.000000
  34 18.084705 36.215435 8.705501 -0.104038 0.449499 0.887202 0.037081 0.746032 1 34 1.000000
  34 18.071745 36.267216 8.668225 -0.120093 0.600531 0.790532 0.037581 0.744808 1 34 1.000000
engineer_handL
  34 18.328129 36.258251 8.687567 0.100920 0.581560 0.807220 0.044815 0.748460 1 34 1.000000
  34 18.071745 36.267216 8.668225 -0.120093 0.600531 0.790532 0.037581 0.744808 1 34 1.000000
  34 18.084705 36.215435 8.705501 -0.104038 0.449499 0.887202 0.037081 0.746032 1 34 1.000000
engineer_handL
  34 18.364616 36.465736 8.526064 0.071014 0.555121 0.828732 0.050363 0.740744 2 34 0.774320 32 0.225680
  34 18.071745 36.267216 8.668225 -0.120093 0.600531 0.790532 0.037581 0.744808 1 34 1.000000
  34 18.328129 36.258251 8.687567 0.100920 0.581560 0.807220 0.044815 0.748460 1 34 1.000000
engineer_handL
  34 18.328129 36.258251 8.687567 0.100920 0.581560 0.807220 0.044815 0.748460 1 34 1.000000
  34 18.570290 36.419239 8.507208 0.581590 0.375812 0.721469 0.055742 0.745592 2 34 0.716471 32 0.283529
  34 18.364616 36.465736 8.526064 0.071014 0.555121 0.828732 0.050363 0.740744 2 34 0.774320 32 0.225680
engineer_handL
  34 18.410044 36.705292 8.393771 0.097243 0.508821 0.855362 0.055911 0.733028 2 34 0.565733 32 0.434267
  34 18.364616 36.465736 8.526064 0.071014 0.555121 0.828732 0.050363 0.740744 2 34 0.774320 32 0.225680
  34 18.570290 36.419239 8.507208 0.581590 0.375812 0.721469 0.055742 0.745592 2 34 0.716471 32 0.283529
engineer_handL
  34 18.410044 36.705292 8.393771 0.097243 0.508821 0.855362 0.055911 0.733028 2 34 0.565733 32 0.434267
  34 18.570290 36.419239 8.507208 0.581590 0.375812 0.721469 0.055742 0.745592 2 34 0.716471 32 0.283529
  34 18.621634 36.658443 8.349010 0.612932 0.360554 0.703076 0.061588 0.737857 2 34 0.541856 32 0.458144
engineer_handL
  32 18.459629 37.122665 8.128257 0.147218 0.513715 0.845236 0.065817 0.717505 2 32 0.603203 34 0.396797
  34 18.410044 36.705292 8.393771 0.097243 0.508821 0.855362 0.055911 0.733028 2 34 0.565733 32 0.434267
  34 18.621634 36.658443 8.349010 0.612932 0.360554 0.703076 0.061588 0.737857 2 34 0.541856 32 0.458144
engineer_handL
  32 18.459629 37.122665 8.128257 0.147218 0.513715 0.845236 0.065817 0.717505 2 32 0.603203 34 0.396797
  34 18.621634 36.658443 8.349010 0.612932 0.360554 0.703076 0.061588 0.737857 2 34 0.541856 32 0.458144
  32 18.679424 37.045853 8.072727 0.653482 0.344303 0.674104 0.071781 0.722567 2 32 0.588827 34 0.411173
engineer_handL
  32 18.573273 37.723175 7.741785 0.172492 0.466473 0.867554 0.083650 0.694314 2 32 0.891289 34 0.108712
  32 18.459629 37.122665 8.128257 0.147218 0.513715 0.845236 0.065817 0.717505 2 32 0.603203 34 0.396797
  32 18.679424 37.045853 8.072727 0.653482 0.344303 0.674104 0.071781 0.722567 2 32 0.588827 34 0.411173
engineer_handL
  32 18.573273 37.723175 7.741785 0.172492 0.466473 0.867554 0.083650 0.694314 2 32 0.891289 34 0.108712
  32 18.679424 37.045853 8.072727 0.653482 0.344303 0.674104 0.071781 0.722567 2 32 0.588827 34 0.411173
  32 18.823782 37.644390 7.669870 0.626912 0.237351 0.742055 0.090309 0.700067 2 32 0.873499 34 0.126501
engineer_handL
  32 18.656733 38.110565 7.522266 0.168636 0.402849 0.899597 0.095374 0.681334 1 32 1.000000
  32 18.573273 37.723175 7.741785 0.172492 0.466473 0.867554 0.083650 0.694314 2 32 0.891289 34 0.108712
  32 18.823782 37.644390 7.669870 0.626912 0.237351 0.742055 0.090309 0.700067 2 32 0.873499 34 0.126501
engineer_handL
  32 18.656733 38.110565 7.522266 0.168636 0.402849 0.899597 0.095374 0.681334 1 32 1.000000
  32 18.823782 37.644390 7.669870 0.626912 0.237351 0.742055 0.090309 0.700067 2 32 0.873499 34 0.126501
  32 19.039856 38.029110 7.429100 0.475456 0.155835 0.865827 0.102441 0.687262 1 32 1.000000
engineer_handL
  38 22.858652 37.506050 6.721468 0.867703 0.349783 0.353190 0.252494 0.752838 1 38 1.000000
  38 22.463556 37.994011 7.058333 0.691046 0.497317 0.524530 0.225570 0.737323 1 38 1.000000
  38 22.523556 37.637756 7.305348 0.651378 0.471203 0.594705 0.222070 0.754012 1 38 1.000000
engineer_handL
  38 22.463556 37.994011 7.058333 0.691046 0.497317 0.524530 0.225570 0.737323 1 38 1.000000
  38 22.301119 37.642136 7.427282 0.147218 0.513714 0.845236 0.215413 0.755346 1 38 1.000000
  38 22.523556 37.637756 7.305348 0.651378 0.471203 0.594705 0.222070 0.754012 1 38 1.000000
engineer_handL
  38 22.463556 37.994011 7.058333 0.691046 0.497317 0.524530 0.225570 0.737323 1 38 1.000000
  38 22.175310 38.337856 7.000007 0.329442 0.583959 0.741930 0.219829 0.719956 1 38 1.000000
  38 22.301119 37.642136 7.427282 0.147218 0.513714 0.845236 0.215413 0.755346 1 38 1.000000
engineer_handL
  38 22.301119 37.642136 7.427282 0.147218 0.513714 0.845236 0.215413 0.755346 1 38 1.000000
  38 22.175310 38.337856 7.000007 0.329442 0.583959 0.741930 0.219829 0.719956 1 38 1.000000
  38 21.066006 37.612045 7.240850 -0.317097 0.268000 0.909739 0.179951 0.728863 1 38 1.000000
engineer_handL
  38 21.066006 37.612045 7.240850 -0.317097 0.268000 0.909739 0.179951 0.728863 1 38 1.000000
  38 22.175310 38.337856 7.000007 0.329442 0.583959 0.741930 0.219829 0.719956 1 38 1.000000
  36 21.667723 38.798939 6.765472 0.241523 0.549086 0.800107 0.213384 0.685961 2 36 0.542471 38 0.457529
engineer_handL
  38 21.066006 37.612045 7.240850 -0.317097 0.268000 0.909739 0.179951 0.728863 1 38 1.000000
  36 21.667723 38.798939 6.765472 0.241523 0.549086 0.800107 0.213384 0.685961 2 36 0.542471 38 0.457529
  38 20.700239 37.905502 7.026333 -0.118494 0.105360 0.987349 0.170190 0.702178 1 38 1.000000
engineer_handL
  36 20.362835 38.787247 6.819346 0.119507 0.367038 0.922497 0.160313 0.662925 2 36 0.572485 38 0.427515
  38 20.700239 37.905502 7.026333 -0.118494 0.105360 0.987349 0.170190 0.702178 1 38 1.000000
  36 21.667723 38.798939 6.765472 0.241523 0.549086 0.800107 0.213384 0.685961 2 36 0.542471 38 0.457529
engineer_handL
  36 20.362835 38.787247 6.819346 0.119507 0.367038 0.922497 0.160313 0.662925 2 36 0.572485 38 0.427515
  36 20.314108 37.993279 6.990255 0.092283 0.019425 0.995543 0.152454 0.693105 2 36 0.502088 38 0.497913
  38 20.700239 37.905502 7.026333 -0.118494 0.105360 0.987349 0.170190 0.702178 1 38 1.000000
engineer_handL
  36 20.314108 37.993279 6.990255 0.092283 0.019425 0.995543 0.152454 0.693105 2 36 0.502088 38 0.497913
  36 20.362835 38.787247 6.819346 0.119507 0.367038 0.922497 0.160313 0.662925 2 36 0.572485 38 0.427515
  30 19.444668 38.671555 7.059671 0.256191 0.284124 0.923926 0.116793 0.659009 2 30 0.571800 32 0.428200
engineer_handL
  36 20.314108 37.993279 6.990255 0.092283 0.019425 0.995543 0.152454 0.693105 2 36 0.502088 38 0.497913
  30 19.444668 38.671555 7.059671 0.256191 0.284124 0.923926 0.116793 0.659009 2 30 0.571800 32 0.428200
  32 19.855274 37.735889 7.039544 0.223464 -0.234042 0.946197 0.131509 0.699810 3 32 0.641271 30 0.250164 34 0.108566
engineer_handL
  32 19.039856 38.029110 7.429100 0.475456 0.155835 0.865827 0.102441 0.687262 1 32 1.000000
  32 19.855274 37.735889 7.039544 0.223464 -0.234042 0.946197 0.131509 0.699810 3 32 0.641271 30 0.250164 34 0.108566
  30 19.444668 38.671555 7.059671 0.256191 0.284124 0.923926 0.116793 0.659009 2 30 0.571800 32 0.428200
engineer_handL
  32 19.039856 38.029110 7.429100 0.475456 0.155835 0.865827 0.102441 0.687262 1 32 1.000000
  32 19.282635 37.459652 7.085581 0.622157 -0.333687 0.708219 0.110510 0.707639 2 32 0.873080 34 0.126920
  32 19.855274 37.735889 7.039544 0.223464 -0.234042 0.946197 0.131509 0.699810 3 32 0.641271 30 0.250164 34 0.108566
engineer_handL
  32 18.823782 37.644390 7.669870 0.626912 0.237351 0.742055 0.090309 0.700067 2 32 0.873499 34 0.126501
  32 19.282635 37.459652 7.085581 0.622157 -0.333687 0.708219 0.110510 0.707639 2 32 0.873080 34 0.126920
  32 19.039856 38.029110 7.429100 0.475456 0.155835 0.865827 0.102441 0.687262 1 32 1.000000
engineer_handL
  32 18.823782 37.644390 7.669870 0.626912 0.237351 0.742055 0.090309 0.700067 2 32 0.873499 34 0.126501
  32 19.092010 37.191227 7.257342 0.912346 -0.158140 0.377646 0.101563 0.716276 2 32 0.837066 34 0.162934
  32 19.282635 37.459652 7.085581 0.622157 -0.333687 0.708219 0.110510 0.707639 2 32 0.873080 34 0.126920
engineer_handL
  32 19.092010 37.191227 7.257342 0.912346 -0.158140 0.377646 0.101563 0.716276 2 32 0.837066 34 0.162934
  32 18.823782 37.644390 7.669870 0.626912 0.237351 0.742055 0.090309 0.700067 2 32 0.873499 34 0.126501
  32 18.679424 37.045853 8.072727 0.653482 0.344303 0.674104 0.071781 0.722567 2 32 0.588827 34 0.411173
engineer_handL
  32 19.092010 37.191227 7.257342 0.912346 -0.158140 0.377646 0.101563 0.716276 2 32 0.837066 34 0.162934
  32 18.679424 37.045853 8.072727 0.653482 0.344303 0.674104 0.071781 0.722567 2 32 0.588827 34 0.411173
  32 18.970144 36.691330 7.649307 0.964504 -0.038860 0.261194 0.085362 0.733776 2 32 0.579131 34 0.420869
engineer_handL
  34 18.621634 36.658443 8.349010 0.612932 0.360554 0.703076 0.061588 0.737857 2 34 0.541856 32 0.458144
  32 18.970144 36.691330 7.649307 0.964504 -0.038860 0.261194 0.085362 0.733776 2 32 0.579131 34 0.420869
  32 18.679424 37.045853 8.072727 0.653482 0.344303 0.674104 0.071781 0.722567 2 32 0.588827 34 0.411173
engineer_handL
  34 18.621634 36.658443 8.349010 0.612932 0.360554 0.703076 0.061588 0.737857 2 34 0.541856 32 0.458144
  34 18.899691 36.269493 8.013758 0.964504 -0.038860 0.261194 0.073412 0.747175 2 34 0.529336 32 0.470664
  32 18.970144 36.691330 7.649307 0.964504 -0.038860 0.261194 0.085362 0.733776 2 32 0.579131 34 0.420869
engineer_handL
  66 20.583275 31.819019 2.109215 -0.714009 0.174223 -0.678114 0.622477 0.906510 1 66 1.000000
  66 20.502203 31.628151 2.178213 -0.818175 -0.119626 -0.562387 0.626280 0.916189 1 66 1.000000
  66 20.433372 31.663725 2.312167 -0.963494 -0.107152 -0.245351 0.628587 0.916804 1 66 1.000000
engineer_handL
  66 20.956371 32.541763 2.225573 -0.835210 0.533336 -0.134076 0.632602 0.881622 2 66 0.841932 64 0.158069
  66 20.769875 32.332939 2.297348 -0.786712 0.593181 -0.170942 0.632368 0.892705 1 66 1.000000
  66 20.922367 32.408218 2.711854 -0.504848 0.599132 0.621425 0.642940 0.894257 1 66 1.000000
engineer_handL
  66 20.768385 32.230671 2.761338 -0.504848 0.599132 0.621425 0.641135 0.901766 1 66 1.000000
  66 20.922367 32.408218 2.711854 -0.504848 0.599132 0.621425 0.642940 0.894257 1 66 1.000000
  66 20.769875 32.332939 2.297348 -0.786712 0.593181 -0.170942 0.632368 0.892705 1 66 1.000000
engineer_handL
  66 20.768385 32.230671 2.761338 -0.504848 0.599132 0.621425 0.641135 0.901766 1 66 1.000000
  66 20.769875 32.332939 2.297348 -0.786712 0.593181 -0.170942 0.632368 0.892705 1 66 1.000000
  66 20.617607 32.137634 2.365306 -0.835210 0.533336 -0.134076 0.632309 0.900070 1 66 1.000000
engineer_handL
  66 20.768385 32.230671 2.761338 -0.504848 0.599132 0.621425 0.641135 0.901766 1 66 1.000000
  66 20.617607 32.137634 2.365306 -0.835210 0.533336 -0.134076 0.632309 0.900070 1 66 1.000000
  66 20.543444 32.009560 2.594908 -0.865057 0.491487 0.100581 0.635475 0.909155 1 66 1.000000
engineer_handL
  66 20.543444 32.009560 2.594908 -0.865057 0.491487 0.100581 0.635475 0.909155 1 66 1.000000
  66 20.617607 32.137634 2.365306 -0.835210 0.533336 -0.134076 0.632309 0.900070 1 66 1.000000
  66 20.531799 31.974867 2.449356 -0.914657 0.397073 -0.075737 0.632243 0.908283 1 66 1.000000
engineer_handL
  66 20.440296 31.760046 2.697499 -0.951158 0.031866 0.307057 0.633949 0.918016 1 66 1.000000
  66 20.543444 32.009560 2.594908 -0.865057 0.491487 0.100581 0.635475 0.909155 1 66 1.000000
  66 20.531799 31.974867 2.449356 -0.914657 0.397073 -0.075737 0.632243 0.908283 1 66 1.000000
engineer_handL
  66 20.440296 31.760046 2.697499 -0.951158 0.031866 0.307057 0.633949 0.918016 1 66 1.000000
  66 20.531799 31.974867 2.449356 -0.914657 0.397073 -0.075737 0.632243 0.908283 1 66 1.000000
  66 20.416840 31.697968 2.530320 -0.997583 -0.057692 0.038730 0.631757 0.917649 1 66 1.000000
engineer_handL
  66 20.433372 31.663725 2.312167 -0.963494 -0.107152 -0.245351 0.628587 0.916804 1 66 1.000000
  66 20.416840 31.697968 2.530320 -0.997583 -0.057692 0.038730 0.631757 0.917649 1 66 1.000000
  66 20.531799 31.974867 2.449356 -0.914657 0.397073 -0.075737 0.632243 0.908283 1 66 1.000000
engineer_handL
  66 20.433372 31.663725 2.312167 -0.963494 -0.107152 -0.245351 0.628587 0.916804 1 66 1.000000
  66 20.531799 31.974867 2.449356 -0.914657 0.397073 -0.075737 0.632243 0.908283 1 66 1.000000
  66 20.531794 31.919180 2.278607 -0.889253 0.340200 -0.305765 0.627720 0.907462 1 66 1.000000
engineer_handL
  66 20.583275 31.819019 2.109215 -0.714009 0.174223 -0.678114 0.622477 0.906510 1 66 1.000000
  66 20.433372 31.663725 2.312167 -0.963494 -0.107152 -0.245351 0.628587 0.916804 1 66 1.000000
  66 20.531794 31.919180 2.278607 -0.889253 0.340200 -0.305765 0.627720 0.907462 1 66 1.000000
engineer_handL
  66 20.745920 32.024902 2.019132 -0.669509 0.287390 -0.684956 0.620887 0.897532 1 66 1.000000
  66 20.583275 31.819019 2.109215 -0.714009 0.174223 -0.678114 0.622477 0.906510 1 66 1.000000
  66 20.531794 31.919180 2.278607 -0.889253 0.340200 -0.305765 0.627720 0.907462 1 66 1.000000
engineer_handL
  66 20.745920 32.024902 2.019132 -0.669509 0.287390 -0.684956 0.620887 0.897532 1 66 1.000000
  66 20.531794 31.919180 2.278607 -0.889253 0.340200 -0.305765 0.627720 0.907462 1 66 1.000000
  66 20.617607 32.137634 2.365306 -0.835210 0.533336 -0.134076 0.632309 0.900070 1 66 1.000000
engineer_handL
  66 20.745920 32.024902 2.019132 -0.669509 0.287390 -0.684956 0.620887 0.897532 1 66 1.000000
  66 20.617607 32.137634 2.365306 -0.835210 0.533336 -0.134076 0.632309 0.900070 1 66 1.000000
  66 20.769875 32.332939 2.297348 -0.786712 0.593181 -0.170942 0.632368 0.892705 1 66 1.000000
engineer_handL
  66 20.745920 32.024902 2.019132 -0.669509 0.287390 -0.684956 0.620887 0.897532 1 66 1.000000
  66 20.769875 32.332939 2.297348 -0.786712 0.593181 -0.170942 0.632368 0.892705 1 66 1.000000
  66 20.911022 32.189831 1.938287 -0.669509 0.287390 -0.684956 0.619461 0.889481 1 66 1.000000
engineer_handL
  66 20.956371 32.541763 2.225573 -0.835210 0.533336 -0.134076 0.632602 0.881622 2 66 0.841932 64 0.158069
  66 20.911022 32.189831 1.938287 -0.669509 0.287390 -0.684956 0.619461 0.889481 1 66 1.000000
  66 20.769875 32.332939 2.297348 -0.786712 0.593181 -0.170942 0.632368 0.892705 1 66 1.000000
engineer_handL
  66 20.956371 32.541763 2.225573 -0.835210 0.533336 -0.134076 0.632602 0.881622 2 66 0.841932 64 0.158069
  66 21.094488 32.399693 1.836332 -0.683858 0.234217 -0.691000 0.618564 0.878479 2 66 0.777032 64 0.222968
  66 20.911022 32.189831 1.938287 -0.669509 0.287390 -0.684956 0.619461 0.889481 1 66 1.000000
engineer_handL
  66 21.131655 32.813999 2.143727 -0.878793 0.457849 -0.134526 0.633667 0.868047 2 66 0.631892 64 0.368109
  66 21.094488 32.399693 1.836332 -0.683858 0.234217 -0.691000 0.618564 0.878479 2 66 0.777032 64 0.222968
  66 20.956371 32.541763 2.225573 -0.835210 0.533336 -0.134076 0.632602 0.881622 2 66 0.841932 64 0.158069
engineer_handL
  66 21.131655 32.813999 2.143727 -0.878793 0.457849 -0.134526 0.633667 0.868047 2 66 0.631892 64 0.368109
  66 21.268726 32.668022 1.733507 -0.714009 0.174223 -0.678114 0.618137 0.864862 2 66 0.571175 64 0.428825
  66 21.094488 32.399693 1.836332 -0.683858 0.234217 -0.691000 0.618564 0.878479 2 66 0.777032 64 0.222968
engineer_handL
  66 20.617607 32.137634 2.365306 -0.835210 0.533336 -0.134076 0.632309 0.900070 1 66 1.000000
  66 20.531794 31.919180 2.278607 -0.889253 0.340200 -0.305765 0.627720 0.907462 1 66 1.000000
  66 20.531799 31.974867 2.449356 -0.914657 0.397073 -0.075737 0.632243 0.908283 1 66 1.000000
engineer_handL
  66 20.502203 31.628151 2.178213 -0.818175 -0.119626 -0.562387 0.626280 0.916189 1 66 1.000000
  66 20.601164 31.495785 2.118510 -0.551135 -0.571456 -0.608020 0.623905 0.917118 1 66 1.000000
  66 20.533041 31.496277 2.341679 -0.678036 -0.730309 -0.083157 0.627045 0.918706 1 66 1.000000
engineer_handL
  66 20.502203 31.628151 2.178213 -0.818175 -0.119626 -0.562387 0.626280 0.916189 1 66 1.000000
  66 20.533041 31.496277 2.341679 -0.678036 -0.730309 -0.083157 0.627045 0.918706 1 66 1.000000
  66 20.433372 31.663725 2.312167 -0.963494 -0.107152 -0.245351 0.628587 0.916804 1 66 1.000000
engineer_handL
  66 20.433372 31.663725 2.312167 -0.963494 -0.107152 -0.245351 0.628587 0.916804 1 66 1.000000
  66 20.533041 31.496277 2.341679 -0.678036 -0.730309 -0.083157 0.627045 0.918706 1 66 1.000000
  66 20.512712 31.530779 2.562321 -0.695861 -0.690069 0.198955 0.630780 0.920594 1 66 1.000000
engineer_handL
  66 20.433372 31.663725 2.312167 -0.963494 -0.107152 -0.245351 0.628587 0.916804 1 66 1.000000
  66 20.512712 31.530779 2.562321 -0.695861 -0.690069 0.198955 0.630780 0.920594 1 66 1.000000
  66 20.416840 31.697968 2.530320 -0.997583 -0.057692 0.038730 0.631757 0.917649 1 66 1.000000
engineer_handL
  66 20.416840 31.697968 2.530320 -0.997583 -0.057692 0.038730 0.631757 0.917649 1 66 1.000000
  66 20.512712 31.530779 2.562321 -0.695861 -0.690069 0.198955 0.630780 0.920594 1 66 1.000000
  66 20.531803 31.607334 2.757139 -0.616799 -0.571485 0.541262 0.634161 0.920347 1 66 1.000000
engineer_handL
  66 20.416840 31.697968 2.530320 -0.997583 -0.057692 0.038730 0.631757 0.917649 1 66 1.000000
  66 20.531803 31.607334 2.757139 -0.616799 -0.571485 0.541262 0.634161 0.920347 1 66 1.000000
  66 20.440296 31.760046 2.697499 -0.951158 0.031866 0.307057 0.633949 0.918016 1 66 1.000000
engineer_handL
  66 20.531803 31.607334 2.757139 -0.616799 -0.571485 0.541262 0.634161 0.920347 1 66 1.000000
  66 20.509937 31.811926 2.825788 -0.732616 0.193875 0.652446 0.635629 0.918297 1 66 1.000000
  66 20.440296 31.760046 2.697499 -0.951158 0.031866 0.307057 0.633949 0.918016 1 66 1.000000
engineer_handL
  66 20.543444 32.009560 2.594908 -0.865057 0.491487 0.100581 0.635475 0.909155 1 66 1.000000
  66 20.440296 31.760046 2.697499 -0.951158 0.031866 0.307057 0.633949 0.918016 1 66 1.000000
  66 20.509937 31.811926 2.825788 -0.732616 0.193875 0.652446 0.635629 0.918297 1 66 1.000000
engineer_handL
  66 20.543444 32.009560 2.594908 -0.865057 0.491487 0.100581 0.635475 0.909155 1 66 1.000000
  66 20.509937 31.811926 2.825788 -0.732616 0.193875 0.652446 0.635629 0.918297 1 66 1.000000
  66 20.630016 32.037251 2.803833 -0.581290 0.507707 0.635873 0.639123 0.910139 1 66 1.000000
engineer_handL
  66 20.768385 32.230671 2.761338 -0.504848 0.599132 0.621425 0.641135 0.901766 1 66 1.000000
  66 20.543444 32.009560 2.594908 -0.865057 0.491487 0.100581 0.635475 0.909155 1 66 1.000000
  66 20.630016 32.037251 2.803833 -0.581290 0.507707 0.635873 0.639123 0.910139 1 66 1.000000
engineer_handL
  66 20.834776 31.984655 2.876184 -0.036853 0.230716 0.972323 0.643104 0.910018 1 66 1.000000
  66 20.768385 32.230671 2.761338 -0.504848 0.599132 0.621425 0.641135 0.901766 1 66 1.000000
  66 20.630016 32.037251 2.803833 -0.581290 0.507707 0.635873 0.639123 0.910139 1 66 1.000000
engineer_handL
  66 20.834776 31.984655 2.876184 -0.036853 0.230716 0.972323 0.643104 0.910018 1 66 1.000000
  66 21.040472 32.183014 2.817014 0.039433 0.226234 0.973274 0.645875 0.900704 1 66 1.000000
  66 20.768385 32.230671 2.761338 -0.504848 0.599132 0.621425 0.641135 0.901766 1 66 1.000000
engineer_handL
  66 21.040472 32.183014 2.817014 0.039433 0.226234 0.973274 0.645875 0.900704 1 66 1.000000
  66 20.922367 32.408218 2.711854 -0.504848 0.599132 0.621425 0.642940 0.894257 1 66 1.000000
  66 20.768385 32.230671 2.761338 -0.504848 0.599132 0.621425 0.641135 0.901766 1 66 1.000000
engineer_handL
  66 21.040472 32.183014 2.817014 0.039433 0.226234 0.973274 0.645875 0.900704 1 66 1.000000
  66 21.232849 32.350502 2.770020 0.039433 0.226234 0.973274 0.648359 0.892351 2 66 0.935028 64 0.064972
  66 20.922367 32.408218 2.711854 -0.504848 0.599132 0.621425 0.642940 0.894257 1 66 1.000000
engineer_handL
  66 21.081167 32.619125 2.645954 -0.537960 0.562165 0.628148 0.644655 0.883673 2 66 0.800916 64 0.199084
  66 20.922367 32.408218 2.711854 -0.504848 0.599132 0.621425 0.642940 0.894257 1 66 1.000000
  66 21.232849 32.350502 2.770020 0.039433 0.226234 0.973274 0.648359 0.892351 2 66 0.935028 64 0.064972
engineer_handL
  66 21.081167 32.619125 2.645954 -0.537960 0.562165 0.628148 0.644655 0.883673 2 66 0.800916 64 0.199084
  66 21.232849 32.350502 2.770020 0.039433 0.226234 0.973274 0.648359 0.892351 2 66 0.935028 64 0.064972
  66 21.427013 32.578568 2.710458 0.039433 0.226234 0.973274 0.650980 0.882071 2 66 0.699883 64 0.300118
engineer_handL
  66 21.253391 32.896034 2.574567 -0.551902 0.493694 0.672064 0.647471 0.870657 2 66 0.595321 64 0.404679
  66 21.081167 32.619125 2.645954 -0.537960 0.562165 0.628148 0.644655 0.883673 2 66 0.800916 64 0.199084
  66 21.427013 32.578568 2.710458 0.039433 0.226234 0.973274 0.650980 0.882071 2 66 0.699883 64 0.300118
engineer_handL
  66 21.253391 32.896034 2.574567 -0.551902 0.493694 0.672064 0.647471 0.870657 2 66 0.595321 64 0.404679
  66 21.427013 32.578568 2.710458 0.039433 0.226234 0.973274 0.650980 0.882071 2 66 0.699883 64 0.300118
  64 21.624443 32.867313 2.636196 0.039433 0.226234 0.973274 0.654386 0.869666 2 64 0.519415 66 0.480585
engineer_handL
  66 20.531803 31.607334 2.757139 -0.616799 -0.571485 0.541262 0.634161 0.920347 1 66 1.000000
  66 20.595591 31.720779 2.902608 -0.364782 -0.157138 0.917737 0.637543 0.920101 1 66 1.000000
  66 20.509937 31.811926 2.825788 -0.732616 0.193875 0.652446 0.635629 0.918297 1 66 1.000000
engineer_handL
  66 20.595591 31.720779 2.902608 -0.364782 -0.157138 0.917737 0.637543 0.920101 1 66 1.000000
  66 20.630016 32.037251 2.803833 -0.581290 0.507707 0.635873 0.639123 0.910139 1 66 1.000000
  66 20.509937 31.811926 2.825788 -0.732616 0.193875 0.652446 0.635629 0.918297 1 66 1.000000
engineer_handL
  66 20.595591 31.720779 2.902608 -0.364782 -0.157138 0.917737 0.637543 0.920101 1 66 1.000000
  66 20.834776 31.984655 2.876184 -0.036853 0.230716 0.972323 0.643104 0.910018 1 66 1.000000
  66 20.630016 32.037251 2.803833 -0.581290 0.507707 0.635873 0.639123 0.910139 1 66 1.000000
engineer_handL
  60 21.058811 35.369621 1.040963 -0.719373 -0.557875 -0.413858 0.650763 0.721237 2 60 0.515703 62 0.484297
  60 21.571980 35.427605 0.542164 -0.210398 -0.467331 -0.858682 0.632816 0.718464 2 60 0.510039 62 0.489961
  62 21.763647 34.960545 0.789983 -0.210398 -0.467331 -0.858682 0.630317 0.741972 1 62 1.000000
engineer_handL
  60 21.348665 36.073425 0.227586 -0.170144 -0.445762 -0.878833 0.635443 0.686676 2 60 0.677036 62 0.322964
  60 21.571980 35.427605 0.542164 -0.210398 -0.467331 -0.858682 0.632816 0.718464 2 60 0.510039 62 0.489961
  60 21.058811 35.369621 1.040963 -0.719373 -0.557875 -0.413858 0.650763 0.721237 2 60 0.515703 62 0.484297
engineer_handL
  60 21.348665 36.073425 0.227586 -0.170144 -0.445762 -0.878833 0.635443 0.686676 2 60 0.677036 62 0.322964
  60 21.058811 35.369621 1.040963 -0.719373 -0.557875 -0.413858 0.650763 0.721237 2 60 0.515703 62 0.484297
  60 20.629831 35.999329 0.793946 -0.688333 -0.564418 -0.455663 0.655534 0.688077 2 60 0.677853 62 0.322147
engineer_handL
  60 20.629831 35.999329 0.793946 -0.688333 -0.564418 -0.455663 0.655534 0.688077 2 60 0.677853 62 0.322147
  60 21.058811 35.369621 1.040963 -0.719373 -0.557875 -0.413858 0.650763 0.721237 2 60 0.515703 62 0.484297
  60 20.884251 35.447021 1.646641 -0.853846 -0.520313 -0.014907 0.674913 0.729867 2 60 0.522512 62 0.477488
engineer_handL
  62 21.265970 34.866219 1.185312 -0.750849 -0.498404 -0.433381 0.646913 0.745580 2 62 0.898327 64 0.101674
  60 20.884251 35.447021 1.646641 -0.853846 -0.520313 -0.014907 0.674913 0.729867 2 60 0.522512 62 0.477488
  60 21.058811 35.369621 1.040963 -0.719373 -0.557875 -0.413858 0.650763 0.721237 2 60 0.515703 62 0.484297
engineer_handL
  62 21.265970 34.866219 1.185312 -0.750849 -0.498404 -0.433381 0.646913 0.745580 2 62 0.898327 64 0.101674
  62 21.217579 34.948399 1.793422 -0.885315 -0.464706 -0.016310 0.670551 0.753608 2 62 0.883259 64 0.116741
  60 20.884251 35.447021 1.646641 -0.853846 -0.520313 -0.014907 0.674913 0.729867 2 60 0.522512 62 0.477488
engineer_handL
  60 20.884251 35.447021 1.646641 -0.853846 -0.520313 -0.014907 0.674913 0.729867 2 60 0.522512 62 0.477488
  62 21.217579 34.948399 1.793422 -0.885315 -0.464706 -0.016310 0.670551 0.753608 2 62 0.883259 64 0.116741
  62 21.121262 35.048683 2.338273 -0.841240 -0.532468 0.093771 0.690695 0.758622 2 62 0.793966 64 0.206034
engineer_handL
  62 21.349712 34.501339 1.856243 -0.932129 -0.358948 0.047874 0.657765 0.780278 2 62 0.794093 64 0.205907
  62 21.121262 35.048683 2.338273 -0.841240 -0.532468 0.093771 0.690695 0.758622 2 62 0.793966 64 0.206034
  62 21.217579 34.948399 1.793422 -0.885315 -0.464706 -0.016310 0.670551 0.753608 2 62 0.883259 64 0.116741
engineer_handL
  62 21.349712 34.501339 1.856243 -0.932129 -0.358948 0.047874 0.657765 0.780278 2 62 0.794093 64 0.205907
  62 21.495813 34.592587 2.449796 -0.548471 -0.635288 0.543680 0.676405 0.786323 2 62 0.714294 64 0.285706
  62 21.121262 35.048683 2.338273 -0.841240 -0.532468 0.093771 0.690695 0.758622 2 62 0.793966 64 0.206034
engineer_handL
  64 21.716398 34.074970 2.385385 -0.529051 0.026245 0.848184 0.663339 0.820049 2 64 0.606499 62 0.393501
  62 21.495813 34.592587 2.449796 -0.548471 -0.635288 0.543680 0.676405 0.786323 2 62 0.714294 64 0.285706
  62 21.349712 34.501339 1.856243 -0.932129 -0.358948 0.047874 0.657765 0.780278 2 62 0.794093 64 0.205907
engineer_handL
  64 21.716398 34.074970 2.385385 -0.529051 0.026245 0.848184 0.663339 0.820049 2 64 0.606499 62 0.393501
  62 21.349712 34.501339 1.856243 -0.932129 -0.358948 0.047874 0.657765 0.780278 2 62 0.794093 64 0.205907
  64 21.466555 33.960159 1.913446 -0.992895 -0.088857 0.079142 0.643505 0.814878 3 64 0.562931 62 0.382015 66 0.055054
engineer_handL
  64 21.466555 33.960159 1.913446 -0.992895 -0.088857 0.079142 0.643505 0.814878 3 64 0.562931 62 0.382015 66 0.055054
  64 21.587414 33.507839 2.436246 -0.583059 0.325668 0.744300 0.654414 0.843028 2 64 0.771487 66 0.228513
  64 21.716398 34.074970 2.385385 -0.529051 0.026245 0.848184 0.663339 0.820049 2 64 0.606499 62 0.393501
engineer_handL
  64 21.466555 33.960159 1.913446 -0.992895 -0.088857 0.079142 0.643505 0.814878 3 64 0.562931 62 0.382015 66 0.055054
  64 21.429745 33.412983 1.978781 -0.961049 0.271808 -0.050060 0.636992 0.839306 2 64 0.777325 66 0.222676
  64 21.587414 33.507839 2.436246 -0.583059 0.325668 0.744300 0.654414 0.843028 2 64 0.771487 66 0.228513
engineer_handL
  66 21.253391 32.896034 2.574567 -0.551902 0.493694 0.672064 0.647471 0.870657 2 66 0.595321 64 0.404679
  64 21.587414 33.507839 2.436246 -0.583059 0.325668 0.744300 0.654414 0.843028 2 64 0.771487 66 0.228513
  64 21.429745 33.412983 1.978781 -0.961049 0.271808 -0.050060 0.636992 0.839306 2 64 0.777325 66 0.222676
engineer_handL
  66 21.253391 32.896034 2.574567 -0.551902 0.493694 0.672064 0.647471 0.870657 2 66 0.595321 64 0.404679
  64 21.429745 33.412983 1.978781 -0.961049 0.271808 -0.050060 0.636992 0.839306 2 64 0.777325 66 0.222676
  66 21.131655 32.813999 2.143727 -0.878793 0.457849 -0.134526 0.633667 0.868047 2 66 0.631892 64 0.368109
engineer_handL
  66 21.081167 32.619125 2.645954 -0.537960 0.562165 0.628148 0.644655 0.883673 2 66 0.800916 64 0.199084
  66 21.253391 32.896034 2.574567 -0.551902 0.493694 0.672064 0.647471 0.870657 2 66 0.595321 64 0.404679
  66 21.131655 32.813999 2.143727 -0.878793 0.457849 -0.134526 0.633667 0.868047 2 66 0.631892 64 0.368109
engineer_handL
  66 21.081167 32.619125 2.645954 -0.537960 0.562165 0.628148 0.644655 0.883673 2 66 0.800916 64 0.199084
  66 21.131655 32.813999 2.143727 -0.878793 0.457849 -0.134526 0.633667 0.868047 2 66 0.631892 64 0.368109
  66 20.956371 32.541763 2.225573 -0.835210 0.533336 -0.134076 0.632602 0.881622 2 66 0.841932 64 0.158069
engineer_handL
  66 20.956371 32.541763 2.225573 -0.835210 0.533336 -0.134076 0.632602 0.881622 2 66 0.841932 64 0.158069
  66 20.922367 32.408218 2.711854 -0.504848 0.599132 0.621425 0.642940 0.894257 1 66 1.000000
  66 21.081167 32.619125 2.645954 -0.537960 0.562165 0.628148 0.644655 0.883673 2 66 0.800916 64 0.199084
engineer_handL
  66 21.268726 32.668022 1.733507 -0.714009 0.174223 -0.678114 0.618137 0.864862 2 66 0.571175 64 0.428825
  66 21.131655 32.813999 2.143727 -0.878793 0.457849 -0.134526 0.633667 0.868047 2 66 0.631892 64 0.368109
  64 21.429745 33.412983 1.978781 -0.961049 0.271808 -0.050060 0.636992 0.839306 2 64 0.777325 66 0.222676
engineer_handL
  66 21.268726 32.668022 1.733507 -0.714009 0.174223 -0.678114 0.618137 0.864862 2 66 0.571175 64 0.428825
  64 21.429745 33.412983 1.978781 -0.961049 0.271808 -0.050060 0.636992 0.839306 2 64 0.777325 66 0.222676
  64 21.568285 33.251625 1.546101 -0.756460 0.056129 -0.651626 0.618159 0.835838 2 64 0.791660 66 0.208340
engineer_handL
  64 21.633844 33.840683 1.422852 -0.788840 -0.173527 -0.589593 0.622555 0.809128 2 64 0.580907 62 0.419093
  64 21.568285 33.251625 1.546101 -0.756460 0.056129 -0.651626 0.618159 0.835838 2 64 0.791660 66 0.208340
  64 21.429745 33.412983 1.978781 -0.961049 0.271808 -0.050060 0.636992 0.839306 2 64 0.777325 66 0.222676
engineer_handL
  64 21.633844 33.840683 1.422852 -0.788840 -0.173527 -0.589593 0.622555 0.809128 2 64 0.580907 62 0.419093
  64 21.429745 33.412983 1.978781 -0.961049 0.271808 -0.050060 0.636992 0.839306 2 64 0.777325 66 0.222676
  64 21.466555 33.960159 1.913446 -0.992895 -0.088857 0.079142 0.643505 0.814878 3 64 0.562931 62 0.382015 66 0.055054
engineer_handL
  64 21.466555 33.960159 1.913446 -0.992895 -0.088857 0.079142 0.643505 0.814878 3 64 0.562931 62 0.382015 66 0.055054
  62 21.473402 34.448067 1.310423 -0.775907 -0.381703 -0.502266 0.636926 0.773297 2 62 0.845259 64 0.154741
  64 21.633844 33.840683 1.422852 -0.788840 -0.173527 -0.589593 0.622555 0.809128 2 64 0.580907 62 0.419093
engineer_handL
  64 21.466555 33.960159 1.913446 -0.992895 -0.088857 0.079142 0.643505 0.814878 3 64 0.562931 62 0.382015 66 0.055054
  62 21.349712 34.501339 1.856243 -0.932129 -0.358948 0.047874 0.657765 0.780278 2 62 0.794093 64 0.205907
  62 21.473402 34.448067 1.310423 -0.775907 -0.381703 -0.502266 0.636926 0.773297 2 62 0.845259 64 0.154741
engineer_handL
  62 21.473402 34.448067 1.310423 -0.775907 -0.381703 -0.502266 0.636926 0.773297 2 62 0.845259 64 0.154741
  62 21.349712 34.501339 1.856243 -0.932129 -0.358948 0.047874 0.657765 0.780278 2 62 0.794093 64 0.205907
  62 21.217579 34.948399 1.793422 -0.885315 -0.464706 -0.016310 0.670551 0.753608 2 62 0.883259 64 0.116741
engineer_handL
  60 21.058811 35.369621 1.040963 -0.719373 -0.557875 -0.413858 0.650763 0.721237 2 60 0.515703 62 0.484297
  62 21.763647 34.960545 0.789983 -0.210398 -0.467331 -0.858682 0.630317 0.741972 1 62 1.000000
  62 21.265970 34.866219 1.185312 -0.750849 -0.498404 -0.433381 0.646913 0.745580 2 62 0.898327 64 0.101674
engineer_handL
  62 21.265970 34.866219 1.185312 -0.750849 -0.498404 -0.433381 0.646913 0.745580 2 62 0.898327 64 0.101674
  62 21.763647 34.960545 0.789983 -0.210398 -0.467331 -0.858682 0.630317 0.741972 1 62 1.000000
  62 21.905512 34.516121 1.003408 -0.265210 -0.377698 -0.887134 0.625524 0.769295 1 62 1.000000
engineer_handL
  62 21.473402 34.448067 1.310423 -0.775907 -0.381703 -0.502266 0.636926 0.773297 2 62 0.845259 64 0.154741
  62 21.217579 34.948399 1.793422 -0.885315 -0.464706 -0.016310 0.670551 0.753608 2 62 0.883259 64 0.116741
  62 21.265970 34.866219 1.185312 -0.750849 -0.498404 -0.433381 0.646913 0.745580 2 62 0.898327 64 0.101674
engineer_handL
  62 21.265970 34.866219 1.185312 -0.750849 -0.498404 -0.433381 0.646913 0.745580 2 62 0.898327 64 0.101674
  62 21.905512 34.516121 1.003408 -0.265210 -0.377698 -0.887134 0.625524 0.769295 1 62 1.000000
  62 21.473402 34.448067 1.310423 -0.775907 -0.381703 -0.502266 0.636926 0.773297 2 62 0.845259 64 0.154741
engineer_handL
  64 21.633844 33.840683 1.422852 -0.788840 -0.173527 -0.589593 0.622555 0.809128 2 64 0.580907 62 0.419093
  62 21.473402 34.448067 1.310423 -0.775907 -0.381703 -0.502266 0.636926 0.773297 2 62 0.845259 64 0.154741
  62 21.905512 34.516121 1.003408 -0.265210 -0.377698 -0.887134 0.625524 0.769295 1 62 1.000000
engineer_handL
  64 21.633844 33.840683 1.422852 -0.788840 -0.173527 -0.589593 0.622555 0.809128 2 64 0.580907 62 0.419093
  62 21.905512 34.516121 1.003408 -0.265210 -0.377698 -0.887134 0.625524 0.769295 1 62 1.000000
  64 21.988001 33.791428 1.205635 -0.261162 -0.258685 -0.929987 0.613108 0.806679 2 64 0.580835 62 0.419165
engineer_handL
  64 21.633844 33.840683 1.422852 -0.788840 -0.173527 -0.589593 0.622555 0.809128 2 64 0.580907 62 0.419093
  64 21.988001 33.791428 1.205635 -0.261162 -0.258685 -0.929987 0.613108 0.806679 2 64 0.580835 62 0.419165
  64 21.891266 33.165802 1.370323 -0.248081 -0.197139 -0.948468 0.610196 0.833473 2 64 0.847421 66 0.152579
engineer_handL
  64 21.633844 33.840683 1.422852 -0.788840 -0.173527 -0.589593 0.622555 0.809128 2 64 0.580907 62 0.419093
  64 21.891266 33.165802 1.370323 -0.248081 -0.197139 -0.948468 0.610196 0.833473 2 64 0.847421 66 0.152579
  64 21.568285 33.251625 1.546101 -0.756460 0.056129 -0.651626 0.618159 0.835838 2 64 0.791660 66 0.208340
engineer_handL
  64 21.562725 32.569859 1.555317 -0.248081 -0.197139 -0.948468 0.611674 0.862137 2 64 0.515571 66 0.484429
  64 21.568285 33.251625 1.546101 -0.756460 0.056129 -0.651626 0.618159 0.835838 2 64 0.791660 66 0.208340
  64 21.891266 33.165802 1.370323 -0.248081 -0.197139 -0.948468 0.610196 0.833473 2 64 0.847421 66 0.152579
engineer_handL
  64 21.562725 32.569859 1.555317 -0.248081 -0.197139 -0.948468 0.611674 0.862137 2 64 0.515571 66 0.484429
  66 21.268726 32.668022 1.733507 -0.714009 0.174223 -0.678114 0.618137 0.864862 2 66 0.571175 64 0.428825
  64 21.568285 33.251625 1.546101 -0.756460 0.056129 -0.651626 0.618159 0.835838 2 64 0.791660 66 0.208340
engineer_handL
  66 21.268726 32.668022 1.733507 -0.714009 0.174223 -0.678114 0.618137 0.864862 2 66 0.571175 64 0.428825
  64 21.562725 32.569859 1.555317 -0.248081 -0.197139 -0.948468 0.611674 0.862137 2 64 0.515571 66 0.484429
  66 21.376152 32.287289 1.655117 -0.248081 -0.197139 -0.948468 0.612809 0.875869 2 66 0.643887 64 0.356113
engineer_handL
  66 21.268726 32.668022 1.733507 -0.714009 0.174223 -0.678114 0.618137 0.864862 2 66 0.571175 64 0.428825
  66 21.376152 32.287289 1.655117 -0.248081 -0.197139 -0.948468 0.612809 0.875869 2 66 0.643887 64 0.356113
  66 21.094488 32.399693 1.836332 -0.683858 0.234217 -0.691000 0.618564 0.878479 2 66 0.777032 64 0.222968
engineer_handL
  66 21.094488 32.399693 1.836332 -0.683858 0.234217 -0.691000 0.618564 0.878479 2 66 0.777032 64 0.222968
  66 21.376152 32.287289 1.655117 -0.248081 -0.197139 -0.948468 0.612809 0.875869 2 66 0.643887 64 0.356113
  66 21.184324 32.055206 1.752229 -0.248081 -0.197139 -0.948468 0.614283 0.887323 2 66 0.832066 64 0.167934
engineer_handL
  66 21.094488 32.399693 1.836332 -0.683858 0.234217 -0.691000 0.618564 0.878479 2 66 0.777032 64 0.222968
  66 21.184324 32.055206 1.752229 -0.248081 -0.197139 -0.948468 0.614283 0.887323 2 66 0.832066 64 0.167934
  66 20.911022 32.189831 1.938287 -0.669509 0.287390 -0.684956 0.619461 0.889481 1 66 1.000000
engineer_handL
  66 20.911022 32.189831 1.938287 -0.669509 0.287390 -0.684956 0.619461 0.889481 1 66 1.000000
  66 21.184324 32.055206 1.752229 -0.248081 -0.197139 -0.948468 0.614283 0.887323 2 66 0.832066 64 0.167934
  66 20.994392 31.880501 1.856896 -0.261162 -0.258685 -0.929988 0.616176 0.896024 1 66 1.000000
engineer_handL
  66 20.911022 32.189831 1.938287 -0.669509 0.287390 -0.684956 0.619461 0.889481 1 66 1.000000
  66 20.994392 31.880501 1.856896 -0.261162 -0.258685 -0.929988 0.616176 0.896024 1 66 1.000000
  66 20.745920 32.024902 2.019132 -0.669509 0.287390 -0.684956 0.620887 0.897532 1 66 1.000000
engineer_handL
  66 20.745920 32.024902 2.019132 -0.669509 0.287390 -0.684956 0.620887 0.897532 1 66 1.000000
  66 20.994392 31.880501 1.856896 -0.261162 -0.258685 -0.929988 0.616176 0.896024 1 66 1.000000
  66 20.789560 31.670712 1.980687 -0.312501 -0.267722 -0.911410 0.618286 0.905727 1 66 1.000000
engineer_handL
  66 20.745920 32.024902 2.019132 -0.669509 0.287390 -0.684956 0.620887 0.897532 1 66 1.000000
  66 20.789560 31.670712 1.980687 -0.312501 -0.267722 -0.911410 0.618286 0.905727 1 66 1.000000
  66 20.583275 31.819019 2.109215 -0.714009 0.174223 -0.678114 0.622477 0.906510 1 66 1.000000
engineer_handL
  66 20.583275 31.819019 2.109215 -0.714009 0.174223 -0.678114 0.622477 0.906510 1 66 1.000000
  66 20.789560 31.670712 1.980687 -0.312501 -0.267722 -0.911410 0.618286 0.905727 1 66 1.000000
  66 20.601164 31.495785 2.118510 -0.551135 -0.571456 -0.608020 0.623905 0.917118 1 66 1.000000
engineer_handL
  66 20.583275 31.819019 2.109215 -0.714009 0.174223 -0.678114 0.622477 0.906510 1 66 1.000000
  66 20.601164 31.495785 2.118510 -0.551135 -0.571456 -0.608020 0.623905 0.917118 1 66 1.000000
  66 20.502203 31.628151 2.178213 -0.818175 -0.119626 -0.562387 0.626280 0.916189 1 66 1.000000
engineer_handL
  44 23.042959 38.840874 2.986871 0.970545 0.240640 0.011631 0.374407 0.633387 2 44 0.868187 46 0.131813
  44 23.013988 38.718880 4.092179 0.935368 0.338121 0.103738 0.333650 0.658013 2 44 0.812774 46 0.187226
  44 23.157330 38.349136 3.193893 0.970545 0.240640 0.011631 0.375201 0.657501 2 44 0.801280 46 0.198720
engineer_handL
  44 23.042959 38.840874 2.986871 0.970545 0.240640 0.011631 0.374407 0.633387 2 44 0.868187 46 0.131813
  44 22.843222 39.224201 3.846816 0.928101 0.343948 0.142576 0.333359 0.631584 2 44 0.886583 46 0.113418
  44 23.013988 38.718880 4.092179 0.935368 0.338121 0.103738 0.333650 0.658013 2 44 0.812774 46 0.187226
engineer_handL
  7 22.805586 39.789448 2.587885 0.973544 0.222725 0.051040 0.372637 0.583103 2 7 0.917100 11 0.082900
  44 22.843222 39.224201 3.846816 0.928101 0.343948 0.142576 0.333359 0.631584 2 44 0.886583 46 0.113418
  44 23.042959 38.840874 2.986871 0.970545 0.240640 0.011631 0.374407 0.633387 2 44 0.868187 46 0.131813
engineer_handL
  7 22.805586 39.789448 2.587885 0.973544 0.222725 0.051040 0.372637 0.583103 2 7 0.917100 11 0.082900
  7 22.622448 40.143147 3.423227 0.922388 0.323096 0.211684 0.333164 0.582583 2 7 0.917100 11 0.082900
  44 22.843222 39.224201 3.846816 0.928101 0.343948 0.142576 0.333359 0.631584 2 44 0.886583 46 0.113418
engineer_handL
  5 22.640285 40.811012 2.173493 0.970698 0.223966 0.087094 0.370711 0.532067 2 5 0.544560 7 0.455440
  7 22.622448 40.143147 3.423227 0.922388 0.323096 0.211684 0.333164 0.582583 2 7 0.917100 11 0.082900
  7 22.805586 39.789448 2.587885 0.973544 0.222725 0.051040 0.372637 0.583103 2 7 0.917100 11 0.082900
engineer_handL
  5 22.640285 40.811012 2.173493 0.970698 0.223966 0.087094 0.370711 0.532067 2 5 0.544560 7 0.455440
  5 22.405401 41.124107 2.970977 0.919017 0.303475 0.251617 0.333696 0.531798 2 5 0.544555 7 0.455445
  7 22.622448 40.143147 3.423227 0.922388 0.323096 0.211684 0.333164 0.582583 2 7 0.917100 11 0.082900
engineer_handL
  5 22.433895 41.805393 1.752405 0.933083 0.355647 0.053582 0.369719 0.483538 2 5 0.876772 7 0.123228
  5 22.405401 41.124107 2.970977 0.919017 0.303475 0.251617 0.333696 0.531798 2 5 0.544555 7 0.455445
  5 22.640285 40.811012 2.173493 0.970698 0.223966 0.087094 0.370711 0.532067 2 5 0.544560 7 0.455440
engineer_handL
  5 22.433895 41.805393 1.752405 0.933083 0.355647 0.053582 0.369719 0.483538 2 5 0.876772 7 0.123228
  5 22.168865 42.106056 2.509562 0.864813 0.439502 0.242768 0.335108 0.482181 2 5 0.876769 7 0.123231
  5 22.405401 41.124107 2.970977 0.919017 0.303475 0.251617 0.333696 0.531798 2 5 0.544555 7 0.455445
engineer_handL
  5 21.892900 42.846626 1.251994 0.892815 0.450284 0.011172 0.368836 0.426143 2 5 0.818221 3 0.181779
  5 22.168865 42.106056 2.509562 0.864813 0.439502 0.242768 0.335108 0.482181 2 5 0.876769 7 0.123231
  5 22.433895 41.805393 1.752405 0.933083 0.355647 0.053582 0.369719 0.483538 2 5 0.876772 7 0.123228
engineer_handL
  36 22.564659 39.514751 4.653992 0.831639 0.468914 0.297484 0.295105 0.632962 2 36 0.893578 38 0.106423
  44 23.013988 38.718880 4.092179 0.935368 0.338121 0.103738 0.333650 0.658013 2 44 0.812774 46 0.187226
  44 22.843222 39.224201 3.846816 0.928101 0.343948 0.142576 0.333359 0.631584 2 44 0.886583 46 0.113418
engineer_handL
  36 22.230299 40.382774 4.151989 0.810020 0.444027 0.383024 0.296281 0.582515 2 36 0.917087 11 0.082914
  36 22.564659 39.514751 4.653992 0.831639 0.468914 0.297484 0.295105 0.632962 2 36 0.893578 38 0.106423
  44 22.843222 39.224201 3.846816 0.928101 0.343948 0.142576 0.333359 0.631584 2 44 0.886583 46 0.113418
engineer_handL
  36 22.230299 40.382774 4.151989 0.810020 0.444027 0.383024 0.296281 0.582515 2 36 0.917087 11 0.082914
  44 22.843222 39.224201 3.846816 0.928101 0.343948 0.142576 0.333359 0.631584 2 44 0.886583 46 0.113418
  7 22.622448 40.143147 3.423227 0.922388 0.323096 0.211684 0.333164 0.582583 2 7 0.917100 11 0.082900
engineer_handL
  5 22.018803 41.348572 3.678009 0.778000 0.431961 0.456208 0.298541 0.531473 2 5 0.544600 7 0.455400
  36 22.230299 40.382774 4.151989 0.810020 0.444027 0.383024 0.296281 0.582515 2 36 0.917087 11 0.082914
  7 22.622448 40.143147 3.423227 0.922388 0.323096 0.211684 0.333164 0.582583 2 7 0.917100 11 0.082900
engineer_handL
  5 22.018803 41.348572 3.678009 0.778000 0.431961 0.456208 0.298541 0.531473 2 5 0.544600 7 0.455400
  7 22.622448 40.143147 3.423227 0.922388 0.323096 0.211684 0.333164 0.582583 2 7 0.917100 11 0.082900
  5 22.405401 41.124107 2.970977 0.919017 0.303475 0.251617 0.333696 0.531798 2 5 0.544555 7 0.455445
engineer_handL
  5 21.760345 42.316414 3.185895 0.723374 0.518981 0.455400 0.301744 0.480750 2 5 0.876772 7 0.123229
  5 22.018803 41.348572 3.678009 0.778000 0.431961 0.456208 0.298541 0.531473 2 5 0.544600 7 0.455400
  5 22.405401 41.124107 2.970977 0.919017 0.303475 0.251617 0.333696 0.531798 2 5 0.544555 7 0.455445
engineer_handL
  5 21.760345 42.316414 3.185895 0.723374 0.518981 0.455400 0.301744 0.480750 2 5 0.876772 7 0.123229
  5 22.405401 41.124107 2.970977 0.919017 0.303475 0.251617 0.333696 0.531798 2 5 0.544555 7 0.455445
  5 22.168865 42.106056 2.509562 0.864813 0.439502 0.242768 0.335108 0.482181 2 5 0.876769 7 0.123231
engineer_handL
  5 21.760345 42.316414 3.185895 0.723374 0.518981 0.455400 0.301744 0.480750 2 5 0.876772 7 0.123229
  5 22.168865 42.106056 2.509562 0.864813 0.439502 0.242768 0.335108 0.482181 2 5 0.876769 7 0.123231
  5 21.651379 43.118290 2.012099 0.825084 0.520644 0.219467 0.333218 0.425897 2 5 0.818223 3 0.181778
engineer_handL
  5 21.892900 42.846626 1.251994 0.892815 0.450284 0.011172 0.368836 0.426143 2 5 0.818221 3 0.181779
  5 21.651379 43.118290 2.012099 0.825084 0.520644 0.219467 0.333218 0.425897 2 5 0.818223 3 0.181778
  5 22.168865 42.106056 2.509562 0.864813 0.439502 0.242768 0.335108 0.482181 2 5 0.876769 7 0.123231
engineer_handL
  5 21.892900 42.846626 1.251994 0.892815 0.450284 0.011172 0.368836 0.426143 2 5 0.818221 3 0.181779
  11 20.599329 45.319172 0.931607 0.825084 0.520644 0.219467 0.334008 0.302063 2 11 0.674584 3 0.325416
  5 21.651379 43.118290 2.012099 0.825084 0.520644 0.219467 0.333218 0.425897 2 5 0.818223 3 0.181778
engineer_handL
  5 21.892900 42.846626 1.251994 0.892815 0.450284 0.011172 0.368836 0.426143 2 5 0.818221 3 0.181779
  11 20.811996 45.104973 0.206745 0.892815 0.450284 0.011172 0.367424 0.301307 2 11 0.674584 3 0.325416
  11 20.599329 45.319172 0.931607 0.825084 0.520644 0.219467 0.334008 0.302063 2 11 0.674584 3 0.325416
engineer_handL
  11 20.811996 45.104973 0.206745 0.892815 0.450284 0.011172 0.367424 0.301307 2 11 0.674584 3 0.325416
  3 19.337151 47.675362 -0.181058 0.846059 0.506576 0.166027 0.334924 0.166388 2 3 0.626279 11 0.373721
  11 20.599329 45.319172 0.931607 0.825084 0.520644 0.219467 0.334008 0.302063 2 11 0.674584 3 0.325416
engineer_handL
  11 20.811996 45.104973 0.206745 0.892815 0.450284 0.011172 0.367424 0.301307 2 11 0.674584 3 0.325416
  3 19.520088 47.484795 -0.891127 0.892815 0.450284 0.011172 0.367474 0.165381 2 3 0.626078 11 0.373922
  3 19.337151 47.675362 -0.181058 0.846059 0.506576 0.166027 0.334924 0.166388 2 3 0.626279 11 0.373721
engineer_handL
  3 19.520088 47.484795 -0.891127 0.892815 0.450284 0.011172 0.367474 0.165381 2 3 0.626078 11 0.373922
  3 17.808512 50.759258 -1.574632 0.867567 0.481028 0.126247 0.339693 0.037246 1 3 1.000000
  3 19.337151 47.675362 -0.181058 0.846059 0.506576 0.166027 0.334924 0.166388 2 3 0.626279 11 0.373721
engineer_handL
  3 19.520088 47.484795 -0.891127 0.892815 0.450284 0.011172 0.367474 0.165381 2 3 0.626078 11 0.373922
  3 17.888113 50.623753 -2.309341 0.893072 0.449229 -0.024815 0.371744 0.032173 1 3 1.000000
  3 17.808512 50.759258 -1.574632 0.867567 0.481028 0.126247 0.339693 0.037246 1 3 1.000000
engineer_handL
  3 17.888113 50.623753 -2.309341 0.893072 0.449229 -0.024815 0.371744 0.032173 1 3 1.000000
  3 19.520088 47.484795 -0.891127 0.892815 0.450284 0.011172 0.367474 0.165381 2 3 0.626078 11 0.373922
  3 19.572140 47.216351 -1.627964 0.909875 0.362644 -0.201536 0.400919 0.164186 2 3 0.630579 11 0.369421
engineer_handL
  3 17.888113 50.623753 -2.309341 0.893072 0.449229 -0.024815 0.371744 0.032173 1 3 1.000000
  3 19.572140 47.216351 -1.627964 0.909875 0.362644 -0.201536 0.400919 0.164186 2 3 0.630579 11 0.369421
  3 17.880112 50.467457 -2.935711 0.901325 0.391979 -0.184299 0.399252 0.027881 1 3 1.000000
engineer_handL
  3 19.471474 46.843502 -2.434028 0.880123 0.295617 -0.371475 0.438540 0.162817 2 3 0.641177 11 0.358823
  3 17.880112 50.467457 -2.935711 0.901325 0.391979 -0.184299 0.399252 0.027881 1 3 1.000000
  3 19.572140 47.216351 -1.627964 0.909875 0.362644 -0.201536 0.400919 0.164186 2 3 0.630579 11 0.369421
engineer_handL
  5 21.259300 43.280041 2.661741 0.683524 0.576353 0.447898 0.300498 0.425393 2 5 0.818223 3 0.181777
  11 20.224133 45.415833 1.570172 0.683523 0.576353 0.447898 0.301959 0.302710 2 11 0.674584 3 0.325416
  11 19.706375 45.389057 2.096078 0.517336 0.550933 0.654856 0.270125 0.303411 2 11 0.674584 3 0.325416
engineer_handL
  5 21.651379 43.118290 2.012099 0.825084 0.520644 0.219467 0.333218 0.425897 2 5 0.818223 3 0.181778
  11 20.224133 45.415833 1.570172 0.683523 0.576353 0.447898 0.301959 0.302710 2 11 0.674584 3 0.325416
  5 21.259300 43.280041 2.661741 0.683524 0.576353 0.447898 0.300498 0.425393 2 5 0.818223 3 0.181777
engineer_handL
  5 21.651379 43.118290 2.012099 0.825084 0.520644 0.219467 0.333218 0.425897 2 5 0.818223 3 0.181778
  11 20.599329 45.319172 0.931607 0.825084 0.520644 0.219467 0.334008 0.302063 2 11 0.674584 3 0.325416
  11 20.224133 45.415833 1.570172 0.683523 0.576353 0.447898 0.301959 0.302710 2 11 0.674584 3 0.325416
engineer_handL
  3 19.033798 47.786674 0.490389 0.753662 0.535650 0.380884 0.302701 0.167301 2 3 0.630178 11 0.369822
  11 20.224133 45.415833 1.570172 0.683523 0.576353 0.447898 0.301959 0.302710 2 11 0.674584 3 0.325416
  11 20.599329 45.319172 0.931607 0.825084 0.520644 0.219467 0.334008 0.302063 2 11 0.674584 3 0.325416
engineer_handL
  3 19.033798 47.786674 0.490389 0.753662 0.535650 0.380884 0.302701 0.167301 2 3 0.630178 11 0.369822
  11 20.599329 45.319172 0.931607 0.825084 0.520644 0.219467 0.334008 0.302063 2 11 0.674584 3 0.325416
  3 19.337151 47.675362 -0.181058 0.846059 0.506576 0.166027 0.334924 0.166388 2 3 0.626279 11 0.373721
engineer_handL
  3 17.649712 50.863358 -0.794548 0.800487 0.501078 0.328847 0.305371 0.042737 1 3 1.000000
  3 19.033798 47.786674 0.490389 0.753662 0.535650 0.380884 0.302701 0.167301 2 3 0.630178 11 0.369822
  3 19.337151 47.675362 -0.181058 0.846059 0.506576 0.166027 0.334924 0.166388 2 3 0.626279 11 0.373721
engineer_handL
  3 17.649712 50.863358 -0.794548 0.800487 0.501078 0.328847 0.305371 0.042737 1 3 1.000000
  3 19.337151 47.675362 -0.181058 0.846059 0.506576 0.166027 0.334924 0.166388 2 3 0.626279 11 0.373721
  3 17.808512 50.759258 -1.574632 0.867567 0.481028 0.126247 0.339693 0.037246 1 3 1.000000
engineer_handL
  3 19.150915 46.321865 -3.322993 0.804640 0.149772 -0.574563 0.484153 0.161556 2 3 0.658175 11 0.341825
  11 19.855185 43.201843 -2.738109 0.530888 -0.194055 -0.824924 0.527777 0.303508 2 11 0.674585 3 0.325415
  3 18.496952 45.633736 -4.093821 0.529418 -0.131057 -0.838177 0.537507 0.161894 2 3 0.673372 11 0.326628
engineer_handL
  3 19.150915 46.321865 -3.322993 0.804640 0.149772 -0.574563 0.484153 0.161556 2 3 0.658175 11 0.341825
  11 20.442696 43.846584 -2.109941 0.800335 0.100251 -0.591112 0.481304 0.300832 2 11 0.674585 3 0.325415
  11 19.855185 43.201843 -2.738109 0.530888 -0.194055 -0.824924 0.527777 0.303508 2 11 0.674585 3 0.325415
engineer_handL
  3 19.471474 46.843502 -2.434028 0.880123 0.295617 -0.371475 0.438540 0.162817 2 3 0.641177 11 0.358823
  11 20.442696 43.846584 -2.109941 0.800335 0.100251 -0.591112 0.481304 0.300832 2 11 0.674585 3 0.325415
  3 19.150915 46.321865 -3.322993 0.804640 0.149772 -0.574563 0.484153 0.161556 2 3 0.658175 11 0.341825
engineer_handL
  3 19.471474 46.843502 -2.434028 0.880123 0.295617 -0.371475 0.438540 0.162817 2 3 0.641177 11 0.358823
  11 20.758308 44.384430 -1.324106 0.882794 0.257592 -0.392837 0.439075 0.300407 2 11 0.674585 3 0.325415
  11 20.442696 43.846584 -2.109941 0.800335 0.100251 -0.591112 0.481304 0.300832 2 11 0.674585 3 0.325415
engineer_handL
  3 19.572140 47.216351 -1.627964 0.909875 0.362644 -0.201536 0.400919 0.164186 2 3 0.630579 11 0.369421
  11 20.758308 44.384430 -1.324106 0.882794 0.257592 -0.392837 0.439075 0.300407 2 11 0.674585 3 0.325415
  3 19.471474 46.843502 -2.434028 0.880123 0.295617 -0.371475 0.438540 0.162817 2 3 0.641177 11 0.358823
engineer_handL
  3 19.572140 47.216351 -1.627964 0.909875 0.362644 -0.201536 0.400919 0.164186 2 3 0.630579 11 0.369421
  11 20.868504 44.793911 -0.550203 0.909875 0.362644 -0.201536 0.402045 0.300736 2 11 0.674584 3 0.325416
  11 20.758308 44.384430 -1.324106 0.882794 0.257592 -0.392837 0.439075 0.300407 2 11 0.674585 3 0.325415
engineer_handL
  11 20.868504 44.793911 -0.550203 0.909875 0.362644 -0.201536 0.402045 0.300736 2 11 0.674584 3 0.325416
  3 19.572140 47.216351 -1.627964 0.909875 0.362644 -0.201536 0.400919 0.164186 2 3 0.630579 11 0.369421
  3 19.520088 47.484795 -0.891127 0.892815 0.450284 0.011172 0.367474 0.165381 2 3 0.626078 11 0.373922
engineer_handL
  11 20.868504 44.793911 -0.550203 0.909875 0.362644 -0.201536 0.402045 0.300736 2 11 0.674584 3 0.325416
  3 19.520088 47.484795 -0.891127 0.892815 0.450284 0.011172 0.367474 0.165381 2 3 0.626078 11 0.373922
  11 20.811996 45.104973 0.206745 0.892815 0.450284 0.011172 0.367424 0.301307 2 11 0.674584 3 0.325416
engineer_handL
  5 21.892900 42.846626 1.251994 0.892815 0.450284 0.011172 0.368836 0.426143 2 5 0.818221 3 0.181779
  11 20.868504 44.793911 -0.550203 0.909875 0.362644 -0.201536 0.402045 0.300736 2 11 0.674584 3 0.325416
  11 20.811996 45.104973 0.206745 0.892815 0.450284 0.011172 0.367424 0.301307 2 11 0.674584 3 0.325416
engineer_handL
  5 21.892900 42.846626 1.251994 0.892815 0.450284 0.011172 0.368836 0.426143 2 5 0.818221 3 0.181779
  5 21.982414 42.509270 0.482582 0.909875 0.362644 -0.201536 0.404030 0.426460 2 5 0.818222 3 0.181778
  11 20.868504 44.793911 -0.550203 0.909875 0.362644 -0.201536 0.402045 0.300736 2 11 0.674584 3 0.325416
engineer_handL
  5 22.433895 41.805393 1.752405 0.933083 0.355647 0.053582 0.369719 0.483538 2 5 0.876772 7 0.123228
  5 21.982414 42.509270 0.482582 0.909875 0.362644 -0.201536 0.404030 0.426460 2 5 0.818222 3 0.181778
  5 21.892900 42.846626 1.251994 0.892815 0.450284 0.011172 0.368836 0.426143 2 5 0.818221 3 0.181779
engineer_handL
  5 22.433895 41.805393 1.752405 0.933083 0.355647 0.053582 0.369719 0.483538 2 5 0.876772 7 0.123228
  5 22.531128 41.427708 0.978522 0.952580 0.263600 -0.152009 0.404454 0.485768 2 5 0.876768 7 0.123232
  5 21.982414 42.509270 0.482582 0.909875 0.362644 -0.201536 0.404030 0.426460 2 5 0.818222 3 0.181778
engineer_handL
  5 22.640285 40.811012 2.173493 0.970698 0.223966 0.087094 0.370711 0.532067 2 5 0.544560 7 0.455440
  5 22.531128 41.427708 0.978522 0.952580 0.263600 -0.152009 0.404454 0.485768 2 5 0.876768 7 0.123232
  5 22.433895 41.805393 1.752405 0.933083 0.355647 0.053582 0.369719 0.483538 2 5 0.876772 7 0.123228
engineer_handL
  5 22.640285 40.811012 2.173493 0.970698 0.223966 0.087094 0.370711 0.532067 2 5 0.544560 7 0.455440
  5 22.704275 40.461685 1.346532 0.983934 0.140314 -0.110389 0.408177 0.530684 2 5 0.544568 7 0.455432
  5 22.531128 41.427708 0.978522 0.952580 0.263600 -0.152009 0.404454 0.485768 2 5 0.876768 7 0.123232
engineer_handL
  7 22.805586 39.789448 2.587885 0.973544 0.222725 0.051040 0.372637 0.583103 2 7 0.917100 11 0.082900
  5 22.704275 40.461685 1.346532 0.983934 0.140314 -0.110389 0.408177 0.530684 2 5 0.544568 7 0.455432
  5 22.640285 40.811012 2.173493 0.970698 0.223966 0.087094 0.370711 0.532067 2 5 0.544560 7 0.455440
engineer_handL
  7 22.805586 39.789448 2.587885 0.973544 0.222725 0.051040 0.372637 0.583103 2 7 0.917100 11 0.082900
  7 22.865377 39.423893 1.737236 0.983934 0.140314 -0.110389 0.412115 0.582323 2 7 0.917100 11 0.082900
  5 22.704275 40.461685 1.346532 0.983934 0.140314 -0.110389 0.408177 0.530684 2 5 0.544568 7 0.455432
engineer_handL
  44 23.042959 38.840874 2.986871 0.970545 0.240640 0.011631 0.374407 0.633387 2 44 0.868187 46 0.131813
  7 22.865377 39.423893 1.737236 0.983934 0.140314 -0.110389 0.412115 0.582323 2 7 0.917100 11 0.082900
  7 22.805586 39.789448 2.587885 0.973544 0.222725 0.051040 0.372637 0.583103 2 7 0.917100 11 0.082900
engineer_handL
  44 23.042959 38.840874 2.986871 0.970545 0.240640 0.011631 0.374407 0.633387 2 44 0.868187 46 0.131813
  52 23.065302 38.459129 2.097741 0.983934 0.140314 -0.110389 0.415847 0.632431 2 52 0.887293 54 0.112707
  7 22.865377 39.423893 1.737236 0.983934 0.140314 -0.110389 0.412115 0.582323 2 7 0.917100 11 0.082900
engineer_handL
  5 21.486265 41.607292 -0.963615 0.778674 0.061587 -0.624399 0.478868 0.426712 2 5 0.818220 3 0.181780
  11 20.442696 43.846584 -2.109941 0.800335 0.100251 -0.591112 0.481304 0.300832 2 11 0.674585 3 0.325415
  11 20.758308 44.384430 -1.324106 0.882794 0.257592 -0.392837 0.439075 0.300407 2 11 0.674585 3 0.325415
engineer_handL
  11 20.442696 43.846584 -2.109941 0.800335 0.100251 -0.591112 0.481304 0.300832 2 11 0.674585 3 0.325415
  5 21.486265 41.607292 -0.963615 0.778674 0.061587 -0.624399 0.478868 0.426712 2 5 0.818220 3 0.181780
  5 20.918156 41.102371 -1.505235 0.491875 -0.240663 -0.836744 0.519600 0.426644 2 5 0.818218 3 0.181782
engineer_handL
  11 20.442696 43.846584 -2.109941 0.800335 0.100251 -0.591112 0.481304 0.300832 2 11 0.674585 3 0.325415
  5 20.918156 41.102371 -1.505235 0.491875 -0.240663 -0.836744 0.519600 0.426644 2 5 0.818218 3 0.181782
  11 19.855185 43.201843 -2.738109 0.530888 -0.194055 -0.824924 0.527777 0.303508 2 11 0.674585 3 0.325415
engineer_handL
  5 21.364815 40.143055 -1.004069 0.447637 -0.234330 -0.862966 0.517094 0.481355 2 5 0.876676 7 0.123325
  5 20.918156 41.102371 -1.505235 0.491875 -0.240663 -0.836744 0.519600 0.426644 2 5 0.818218 3 0.181782
  5 21.486265 41.607292 -0.963615 0.778674 0.061587 -0.624399 0.478868 0.426712 2 5 0.818220 3 0.181780
engineer_handL
  5 22.413752 41.059139 0.235420 0.903381 0.145554 -0.403382 0.437327 0.484481 2 5 0.876768 7 0.123232
  5 22.704275 40.461685 1.346532 0.983934 0.140314 -0.110389 0.408177 0.530684 2 5 0.544568 7 0.455432
  5 22.597721 40.065895 0.617793 0.942066 0.054435 -0.330981 0.442611 0.532073 2 5 0.544558 7 0.455443
engineer_handL
  5 22.597721 40.065895 0.617793 0.942066 0.054435 -0.330981 0.442611 0.532073 2 5 0.544558 7 0.455443
  5 22.704275 40.461685 1.346532 0.983934 0.140314 -0.110389 0.408177 0.530684 2 5 0.544568 7 0.455432
  7 22.865377 39.423893 1.737236 0.983934 0.140314 -0.110389 0.412115 0.582323 2 7 0.917100 11 0.082900
engineer_handL
  5 22.413752 41.059139 0.235420 0.903381 0.145554 -0.403382 0.437327 0.484481 2 5 0.876768 7 0.123232
  5 22.531128 41.427708 0.978522 0.952580 0.263600 -0.152009 0.404454 0.485768 2 5 0.876768 7 0.123232
  5 22.704275 40.461685 1.346532 0.983934 0.140314 -0.110389 0.408177 0.530684 2 5 0.544568 7 0.455432
engineer_handL
  5 22.413752 41.059139 0.235420 0.903381 0.145554 -0.403382 0.437327 0.484481 2 5 0.876768 7 0.123232
  5 21.982414 42.509270 0.482582 0.909875 0.362644 -0.201536 0.404030 0.426460 2 5 0.818222 3 0.181778
  5 22.531128 41.427708 0.978522 0.952580 0.263600 -0.152009 0.404454 0.485768 2 5 0.876768 7 0.123232
engineer_handL
  5 22.413752 41.059139 0.235420 0.903381 0.145554 -0.403382 0.437327 0.484481 2 5 0.876768 7 0.123232
  5 21.845776 42.094715 -0.257047 0.874369 0.232599 -0.425884 0.439843 0.426748 2 5 0.818221 3 0.181779
  5 21.982414 42.509270 0.482582 0.909875 0.362644 -0.201536 0.404030 0.426460 2 5 0.818222 3 0.181778
engineer_handL
  5 21.959431 40.594551 -0.487172 0.777546 0.009542 -0.628753 0.477946 0.482416 2 5 0.876768 7 0.123232
  5 21.845776 42.094715 -0.257047 0.874369 0.232599 -0.425884 0.439843 0.426748 2 5 0.818221 3 0.181779
  5 22.413752 41.059139 0.235420 0.903381 0.145554 -0.403382 0.437327 0.484481 2 5 0.876768 7 0.123232
engineer_handL
  5 22.597721 40.065895 0.617793 0.942066 0.054435 -0.330981 0.442611 0.532073 2 5 0.544558 7 0.455443
  5 21.959431 40.594551 -0.487172 0.777546 0.009542 -0.628753 0.477946 0.482416 2 5 0.876768 7 0.123232
  5 22.413752 41.059139 0.235420 0.903381 0.145554 -0.403382 0.437327 0.484481 2 5 0.876768 7 0.123232
engineer_handL
  5 22.597721 40.065895 0.617793 0.942066 0.054435 -0.330981 0.442611 0.532073 2 5 0.544558 7 0.455443
  5 22.238798 39.683964 -0.075915 0.810896 -0.023344 -0.584724 0.478976 0.529422 2 5 0.544600 7 0.455400
  5 21.959431 40.594551 -0.487172 0.777546 0.009542 -0.628753 0.477946 0.482416 2 5 0.876768 7 0.123232
engineer_handL
  60 22.744101 39.076092 0.965681 0.953732 0.081484 -0.289405 0.448363 0.580202 2 60 0.917096 11 0.082904
  5 22.238798 39.683964 -0.075915 0.810896 -0.023344 -0.584724 0.478976 0.529422 2 5 0.544600 7 0.455400
  5 22.597721 40.065895 0.617793 0.942066 0.054435 -0.330981 0.442611 0.532073 2 5 0.544558 7 0.455443
engineer_handL
  5 22.597721 40.065895 0.617793 0.942066 0.054435 -0.330981 0.442611 0.532073 2 5 0.544558 7 0.455443
  7 22.865377 39.423893 1.737236 0.983934 0.140314 -0.110389 0.412115 0.582323 2 7 0.917100 11 0.082900
  60 22.744101 39.076092 0.965681 0.953732 0.081484 -0.289405 0.448363 0.580202 2 60 0.917096 11 0.082904
engineer_handL
  60 22.744101 39.076092 0.965681 0.953732 0.081484 -0.289405 0.448363 0.580202 2 60 0.917096 11 0.082904
  7 22.865377 39.423893 1.737236 0.983934 0.140314 -0.110389 0.412115 0.582323 2 7 0.917100 11 0.082900
  52 23.065302 38.459129 2.097741 0.983934 0.140314 -0.110389 0.415847 0.632431 2 52 0.887293 54 0.112707
engineer_handL
  60 22.919510 38.117878 1.290945 0.953732 0.081484 -0.289405 0.453563 0.629119 1 60 1.000000
  52 23.065302 38.459129 2.097741 0.983934 0.140314 -0.110389 0.415847 0.632431 2 52 0.887293 54 0.112707
  52 23.144175 38.013176 2.255963 0.983934 0.140314 -0.110389 0.417685 0.652461 2 52 0.841791 54 0.158209
engineer_handL
  60 22.744101 39.076092 0.965681 0.953732 0.081484 -0.289405 0.448363 0.580202 2 60 0.917096 11 0.082904
  52 23.065302 38.459129 2.097741 0.983934 0.140314 -0.110389 0.415847 0.632431 2 52 0.887293 54 0.112707
  60 22.919510 38.117878 1.290945 0.953732 0.081484 -0.289405 0.453563 0.629119 1 60 1.000000
engineer_handL
  60 22.919510 38.117878 1.290945 0.953732 0.081484 -0.289405 0.453563 0.629119 1 60 1.000000
  60 22.474131 38.738197 0.251327 0.838919 -0.001427 -0.544254 0.483653 0.577079 2 60 0.917109 11 0.082891
  60 22.744101 39.076092 0.965681 0.953732 0.081484 -0.289405 0.448363 0.580202 2 60 0.917096 11 0.082904
engineer_handL
  60 22.744101 39.076092 0.965681 0.953732 0.081484 -0.289405 0.448363 0.580202 2 60 0.917096 11 0.082904
  60 22.474131 38.738197 0.251327 0.838919 -0.001427 -0.544254 0.483653 0.577079 2 60 0.917109 11 0.082891
  5 22.238798 39.683964 -0.075915 0.810896 -0.023344 -0.584724 0.478976 0.529422 2 5 0.544600 7 0.455400
engineer_handL
  5 21.694315 39.252769 -0.609257 0.450821 -0.193228 -0.871449 0.517568 0.529625 2 5 0.544600 7 0.455400
  5 22.238798 39.683964 -0.075915 0.810896 -0.023344 -0.584724 0.478976 0.529422 2 5 0.544600 7 0.455400
  60 22.474131 38.738197 0.251327 0.838919 -0.001427 -0.544254 0.483653 0.577079 2 60 0.917109 11 0.082891
engineer_handL
  5 21.364815 40.143055 -1.004069 0.447637 -0.234330 -0.862966 0.517094 0.481355 2 5 0.876676 7 0.123325
  5 22.238798 39.683964 -0.075915 0.810896 -0.023344 -0.584724 0.478976 0.529422 2 5 0.544600 7 0.455400
  5 21.694315 39.252769 -0.609257 0.450821 -0.193228 -0.871449 0.517568 0.529625 2 5 0.544600 7 0.455400
engineer_handL
  5 21.364815 40.143055 -1.004069 0.447637 -0.234330 -0.862966 0.517094 0.481355 2 5 0.876676 7 0.123325
  5 21.959431 40.594551 -0.487172 0.777546 0.009542 -0.628753 0.477946 0.482416 2 5 0.876768 7 0.123232
  5 22.238798 39.683964 -0.075915 0.810896 -0.023344 -0.584724 0.478976 0.529422 2 5 0.544600 7 0.455400
engineer_handL
  5 21.364815 40.143055 -1.004069 0.447637 -0.234330 -0.862966 0.517094 0.481355 2 5 0.876676 7 0.123325
  5 21.486265 41.607292 -0.963615 0.778674 0.061587 -0.624399 0.478868 0.426712 2 5 0.818220 3 0.181780
  5 21.959431 40.594551 -0.487172 0.777546 0.009542 -0.628753 0.477946 0.482416 2 5 0.876768 7 0.123232
engineer_handL
  5 21.959431 40.594551 -0.487172 0.777546 0.009542 -0.628753 0.477946 0.482416 2 5 0.876768 7 0.123232
  5 21.486265 41.607292 -0.963615 0.778674 0.061587 -0.624399 0.478868 0.426712 2 5 0.818220 3 0.181780
  5 21.845776 42.094715 -0.257047 0.874369 0.232599 -0.425884 0.439843 0.426748 2 5 0.818221 3 0.181779
engineer_handL
  5 21.486265 41.607292 -0.963615 0.778674 0.061587 -0.624399 0.478868 0.426712 2 5 0.818220 3 0.181780
  11 20.758308 44.384430 -1.324106 0.882794 0.257592 -0.392837 0.439075 0.300407 2 11 0.674585 3 0.325415
  5 21.845776 42.094715 -0.257047 0.874369 0.232599 -0.425884 0.439843 0.426748 2 5 0.818221 3 0.181779
engineer_handL
  11 20.758308 44.384430 -1.324106 0.882794 0.257592 -0.392837 0.439075 0.300407 2 11 0.674585 3 0.325415
  5 21.982414 42.509270 0.482582 0.909875 0.362644 -0.201536 0.404030 0.426460 2 5 0.818222 3 0.181778
  5 21.845776 42.094715 -0.257047 0.874369 0.232599 -0.425884 0.439843 0.426748 2 5 0.818221 3 0.181779
engineer_handL
  11 20.758308 44.384430 -1.324106 0.882794 0.257592 -0.392837 0.439075 0.300407 2 11 0.674585 3 0.325415
  11 20.868504 44.793911 -0.550203 0.909875 0.362644 -0.201536 0.402045 0.300736 2 11 0.674584 3 0.325416
  5 21.982414 42.509270 0.482582 0.909875 0.362644 -0.201536 0.404030 0.426460 2 5 0.818222 3 0.181778
engineer_handL
  3 19.471474 46.843502 -2.434028 0.880123 0.295617 -0.371475 0.438540 0.162817 2 3 0.641177 11 0.358823
  3 17.734613 50.158859 -3.885452 0.880123 0.295617 -0.371475 0.442026 0.021343 1 3 1.000000
  3 17.880112 50.467457 -2.935711 0.901325 0.391979 -0.184299 0.399252 0.027881 1 3 1.000000
engineer_handL
  3 17.734613 50.158859 -3.885452 0.880123 0.295617 -0.371475 0.442026 0.021343 1 3 1.000000
  3 19.471474 46.843502 -2.434028 0.880123 0.295617 -0.371475 0.438540 0.162817 2 3 0.641177 11 0.358823
  3 19.150915 46.321865 -3.322993 0.804640 0.149772 -0.574563 0.484153 0.161556 2 3 0.658175 11 0.341825
engineer_handL
  3 17.734613 50.158859 -3.885452 0.880123 0.295617 -0.371475 0.442026 0.021343 1 3 1.000000
  3 19.150915 46.321865 -3.322993 0.804640 0.149772 -0.574563 0.484153 0.161556 2 3 0.658175 11 0.341825
  3 17.321112 49.686756 -4.915861 0.804640 0.149772 -0.574563 0.493117 0.014335 1 3 1.000000
engineer_handL
  3 17.321112 49.686756 -4.915861 0.804640 0.149772 -0.574563 0.493117 0.014335 1 3 1.000000
  3 19.150915 46.321865 -3.322993 0.804640 0.149772 -0.574563 0.484153 0.161556 2 3 0.658175 11 0.341825
  3 18.496952 45.633736 -4.093821 0.529418 -0.131057 -0.838177 0.537507 0.161894 2 3 0.673372 11 0.326628
engineer_handL
  3 17.321112 49.686756 -4.915861 0.804640 0.149772 -0.574563 0.493117 0.014335 1 3 1.000000
  3 18.496952 45.633736 -4.093821 0.529418 -0.131057 -0.838177 0.537507 0.161894 2 3 0.673372 11 0.326628
  3 16.770412 49.219658 -5.627931 0.529418 -0.131057 -0.838177 0.536110 0.009647 1 3 1.000000
engineer_handL
  3 14.869782 48.127396 -5.792980 -0.023930 -0.423570 -0.905547 0.607360 0.012057 1 3 1.000000
  3 16.770412 49.219658 -5.627931 0.529418 -0.131057 -0.838177 0.536110 0.009647 1 3 1.000000
  3 18.496952 45.633736 -4.093821 0.529418 -0.131057 -0.838177 0.537507 0.161894 2 3 0.673372 11 0.326628
engineer_handL
  3 14.869782 48.127396 -5.792980 -0.023930 -0.423570 -0.905547 0.607360 0.012057 1 3 1.000000
  3 18.496952 45.633736 -4.093821 0.529418 -0.131057 -0.838177 0.537507 0.161894 2 3 0.673372 11 0.326628
  3 16.857071 44.587059 -4.221122 -0.008624 -0.472830 -0.881111 0.602377 0.174898 2 3 0.677873 11 0.322128
engineer_handL
  3 18.496952 45.633736 -4.093821 0.529418 -0.131057 -0.838177 0.537507 0.161894 2 3 0.673372 11 0.326628
  11 18.516130 42.301918 -2.839975 0.002060 -0.553120 -0.833099 0.593080 0.324503 2 11 0.674582 3 0.325418
  3 16.857071 44.587059 -4.221122 -0.008624 -0.472830 -0.881111 0.602377 0.174898 2 3 0.677873 11 0.322128
engineer_handL
  3 18.496952 45.633736 -4.093821 0.529418 -0.131057 -0.838177 0.537507 0.161894 2 3 0.673372 11 0.326628
  11 19.855185 43.201843 -2.738109 0.530888 -0.194055 -0.824924 0.527777 0.303508 2 11 0.674585 3 0.325415
  11 18.516130 42.301918 -2.839975 0.002060 -0.553120 -0.833099 0.593080 0.324503 2 11 0.674582 3 0.325418
engineer_handL
  11 19.855185 43.201843 -2.738109 0.530888 -0.194055 -0.824924 0.527777 0.303508 2 11 0.674585 3 0.325415
  5 19.718910 40.519920 -1.507339 -0.038759 -0.573881 -0.818021 0.563918 0.428788 2 5 0.818223 3 0.181777
  11 18.516130 42.301918 -2.839975 0.002060 -0.553120 -0.833099 0.593080 0.324503 2 11 0.674582 3 0.325418
engineer_handL
  11 19.855185 43.201843 -2.738109 0.530888 -0.194055 -0.824924 0.527777 0.303508 2 11 0.674585 3 0.325415
  5 20.918156 41.102371 -1.505235 0.491875 -0.240663 -0.836744 0.519600 0.426644 2 5 0.818218 3 0.181782
  5 19.718910 40.519920 -1.507339 -0.038759 -0.573881 -0.818021 0.563918 0.428788 2 5 0.818223 3 0.181777
engineer_handL
  5 20.918156 41.102371 -1.505235 0.491875 -0.240663 -0.836744 0.519600 0.426644 2 5 0.818218 3 0.181782
  5 20.194378 39.699100 -0.955946 -0.104986 -0.473511 -0.874509 0.559562 0.480833 2 5 0.876605 7 0.123395
  5 19.718910 40.519920 -1.507339 -0.038759 -0.573881 -0.818021 0.563918 0.428788 2 5 0.818223 3 0.181777
engineer_handL
  5 20.918156 41.102371 -1.505235 0.491875 -0.240663 -0.836744 0.519600 0.426644 2 5 0.818218 3 0.181782
  5 21.364815 40.143055 -1.004069 0.447637 -0.234330 -0.862966 0.517094 0.481355 2 5 0.876676 7 0.123325
  5 20.194378 39.699100 -0.955946 -0.104986 -0.473511 -0.874509 0.559562 0.480833 2 5 0.876605 7 0.123395
engineer_handL
  5 21.364815 40.143055 -1.004069 0.447637 -0.234330 -0.862966 0.517094 0.481355 2 5 0.876676 7 0.123325
  7 20.493479 38.866180 -0.656434 -0.119117 -0.336168 -0.934239 0.560006 0.527755 2 7 0.758515 5 0.241485
  5 20.194378 39.699100 -0.955946 -0.104986 -0.473511 -0.874509 0.559562 0.480833 2 5 0.876605 7 0.123395
engineer_handL
  5 21.364815 40.143055 -1.004069 0.447637 -0.234330 -0.862966 0.517094 0.481355 2 5 0.876676 7 0.123325
  5 21.694315 39.252769 -0.609257 0.450821 -0.193228 -0.871449 0.517568 0.529625 2 5 0.544600 7 0.455400
  7 20.493479 38.866180 -0.656434 -0.119117 -0.336168 -0.934239 0.560006 0.527755 2 7 0.758515 5 0.241485
engineer_handL
  60 21.940161 38.365509 -0.292593 0.472989 -0.158017 -0.866782 0.521407 0.575106 2 60 0.917110 11 0.082890
  7 20.493479 38.866180 -0.656434 -0.119117 -0.336168 -0.934239 0.560006 0.527755 2 7 0.758515 5 0.241485
  5 21.694315 39.252769 -0.609257 0.450821 -0.193228 -0.871449 0.517568 0.529625 2 5 0.544600 7 0.455400
engineer_handL
  5 21.694315 39.252769 -0.609257 0.450821 -0.193228 -0.871449 0.517568 0.529625 2 5 0.544600 7 0.455400
  60 22.474131 38.738197 0.251327 0.838919 -0.001427 -0.544254 0.483653 0.577079 2 60 0.917109 11 0.082891
  60 21.940161 38.365509 -0.292593 0.472989 -0.158017 -0.866782 0.521407 0.575106 2 60 0.917110 11 0.082890
engineer_handL
  60 21.940161 38.365509 -0.292593 0.472989 -0.158017 -0.866782 0.521407 0.575106 2 60 0.917110 11 0.082890
  60 22.474131 38.738197 0.251327 0.838919 -0.001427 -0.544254 0.483653 0.577079 2 60 0.917109 11 0.082891
  60 22.659681 37.718983 0.545726 0.838919 -0.001427 -0.544254 0.491794 0.627245 1 60 1.000000
engineer_handL
  34 18.427343 35.346573 8.694906 0.544588 -0.835358 0.074835 0.969587 0.818853 1 34 1.000000
  34 18.473772 35.456722 8.882912 0.703600 -0.480129 0.523854 0.970061 0.822930 1 34 1.000000
  34 18.176291 35.353165 8.971580 0.229666 -0.757228 0.611440 0.976204 0.819702 1 34 1.000000
engineer_handL
  34 18.427343 35.346573 8.694906 0.544588 -0.835358 0.074835 0.969587 0.818853 1 34 1.000000
  34 18.725607 35.859295 8.444139 0.932145 -0.132064 0.337142 0.954833 0.814752 2 34 0.847309 32 0.152691
  34 18.473772 35.456722 8.882912 0.703600 -0.480129 0.523854 0.970061 0.822930 1 34 1.000000
engineer_handL
  34 18.427343 35.346573 8.694906 0.544588 -0.835358 0.074835 0.969587 0.818853 1 34 1.000000
  34 18.653097 35.587406 8.176629 0.715021 -0.694410 -0.080865 0.957082 0.808812 2 34 0.830391 32 0.169609
  34 18.725607 35.859295 8.444139 0.932145 -0.132064 0.337142 0.954833 0.814752 2 34 0.847309 32 0.152691
engineer_handL
  34 18.653097 35.587406 8.176629 0.715021 -0.694410 -0.080865 0.957082 0.808812 2 34 0.830391 32 0.169609
  34 18.814152 36.060425 8.219897 0.951203 -0.076155 0.299019 0.947561 0.810176 2 34 0.676130 32 0.323870
  34 18.725607 35.859295 8.444139 0.932145 -0.132064 0.337142 0.954833 0.814752 2 34 0.847309 32 0.152691
end
