// Created by Crowbar 0.68
version 1
nodes
  0 "root" -1
  1 "bip_upperArm_L" 0
  2 "bip_upperArm_R" 0
  3 "bip_lowerArm_L" 1
  4 "bip_lowerArm_R" 2
  5 "bip_wrist_L" 3
  6 "bip_wrist_R" 4
  7 "bip_hand_L" 3
  8 "bip_hand_R" 6
  9 "arm_attach_R" 4
  10 "bip_twist_R" 4
  11 "forearm_twist_01_L" 3
  12 "effect_hand_L" 7
  13 "effect_hand_R" 8
  14 "vm_weapon_bone" 8
  15 "vm_weapon_bone_1" 8
  16 "vm_weapon_bone_2" 8
  17 "vm_weapon_bone_3" 8
  18 "vm_weapon_bone_4" 8
  19 "vm_weapon_bone_5" 8
  20 "vm_weapon_bone_6" 8
  21 "vm_weapon_bone_7" 8
  22 "vm_weapon_bone_L" 7
  23 "vm_weapon_bone_L_1" 7
  24 "vm_weapon_bone_L_2" 7
  25 "weapon_bone" 8
  26 "weapon_bone_1" 8
  27 "weapon_bone_2" 8
  28 "weapon_bone_3" 8
  29 "weapon_bone_L" 7
  30 "bip_thumb_0_L" 7
  31 "bip_thumb_0_R" 8
  32 "bip_thumb_1_L" 30
  33 "bip_thumb_1_R" 31
  34 "bip_thumb_2_L" 32
  35 "bip_thumb_2_R" 33
  36 "bip_index_meta_0_L" 7
  37 "bip_index_meta_0_R" 8
  38 "bip_index_0_L" 36
  39 "bip_index_0_R" 37
  40 "bip_index_1_L" 38
  41 "bip_index_1_R" 39
  42 "bip_index_2_L" 40
  43 "bip_index_2_R" 41
  44 "bip_middle_meta_0_L" 7
  45 "bip_middle_meta_0_R" 8
  46 "bip_middle_0_L" 44
  47 "bip_middle_0_R" 45
  48 "bip_middle_1_L" 46
  49 "bip_middle_1_R" 47
  50 "bip_middle_2_L" 48
  51 "bip_middle_2_R" 49
  52 "bip_ring_meta_0_L" 7
  53 "bip_ring_meta_0_R" 8
  54 "bip_ring_0_L" 52
  55 "bip_ring_0_R" 53
  56 "bip_ring_1_L" 54
  57 "bip_ring_1_R" 55
  58 "bip_ring_2_L" 56
  59 "bip_ring_2_R" 57
  60 "bip_pinky_meta_0_L" 7
  61 "bip_pinky_meta_0_R" 8
  62 "bip_pinky_0_L" 60
  63 "bip_pinky_0_R" 61
  64 "bip_pinky_1_L" 62
  65 "bip_pinky_1_R" 63
  66 "bip_pinky_2_L" 64
  67 "bip_pinky_2_R" 65
end
skeleton
  time 0
    0 0.000000 60.106396 -4.292783 0.000000 0.000000 0.000000
    1 10.092304 0.000000 0.000000 -0.159072 -0.006046 0.486515
    2 -10.092300 0.000004 0.000003 2.982521 0.006046 -0.486515
    3 0.000000 -11.937256 0.000000 -0.220182 0.000000 0.000000
    4 -0.000008 11.937298 0.000002 -0.220182 0.000000 0.000000
    5 0.000000 -9.999998 -0.000002 -0.012401 0.000000 0.000000
    6 0.000000 10.533932 0.000002 -0.012401 0.000000 0.000000
    7 0.000000 -11.592720 0.013129 -0.012401 0.000000 0.000000
    8 0.000027 1.058876 0.000007 0.000000 0.000000 0.000000
    9 -0.000004 0.000000 0.000001 0.000000 0.000000 0.000000
    10 -0.000004 5.300001 0.000000 0.000000 0.000000 0.000000
    11 0.000008 -5.303598 -0.001716 -0.012401 0.000000 0.000000
    12 -2.078655 -1.771875 0.100797 0.026156 -0.190579 2.894816
    13 2.261845 1.906815 -0.064198 -0.026153 0.190586 -0.246777
    14 6.006599 2.049641 0.807188 -2.794047 0.184456 -0.452847
    15 6.721283 3.300211 1.318987 -2.794047 0.184456 -0.452847
    16 7.410255 4.505789 1.812372 -2.794047 0.184456 -0.452847
    17 8.175129 5.844181 2.360109 -2.794047 0.184456 -0.452847
    18 8.709616 6.779434 2.742866 -2.794047 0.184456 -0.452847
    19 9.367310 7.930285 3.213854 -2.794047 0.184456 -0.452847
    20 10.168661 9.332505 3.787714 -2.794047 0.184456 -0.452847
    21 10.923656 10.653618 4.328383 -2.794047 0.184456 -0.452847
    22 -4.987762 -3.401390 1.043530 0.347546 0.184456 -0.452847
    23 -5.525152 -4.341726 0.658694 0.347546 0.184456 -0.452847
    24 -6.148640 -5.432716 0.212205 0.347546 0.184456 -0.452847
    25 5.090199 2.495529 0.997334 -2.794047 0.184456 -0.452847
    26 5.804890 3.746096 1.509130 -2.794047 0.184456 -0.452847
    27 6.493858 4.951681 2.002517 -2.794047 0.184456 -0.452847
    28 7.258736 6.290068 2.550255 -2.794047 0.184456 -0.452847
    29 -2.407539 -4.656857 0.508154 1.738660 0.051219 0.077554
    30 -1.809814 -0.499929 2.575144 -0.541117 -0.109267 -0.446081
    31 1.809803 0.499863 -2.575165 -0.541117 -0.109267 -0.446081
    32 -0.000004 -3.099537 -0.000008 0.206417 0.000000 0.000000
    33 -0.000050 3.099520 0.000008 0.206417 0.000000 0.000000
    34 -0.000004 -1.649410 0.000004 -0.142580 0.000000 0.000000
    35 0.000000 1.649420 0.000010 -0.142580 0.000000 0.000000
    36 -0.008202 -1.168287 1.640406 -2.024223 1.068121 -2.073437
    37 0.008183 1.168306 -1.640392 -2.024222 1.068122 -2.073437
    38 0.000004 -3.307283 0.000002 0.211357 -0.265296 0.397843
    39 0.000040 3.307251 0.000002 0.211357 -0.265296 0.397843
    40 -0.000003 -2.892881 -0.000002 0.690008 0.000000 0.000000
    41 0.000006 2.892891 0.000051 0.690007 0.000000 0.000000
    42 0.000000 -1.789223 0.000000 0.156442 0.000000 0.000000
    43 -0.000023 1.789169 -0.000064 0.156442 0.000000 0.000000
    44 -0.108307 -1.322851 0.774750 -2.523993 1.312139 -2.576994
    45 0.108303 1.322773 -0.774776 -2.523993 1.312139 -2.576994
    46 -0.000002 -3.408819 -0.000002 0.227219 -0.107196 0.206411
    47 -0.000008 3.408844 -0.000019 0.227218 -0.107196 0.206411
    48 0.000000 -2.799513 0.000000 0.682691 0.000000 0.000000
    49 -0.000019 2.799555 -0.000031 0.682692 0.000000 0.000000
    50 0.000000 -1.822449 0.000005 0.256564 0.000000 0.000000
    51 0.000011 1.822418 0.000038 0.256564 0.000000 0.000000
    52 -0.205322 -1.375326 -0.310266 2.617887 1.344672 2.547875
    53 0.205257 1.375311 0.310268 2.617887 1.344672 2.547874
    54 -0.000001 -3.388149 0.000008 0.281454 0.013589 -0.012578
    55 0.000000 3.388145 0.000072 0.281453 0.013589 -0.012578
    56 0.000002 -2.085268 -0.000002 0.620756 0.000000 0.000000
    57 -0.000010 2.085281 0.000004 0.620756 0.000000 0.000000
    58 -0.000001 -1.544365 0.000005 0.215560 0.000000 0.000000
    59 0.000022 1.544292 0.000012 0.215560 0.000000 0.000000
    60 -0.193996 -1.163881 -1.333147 2.172033 1.206597 2.017126
    61 0.194004 1.163836 1.333138 2.172033 1.206597 2.017125
    62 0.000000 -3.297543 -0.000002 0.250408 0.023667 -0.123566
    63 0.000001 3.297546 -0.000027 0.250407 0.023667 -0.123566
    64 0.000000 -1.951864 0.000006 0.498892 0.000000 0.000000
    65 0.000002 1.951904 -0.000051 0.498892 0.000000 0.000000
    66 -0.000001 -1.231834 0.000000 0.394878 0.000000 0.000000
    67 -0.000010 1.231846 0.000063 0.394878 0.000000 0.000000
end
triangles
engineer_handL
  4 -14.775295 47.207432 1.399155 0.527750 -0.016027 0.849249 0.969739 0.163791 2 4 0.833572 10 0.166428
  4 -13.386042 48.853447 0.369751 0.706206 -0.103689 0.700372 0.958859 0.089978 1 4 1.000000
  4 -13.913120 49.244537 0.772248 0.419024 0.085632 0.903928 0.992552 0.102530 1 4 1.000000
engineer_handL
  4 -14.775295 47.207432 1.399155 0.527750 -0.016027 0.849249 0.969739 0.163791 2 4 0.833572 10 0.166428
  4 -15.983377 44.889187 1.913842 0.636647 -0.137992 0.758708 0.924348 0.298957 2 4 0.631495 10 0.368505
  4 -14.363506 46.839157 0.965432 0.743305 -0.240265 0.624316 0.939085 0.156011 2 4 0.837073 10 0.162927
engineer_handL
  4 -14.363506 46.839157 0.965432 0.743305 -0.240265 0.624316 0.939085 0.156011 2 4 0.837073 10 0.162927
  4 -13.386042 48.853447 0.369751 0.706206 -0.103689 0.700372 0.958859 0.089978 1 4 1.000000
  4 -14.775295 47.207432 1.399155 0.527750 -0.016027 0.849249 0.969739 0.163791 2 4 0.833572 10 0.166428
engineer_handL
  4 -14.363506 46.839157 0.965432 0.743305 -0.240265 0.624316 0.939085 0.156011 2 4 0.837073 10 0.162927
  4 -13.013760 48.502068 -0.260326 0.847654 -0.299734 0.437770 0.925167 0.077425 1 4 1.000000
  4 -13.386042 48.853447 0.369751 0.706206 -0.103689 0.700372 0.958859 0.089978 1 4 1.000000
engineer_handL
  4 -16.323292 46.141731 -5.025814 -0.069879 -0.379543 -0.922531 0.607415 0.089723 2 4 0.853569 10 0.146431
  4 -17.760361 46.994198 -4.751556 -0.525559 -0.110318 -0.843574 0.539908 0.084399 2 4 0.853368 10 0.146632
  4 -15.226816 48.311050 -5.950130 -0.165671 -0.311431 -0.935716 0.607360 0.012057 1 4 1.000000
engineer_handL
  4 -15.226816 48.311050 -5.950130 -0.165671 -0.311431 -0.935716 0.607360 0.012057 1 4 1.000000
  4 -14.512749 47.943722 -5.635828 0.219587 -0.443959 -0.868724 0.645289 0.015783 1 4 1.000000
  4 -16.323292 46.141731 -5.025814 -0.069879 -0.379543 -0.922531 0.607415 0.089723 2 4 0.853569 10 0.146431
engineer_handL
  4 -16.323292 46.141731 -5.025814 -0.069879 -0.379543 -0.922531 0.607415 0.089723 2 4 0.853569 10 0.146431
  4 -14.512749 47.943722 -5.635828 0.219587 -0.443959 -0.868724 0.645289 0.015783 1 4 1.000000
  4 -15.610323 45.757580 -4.771971 0.238687 -0.525498 -0.816628 0.644305 0.094506 2 4 0.850171 10 0.149829
engineer_handL
  4 -13.842415 47.671848 -5.174736 0.513629 -0.555063 -0.654286 0.683218 0.019510 1 4 1.000000
  4 -15.610323 45.757580 -4.771971 0.238687 -0.525498 -0.816628 0.644305 0.094506 2 4 0.850171 10 0.149829
  4 -14.512749 47.943722 -5.635828 0.219587 -0.443959 -0.868724 0.645289 0.015783 1 4 1.000000
engineer_handL
  4 -14.984560 45.562187 -4.213062 0.557447 -0.616659 -0.555863 0.681195 0.099290 2 4 0.851373 10 0.148628
  4 -15.610323 45.757580 -4.771971 0.238687 -0.525498 -0.816628 0.644305 0.094506 2 4 0.850171 10 0.149829
  4 -13.842415 47.671848 -5.174736 0.513629 -0.555063 -0.654286 0.683218 0.019510 1 4 1.000000
engineer_handL
  4 -13.842415 47.671848 -5.174736 0.513629 -0.555063 -0.654286 0.683218 0.019510 1 4 1.000000
  4 -13.269314 47.613152 -4.129810 0.733530 -0.564987 -0.377789 0.736841 0.029893 1 4 1.000000
  4 -14.984560 45.562187 -4.213062 0.557447 -0.616659 -0.555863 0.681195 0.099290 2 4 0.851373 10 0.148628
engineer_handL
  4 -14.984560 45.562187 -4.213062 0.557447 -0.616659 -0.555863 0.681195 0.099290 2 4 0.851373 10 0.148628
  4 -13.269314 47.613152 -4.129810 0.733530 -0.564987 -0.377789 0.736841 0.029893 1 4 1.000000
  4 -14.457269 45.518658 -3.326487 0.715605 -0.615609 -0.330053 0.727706 0.107233 2 4 0.853273 10 0.146728
engineer_handL
  4 -13.269314 47.613152 -4.129810 0.733530 -0.564987 -0.377789 0.736841 0.029893 1 4 1.000000
  4 -12.934614 47.693748 -3.308560 0.818432 -0.538942 -0.199275 0.777396 0.036416 1 4 1.000000
  4 -14.457269 45.518658 -3.326487 0.715605 -0.615609 -0.330053 0.727706 0.107233 2 4 0.853273 10 0.146728
engineer_handL
  4 -14.457269 45.518658 -3.326487 0.715605 -0.615609 -0.330053 0.727706 0.107233 2 4 0.853273 10 0.146728
  4 -12.934614 47.693748 -3.308560 0.818432 -0.538942 -0.199275 0.777396 0.036416 1 4 1.000000
  4 -14.122600 45.567604 -2.435210 0.788720 -0.593607 -0.159847 0.769391 0.117341 2 4 0.851472 10 0.148528
engineer_handL
  4 -12.772615 47.848251 -2.284670 0.876795 -0.480851 0.003460 0.824354 0.049277 1 4 1.000000
  4 -14.122600 45.567604 -2.435210 0.788720 -0.593607 -0.159847 0.769391 0.117341 2 4 0.851472 10 0.148528
  4 -12.934614 47.693748 -3.308560 0.818432 -0.538942 -0.199275 0.777396 0.036416 1 4 1.000000
engineer_handL
  4 -13.904617 45.770794 -1.475958 0.858873 -0.497828 0.120440 0.810791 0.127070 2 4 0.850472 10 0.149528
  4 -14.122600 45.567604 -2.435210 0.788720 -0.593607 -0.159847 0.769391 0.117341 2 4 0.851472 10 0.148528
  4 -12.772615 47.848251 -2.284670 0.876795 -0.480851 0.003460 0.824354 0.049277 1 4 1.000000
engineer_handL
  4 -12.772615 47.848251 -2.284670 0.876795 -0.480851 0.003460 0.824354 0.049277 1 4 1.000000
  4 -12.816181 48.192226 -1.123342 0.878641 -0.412859 0.239869 0.879036 0.061591 1 4 1.000000
  4 -13.904617 45.770794 -1.475958 0.858873 -0.497828 0.120440 0.810791 0.127070 2 4 0.850472 10 0.149528
engineer_handL
  4 -13.904617 45.770794 -1.475958 0.858873 -0.497828 0.120440 0.810791 0.127070 2 4 0.850472 10 0.149528
  4 -12.816181 48.192226 -1.123342 0.878641 -0.412859 0.239869 0.879036 0.061591 1 4 1.000000
  4 -13.965539 46.146385 -0.520352 0.850074 -0.437400 0.293351 0.861161 0.135244 2 4 0.849672 10 0.150328
engineer_handL
  4 -13.013760 48.502068 -0.260326 0.847654 -0.299734 0.437770 0.925167 0.077425 1 4 1.000000
  4 -13.965539 46.146385 -0.520352 0.850074 -0.437400 0.293351 0.861161 0.135244 2 4 0.849672 10 0.150328
  4 -12.816181 48.192226 -1.123342 0.878641 -0.412859 0.239869 0.879036 0.061591 1 4 1.000000
engineer_handL
  4 -14.096458 46.480808 0.314844 0.823882 -0.390360 0.410898 0.908432 0.148231 2 4 0.842973 10 0.157027
  4 -13.965539 46.146385 -0.520352 0.850074 -0.437400 0.293351 0.861161 0.135244 2 4 0.849672 10 0.150328
  4 -13.013760 48.502068 -0.260326 0.847654 -0.299734 0.437770 0.925167 0.077425 1 4 1.000000
engineer_handL
  4 -14.096458 46.480808 0.314844 0.823882 -0.390360 0.410898 0.908432 0.148231 2 4 0.842973 10 0.157027
  4 -13.013760 48.502068 -0.260326 0.847654 -0.299734 0.437770 0.925167 0.077425 1 4 1.000000
  4 -14.363506 46.839157 0.965432 0.743305 -0.240265 0.624316 0.939085 0.156011 2 4 0.837073 10 0.162927
engineer_handL
  4 -14.363506 46.839157 0.965432 0.743305 -0.240265 0.624316 0.939085 0.156011 2 4 0.837073 10 0.162927
  4 -15.746936 44.563789 1.494893 0.791664 -0.357163 0.495685 0.899242 0.292829 2 4 0.628996 10 0.371004
  4 -14.096458 46.480808 0.314844 0.823882 -0.390360 0.410898 0.908432 0.148231 2 4 0.842973 10 0.157027
engineer_handL
  4 -14.363506 46.839157 0.965432 0.743305 -0.240265 0.624316 0.939085 0.156011 2 4 0.837073 10 0.162927
  4 -15.983377 44.889187 1.913842 0.636647 -0.137992 0.758708 0.924348 0.298957 2 4 0.631495 10 0.368505
  4 -15.746936 44.563789 1.494893 0.791664 -0.357163 0.495685 0.899242 0.292829 2 4 0.628996 10 0.371004
engineer_handL
  4 -15.532873 43.864235 0.208717 0.832675 -0.479269 0.277406 0.829847 0.277443 2 4 0.621198 10 0.378803
  4 -13.904617 45.770794 -1.475958 0.858873 -0.497828 0.120440 0.810791 0.127070 2 4 0.850472 10 0.149528
  4 -13.965539 46.146385 -0.520352 0.850074 -0.437400 0.293351 0.861161 0.135244 2 4 0.849672 10 0.150328
engineer_handL
  4 -15.557402 43.472153 -0.572691 0.791605 -0.609998 0.035543 0.792831 0.273368 2 4 0.615498 10 0.384502
  4 -13.904617 45.770794 -1.475958 0.858873 -0.497828 0.120440 0.810791 0.127070 2 4 0.850472 10 0.149528
  4 -15.532873 43.864235 0.208717 0.832675 -0.479269 0.277406 0.829847 0.277443 2 4 0.621198 10 0.378803
engineer_handL
  4 -13.904617 45.770794 -1.475958 0.858873 -0.497828 0.120440 0.810791 0.127070 2 4 0.850472 10 0.149528
  4 -15.557402 43.472153 -0.572691 0.791605 -0.609998 0.035543 0.792831 0.273368 2 4 0.615498 10 0.384502
  4 -14.122600 45.567604 -2.435210 0.788720 -0.593607 -0.159847 0.769391 0.117341 2 4 0.851472 10 0.148528
engineer_handL
  4 -14.122600 45.567604 -2.435210 0.788720 -0.593607 -0.159847 0.769391 0.117341 2 4 0.851472 10 0.148528
  4 -15.557402 43.472153 -0.572691 0.791605 -0.609998 0.035543 0.792831 0.273368 2 4 0.615498 10 0.384502
  4 -15.912720 43.237030 -1.382908 0.694455 -0.693411 -0.192128 0.750267 0.268822 2 4 0.606499 10 0.393501
engineer_handL
  4 -15.912720 43.237030 -1.382908 0.694455 -0.693411 -0.192128 0.750267 0.268822 2 4 0.606499 10 0.393501
  4 -16.333445 43.099579 -2.155632 0.661631 -0.701376 -0.265174 0.710437 0.266564 2 4 0.602498 10 0.397502
  4 -14.122600 45.567604 -2.435210 0.788720 -0.593607 -0.159847 0.769391 0.117341 2 4 0.851472 10 0.148528
engineer_handL
  4 -14.122600 45.567604 -2.435210 0.788720 -0.593607 -0.159847 0.769391 0.117341 2 4 0.851472 10 0.148528
  4 -16.333445 43.099579 -2.155632 0.661631 -0.701376 -0.265174 0.710437 0.266564 2 4 0.602498 10 0.397502
  4 -14.457269 45.518658 -3.326487 0.715605 -0.615609 -0.330053 0.727706 0.107233 2 4 0.853273 10 0.146728
engineer_handL
  4 -16.333445 43.099579 -2.155632 0.661631 -0.701376 -0.265174 0.710437 0.266564 2 4 0.602498 10 0.397502
  4 -16.773184 43.046494 -2.860279 0.556650 -0.704503 -0.440246 0.674118 0.263143 2 4 0.603597 10 0.396403
  4 -14.457269 45.518658 -3.326487 0.715605 -0.615609 -0.330053 0.727706 0.107233 2 4 0.853273 10 0.146728
engineer_handL
  4 -14.457269 45.518658 -3.326487 0.715605 -0.615609 -0.330053 0.727706 0.107233 2 4 0.853273 10 0.146728
  4 -16.773184 43.046494 -2.860279 0.556650 -0.704503 -0.440246 0.674118 0.263143 2 4 0.603597 10 0.396403
  4 -14.984560 45.562187 -4.213062 0.557447 -0.616659 -0.555863 0.681195 0.099290 2 4 0.851373 10 0.148628
engineer_handL
  4 -15.610323 45.757580 -4.771971 0.238687 -0.525498 -0.816628 0.644305 0.094506 2 4 0.850171 10 0.149829
  4 -14.984560 45.562187 -4.213062 0.557447 -0.616659 -0.555863 0.681195 0.099290 2 4 0.851373 10 0.148628
  4 -17.400038 43.175827 -3.387383 0.275605 -0.644288 -0.713397 0.635387 0.259099 2 4 0.603195 10 0.396805
engineer_handL
  4 -17.400038 43.175827 -3.387383 0.275605 -0.644288 -0.713397 0.635387 0.259099 2 4 0.603195 10 0.396805
  4 -14.984560 45.562187 -4.213062 0.557447 -0.616659 -0.555863 0.681195 0.099290 2 4 0.851373 10 0.148628
  4 -16.773184 43.046494 -2.860279 0.556650 -0.704503 -0.440246 0.674118 0.263143 2 4 0.603597 10 0.396403
engineer_handL
  10 -18.341198 41.189915 -1.605461 0.520574 -0.728068 -0.446003 0.665361 0.394264 2 10 0.772868 4 0.227132
  4 -17.400038 43.175827 -3.387383 0.275605 -0.644288 -0.713397 0.635387 0.259099 2 4 0.603195 10 0.396805
  4 -16.773184 43.046494 -2.860279 0.556650 -0.704503 -0.440246 0.674118 0.263143 2 4 0.603597 10 0.396403
engineer_handL
  4 -16.773184 43.046494 -2.860279 0.556650 -0.704503 -0.440246 0.674118 0.263143 2 4 0.603597 10 0.396403
  10 -17.960056 41.308270 -1.019454 0.661631 -0.701376 -0.265174 0.698472 0.394650 2 10 0.779265 4 0.220735
  10 -18.341198 41.189915 -1.605461 0.520574 -0.728068 -0.446003 0.665361 0.394264 2 10 0.772868 4 0.227132
engineer_handL
  4 -16.333445 43.099579 -2.155632 0.661631 -0.701376 -0.265174 0.710437 0.266564 2 4 0.602498 10 0.397502
  10 -17.960056 41.308270 -1.019454 0.661631 -0.701376 -0.265174 0.698472 0.394650 2 10 0.779265 4 0.220735
  4 -16.773184 43.046494 -2.860279 0.556650 -0.704503 -0.440246 0.674118 0.263143 2 4 0.603597 10 0.396403
engineer_handL
  10 -17.960056 41.308270 -1.019454 0.661631 -0.701376 -0.265174 0.698472 0.394650 2 10 0.779265 4 0.220735
  4 -16.333445 43.099579 -2.155632 0.661631 -0.701376 -0.265174 0.710437 0.266564 2 4 0.602498 10 0.397502
  10 -17.570171 41.487656 -0.392545 0.694455 -0.693411 -0.192128 0.733971 0.395898 2 10 0.775260 4 0.224740
engineer_handL
  10 -17.570171 41.487656 -0.392545 0.694455 -0.693411 -0.192128 0.733971 0.395898 2 10 0.775260 4 0.224740
  4 -16.333445 43.099579 -2.155632 0.661631 -0.701376 -0.265174 0.710437 0.266564 2 4 0.602498 10 0.397502
  4 -15.912720 43.237030 -1.382908 0.694455 -0.693411 -0.192128 0.750267 0.268822 2 4 0.606499 10 0.393501
engineer_handL
  4 -15.912720 43.237030 -1.382908 0.694455 -0.693411 -0.192128 0.750267 0.268822 2 4 0.606499 10 0.393501
  10 -17.166954 41.653053 0.257510 0.727271 -0.681805 -0.078855 0.769204 0.396701 2 10 0.759560 4 0.240440
  10 -17.570171 41.487656 -0.392545 0.694455 -0.693411 -0.192128 0.733971 0.395898 2 10 0.775260 4 0.224740
engineer_handL
  4 -15.557402 43.472153 -0.572691 0.791605 -0.609998 0.035543 0.792831 0.273368 2 4 0.615498 10 0.384502
  10 -17.166954 41.653053 0.257510 0.727271 -0.681805 -0.078855 0.769204 0.396701 2 10 0.759560 4 0.240440
  4 -15.912720 43.237030 -1.382908 0.694455 -0.693411 -0.192128 0.750267 0.268822 2 4 0.606499 10 0.393501
engineer_handL
  4 -15.557402 43.472153 -0.572691 0.791605 -0.609998 0.035543 0.792831 0.273368 2 4 0.615498 10 0.384502
  10 -16.977236 41.936005 0.923546 0.805479 -0.567788 0.169765 0.802107 0.398665 2 10 0.746361 4 0.253639
  10 -17.166954 41.653053 0.257510 0.727271 -0.681805 -0.078855 0.769204 0.396701 2 10 0.759560 4 0.240440
engineer_handL
  4 -15.532873 43.864235 0.208717 0.832675 -0.479269 0.277406 0.829847 0.277443 2 4 0.621198 10 0.378803
  10 -16.977236 41.936005 0.923546 0.805479 -0.567788 0.169765 0.802107 0.398665 2 10 0.746361 4 0.253639
  4 -15.557402 43.472153 -0.572691 0.791605 -0.609998 0.035543 0.792831 0.273368 2 4 0.615498 10 0.384502
engineer_handL
  4 -15.532873 43.864235 0.208717 0.832675 -0.479269 0.277406 0.829847 0.277443 2 4 0.621198 10 0.378803
  10 -16.946165 42.265594 1.532776 0.832675 -0.479269 0.277406 0.841207 0.402977 2 10 0.734264 4 0.265736
  10 -16.977236 41.936005 0.923546 0.805479 -0.567788 0.169765 0.802107 0.398665 2 10 0.746361 4 0.253639
engineer_handL
  4 -15.616638 44.238277 0.910667 0.820105 -0.443457 0.361627 0.874136 0.286700 2 4 0.625497 10 0.374503
  10 -16.946165 42.265594 1.532776 0.832675 -0.479269 0.277406 0.841207 0.402977 2 10 0.734264 4 0.265736
  4 -15.532873 43.864235 0.208717 0.832675 -0.479269 0.277406 0.829847 0.277443 2 4 0.621198 10 0.378803
engineer_handL
  4 -15.616638 44.238277 0.910667 0.820105 -0.443457 0.361627 0.874136 0.286700 2 4 0.625497 10 0.374503
  10 -16.992668 42.576866 2.047533 0.852156 -0.402811 0.334027 0.864151 0.407334 2 10 0.722665 4 0.277335
  10 -16.946165 42.265594 1.532776 0.832675 -0.479269 0.277406 0.841207 0.402977 2 10 0.734264 4 0.265736
engineer_handL
  4 -15.746936 44.563789 1.494893 0.791664 -0.357163 0.495685 0.899242 0.292829 2 4 0.628996 10 0.371004
  10 -16.992668 42.576866 2.047533 0.852156 -0.402811 0.334027 0.864151 0.407334 2 10 0.722665 4 0.277335
  4 -15.616638 44.238277 0.910667 0.820105 -0.443457 0.361627 0.874136 0.286700 2 4 0.625497 10 0.374503
engineer_handL
  4 -14.096458 46.480808 0.314844 0.823882 -0.390360 0.410898 0.908432 0.148231 2 4 0.842973 10 0.157027
  4 -15.746936 44.563789 1.494893 0.791664 -0.357163 0.495685 0.899242 0.292829 2 4 0.628996 10 0.371004
  4 -15.616638 44.238277 0.910667 0.820105 -0.443457 0.361627 0.874136 0.286700 2 4 0.625497 10 0.374503
engineer_handL
  4 -15.616638 44.238277 0.910667 0.820105 -0.443457 0.361627 0.874136 0.286700 2 4 0.625497 10 0.374503
  4 -13.965539 46.146385 -0.520352 0.850074 -0.437400 0.293351 0.861161 0.135244 2 4 0.849672 10 0.150328
  4 -14.096458 46.480808 0.314844 0.823882 -0.390360 0.410898 0.908432 0.148231 2 4 0.842973 10 0.157027
engineer_handL
  4 -15.532873 43.864235 0.208717 0.832675 -0.479269 0.277406 0.829847 0.277443 2 4 0.621198 10 0.378803
  4 -13.965539 46.146385 -0.520352 0.850074 -0.437400 0.293351 0.861161 0.135244 2 4 0.849672 10 0.150328
  4 -15.616638 44.238277 0.910667 0.820105 -0.443457 0.361627 0.874136 0.286700 2 4 0.625497 10 0.374503
engineer_handL
  4 -15.610323 45.757580 -4.771971 0.238687 -0.525498 -0.816628 0.644305 0.094506 2 4 0.850171 10 0.149829
  4 -18.102854 43.522850 -3.640043 -0.143079 -0.440618 -0.886219 0.596655 0.255054 2 4 0.603695 10 0.396305
  4 -16.323292 46.141731 -5.025814 -0.069879 -0.379543 -0.922531 0.607415 0.089723 2 4 0.853569 10 0.146431
engineer_handL
  4 -17.400038 43.175827 -3.387383 0.275605 -0.644288 -0.713397 0.635387 0.259099 2 4 0.603195 10 0.396805
  4 -18.102854 43.522850 -3.640043 -0.143079 -0.440618 -0.886219 0.596655 0.255054 2 4 0.603695 10 0.396305
  4 -15.610323 45.757580 -4.771971 0.238687 -0.525498 -0.816628 0.644305 0.094506 2 4 0.850171 10 0.149829
engineer_handL
  4 -17.400038 43.175827 -3.387383 0.275605 -0.644288 -0.713397 0.635387 0.259099 2 4 0.603195 10 0.396805
  10 -18.876499 41.273872 -2.049341 0.207110 -0.661411 -0.720862 0.637693 0.396365 2 10 0.769369 4 0.230631
  4 -18.102854 43.522850 -3.640043 -0.143079 -0.440618 -0.886219 0.596655 0.255054 2 4 0.603695 10 0.396305
engineer_handL
  10 -18.876499 41.273872 -2.049341 0.207110 -0.661411 -0.720862 0.637693 0.396365 2 10 0.769369 4 0.230631
  4 -17.400038 43.175827 -3.387383 0.275605 -0.644288 -0.713397 0.635387 0.259099 2 4 0.603195 10 0.396805
  10 -18.341198 41.189915 -1.605461 0.520574 -0.728068 -0.446003 0.665361 0.394264 2 10 0.772868 4 0.227132
engineer_handL
  4 -18.102854 43.522850 -3.640043 -0.143079 -0.440618 -0.886219 0.596655 0.255054 2 4 0.603695 10 0.396305
  10 -18.876499 41.273872 -2.049341 0.207110 -0.661411 -0.720862 0.637693 0.396365 2 10 0.769369 4 0.230631
  10 -19.440100 41.518791 -2.226806 -0.196572 -0.478207 -0.855966 0.610025 0.398465 2 10 0.771770 4 0.228230
engineer_handL
  4 -15.983377 44.889187 1.913842 0.636647 -0.137992 0.758708 0.924348 0.298957 2 4 0.631495 10 0.368505
  10 -17.049278 42.838356 2.470484 0.770238 -0.211896 0.601526 0.887095 0.411690 2 10 0.711269 4 0.288731
  4 -15.746936 44.563789 1.494893 0.791664 -0.357163 0.495685 0.899242 0.292829 2 4 0.628996 10 0.371004
engineer_handL
  4 -15.746936 44.563789 1.494893 0.791664 -0.357163 0.495685 0.899242 0.292829 2 4 0.628996 10 0.371004
  10 -17.049278 42.838356 2.470484 0.770238 -0.211896 0.601526 0.887095 0.411690 2 10 0.711269 4 0.288731
  10 -16.992668 42.576866 2.047533 0.852156 -0.402811 0.334027 0.864151 0.407334 2 10 0.722665 4 0.277335
engineer_handL
  4 -17.495367 41.939678 2.764827 0.847654 -0.299734 0.437770 0.870145 0.462736 3 4 0.485530 8 0.373622 10 0.140848
  10 -16.992668 42.576866 2.047533 0.852156 -0.402811 0.334027 0.864151 0.407334 2 10 0.722665 4 0.277335
  10 -17.049278 42.838356 2.470484 0.770238 -0.211896 0.601526 0.887095 0.411690 2 10 0.711269 4 0.288731
engineer_handL
  4 -17.489494 41.703278 2.327995 0.857578 -0.451569 0.246262 0.848808 0.460347 3 4 0.490251 8 0.368893 10 0.140856
  10 -16.992668 42.576866 2.047533 0.852156 -0.402811 0.334027 0.864151 0.407334 2 10 0.722665 4 0.277335
  4 -17.495367 41.939678 2.764827 0.847654 -0.299734 0.437770 0.870145 0.462736 3 4 0.485530 8 0.373622 10 0.140848
engineer_handL
  10 -16.992668 42.576866 2.047533 0.852156 -0.402811 0.334027 0.864151 0.407334 2 10 0.722665 4 0.277335
  4 -17.489494 41.703278 2.327995 0.857578 -0.451569 0.246262 0.848808 0.460347 3 4 0.490251 8 0.368893 10 0.140856
  10 -16.946165 42.265594 1.532776 0.832675 -0.479269 0.277406 0.841207 0.402977 2 10 0.734264 4 0.265736
engineer_handL
  10 -16.946165 42.265594 1.532776 0.832675 -0.479269 0.277406 0.841207 0.402977 2 10 0.734264 4 0.265736
  4 -17.489494 41.703278 2.327995 0.857578 -0.451569 0.246262 0.848808 0.460347 3 4 0.490251 8 0.368893 10 0.140856
  4 -17.563622 41.426121 1.844080 0.816582 -0.538879 0.206890 0.827472 0.457958 3 4 0.491106 8 0.368030 10 0.140864
engineer_handL
  10 -16.946165 42.265594 1.532776 0.832675 -0.479269 0.277406 0.841207 0.402977 2 10 0.734264 4 0.265736
  4 -17.563622 41.426121 1.844080 0.816582 -0.538879 0.206890 0.827472 0.457958 3 4 0.491106 8 0.368030 10 0.140864
  10 -16.977236 41.936005 0.923546 0.805479 -0.567788 0.169765 0.802107 0.398665 2 10 0.746361 4 0.253639
engineer_handL
  10 -16.977236 41.936005 0.923546 0.805479 -0.567788 0.169765 0.802107 0.398665 2 10 0.746361 4 0.253639
  4 -17.563622 41.426121 1.844080 0.816582 -0.538879 0.206890 0.827472 0.457958 3 4 0.491106 8 0.368030 10 0.140864
  4 -17.640705 41.112282 1.275110 0.772059 -0.627083 0.103403 0.790718 0.454097 3 4 0.490072 8 0.369060 10 0.140869
engineer_handL
  10 -16.977236 41.936005 0.923546 0.805479 -0.567788 0.169765 0.802107 0.398665 2 10 0.746361 4 0.253639
  4 -17.640705 41.112282 1.275110 0.772059 -0.627083 0.103403 0.790718 0.454097 3 4 0.490072 8 0.369060 10 0.140869
  10 -17.166954 41.653053 0.257510 0.727271 -0.681805 -0.078855 0.769204 0.396701 2 10 0.759560 4 0.240440
engineer_handL
  10 -17.166954 41.653053 0.257510 0.727271 -0.681805 -0.078855 0.769204 0.396701 2 10 0.759560 4 0.240440
  4 -17.640705 41.112282 1.275110 0.772059 -0.627083 0.103403 0.790718 0.454097 3 4 0.490072 8 0.369060 10 0.140869
  4 -17.870476 40.855213 0.673683 0.724466 -0.675603 -0.136781 0.761316 0.456576 3 4 0.487584 8 0.371559 10 0.140857
engineer_handL
  10 -17.166954 41.653053 0.257510 0.727271 -0.681805 -0.078855 0.769204 0.396701 2 10 0.759560 4 0.240440
  4 -17.870476 40.855213 0.673683 0.724466 -0.675603 -0.136781 0.761316 0.456576 3 4 0.487584 8 0.371559 10 0.140857
  10 -17.570171 41.487656 -0.392545 0.694455 -0.693411 -0.192128 0.733971 0.395898 2 10 0.775260 4 0.224740
engineer_handL
  10 -17.570171 41.487656 -0.392545 0.694455 -0.693411 -0.192128 0.733971 0.395898 2 10 0.775260 4 0.224740
  4 -17.870476 40.855213 0.673683 0.724466 -0.675603 -0.136781 0.761316 0.456576 3 4 0.487584 8 0.371559 10 0.140857
  4 -18.197102 40.628620 0.106453 0.699631 -0.673291 -0.239157 0.730727 0.455275 3 4 0.480029 8 0.379128 10 0.140843
engineer_handL
  10 -17.570171 41.487656 -0.392545 0.694455 -0.693411 -0.192128 0.733971 0.395898 2 10 0.775260 4 0.224740
  4 -18.197102 40.628620 0.106453 0.699631 -0.673291 -0.239157 0.730727 0.455275 3 4 0.480029 8 0.379128 10 0.140843
  10 -17.960056 41.308270 -1.019454 0.661631 -0.701376 -0.265174 0.698472 0.394650 2 10 0.779265 4 0.220735
engineer_handL
  10 -17.960056 41.308270 -1.019454 0.661631 -0.701376 -0.265174 0.698472 0.394650 2 10 0.779265 4 0.220735
  4 -18.197102 40.628620 0.106453 0.699631 -0.673291 -0.239157 0.730727 0.455275 3 4 0.480029 8 0.379128 10 0.140843
  4 -18.580851 40.521599 -0.473700 0.661631 -0.701376 -0.265174 0.698299 0.453833 3 4 0.477958 8 0.381181 10 0.140861
engineer_handL
  10 -17.960056 41.308270 -1.019454 0.661631 -0.701376 -0.265174 0.698472 0.394650 2 10 0.779265 4 0.220735
  4 -18.580851 40.521599 -0.473700 0.661631 -0.701376 -0.265174 0.698299 0.453833 3 4 0.477958 8 0.381181 10 0.140861
  10 -18.341198 41.189915 -1.605461 0.520574 -0.728068 -0.446003 0.665361 0.394264 2 10 0.772868 4 0.227132
engineer_handL
  10 -18.341198 41.189915 -1.605461 0.520574 -0.728068 -0.446003 0.665361 0.394264 2 10 0.772868 4 0.227132
  4 -18.580851 40.521599 -0.473700 0.661631 -0.701376 -0.265174 0.698299 0.453833 3 4 0.477958 8 0.381181 10 0.140861
  4 -18.964182 40.401096 -1.053936 0.494388 -0.717946 -0.490033 0.663920 0.454163 3 4 0.472551 8 0.386596 10 0.140854
engineer_handL
  10 -18.341198 41.189915 -1.605461 0.520574 -0.728068 -0.446003 0.665361 0.394264 2 10 0.772868 4 0.227132
  4 -18.964182 40.401096 -1.053936 0.494388 -0.717946 -0.490033 0.663920 0.454163 3 4 0.472551 8 0.386596 10 0.140854
  10 -18.876499 41.273872 -2.049341 0.207110 -0.661411 -0.720862 0.637693 0.396365 2 10 0.769369 4 0.230631
engineer_handL
  10 -18.876499 41.273872 -2.049341 0.207110 -0.661411 -0.720862 0.637693 0.396365 2 10 0.769369 4 0.230631
  4 -18.964182 40.401096 -1.053936 0.494388 -0.717946 -0.490033 0.663920 0.454163 3 4 0.472551 8 0.386596 10 0.140854
  4 -19.461697 40.412888 -1.443001 0.137890 -0.637207 -0.758257 0.639931 0.456127 3 4 0.467060 8 0.392106 10 0.140834
engineer_handL
  10 -18.876499 41.273872 -2.049341 0.207110 -0.661411 -0.720862 0.637693 0.396365 2 10 0.769369 4 0.230631
  4 -19.461697 40.412888 -1.443001 0.137890 -0.637207 -0.758257 0.639931 0.456127 3 4 0.467060 8 0.392106 10 0.140834
  10 -19.440100 41.518791 -2.226806 -0.196572 -0.478207 -0.855966 0.610025 0.398465 2 10 0.771770 4 0.228230
engineer_handL
  10 -19.440100 41.518791 -2.226806 -0.196572 -0.478207 -0.855966 0.610025 0.398465 2 10 0.771770 4 0.228230
  4 -19.461697 40.412888 -1.443001 0.137890 -0.637207 -0.758257 0.639931 0.456127 3 4 0.467060 8 0.392106 10 0.140834
  4 -19.976131 40.626938 -1.571674 -0.237203 -0.479365 -0.844952 0.615942 0.458091 3 4 0.467231 8 0.391937 10 0.140833
engineer_handL
  4 -18.113266 48.987808 0.649107 -0.663638 0.508487 0.548659 0.270075 0.101226 2 4 0.842570 10 0.157430
  4 -16.753260 50.738380 0.631217 -0.514677 0.478317 0.711562 0.235721 0.054138 1 4 1.000000
  4 -17.290417 50.843254 -0.082401 -0.723794 0.509031 0.465844 0.271336 0.048405 1 4 1.000000
engineer_handL
  4 -17.495367 41.939678 2.764827 0.847654 -0.299734 0.437770 0.098372 0.412180 3 4 0.485530 8 0.373622 10 0.140848
  10 -17.049278 42.838356 2.470484 0.770238 -0.211896 0.601526 0.100946 0.364638 2 10 0.711269 4 0.288731
  4 -18.001907 42.503193 3.358387 0.635282 -0.012857 0.772173 0.130341 0.410932 3 4 0.480722 8 0.378435 10 0.140844
engineer_handL
  4 -18.001907 42.503193 3.358387 0.635282 -0.012857 0.772173 0.130341 0.410932 3 4 0.480722 8 0.378435 10 0.140844
  10 -17.049278 42.838356 2.470484 0.770238 -0.211896 0.601526 0.100946 0.364638 2 10 0.711269 4 0.288731
  10 -17.634192 43.428589 3.038028 0.549625 0.042123 0.834349 0.135150 0.362230 2 10 0.705371 4 0.294629
engineer_handL
  4 -15.983377 44.889187 1.913842 0.636647 -0.137992 0.758708 0.101051 0.258717 2 4 0.631495 10 0.368505
  10 -17.634192 43.428589 3.038028 0.549625 0.042123 0.834349 0.135150 0.362230 2 10 0.705371 4 0.294629
  10 -17.049278 42.838356 2.470484 0.770238 -0.211896 0.601526 0.100946 0.364638 2 10 0.711269 4 0.288731
engineer_handL
  4 -16.743889 45.530586 2.364303 0.419024 0.085632 0.903928 0.139352 0.251886 2 4 0.632294 10 0.367706
  10 -17.634192 43.428589 3.038028 0.549625 0.042123 0.834349 0.135150 0.362230 2 10 0.705371 4 0.294629
  4 -15.983377 44.889187 1.913842 0.636647 -0.137992 0.758708 0.101051 0.258717 2 4 0.631495 10 0.368505
engineer_handL
  4 -14.775295 47.207432 1.399155 0.527750 -0.016027 0.849249 0.094577 0.129463 2 4 0.833572 10 0.166428
  4 -16.743889 45.530586 2.364303 0.419024 0.085632 0.903928 0.139352 0.251886 2 4 0.632294 10 0.367706
  4 -15.983377 44.889187 1.913842 0.636647 -0.137992 0.758708 0.101051 0.258717 2 4 0.631495 10 0.368505
engineer_handL
  4 -15.697376 47.836422 1.675297 0.310311 0.163337 0.936498 0.139067 0.122892 2 4 0.833271 10 0.166729
  4 -16.743889 45.530586 2.364303 0.419024 0.085632 0.903928 0.139352 0.251886 2 4 0.632294 10 0.367706
  4 -14.775295 47.207432 1.399155 0.527750 -0.016027 0.849249 0.094577 0.129463 2 4 0.833572 10 0.166428
engineer_handL
  4 -14.775295 47.207432 1.399155 0.527750 -0.016027 0.849249 0.094577 0.129463 2 4 0.833572 10 0.166428
  4 -13.913120 49.244537 0.772248 0.419024 0.085632 0.903928 0.096664 0.069799 1 4 1.000000
  4 -15.697376 47.836422 1.675297 0.310311 0.163337 0.936498 0.139067 0.122892 2 4 0.833271 10 0.166729
engineer_handL
  4 -15.697376 47.836422 1.675297 0.310311 0.163337 0.936498 0.139067 0.122892 2 4 0.833271 10 0.166729
  4 -13.913120 49.244537 0.772248 0.419024 0.085632 0.903928 0.096664 0.069799 1 4 1.000000
  4 -14.781016 49.756851 0.992710 0.273283 0.202986 0.940273 0.136681 0.066687 2 4 0.946716 10 0.053284
engineer_handL
  4 -14.781016 49.756851 0.992710 0.273283 0.202986 0.940273 0.136681 0.066687 2 4 0.946716 10 0.053284
  4 -16.253872 48.185783 1.734011 0.135367 0.262843 0.955295 0.166662 0.117424 2 4 0.832470 10 0.167530
  4 -15.697376 47.836422 1.675297 0.310311 0.163337 0.936498 0.139067 0.122892 2 4 0.833271 10 0.166729
engineer_handL
  4 -15.373315 50.093349 1.068620 0.096726 0.300432 0.948886 0.165797 0.063781 2 4 0.946291 10 0.053709
  4 -16.253872 48.185783 1.734011 0.135367 0.262843 0.955295 0.166662 0.117424 2 4 0.832470 10 0.167530
  4 -14.781016 49.756851 0.992710 0.273283 0.202986 0.940273 0.136681 0.066687 2 4 0.946716 10 0.053284
engineer_handL
  4 -16.253872 48.185783 1.734011 0.135367 0.262843 0.955295 0.166662 0.117424 2 4 0.832470 10 0.167530
  4 -15.373315 50.093349 1.068620 0.096726 0.300432 0.948886 0.165797 0.063781 2 4 0.946291 10 0.053709
  4 -16.874107 48.543877 1.638364 -0.117122 0.364180 0.923935 0.197952 0.112628 2 4 0.833371 10 0.166629
engineer_handL
  4 -16.874107 48.543877 1.638364 -0.117122 0.364180 0.923935 0.197952 0.112628 2 4 0.833371 10 0.166629
  4 -15.373315 50.093349 1.068620 0.096726 0.300432 0.948886 0.165797 0.063781 2 4 0.946291 10 0.053709
  4 -16.049013 50.433052 0.974132 -0.161900 0.387535 0.907527 0.198173 0.059719 1 4 1.000000
engineer_handL
  4 -16.874107 48.543877 1.638364 -0.117122 0.364180 0.923935 0.197952 0.112628 2 4 0.833371 10 0.166629
  4 -16.049013 50.433052 0.974132 -0.161900 0.387535 0.907527 0.198173 0.059719 1 4 1.000000
  4 -17.546949 48.849159 1.289944 -0.421054 0.452938 0.785850 0.233370 0.104223 2 4 0.836270 10 0.163730
engineer_handL
  4 -17.546949 48.849159 1.289944 -0.421054 0.452938 0.785850 0.233370 0.104223 2 4 0.836270 10 0.163730
  4 -16.049013 50.433052 0.974132 -0.161900 0.387535 0.907527 0.198173 0.059719 1 4 1.000000
  4 -16.753260 50.738380 0.631217 -0.514677 0.478317 0.711562 0.235721 0.054138 1 4 1.000000
engineer_handL
  4 -17.546949 48.849159 1.289944 -0.421054 0.452938 0.785850 0.233370 0.104223 2 4 0.836270 10 0.163730
  4 -16.753260 50.738380 0.631217 -0.514677 0.478317 0.711562 0.235721 0.054138 1 4 1.000000
  4 -18.113266 48.987808 0.649107 -0.663638 0.508487 0.548659 0.270075 0.101226 2 4 0.842570 10 0.157430
engineer_handL
  4 -18.113266 48.987808 0.649107 -0.663638 0.508487 0.548659 0.270075 0.101226 2 4 0.842570 10 0.157430
  4 -19.160666 46.562950 1.593381 -0.565948 0.522655 0.637600 0.270026 0.237292 2 4 0.619895 10 0.380105
  4 -17.546949 48.849159 1.289944 -0.421054 0.452938 0.785850 0.233370 0.104223 2 4 0.836270 10 0.163730
engineer_handL
  4 -18.113266 48.987808 0.649107 -0.663638 0.508487 0.548659 0.270075 0.101226 2 4 0.842570 10 0.157430
  4 -19.655111 46.597069 1.038319 -0.715208 0.539310 0.444548 0.302090 0.235934 2 4 0.615095 10 0.384905
  4 -19.160666 46.562950 1.593381 -0.565948 0.522655 0.637600 0.270026 0.237292 2 4 0.619895 10 0.380105
engineer_handL
  10 -20.760242 44.306381 2.113315 -0.684424 0.559193 0.467831 0.301446 0.366191 2 10 0.754771 4 0.245229
  4 -19.160666 46.562950 1.593381 -0.565948 0.522655 0.637600 0.270026 0.237292 2 4 0.619895 10 0.380105
  4 -19.655111 46.597069 1.038319 -0.715208 0.539310 0.444548 0.302090 0.235934 2 4 0.615095 10 0.384905
engineer_handL
  10 -17.634192 43.428589 3.038028 0.549625 0.042123 0.834349 0.135150 0.362230 2 10 0.705371 4 0.294629
  4 -18.484823 42.800369 3.606825 0.310190 0.206937 0.927879 0.160353 0.414190 3 4 0.474204 8 0.384979 10 0.140817
  4 -18.001907 42.503193 3.358387 0.635282 -0.012857 0.772173 0.130341 0.410932 3 4 0.480722 8 0.378435 10 0.140844
engineer_handL
  4 -17.546949 48.849159 1.289944 -0.421054 0.452938 0.785850 0.233370 0.104223 2 4 0.836270 10 0.163730
  4 -19.160666 46.562950 1.593381 -0.565948 0.522655 0.637600 0.270026 0.237292 2 4 0.619895 10 0.380105
  4 -18.535542 46.405624 2.118295 -0.321849 0.458208 0.828528 0.234834 0.240287 2 4 0.623595 10 0.376405
engineer_handL
  4 -17.546949 48.849159 1.289944 -0.421054 0.452938 0.785850 0.233370 0.104223 2 4 0.836270 10 0.163730
  4 -18.535542 46.405624 2.118295 -0.321849 0.458208 0.828528 0.234834 0.240287 2 4 0.623595 10 0.376405
  4 -16.874107 48.543877 1.638364 -0.117122 0.364180 0.923935 0.197952 0.112628 2 4 0.833371 10 0.166629
engineer_handL
  4 -16.874107 48.543877 1.638364 -0.117122 0.364180 0.923935 0.197952 0.112628 2 4 0.833371 10 0.166629
  4 -18.535542 46.405624 2.118295 -0.321849 0.458208 0.828528 0.234834 0.240287 2 4 0.623595 10 0.376405
  4 -17.867546 46.178841 2.414387 -0.077965 0.360227 0.929601 0.197132 0.244376 2 4 0.628995 10 0.371005
engineer_handL
  4 -16.874107 48.543877 1.638364 -0.117122 0.364180 0.923935 0.197952 0.112628 2 4 0.833371 10 0.166629
  4 -17.867546 46.178841 2.414387 -0.077965 0.360227 0.929601 0.197132 0.244376 2 4 0.628995 10 0.371005
  4 -16.253872 48.185783 1.734011 0.135367 0.262843 0.955295 0.166662 0.117424 2 4 0.832470 10 0.167530
engineer_handL
  4 -16.253872 48.185783 1.734011 0.135367 0.262843 0.955295 0.166662 0.117424 2 4 0.832470 10 0.167530
  4 -17.867546 46.178841 2.414387 -0.077965 0.360227 0.929601 0.197132 0.244376 2 4 0.628995 10 0.371005
  4 -17.244492 45.869736 2.493382 0.189079 0.244270 0.951095 0.168932 0.247562 2 4 0.631895 10 0.368106
engineer_handL
  4 -17.244492 45.869736 2.493382 0.189079 0.244270 0.951095 0.168932 0.247562 2 4 0.631895 10 0.368106
  4 -15.697376 47.836422 1.675297 0.310311 0.163337 0.936498 0.139067 0.122892 2 4 0.833271 10 0.166729
  4 -16.253872 48.185783 1.734011 0.135367 0.262843 0.955295 0.166662 0.117424 2 4 0.832470 10 0.167530
engineer_handL
  4 -16.743889 45.530586 2.364303 0.419024 0.085632 0.903928 0.139352 0.251886 2 4 0.632294 10 0.367706
  4 -15.697376 47.836422 1.675297 0.310311 0.163337 0.936498 0.139067 0.122892 2 4 0.833271 10 0.166729
  4 -17.244492 45.869736 2.493382 0.189079 0.244270 0.951095 0.168932 0.247562 2 4 0.631895 10 0.368106
engineer_handL
  4 -17.244492 45.869736 2.493382 0.189079 0.244270 0.951095 0.168932 0.247562 2 4 0.631895 10 0.368106
  10 -18.124659 43.744282 3.248790 0.310190 0.206937 0.927879 0.164928 0.362123 2 10 0.706074 4 0.293926
  4 -16.743889 45.530586 2.364303 0.419024 0.085632 0.903928 0.139352 0.251886 2 4 0.632294 10 0.367706
engineer_handL
  4 -16.743889 45.530586 2.364303 0.419024 0.085632 0.903928 0.139352 0.251886 2 4 0.632294 10 0.367706
  10 -18.124659 43.744282 3.248790 0.310190 0.206937 0.927879 0.164928 0.362123 2 10 0.706074 4 0.293926
  10 -17.634192 43.428589 3.038028 0.549625 0.042123 0.834349 0.135150 0.362230 2 10 0.705371 4 0.294629
engineer_handL
  10 -18.124659 43.744282 3.248790 0.310190 0.206937 0.927879 0.164928 0.362123 2 10 0.706074 4 0.293926
  4 -18.484823 42.800369 3.606825 0.310190 0.206937 0.927879 0.160353 0.414190 3 4 0.474204 8 0.384979 10 0.140817
  10 -17.634192 43.428589 3.038028 0.549625 0.042123 0.834349 0.135150 0.362230 2 10 0.705371 4 0.294629
engineer_handL
  10 -18.799412 44.021454 3.252783 -0.003076 0.375518 0.926810 0.196058 0.363628 2 10 0.714173 4 0.285827
  4 -18.484823 42.800369 3.606825 0.310190 0.206937 0.927879 0.160353 0.414190 3 4 0.474204 8 0.384979 10 0.140817
  10 -18.124659 43.744282 3.248790 0.310190 0.206937 0.927879 0.164928 0.362123 2 10 0.706074 4 0.293926
engineer_handL
  4 -19.187170 43.058449 3.679869 0.002785 0.424009 0.905653 0.193617 0.418902 3 4 0.465446 8 0.393753 10 0.140800
  4 -18.484823 42.800369 3.606825 0.310190 0.206937 0.927879 0.160353 0.414190 3 4 0.474204 8 0.384979 10 0.140817
  10 -18.799412 44.021454 3.252783 -0.003076 0.375518 0.926810 0.196058 0.363628 2 10 0.714173 4 0.285827
engineer_handL
  10 -19.560566 44.195183 3.033165 -0.211995 0.487256 0.847136 0.235001 0.365573 2 10 0.728474 4 0.271526
  4 -19.187170 43.058449 3.679869 0.002785 0.424009 0.905653 0.193617 0.418902 3 4 0.465446 8 0.393753 10 0.140800
  10 -18.799412 44.021454 3.252783 -0.003076 0.375518 0.926810 0.196058 0.363628 2 10 0.714173 4 0.285827
engineer_handL
  4 -20.018139 43.214520 3.541864 -0.230440 0.529882 0.816163 0.234139 0.423121 3 4 0.453765 8 0.405446 10 0.140789
  4 -19.187170 43.058449 3.679869 0.002785 0.424009 0.905653 0.193617 0.418902 3 4 0.465446 8 0.393753 10 0.140800
  10 -19.560566 44.195183 3.033165 -0.211995 0.487256 0.847136 0.235001 0.365573 2 10 0.728474 4 0.271526
engineer_handL
  10 -20.230618 44.319611 2.653272 -0.464404 0.563586 0.683154 0.269785 0.366083 2 10 0.740272 4 0.259728
  4 -20.018139 43.214520 3.541864 -0.230440 0.529882 0.816163 0.234139 0.423121 3 4 0.453765 8 0.405446 10 0.140789
  10 -19.560566 44.195183 3.033165 -0.211995 0.487256 0.847136 0.235001 0.365573 2 10 0.728474 4 0.271526
engineer_handL
  4 -20.712463 43.327316 3.200849 -0.464404 0.563586 0.683154 0.269033 0.424730 3 4 0.449888 8 0.409300 10 0.140813
  4 -20.018139 43.214520 3.541864 -0.230440 0.529882 0.816163 0.234139 0.423121 3 4 0.453765 8 0.405446 10 0.140789
  10 -20.230618 44.319611 2.653272 -0.464404 0.563586 0.683154 0.269785 0.366083 2 10 0.740272 4 0.259728
engineer_handL
  10 -20.230618 44.319611 2.653272 -0.464404 0.563586 0.683154 0.269785 0.366083 2 10 0.740272 4 0.259728
  4 -21.259304 43.280029 2.661743 -0.662638 0.595352 0.454386 0.300498 0.425393 3 4 0.447996 8 0.411191 10 0.140814
  4 -20.712463 43.327316 3.200849 -0.464404 0.563586 0.683154 0.269033 0.424730 3 4 0.449888 8 0.409300 10 0.140813
engineer_handL
  10 -20.760242 44.306381 2.113315 -0.684424 0.559193 0.467831 0.301446 0.366191 2 10 0.754771 4 0.245229
  4 -21.259304 43.280029 2.661743 -0.662638 0.595352 0.454386 0.300498 0.425393 3 4 0.447996 8 0.411191 10 0.140814
  10 -20.230618 44.319611 2.653272 -0.464404 0.563586 0.683154 0.269785 0.366083 2 10 0.740272 4 0.259728
engineer_handL
  10 -20.760242 44.306381 2.113315 -0.684424 0.559193 0.467831 0.301446 0.366191 2 10 0.754771 4 0.245229
  4 -21.651382 43.118279 2.012101 -0.828842 0.506693 0.237242 0.333218 0.425897 3 4 0.447823 8 0.411365 10 0.140812
  4 -21.259304 43.280029 2.661743 -0.662638 0.595352 0.454386 0.300498 0.425393 3 4 0.447996 8 0.411191 10 0.140814
engineer_handL
  10 -20.230618 44.319611 2.653272 -0.464404 0.563586 0.683154 0.269785 0.366083 2 10 0.740272 4 0.259728
  4 -19.160666 46.562950 1.593381 -0.565948 0.522655 0.637600 0.270026 0.237292 2 4 0.619895 10 0.380105
  10 -20.760242 44.306381 2.113315 -0.684424 0.559193 0.467831 0.301446 0.366191 2 10 0.754771 4 0.245229
engineer_handL
  10 -20.230618 44.319611 2.653272 -0.464404 0.563586 0.683154 0.269785 0.366083 2 10 0.740272 4 0.259728
  4 -18.535542 46.405624 2.118295 -0.321849 0.458208 0.828528 0.234834 0.240287 2 4 0.623595 10 0.376405
  4 -19.160666 46.562950 1.593381 -0.565948 0.522655 0.637600 0.270026 0.237292 2 4 0.619895 10 0.380105
engineer_handL
  10 -19.560566 44.195183 3.033165 -0.211995 0.487256 0.847136 0.235001 0.365573 2 10 0.728474 4 0.271526
  4 -18.535542 46.405624 2.118295 -0.321849 0.458208 0.828528 0.234834 0.240287 2 4 0.623595 10 0.376405
  10 -20.230618 44.319611 2.653272 -0.464404 0.563586 0.683154 0.269785 0.366083 2 10 0.740272 4 0.259728
engineer_handL
  10 -19.560566 44.195183 3.033165 -0.211995 0.487256 0.847136 0.235001 0.365573 2 10 0.728474 4 0.271526
  10 -18.799412 44.021454 3.252783 -0.003076 0.375518 0.926810 0.196058 0.363628 2 10 0.714173 4 0.285827
  4 -18.535542 46.405624 2.118295 -0.321849 0.458208 0.828528 0.234834 0.240287 2 4 0.623595 10 0.376405
engineer_handL
  4 -18.535542 46.405624 2.118295 -0.321849 0.458208 0.828528 0.234834 0.240287 2 4 0.623595 10 0.376405
  10 -18.799412 44.021454 3.252783 -0.003076 0.375518 0.926810 0.196058 0.363628 2 10 0.714173 4 0.285827
  4 -17.867546 46.178841 2.414387 -0.077965 0.360227 0.929601 0.197132 0.244376 2 4 0.628995 10 0.371005
engineer_handL
  4 -17.867546 46.178841 2.414387 -0.077965 0.360227 0.929601 0.197132 0.244376 2 4 0.628995 10 0.371005
  10 -18.799412 44.021454 3.252783 -0.003076 0.375518 0.926810 0.196058 0.363628 2 10 0.714173 4 0.285827
  4 -17.244492 45.869736 2.493382 0.189079 0.244270 0.951095 0.168932 0.247562 2 4 0.631895 10 0.368106
engineer_handL
  4 -17.244492 45.869736 2.493382 0.189079 0.244270 0.951095 0.168932 0.247562 2 4 0.631895 10 0.368106
  10 -18.799412 44.021454 3.252783 -0.003076 0.375518 0.926810 0.196058 0.363628 2 10 0.714173 4 0.285827
  10 -18.124659 43.744282 3.248790 0.310190 0.206937 0.927879 0.164928 0.362123 2 10 0.706074 4 0.293926
engineer_handL
  4 -19.655111 46.597069 1.038319 -0.715208 0.539310 0.444548 0.302090 0.235934 2 4 0.615095 10 0.384905
  10 -21.156887 44.191051 1.477287 -0.812510 0.517801 0.267786 0.333798 0.366002 2 10 0.769373 4 0.230627
  10 -20.760242 44.306381 2.113315 -0.684424 0.559193 0.467831 0.301446 0.366191 2 10 0.754771 4 0.245229
engineer_handL
  10 -21.156887 44.191051 1.477287 -0.812510 0.517801 0.267786 0.333798 0.366002 2 10 0.769373 4 0.230627
  4 -21.651382 43.118279 2.012101 -0.828842 0.506693 0.237242 0.333218 0.425897 3 4 0.447823 8 0.411365 10 0.140812
  10 -20.760242 44.306381 2.113315 -0.684424 0.559193 0.467831 0.301446 0.366191 2 10 0.754771 4 0.245229
engineer_handL
  10 -21.385067 43.953392 0.739401 -0.893093 0.448286 0.037749 0.368060 0.365655 2 10 0.784674 4 0.215326
  4 -21.651382 43.118279 2.012101 -0.828842 0.506693 0.237242 0.333218 0.425897 3 4 0.447823 8 0.411365 10 0.140812
  10 -21.156887 44.191051 1.477287 -0.812510 0.517801 0.267786 0.333798 0.366002 2 10 0.769373 4 0.230627
engineer_handL
  4 -21.892906 42.846611 1.251996 -0.908602 0.417252 -0.018537 0.368836 0.426143 3 4 0.449281 8 0.409905 10 0.140814
  4 -21.651382 43.118279 2.012101 -0.828842 0.506693 0.237242 0.333218 0.425897 3 4 0.447823 8 0.411365 10 0.140812
  10 -21.385067 43.953392 0.739401 -0.893093 0.448286 0.037749 0.368060 0.365655 2 10 0.784674 4 0.215326
engineer_handL
  10 -21.439960 43.622601 -0.020374 -0.912861 0.370142 -0.172278 0.403034 0.365516 2 10 0.796176 4 0.203824
  4 -21.892906 42.846611 1.251996 -0.908602 0.417252 -0.018537 0.368836 0.426143 3 4 0.449281 8 0.409905 10 0.140814
  10 -21.385067 43.953392 0.739401 -0.893093 0.448286 0.037749 0.368060 0.365655 2 10 0.784674 4 0.215326
engineer_handL
  4 -21.982422 42.509262 0.482583 -0.911831 0.332221 -0.241233 0.404030 0.426460 3 4 0.451512 8 0.407671 10 0.140818
  4 -21.892906 42.846611 1.251996 -0.908602 0.417252 -0.018537 0.368836 0.426143 3 4 0.449281 8 0.409905 10 0.140814
  10 -21.439960 43.622601 -0.020374 -0.912861 0.370142 -0.172278 0.403034 0.365516 2 10 0.796176 4 0.203824
engineer_handL
  10 -21.310724 43.206799 -0.771883 -0.884036 0.242099 -0.399835 0.439531 0.365451 2 10 0.800576 4 0.199425
  4 -21.982422 42.509262 0.482583 -0.911831 0.332221 -0.241233 0.404030 0.426460 3 4 0.451512 8 0.407671 10 0.140818
  10 -21.439960 43.622601 -0.020374 -0.912861 0.370142 -0.172278 0.403034 0.365516 2 10 0.796176 4 0.203824
engineer_handL
  4 -21.845779 42.094700 -0.257045 -0.874577 0.220970 -0.431611 0.439843 0.426748 3 4 0.455034 8 0.404148 10 0.140818
  4 -21.982422 42.509262 0.482583 -0.911831 0.332221 -0.241233 0.404030 0.426460 3 4 0.451512 8 0.407671 10 0.140818
  10 -21.310724 43.206799 -0.771883 -0.884036 0.242099 -0.399835 0.439531 0.365451 2 10 0.800576 4 0.199425
engineer_handL
  10 -21.310724 43.206799 -0.771883 -0.884036 0.242099 -0.399835 0.439531 0.365451 2 10 0.800576 4 0.199425
  4 -21.486269 41.607288 -0.963614 -0.797475 0.076580 -0.598472 0.478868 0.426712 3 4 0.459333 8 0.399853 10 0.140814
  4 -21.845779 42.094700 -0.257045 -0.874577 0.220970 -0.431611 0.439843 0.426748 3 4 0.455034 8 0.404148 10 0.140818
engineer_handL
  10 -20.969191 42.696388 -1.504610 -0.797475 0.076580 -0.598472 0.480037 0.365487 2 10 0.794775 4 0.205225
  4 -21.486269 41.607288 -0.963614 -0.797475 0.076580 -0.598472 0.478868 0.426712 3 4 0.459333 8 0.399853 10 0.140814
  10 -21.310724 43.206799 -0.771883 -0.884036 0.242099 -0.399835 0.439531 0.365451 2 10 0.800576 4 0.199425
engineer_handL
  10 -20.969191 42.696388 -1.504610 -0.797475 0.076580 -0.598472 0.480037 0.365487 2 10 0.794775 4 0.205225
  4 -20.918163 41.102360 -1.505234 -0.573139 -0.139716 -0.807459 0.519600 0.426644 3 4 0.462942 8 0.396243 10 0.140815
  4 -21.486269 41.607288 -0.963614 -0.797475 0.076580 -0.598472 0.478868 0.426712 3 4 0.459333 8 0.399853 10 0.140814
engineer_handL
  10 -20.403545 42.126854 -2.083339 -0.552704 -0.200985 -0.808778 0.523293 0.366804 2 10 0.781272 4 0.218728
  4 -20.918163 41.102360 -1.505234 -0.573139 -0.139716 -0.807459 0.519600 0.426644 3 4 0.462942 8 0.396243 10 0.140815
  10 -20.969191 42.696388 -1.504610 -0.797475 0.076580 -0.598472 0.480037 0.365487 2 10 0.794775 4 0.205225
engineer_handL
  4 -20.918163 41.102360 -1.505234 -0.573139 -0.139716 -0.807459 0.519600 0.426644 3 4 0.462942 8 0.396243 10 0.140815
  10 -20.403545 42.126854 -2.083339 -0.552704 -0.200985 -0.808778 0.523293 0.366804 2 10 0.781272 4 0.218728
  4 -19.976131 40.626938 -1.571674 -0.237203 -0.479365 -0.844952 0.563918 0.428788 3 4 0.467231 8 0.391937 10 0.140833
engineer_handL
  4 -19.976131 40.626938 -1.571674 -0.237203 -0.479365 -0.844952 0.563918 0.428788 3 4 0.467231 8 0.391937 10 0.140833
  10 -20.403545 42.126854 -2.083339 -0.552704 -0.200985 -0.808778 0.523293 0.366804 2 10 0.781272 4 0.218728
  10 -19.440100 41.518791 -2.226806 -0.196572 -0.478207 -0.855966 0.571084 0.371756 2 10 0.771770 4 0.228230
engineer_handL
  10 -20.403545 42.126854 -2.083339 -0.552704 -0.200985 -0.808778 0.523293 0.366804 2 10 0.781272 4 0.218728
  4 -19.235209 44.361256 -3.425093 -0.573139 -0.139716 -0.807459 0.532489 0.235868 2 4 0.603294 10 0.396706
  10 -19.440100 41.518791 -2.226806 -0.196572 -0.478207 -0.855966 0.571084 0.371756 2 10 0.771770 4 0.228230
engineer_handL
  10 -19.440100 41.518791 -2.226806 -0.196572 -0.478207 -0.855966 0.571084 0.371756 2 10 0.771770 4 0.228230
  4 -19.235209 44.361256 -3.425093 -0.573139 -0.139716 -0.807459 0.532489 0.235868 2 4 0.603294 10 0.396706
  4 -18.102854 43.522850 -3.640043 -0.143079 -0.440618 -0.886219 0.596655 0.255054 2 4 0.603695 10 0.396305
engineer_handL
  4 -19.235209 44.361256 -3.425093 -0.573139 -0.139716 -0.807459 0.532489 0.235868 2 4 0.603294 10 0.396706
  4 -17.760361 46.994198 -4.751556 -0.525559 -0.110318 -0.843574 0.539908 0.084399 2 4 0.853368 10 0.146632
  4 -18.102854 43.522850 -3.640043 -0.143079 -0.440618 -0.886219 0.596655 0.255054 2 4 0.603695 10 0.396305
engineer_handL
  4 -18.102854 43.522850 -3.640043 -0.143079 -0.440618 -0.886219 0.596655 0.255054 2 4 0.603695 10 0.396305
  4 -17.760361 46.994198 -4.751556 -0.525559 -0.110318 -0.843574 0.539908 0.084399 2 4 0.853368 10 0.146632
  4 -16.323292 46.141731 -5.025814 -0.069879 -0.379543 -0.922531 0.607415 0.089723 2 4 0.853569 10 0.146431
engineer_handL
  10 -20.403545 42.126854 -2.083339 -0.552704 -0.200985 -0.808778 0.523293 0.366804 2 10 0.781272 4 0.218728
  4 -19.852066 45.060257 -2.725549 -0.807909 0.123296 -0.576264 0.482456 0.233020 2 4 0.601193 10 0.398807
  4 -19.235209 44.361256 -3.425093 -0.573139 -0.139716 -0.807459 0.532489 0.235868 2 4 0.603294 10 0.396706
engineer_handL
  10 -20.969191 42.696388 -1.504610 -0.797475 0.076580 -0.598472 0.480037 0.365487 2 10 0.794775 4 0.205225
  4 -19.852066 45.060257 -2.725549 -0.807909 0.123296 -0.576264 0.482456 0.233020 2 4 0.601193 10 0.398807
  10 -20.403545 42.126854 -2.083339 -0.552704 -0.200985 -0.808778 0.523293 0.366804 2 10 0.781272 4 0.218728
engineer_handL
  10 -20.969191 42.696388 -1.504610 -0.797475 0.076580 -0.598472 0.480037 0.365487 2 10 0.794775 4 0.205225
  4 -20.151489 45.611115 -1.882316 -0.878955 0.305345 -0.366336 0.438398 0.232512 2 4 0.600393 10 0.399607
  4 -19.852066 45.060257 -2.725549 -0.807909 0.123296 -0.576264 0.482456 0.233020 2 4 0.601193 10 0.398807
engineer_handL
  10 -21.310724 43.206799 -0.771883 -0.884036 0.242099 -0.399835 0.439531 0.365451 2 10 0.800576 4 0.199425
  4 -20.151489 45.611115 -1.882316 -0.878955 0.305345 -0.366336 0.438398 0.232512 2 4 0.600393 10 0.399607
  10 -20.969191 42.696388 -1.504610 -0.797475 0.076580 -0.598472 0.480037 0.365487 2 10 0.794775 4 0.205225
engineer_handL
  4 -20.151489 45.611115 -1.882316 -0.878955 0.305345 -0.366336 0.438398 0.232512 2 4 0.600393 10 0.399607
  10 -21.310724 43.206799 -0.771883 -0.884036 0.242099 -0.399835 0.439531 0.365451 2 10 0.800576 4 0.199425
  4 -20.243107 46.005119 -1.089000 -0.912861 0.370142 -0.172278 0.401131 0.233115 2 4 0.601694 10 0.398306
engineer_handL
  4 -20.243107 46.005119 -1.089000 -0.912861 0.370142 -0.172278 0.401131 0.233115 2 4 0.601694 10 0.398306
  10 -21.310724 43.206799 -0.771883 -0.884036 0.242099 -0.399835 0.439531 0.365451 2 10 0.800576 4 0.199425
  10 -21.439960 43.622601 -0.020374 -0.912861 0.370142 -0.172278 0.403034 0.365516 2 10 0.796176 4 0.203824
engineer_handL
  4 -20.243107 46.005119 -1.089000 -0.912861 0.370142 -0.172278 0.401131 0.233115 2 4 0.601694 10 0.398306
  10 -21.439960 43.622601 -0.020374 -0.912861 0.370142 -0.172278 0.403034 0.365516 2 10 0.796176 4 0.203824
  4 -20.194084 46.300072 -0.335503 -0.889897 0.455287 -0.028240 0.366921 0.234044 2 4 0.605094 10 0.394906
engineer_handL
  4 -20.194084 46.300072 -0.335503 -0.889897 0.455287 -0.028240 0.366921 0.234044 2 4 0.605094 10 0.394906
  10 -21.439960 43.622601 -0.020374 -0.912861 0.370142 -0.172278 0.403034 0.365516 2 10 0.796176 4 0.203824
  10 -21.385067 43.953392 0.739401 -0.893093 0.448286 0.037749 0.368060 0.365655 2 10 0.784674 4 0.215326
engineer_handL
  4 -20.194084 46.300072 -0.335503 -0.889897 0.455287 -0.028240 0.366921 0.234044 2 4 0.605094 10 0.394906
  10 -21.385067 43.953392 0.739401 -0.893093 0.448286 0.037749 0.368060 0.365655 2 10 0.784674 4 0.215326
  4 -20.008678 46.508839 0.388866 -0.834422 0.516347 0.192679 0.333911 0.235046 2 4 0.609995 10 0.390005
engineer_handL
  4 -20.008678 46.508839 0.388866 -0.834422 0.516347 0.192679 0.333911 0.235046 2 4 0.609995 10 0.390005
  10 -21.385067 43.953392 0.739401 -0.893093 0.448286 0.037749 0.368060 0.365655 2 10 0.784674 4 0.215326
  10 -21.156887 44.191051 1.477287 -0.812510 0.517801 0.267786 0.333798 0.366002 2 10 0.769373 4 0.230627
engineer_handL
  4 -20.008678 46.508839 0.388866 -0.834422 0.516347 0.192679 0.333911 0.235046 2 4 0.609995 10 0.390005
  10 -21.156887 44.191051 1.477287 -0.812510 0.517801 0.267786 0.333798 0.366002 2 10 0.769373 4 0.230627
  4 -19.655111 46.597069 1.038319 -0.715208 0.539310 0.444548 0.302090 0.235934 2 4 0.615095 10 0.384905
engineer_handL
  4 -18.489616 48.990749 -0.012822 -0.788493 0.517464 0.332430 0.303719 0.100065 2 4 0.848069 10 0.151931
  4 -20.008678 46.508839 0.388866 -0.834422 0.516347 0.192679 0.333911 0.235046 2 4 0.609995 10 0.390005
  4 -19.655111 46.597069 1.038319 -0.715208 0.539310 0.444548 0.302090 0.235934 2 4 0.615095 10 0.384905
engineer_handL
  4 -18.489616 48.990749 -0.012822 -0.788493 0.517464 0.332430 0.303719 0.100065 2 4 0.848069 10 0.151931
  4 -19.655111 46.597069 1.038319 -0.715208 0.539310 0.444548 0.302090 0.235934 2 4 0.615095 10 0.384905
  4 -18.113266 48.987808 0.649107 -0.663638 0.508487 0.548659 0.270075 0.101226 2 4 0.842570 10 0.157430
engineer_handL
  4 -18.113266 48.987808 0.649107 -0.663638 0.508487 0.548659 0.270075 0.101226 2 4 0.842570 10 0.157430
  4 -17.290417 50.843254 -0.082401 -0.723794 0.509031 0.465844 0.271336 0.048405 1 4 1.000000
  4 -18.489616 48.990749 -0.012822 -0.788493 0.517464 0.332430 0.303719 0.100065 2 4 0.848069 10 0.151931
engineer_handL
  4 -18.489616 48.990749 -0.012822 -0.788493 0.517464 0.332430 0.303719 0.100065 2 4 0.848069 10 0.151931
  4 -17.290417 50.843254 -0.082401 -0.723794 0.509031 0.465844 0.271336 0.048405 1 4 1.000000
  4 -17.649710 50.863346 -0.794546 -0.828842 0.506693 0.237242 0.305371 0.042737 1 4 1.000000
engineer_handL
  4 -17.649710 50.863346 -0.794546 -0.828842 0.506693 0.237242 0.305371 0.042737 1 4 1.000000
  4 -18.738083 48.848572 -0.724797 -0.862512 0.492231 0.117397 0.336732 0.099278 2 4 0.850870 10 0.149130
  4 -18.489616 48.990749 -0.012822 -0.788493 0.517464 0.332430 0.303719 0.100065 2 4 0.848069 10 0.151931
engineer_handL
  4 -17.808512 50.759251 -1.574630 -0.893093 0.448286 0.037749 0.339693 0.037246 1 4 1.000000
  4 -18.738083 48.848572 -0.724797 -0.862512 0.492231 0.117397 0.336732 0.099278 2 4 0.850870 10 0.149130
  4 -17.649710 50.863346 -0.794546 -0.828842 0.506693 0.237242 0.305371 0.042737 1 4 1.000000
engineer_handL
  4 -18.738083 48.848572 -0.724797 -0.862512 0.492231 0.117397 0.336732 0.099278 2 4 0.850870 10 0.149130
  4 -17.808512 50.759251 -1.574630 -0.893093 0.448286 0.037749 0.339693 0.037246 1 4 1.000000
  4 -18.895527 48.656731 -1.437648 -0.889897 0.455287 -0.028240 0.369027 0.098367 2 4 0.852171 10 0.147829
engineer_handL
  4 -18.738083 48.848572 -0.724797 -0.862512 0.492231 0.117397 0.336732 0.099278 2 4 0.850870 10 0.149130
  4 -20.008678 46.508839 0.388866 -0.834422 0.516347 0.192679 0.333911 0.235046 2 4 0.609995 10 0.390005
  4 -18.489616 48.990749 -0.012822 -0.788493 0.517464 0.332430 0.303719 0.100065 2 4 0.848069 10 0.151931
engineer_handL
  4 -18.738083 48.848572 -0.724797 -0.862512 0.492231 0.117397 0.336732 0.099278 2 4 0.850870 10 0.149130
  4 -20.194084 46.300072 -0.335503 -0.889897 0.455287 -0.028240 0.366921 0.234044 2 4 0.605094 10 0.394906
  4 -20.008678 46.508839 0.388866 -0.834422 0.516347 0.192679 0.333911 0.235046 2 4 0.609995 10 0.390005
engineer_handL
  4 -18.895527 48.656731 -1.437648 -0.889897 0.455287 -0.028240 0.369027 0.098367 2 4 0.852171 10 0.147829
  4 -20.194084 46.300072 -0.335503 -0.889897 0.455287 -0.028240 0.366921 0.234044 2 4 0.605094 10 0.394906
  4 -18.738083 48.848572 -0.724797 -0.862512 0.492231 0.117397 0.336732 0.099278 2 4 0.850870 10 0.149130
engineer_handL
  4 -18.895527 48.656731 -1.437648 -0.889897 0.455287 -0.028240 0.369027 0.098367 2 4 0.852171 10 0.147829
  4 -20.243107 46.005119 -1.089000 -0.912861 0.370142 -0.172278 0.401131 0.233115 2 4 0.601694 10 0.398306
  4 -20.194084 46.300072 -0.335503 -0.889897 0.455287 -0.028240 0.366921 0.234044 2 4 0.605094 10 0.394906
engineer_handL
  4 -18.937548 48.409309 -2.149390 -0.912861 0.370142 -0.172278 0.400814 0.097244 2 4 0.852570 10 0.147430
  4 -20.243107 46.005119 -1.089000 -0.912861 0.370142 -0.172278 0.401131 0.233115 2 4 0.601694 10 0.398306
  4 -18.895527 48.656731 -1.437648 -0.889897 0.455287 -0.028240 0.369027 0.098367 2 4 0.852171 10 0.147829
engineer_handL
  4 -18.937548 48.409309 -2.149390 -0.912861 0.370142 -0.172278 0.400814 0.097244 2 4 0.852570 10 0.147430
  4 -20.151489 45.611115 -1.882316 -0.878955 0.305345 -0.366336 0.438398 0.232512 2 4 0.600393 10 0.399607
  4 -20.243107 46.005119 -1.089000 -0.912861 0.370142 -0.172278 0.401131 0.233115 2 4 0.601694 10 0.398306
engineer_handL
  4 -18.813049 48.054314 -3.026065 -0.878955 0.305345 -0.366336 0.441281 0.094098 2 4 0.853870 10 0.146130
  4 -20.151489 45.611115 -1.882316 -0.878955 0.305345 -0.366336 0.438398 0.232512 2 4 0.600393 10 0.399607
  4 -18.937548 48.409309 -2.149390 -0.912861 0.370142 -0.172278 0.400814 0.097244 2 4 0.852570 10 0.147430
engineer_handL
  4 -20.151489 45.611115 -1.882316 -0.878955 0.305345 -0.366336 0.438398 0.232512 2 4 0.600393 10 0.399607
  4 -18.813049 48.054314 -3.026065 -0.878955 0.305345 -0.366336 0.441281 0.094098 2 4 0.853870 10 0.146130
  4 -19.852066 45.060257 -2.725549 -0.807909 0.123296 -0.576264 0.482456 0.233020 2 4 0.601193 10 0.398807
engineer_handL
  4 -19.852066 45.060257 -2.725549 -0.807909 0.123296 -0.576264 0.482456 0.233020 2 4 0.601193 10 0.398807
  4 -18.813049 48.054314 -3.026065 -0.878955 0.305345 -0.366336 0.441281 0.094098 2 4 0.853870 10 0.146130
  4 -18.413712 47.620808 -3.998302 -0.797827 0.159502 -0.581404 0.488980 0.085379 2 4 0.857967 10 0.142033
engineer_handL
  4 -19.852066 45.060257 -2.725549 -0.807909 0.123296 -0.576264 0.482456 0.233020 2 4 0.601193 10 0.398807
  4 -18.413712 47.620808 -3.998302 -0.797827 0.159502 -0.581404 0.488980 0.085379 2 4 0.857967 10 0.142033
  4 -19.235209 44.361256 -3.425093 -0.573139 -0.139716 -0.807459 0.532489 0.235868 2 4 0.603294 10 0.396706
engineer_handL
  4 -19.235209 44.361256 -3.425093 -0.573139 -0.139716 -0.807459 0.532489 0.235868 2 4 0.603294 10 0.396706
  4 -18.413712 47.620808 -3.998302 -0.797827 0.159502 -0.581404 0.488980 0.085379 2 4 0.857967 10 0.142033
  4 -17.760361 46.994198 -4.751556 -0.525559 -0.110318 -0.843574 0.539908 0.084399 2 4 0.853368 10 0.146632
engineer_handL
  4 -18.895527 48.656731 -1.437648 -0.889897 0.455287 -0.028240 0.369027 0.098367 2 4 0.852171 10 0.147829
  4 -17.808512 50.759251 -1.574630 -0.893093 0.448286 0.037749 0.339693 0.037246 1 4 1.000000
  4 -17.888113 50.623745 -2.309340 -0.898578 0.433827 -0.065975 0.371744 0.032173 1 4 1.000000
engineer_handL
  4 -17.888113 50.623745 -2.309340 -0.898578 0.433827 -0.065975 0.371744 0.032173 1 4 1.000000
  4 -18.937548 48.409309 -2.149390 -0.912861 0.370142 -0.172278 0.400814 0.097244 2 4 0.852570 10 0.147430
  4 -18.895527 48.656731 -1.437648 -0.889897 0.455287 -0.028240 0.369027 0.098367 2 4 0.852171 10 0.147829
engineer_handL
  4 -17.880112 50.467449 -2.935710 -0.900587 0.378231 -0.214208 0.399252 0.027881 1 4 1.000000
  4 -18.937548 48.409309 -2.149390 -0.912861 0.370142 -0.172278 0.400814 0.097244 2 4 0.852570 10 0.147430
  4 -17.888113 50.623745 -2.309340 -0.898578 0.433827 -0.065975 0.371744 0.032173 1 4 1.000000
engineer_handL
  4 -18.937548 48.409309 -2.149390 -0.912861 0.370142 -0.172278 0.400814 0.097244 2 4 0.852570 10 0.147430
  4 -17.880112 50.467449 -2.935710 -0.900587 0.378231 -0.214208 0.399252 0.027881 1 4 1.000000
  4 -18.813049 48.054314 -3.026065 -0.878955 0.305345 -0.366336 0.441281 0.094098 2 4 0.853870 10 0.146130
engineer_handL
  4 -18.813049 48.054314 -3.026065 -0.878955 0.305345 -0.366336 0.441281 0.094098 2 4 0.853870 10 0.146130
  4 -17.880112 50.467449 -2.935710 -0.900587 0.378231 -0.214208 0.399252 0.027881 1 4 1.000000
  4 -17.734613 50.158852 -3.885451 -0.878955 0.305345 -0.366336 0.442026 0.021343 1 4 1.000000
engineer_handL
  4 -17.734613 50.158852 -3.885451 -0.878955 0.305345 -0.366336 0.442026 0.021343 1 4 1.000000
  4 -18.413712 47.620808 -3.998302 -0.797827 0.159502 -0.581404 0.488980 0.085379 2 4 0.857967 10 0.142033
  4 -18.813049 48.054314 -3.026065 -0.878955 0.305345 -0.366336 0.441281 0.094098 2 4 0.853870 10 0.146130
engineer_handL
  4 -17.321110 49.686745 -4.915859 -0.797828 0.159502 -0.581404 0.493117 0.014335 1 4 1.000000
  4 -18.413712 47.620808 -3.998302 -0.797827 0.159502 -0.581404 0.488980 0.085379 2 4 0.857967 10 0.142033
  4 -17.734613 50.158852 -3.885451 -0.878955 0.305345 -0.366336 0.442026 0.021343 1 4 1.000000
engineer_handL
  4 -17.321110 49.686745 -4.915859 -0.797828 0.159502 -0.581404 0.493117 0.014335 1 4 1.000000
  4 -17.760361 46.994198 -4.751556 -0.525559 -0.110318 -0.843574 0.539908 0.084399 2 4 0.853368 10 0.146632
  4 -18.413712 47.620808 -3.998302 -0.797827 0.159502 -0.581404 0.488980 0.085379 2 4 0.857967 10 0.142033
engineer_handL
  4 -16.770412 49.219650 -5.627930 -0.567331 -0.070722 -0.820447 0.536110 0.009647 1 4 1.000000
  4 -17.760361 46.994198 -4.751556 -0.525559 -0.110318 -0.843574 0.539908 0.084399 2 4 0.853368 10 0.146632
  4 -17.321110 49.686745 -4.915859 -0.797828 0.159502 -0.581404 0.493117 0.014335 1 4 1.000000
engineer_handL
  4 -15.226816 48.311050 -5.950130 -0.165671 -0.311431 -0.935716 0.607360 0.012057 1 4 1.000000
  4 -17.760361 46.994198 -4.751556 -0.525559 -0.110318 -0.843574 0.539908 0.084399 2 4 0.853368 10 0.146632
  4 -16.770412 49.219650 -5.627930 -0.567331 -0.070722 -0.820447 0.536110 0.009647 1 4 1.000000
engineer_handR_red
  43 -20.800949 33.526028 7.273579 0.529107 0.129928 -0.838549 0.825679 0.957591 2 43 0.625198 41 0.374802
  43 -20.709211 32.629505 7.357024 0.096250 -0.369387 -0.924278 0.818786 0.972024 3 43 0.848297 51 0.090237 41 0.061467
  43 -21.269619 33.346481 7.185494 0.009638 -0.262547 -0.964871 0.818479 0.953571 2 43 0.564987 41 0.435013
engineer_handR_red
  43 -20.709211 32.629505 7.357024 0.096250 -0.369387 -0.924278 0.818786 0.972024 3 43 0.848297 51 0.090237 41 0.061467
  43 -20.345510 32.792198 7.447123 0.602110 -0.004265 -0.798402 0.824296 0.972662 1 43 1.000000
  43 -20.524712 32.395103 7.535343 0.342335 -0.739290 -0.579877 0.819489 0.981779 1 43 1.000000
engineer_handR_red
  43 -20.345510 32.792198 7.447123 0.602110 -0.004265 -0.798402 0.824296 0.972662 1 43 1.000000
  43 -20.709211 32.629505 7.357024 0.096250 -0.369387 -0.924278 0.818786 0.972024 3 43 0.848297 51 0.090237 41 0.061467
  43 -20.800949 33.526028 7.273579 0.529107 0.129928 -0.838549 0.825679 0.957591 2 43 0.625198 41 0.374802
engineer_handR_red
  43 -20.800949 33.526028 7.273579 0.529107 0.129928 -0.838549 0.825679 0.957591 2 43 0.625198 41 0.374802
  43 -20.557943 33.705894 7.684643 0.868757 0.425146 -0.253991 0.834551 0.959787 2 43 0.672773 41 0.327227
  43 -20.345510 32.792198 7.447123 0.602110 -0.004265 -0.798402 0.824296 0.972662 1 43 1.000000
engineer_handR_red
  43 -20.219011 33.038902 8.285283 0.811077 0.311701 0.494971 0.838689 0.976796 1 43 1.000000
  43 -20.557943 33.705894 7.684643 0.868757 0.425146 -0.253991 0.834551 0.959787 2 43 0.672773 41 0.327227
  43 -20.624922 33.810623 8.215119 0.796335 0.449854 0.404329 0.843109 0.962228 2 43 0.641409 41 0.358591
engineer_handR_red
  43 -20.144011 32.934605 7.838923 0.962408 0.180972 -0.202535 0.831711 0.975871 1 43 1.000000
  43 -20.557943 33.705894 7.684643 0.868757 0.425146 -0.253991 0.834551 0.959787 2 43 0.672773 41 0.327227
  43 -20.219011 33.038902 8.285283 0.811077 0.311701 0.494971 0.838689 0.976796 1 43 1.000000
engineer_handR_red
  43 -20.345510 32.792198 7.447123 0.602110 -0.004265 -0.798402 0.824296 0.972662 1 43 1.000000
  43 -20.557943 33.705894 7.684643 0.868757 0.425146 -0.253991 0.834551 0.959787 2 43 0.672773 41 0.327227
  43 -20.144011 32.934605 7.838923 0.962408 0.180972 -0.202535 0.831711 0.975871 1 43 1.000000
engineer_handR_red
  43 -20.144011 32.934605 7.838923 0.962408 0.180972 -0.202535 0.831711 0.975871 1 43 1.000000
  43 -20.286711 32.571903 7.531523 0.768925 -0.414528 -0.486744 0.823737 0.980009 1 43 1.000000
  43 -20.345510 32.792198 7.447123 0.602110 -0.004265 -0.798402 0.824296 0.972662 1 43 1.000000
engineer_handR_red
  43 -20.524712 32.395103 7.535343 0.342335 -0.739290 -0.579877 0.819489 0.981779 1 43 1.000000
  43 -20.345510 32.792198 7.447123 0.602110 -0.004265 -0.798402 0.824296 0.972662 1 43 1.000000
  43 -20.286711 32.571903 7.531523 0.768925 -0.414528 -0.486744 0.823737 0.980009 1 43 1.000000
engineer_handR_red
  43 -20.524712 32.395103 7.535343 0.342335 -0.739290 -0.579877 0.819489 0.981779 1 43 1.000000
  43 -20.286711 32.571903 7.531523 0.768925 -0.414528 -0.486744 0.823737 0.980009 1 43 1.000000
  43 -20.358311 32.385105 8.021354 0.602893 -0.775599 0.186993 0.828121 0.988675 1 43 1.000000
engineer_handR_red
  43 -20.358311 32.385105 8.021354 0.602893 -0.775599 0.186993 0.828121 0.988675 1 43 1.000000
  43 -20.286711 32.571903 7.531523 0.768925 -0.414528 -0.486744 0.823737 0.980009 1 43 1.000000
  43 -20.140011 32.639404 7.924353 0.933788 -0.354316 -0.050002 0.830069 0.983871 1 43 1.000000
engineer_handR_red
  43 -20.140011 32.639404 7.924353 0.933788 -0.354316 -0.050002 0.830069 0.983871 1 43 1.000000
  43 -20.158112 32.784504 8.288723 0.893987 -0.189830 0.405895 0.835975 0.983045 1 43 1.000000
  43 -20.358311 32.385105 8.021354 0.602893 -0.775599 0.186993 0.828121 0.988675 1 43 1.000000
engineer_handR_red
  43 -20.144011 32.934605 7.838923 0.962408 0.180972 -0.202535 0.831711 0.975871 1 43 1.000000
  43 -20.158112 32.784504 8.288723 0.893987 -0.189830 0.405895 0.835975 0.983045 1 43 1.000000
  43 -20.140011 32.639404 7.924353 0.933788 -0.354316 -0.050002 0.830069 0.983871 1 43 1.000000
engineer_handR_red
  43 -20.219011 33.038902 8.285283 0.811077 0.311701 0.494971 0.838689 0.976796 1 43 1.000000
  43 -20.158112 32.784504 8.288723 0.893987 -0.189830 0.405895 0.835975 0.983045 1 43 1.000000
  43 -20.144011 32.934605 7.838923 0.962408 0.180972 -0.202535 0.831711 0.975871 1 43 1.000000
engineer_handR_red
  43 -20.219011 33.038902 8.285283 0.811077 0.311701 0.494971 0.838689 0.976796 1 43 1.000000
  43 -20.371511 32.640903 8.408934 0.507396 -0.324935 0.798102 0.838365 0.987379 1 43 1.000000
  43 -20.158112 32.784504 8.288723 0.893987 -0.189830 0.405895 0.835975 0.983045 1 43 1.000000
engineer_handR_red
  43 -20.507511 32.979305 8.509773 0.396788 0.054109 0.916314 0.842909 0.979476 1 43 1.000000
  43 -20.371511 32.640903 8.408934 0.507396 -0.324935 0.798102 0.838365 0.987379 1 43 1.000000
  43 -20.219011 33.038902 8.285283 0.811077 0.311701 0.494971 0.838689 0.976796 1 43 1.000000
engineer_handR_red
  43 -20.624922 33.810623 8.215119 0.796335 0.449854 0.404329 0.843109 0.962228 2 43 0.641409 41 0.358591
  43 -20.507511 32.979305 8.509773 0.396788 0.054109 0.916314 0.842909 0.979476 1 43 1.000000
  43 -20.219011 33.038902 8.285283 0.811077 0.311701 0.494971 0.838689 0.976796 1 43 1.000000
engineer_handR_red
  43 -20.986660 33.761993 8.546196 0.380249 0.211818 0.900302 0.850715 0.963091 2 43 0.583754 41 0.416246
  43 -20.507511 32.979305 8.509773 0.396788 0.054109 0.916314 0.842909 0.979476 1 43 1.000000
  43 -20.624922 33.810623 8.215119 0.796335 0.449854 0.404329 0.843109 0.962228 2 43 0.641409 41 0.358591
engineer_handR_red
  43 -20.358311 32.385105 8.021354 0.602893 -0.775599 0.186993 0.828121 0.988675 1 43 1.000000
  43 -20.158112 32.784504 8.288723 0.893987 -0.189830 0.405895 0.835975 0.983045 1 43 1.000000
  43 -20.371511 32.640903 8.408934 0.507396 -0.324935 0.798102 0.838365 0.987379 1 43 1.000000
engineer_handR_red
  43 -20.140011 32.639404 7.924353 0.933788 -0.354316 -0.050002 0.830069 0.983871 1 43 1.000000
  43 -20.286711 32.571903 7.531523 0.768925 -0.414528 -0.486744 0.823737 0.980009 1 43 1.000000
  43 -20.144011 32.934605 7.838923 0.962408 0.180972 -0.202535 0.831711 0.975871 1 43 1.000000
engineer_handR_red
  4 -13.523194 43.814861 -3.680820 0.528781 0.798553 -0.287582 0.050361 0.959928 2 4 0.716525 10 0.283475
  4 -14.543352 44.091042 -4.732955 0.500076 0.791893 -0.350471 0.078038 0.971856 2 4 0.716525 10 0.283475
  4 -13.638432 43.920105 -3.600863 0.528781 0.798553 -0.287582 0.078038 0.959927 2 4 0.716525 10 0.283475
engineer_handR_red
  4 -14.464014 43.992485 -4.859289 0.500076 0.791893 -0.350471 0.050361 0.971856 2 4 0.716525 10 0.283475
  4 -14.543352 44.091042 -4.732955 0.500076 0.791893 -0.350471 0.078038 0.971856 2 4 0.716525 10 0.283475
  4 -13.523194 43.814861 -3.680820 0.528781 0.798553 -0.287582 0.050361 0.959928 2 4 0.716525 10 0.283475
engineer_handR_red
  4 -14.464014 43.992485 -4.859289 0.500076 0.791893 -0.350471 0.050361 0.971856 2 4 0.716525 10 0.283475
  4 -16.628542 44.792461 -5.847685 0.433258 0.828234 -0.355408 0.050361 0.994235 2 4 0.716525 10 0.283475
  4 -14.543352 44.091042 -4.732955 0.500076 0.791893 -0.350471 0.078038 0.971856 2 4 0.716525 10 0.283475
engineer_handR_red
  4 -14.543352 44.091042 -4.732955 0.500076 0.791893 -0.350471 0.078038 0.971856 2 4 0.716525 10 0.283475
  4 -16.628542 44.792461 -5.847685 0.433258 0.828234 -0.355408 0.050361 0.994235 2 4 0.716525 10 0.283475
  4 -16.622181 44.860558 -5.682134 0.433258 0.828234 -0.355408 0.078038 0.994235 2 4 0.716525 10 0.283475
engineer_handR_red
  4 -18.920658 47.980030 2.434042 0.365007 0.922695 -0.124113 0.050362 0.872909 2 4 0.716525 10 0.283475
  4 -17.758486 47.553593 2.953090 0.396774 0.911431 -0.108919 0.050361 0.880382 2 4 0.716525 10 0.283475
  4 -18.828556 47.921856 2.272449 0.365007 0.922695 -0.124113 0.078038 0.872901 2 4 0.716525 10 0.283475
engineer_handR_red
  4 -18.828556 47.921856 2.272449 0.365007 0.922695 -0.124113 0.078038 0.872901 2 4 0.716525 10 0.283475
  4 -17.758486 47.553593 2.953090 0.396774 0.911431 -0.108919 0.050361 0.880382 2 4 0.716525 10 0.283475
  4 -17.713362 47.511971 2.771435 0.429904 0.896878 -0.103882 0.078038 0.880382 2 4 0.716525 10 0.283475
engineer_handR_red
  4 -17.758486 47.553593 2.953090 0.396774 0.911431 -0.108919 0.050361 0.880382 2 4 0.716525 10 0.283475
  4 -16.649223 47.055435 3.085361 0.429904 0.896878 -0.103882 0.050361 0.887322 2 4 0.716525 10 0.283475
  4 -17.713362 47.511971 2.771435 0.429904 0.896878 -0.103882 0.078038 0.880382 2 4 0.716525 10 0.283475
engineer_handR_red
  4 -17.713362 47.511971 2.771435 0.429904 0.896878 -0.103882 0.078038 0.880382 2 4 0.716525 10 0.283475
  4 -16.649223 47.055435 3.085361 0.429904 0.896878 -0.103882 0.050361 0.887322 2 4 0.716525 10 0.283475
  4 -16.648071 47.033188 2.899419 0.470412 0.874830 -0.115691 0.078038 0.887322 2 4 0.716525 10 0.283475
engineer_handR_red
  4 -16.649223 47.055435 3.085361 0.429904 0.896878 -0.103882 0.050361 0.887322 2 4 0.716525 10 0.283475
  4 -15.403112 46.397659 2.920612 0.470412 0.874830 -0.115691 0.050361 0.896979 2 4 0.716525 10 0.283475
  4 -16.648071 47.033188 2.899419 0.470412 0.874830 -0.115691 0.078038 0.887322 2 4 0.716525 10 0.283475
engineer_handR_red
  4 -16.648071 47.033188 2.899419 0.470412 0.874830 -0.115691 0.078038 0.887322 2 4 0.716525 10 0.283475
  4 -15.403112 46.397659 2.920612 0.470412 0.874830 -0.115691 0.050361 0.896979 2 4 0.716525 10 0.283475
  4 -15.451014 46.401199 2.742727 0.470412 0.874830 -0.115691 0.078038 0.896979 2 4 0.716525 10 0.283475
engineer_handR_red
  4 -15.403112 46.397659 2.920612 0.470412 0.874830 -0.115691 0.050361 0.896979 2 4 0.716525 10 0.283475
  4 -14.504229 45.883884 2.371078 0.470412 0.874830 -0.115691 0.078038 0.907097 2 4 0.716525 10 0.283475
  4 -15.451014 46.401199 2.742727 0.470412 0.874830 -0.115691 0.078038 0.896979 2 4 0.716525 10 0.283475
engineer_handR_red
  4 -14.419146 45.859573 2.533148 0.470412 0.874830 -0.115691 0.050361 0.907097 2 4 0.716525 10 0.283475
  4 -14.504229 45.883884 2.371078 0.470412 0.874830 -0.115691 0.078038 0.907097 2 4 0.716525 10 0.283475
  4 -15.403112 46.397659 2.920612 0.470412 0.874830 -0.115691 0.050361 0.896979 2 4 0.716525 10 0.283475
engineer_handR_red
  4 -14.419146 45.859573 2.533148 0.470412 0.874830 -0.115691 0.050361 0.907097 2 4 0.716525 10 0.283475
  4 -13.203059 44.973206 1.294975 0.508053 0.848327 -0.149072 0.050361 0.917160 2 4 0.716525 10 0.283475
  4 -14.504229 45.883884 2.371078 0.470412 0.874830 -0.115691 0.078038 0.907097 2 4 0.716525 10 0.283475
engineer_handR_red
  4 -14.504229 45.883884 2.371078 0.470412 0.874830 -0.115691 0.078038 0.907097 2 4 0.716525 10 0.283475
  4 -13.203059 44.973206 1.294975 0.508053 0.848327 -0.149072 0.050361 0.917160 2 4 0.716525 10 0.283475
  4 -13.333844 45.031960 1.182283 0.508053 0.848327 -0.149072 0.078038 0.917160 2 4 0.716525 10 0.283475
engineer_handR_red
  4 -13.203059 44.973206 1.294975 0.508053 0.848327 -0.149072 0.050361 0.917160 2 4 0.716525 10 0.283475
  4 -12.812581 44.466385 0.186803 0.539252 0.814365 -0.214515 0.050361 0.927560 2 4 0.716525 10 0.283475
  4 -13.333844 45.031960 1.182283 0.508053 0.848327 -0.149072 0.078038 0.917160 2 4 0.716525 10 0.283475
engineer_handR_red
  4 -13.333844 45.031960 1.182283 0.508053 0.848327 -0.149072 0.078038 0.917160 2 4 0.716525 10 0.283475
  4 -12.812581 44.466385 0.186803 0.539252 0.814365 -0.214515 0.050361 0.927560 2 4 0.716525 10 0.283475
  4 -12.956962 44.544167 0.117097 0.539252 0.814365 -0.214515 0.078038 0.927560 2 4 0.716525 10 0.283475
engineer_handR_red
  4 -12.812581 44.466385 0.186803 0.539252 0.814365 -0.214515 0.050361 0.927560 2 4 0.716525 10 0.283475
  4 -12.779224 44.104328 -1.218409 0.539252 0.814365 -0.214515 0.050361 0.939264 2 4 0.716525 10 0.283475
  4 -12.956962 44.544167 0.117097 0.539252 0.814365 -0.214515 0.078038 0.927560 2 4 0.716525 10 0.283475
engineer_handR_red
  4 -12.956962 44.544167 0.117097 0.539252 0.814365 -0.214515 0.078038 0.927560 2 4 0.716525 10 0.283475
  4 -12.779224 44.104328 -1.218409 0.539252 0.814365 -0.214515 0.050361 0.939264 2 4 0.716525 10 0.283475
  4 -12.923664 44.196243 -1.233748 0.539252 0.814365 -0.214515 0.078038 0.939264 2 4 0.716525 10 0.283475
engineer_handR_red
  4 -12.779224 44.104328 -1.218409 0.539252 0.814365 -0.214515 0.050361 0.939264 2 4 0.716525 10 0.283475
  4 -13.052877 43.883972 -2.529838 0.528781 0.798553 -0.287582 0.050361 0.950377 2 4 0.716525 10 0.283475
  4 -12.923664 44.196243 -1.233748 0.539252 0.814365 -0.214515 0.078038 0.939264 2 4 0.716525 10 0.283475
engineer_handR_red
  4 -12.923664 44.196243 -1.233748 0.539252 0.814365 -0.214515 0.078038 0.939264 2 4 0.716525 10 0.283475
  4 -13.052877 43.883972 -2.529838 0.528781 0.798553 -0.287582 0.050361 0.950377 2 4 0.716525 10 0.283475
  4 -13.186526 43.985310 -2.494811 0.528781 0.798553 -0.287582 0.078038 0.950377 2 4 0.716525 10 0.283475
engineer_handR_red
  4 -13.052877 43.883972 -2.529838 0.528781 0.798553 -0.287582 0.050361 0.950377 2 4 0.716525 10 0.283475
  4 -13.638432 43.920105 -3.600863 0.528781 0.798553 -0.287582 0.078038 0.959927 2 4 0.716525 10 0.283475
  4 -13.186526 43.985310 -2.494811 0.528781 0.798553 -0.287582 0.078038 0.950377 2 4 0.716525 10 0.283475
engineer_handR_red
  4 -13.523194 43.814861 -3.680820 0.528781 0.798553 -0.287582 0.050361 0.959928 2 4 0.716525 10 0.283475
  4 -13.638432 43.920105 -3.600863 0.528781 0.798553 -0.287582 0.078038 0.959927 2 4 0.716525 10 0.283475
  4 -13.052877 43.883972 -2.529838 0.528781 0.798553 -0.287582 0.050361 0.950377 2 4 0.716525 10 0.283475
engineer_handR_red
  57 -21.758003 33.747799 4.371621 0.717580 0.441537 0.538631 0.720434 0.863652 3 57 0.663832 55 0.205037 59 0.131131
  57 -21.763008 34.002201 3.789970 0.997458 0.048245 -0.052447 0.707646 0.844844 2 57 0.543672 55 0.456328
  57 -21.899506 34.170700 4.256940 0.704621 0.129131 0.697735 0.723187 0.848905 2 57 0.513772 55 0.486228
engineer_handR_red
  57 -21.645903 33.580894 3.922070 0.923263 0.335832 -0.186555 0.704796 0.860173 3 57 0.754050 55 0.135278 59 0.110671
  57 -21.763008 34.002201 3.789970 0.997458 0.048245 -0.052447 0.707646 0.844844 2 57 0.543672 55 0.456328
  57 -21.758003 33.747799 4.371621 0.717580 0.441537 0.538631 0.720434 0.863652 3 57 0.663832 55 0.205037 59 0.131131
engineer_handR_red
  57 -21.645903 33.580894 3.922070 0.923263 0.335832 -0.186555 0.704796 0.860173 3 57 0.754050 55 0.135278 59 0.110671
  57 -21.809904 33.436100 3.505880 0.727814 0.004073 -0.685762 0.687814 0.857941 3 57 0.754872 55 0.167964 59 0.077164
  57 -21.763008 34.002201 3.789970 0.997458 0.048245 -0.052447 0.707646 0.844844 2 57 0.543672 55 0.456328
engineer_handR_red
  57 -21.763008 34.002201 3.789970 0.997458 0.048245 -0.052447 0.707646 0.844844 2 57 0.543672 55 0.456328
  57 -21.809904 33.436100 3.505880 0.727814 0.004073 -0.685762 0.687814 0.857941 3 57 0.754872 55 0.167964 59 0.077164
  57 -21.912308 33.852299 3.330860 0.762452 -0.336880 -0.552430 0.688974 0.840221 2 57 0.508083 55 0.491917
engineer_handR_red
  57 -21.912308 33.852299 3.330860 0.762452 -0.336880 -0.552430 0.688974 0.840221 2 57 0.508083 55 0.491917
  55 -21.472610 34.798599 3.496690 0.856149 -0.481841 0.186648 0.719970 0.800430 3 55 0.692733 53 0.161387 57 0.145880
  57 -21.763008 34.002201 3.789970 0.997458 0.048245 -0.052447 0.707646 0.844844 2 57 0.543672 55 0.456328
engineer_handR_red
  55 -21.564108 34.738701 2.748779 0.572102 -0.807823 -0.141847 0.697357 0.792014 3 55 0.536347 63 0.254773 53 0.208880
  55 -21.472610 34.798599 3.496690 0.856149 -0.481841 0.186648 0.719970 0.800430 3 55 0.692733 53 0.161387 57 0.145880
  57 -21.912308 33.852299 3.330860 0.762452 -0.336880 -0.552430 0.688974 0.840221 2 57 0.508083 55 0.491917
engineer_handR_red
  57 -21.763008 34.002201 3.789970 0.997458 0.048245 -0.052447 0.707646 0.844844 2 57 0.543672 55 0.456328
  55 -21.472610 34.798599 3.496690 0.856149 -0.481841 0.186648 0.719970 0.800430 3 55 0.692733 53 0.161387 57 0.145880
  57 -21.899506 34.170700 4.256940 0.704621 0.129131 0.697735 0.723187 0.848905 2 57 0.513772 55 0.486228
engineer_handR_red
  57 -21.899506 34.170700 4.256940 0.704621 0.129131 0.697735 0.723187 0.848905 2 57 0.513772 55 0.486228
  55 -21.472610 34.798599 3.496690 0.856149 -0.481841 0.186648 0.719970 0.800430 3 55 0.692733 53 0.161387 57 0.145880
  55 -21.661209 35.110802 4.152589 0.520341 -0.558516 0.645991 0.741925 0.809604 3 55 0.567147 47 0.242972 53 0.189881
engineer_handR_red
  47 -21.669008 35.220901 4.529469 0.388107 -0.886381 -0.252392 0.754935 0.814948 3 47 0.655147 55 0.200777 45 0.144076
  55 -22.587210 35.412903 4.254449 -0.275226 -0.590243 0.758857 0.739053 0.833741 3 55 0.441035 47 0.393619 53 0.165347
  55 -21.661209 35.110802 4.152589 0.520341 -0.558516 0.645991 0.741925 0.809604 3 55 0.567147 47 0.242972 53 0.189881
engineer_handR_red
  55 -22.587210 35.412903 4.254449 -0.275226 -0.590243 0.758857 0.739053 0.833741 3 55 0.441035 47 0.393619 53 0.165347
  55 -22.437208 34.252102 4.406281 0.063559 0.184565 0.980763 0.734279 0.852437 3 55 0.485693 57 0.445514 47 0.068793
  55 -21.661209 35.110802 4.152589 0.520341 -0.558516 0.645991 0.741925 0.809604 3 55 0.567147 47 0.242972 53 0.189881
engineer_handR_red
  55 -21.661209 35.110802 4.152589 0.520341 -0.558516 0.645991 0.741925 0.809604 3 55 0.567147 47 0.242972 53 0.189881
  55 -22.437208 34.252102 4.406281 0.063559 0.184565 0.980763 0.734279 0.852437 3 55 0.485693 57 0.445514 47 0.068793
  57 -21.899506 34.170700 4.256940 0.704621 0.129131 0.697735 0.723187 0.848905 2 57 0.513772 55 0.486228
engineer_handR_red
  57 -22.299606 33.838699 4.516271 0.096726 0.300432 0.948886 0.732665 0.860755 3 57 0.589491 55 0.355241 47 0.055268
  57 -21.899506 34.170700 4.256940 0.704621 0.129131 0.697735 0.723187 0.848905 2 57 0.513772 55 0.486228
  55 -22.437208 34.252102 4.406281 0.063559 0.184565 0.980763 0.734279 0.852437 3 55 0.485693 57 0.445514 47 0.068793
engineer_handR_red
  57 -21.758003 33.747799 4.371621 0.717580 0.441537 0.538631 0.720434 0.863652 3 57 0.663832 55 0.205037 59 0.131131
  57 -21.899506 34.170700 4.256940 0.704621 0.129131 0.697735 0.723187 0.848905 2 57 0.513772 55 0.486228
  57 -22.299606 33.838699 4.516271 0.096726 0.300432 0.948886 0.732665 0.860755 3 57 0.589491 55 0.355241 47 0.055268
engineer_handR_red
  59 -21.750605 32.822205 4.810400 0.099637 0.356233 0.929070 0.729102 0.888117 2 59 0.502826 57 0.497174
  57 -21.758003 33.747799 4.371621 0.717580 0.441537 0.538631 0.720434 0.863652 3 57 0.663832 55 0.205037 59 0.131131
  57 -22.299606 33.838699 4.516271 0.096726 0.300432 0.948886 0.732665 0.860755 3 57 0.589491 55 0.355241 47 0.055268
engineer_handR_red
  59 -21.312801 32.853401 4.638590 0.645235 0.577405 0.500275 0.717663 0.891733 2 59 0.582609 57 0.417391
  57 -21.758003 33.747799 4.371621 0.717580 0.441537 0.538631 0.720434 0.863652 3 57 0.663832 55 0.205037 59 0.131131
  59 -21.750605 32.822205 4.810400 0.099637 0.356233 0.929070 0.729102 0.888117 2 59 0.502826 57 0.497174
engineer_handR_red
  59 -21.312801 32.853401 4.638590 0.645235 0.577405 0.500275 0.717663 0.891733 2 59 0.582609 57 0.417391
  57 -21.645903 33.580894 3.922070 0.923263 0.335832 -0.186555 0.704796 0.860173 3 57 0.754050 55 0.135278 59 0.110671
  57 -21.758003 33.747799 4.371621 0.717580 0.441537 0.538631 0.720434 0.863652 3 57 0.663832 55 0.205037 59 0.131131
engineer_handR_red
  59 -21.199303 32.730400 4.191840 0.816800 0.519687 -0.250528 0.703191 0.891134 2 59 0.645460 57 0.354540
  57 -21.645903 33.580894 3.922070 0.923263 0.335832 -0.186555 0.704796 0.860173 3 57 0.754050 55 0.135278 59 0.110671
  59 -21.312801 32.853401 4.638590 0.645235 0.577405 0.500275 0.717663 0.891733 2 59 0.582609 57 0.417391
engineer_handR_red
  59 -21.351603 32.543900 3.835499 0.639852 0.154274 -0.752854 0.688523 0.891266 2 59 0.591940 57 0.408060
  57 -21.645903 33.580894 3.922070 0.923263 0.335832 -0.186555 0.704796 0.860173 3 57 0.754050 55 0.135278 59 0.110671
  59 -21.199303 32.730400 4.191840 0.816800 0.519687 -0.250528 0.703191 0.891134 2 59 0.645460 57 0.354540
engineer_handR_red
  57 -21.809904 33.436100 3.505880 0.727814 0.004073 -0.685762 0.687814 0.857941 3 57 0.754872 55 0.167964 59 0.077164
  57 -21.645903 33.580894 3.922070 0.923263 0.335832 -0.186555 0.704796 0.860173 3 57 0.754050 55 0.135278 59 0.110671
  59 -21.351603 32.543900 3.835499 0.639852 0.154274 -0.752854 0.688523 0.891266 2 59 0.591940 57 0.408060
engineer_handR_red
  59 -21.351603 32.543900 3.835499 0.639852 0.154274 -0.752854 0.688523 0.891266 2 59 0.591940 57 0.408060
  59 -21.759007 32.387405 3.664690 0.219526 -0.200501 -0.954781 0.677033 0.886589 2 59 0.501443 57 0.498558
  57 -21.809904 33.436100 3.505880 0.727814 0.004073 -0.685762 0.687814 0.857941 3 57 0.754872 55 0.167964 59 0.077164
engineer_handR_red
  57 -21.809904 33.436100 3.505880 0.727814 0.004073 -0.685762 0.687814 0.857941 3 57 0.754872 55 0.167964 59 0.077164
  59 -21.759007 32.387405 3.664690 0.219526 -0.200501 -0.954781 0.677033 0.886589 2 59 0.501443 57 0.498558
  57 -22.318808 33.370998 3.250690 0.257828 -0.260205 -0.930493 0.672480 0.853022 2 57 0.645711 55 0.354290
engineer_handR_red
  57 -21.809904 33.436100 3.505880 0.727814 0.004073 -0.685762 0.687814 0.857941 3 57 0.754872 55 0.167964 59 0.077164
  57 -22.318808 33.370998 3.250690 0.257828 -0.260205 -0.930493 0.672480 0.853022 2 57 0.645711 55 0.354290
  57 -21.912308 33.852299 3.330860 0.762452 -0.336880 -0.552430 0.688974 0.840221 2 57 0.508083 55 0.491917
engineer_handR_red
  57 -21.912308 33.852299 3.330860 0.762452 -0.336880 -0.552430 0.688974 0.840221 2 57 0.508083 55 0.491917
  57 -22.318808 33.370998 3.250690 0.257828 -0.260205 -0.930493 0.672480 0.853022 2 57 0.645711 55 0.354290
  55 -22.422009 33.777901 3.079970 0.219587 -0.443959 -0.868724 0.673143 0.837324 2 55 0.522241 57 0.477759
engineer_handR_red
  55 -22.422009 33.777901 3.079970 0.219587 -0.443959 -0.868724 0.673143 0.837324 2 55 0.522241 57 0.477759
  55 -21.564108 34.738701 2.748779 0.572102 -0.807823 -0.141847 0.697357 0.792014 3 55 0.536347 63 0.254773 53 0.208880
  57 -21.912308 33.852299 3.330860 0.762452 -0.336880 -0.552430 0.688974 0.840221 2 57 0.508083 55 0.491917
engineer_handR_red
  63 -22.400408 34.862598 2.433449 -0.161337 -0.945727 -0.282081 0.681650 0.809681 3 63 0.473833 55 0.380135 53 0.146032
  55 -21.564108 34.738701 2.748779 0.572102 -0.807823 -0.141847 0.697357 0.792014 3 55 0.536347 63 0.254773 53 0.208880
  55 -22.422009 33.777901 3.079970 0.219587 -0.443959 -0.868724 0.673143 0.837324 2 55 0.522241 57 0.477759
engineer_handR_red
  55 -21.564108 34.738701 2.748779 0.572102 -0.807823 -0.141847 0.697357 0.792014 3 55 0.536347 63 0.254773 53 0.208880
  63 -22.400408 34.862598 2.433449 -0.161337 -0.945727 -0.282081 0.681650 0.809681 3 63 0.473833 55 0.380135 53 0.146032
  63 -21.508808 34.660999 2.376358 0.342488 -0.641397 0.686522 0.676405 0.786323 3 63 0.609745 55 0.196717 65 0.193538
engineer_handR_red
  63 -21.508808 34.660999 2.376358 0.342488 -0.641397 0.686522 0.676405 0.786323 3 63 0.609745 55 0.196717 65 0.193538
  63 -21.072506 35.030300 2.341008 0.781617 -0.597092 0.180434 0.690695 0.758622 3 63 0.449467 61 0.306226 55 0.244307
  55 -21.564108 34.738701 2.748779 0.572102 -0.807823 -0.141847 0.697357 0.792014 3 55 0.536347 63 0.254773 53 0.208880
engineer_handR_red
  61 -20.626305 35.989101 0.772118 0.616407 -0.589515 -0.522029 0.655534 0.688077 3 61 0.626705 63 0.304053 53 0.069242
  61 -20.784105 35.434101 1.629138 0.842070 -0.532788 -0.083998 0.674913 0.729867 3 61 0.473864 63 0.432702 53 0.093434
  61 -21.035404 35.340195 1.033737 0.623293 -0.546309 -0.559511 0.650763 0.721237 2 61 0.512138 63 0.487863
engineer_handR_red
  61 -20.784105 35.434101 1.629138 0.842070 -0.532788 -0.083998 0.674913 0.729867 3 61 0.473864 63 0.432702 53 0.093434
  63 -21.081903 34.895195 1.783507 0.862332 -0.484532 -0.147013 0.670551 0.753608 3 63 0.563177 61 0.330150 65 0.106673
  61 -21.035404 35.340195 1.033737 0.623293 -0.546309 -0.559511 0.650763 0.721237 2 61 0.512138 63 0.487863
engineer_handR_red
  61 -20.784105 35.434101 1.629138 0.842070 -0.532788 -0.083998 0.674913 0.729867 3 61 0.473864 63 0.432702 53 0.093434
  63 -21.072506 35.030300 2.341008 0.781617 -0.597092 0.180434 0.690695 0.758622 3 63 0.449467 61 0.306226 55 0.244307
  63 -21.081903 34.895195 1.783507 0.862332 -0.484532 -0.147013 0.670551 0.753608 3 63 0.563177 61 0.330150 65 0.106673
engineer_handR_red
  63 -21.072506 35.030300 2.341008 0.781617 -0.597092 0.180434 0.690695 0.758622 3 63 0.449467 61 0.306226 55 0.244307
  63 -21.291155 34.488182 1.862592 0.905282 -0.381693 0.186479 0.657765 0.780278 3 63 0.664766 65 0.198069 61 0.137165
  63 -21.081903 34.895195 1.783507 0.862332 -0.484532 -0.147013 0.670551 0.753608 3 63 0.563177 61 0.330150 65 0.106673
engineer_handR_red
  63 -21.508808 34.660999 2.376358 0.342488 -0.641397 0.686522 0.676405 0.786323 3 63 0.609745 55 0.196717 65 0.193538
  63 -21.291155 34.488182 1.862592 0.905282 -0.381693 0.186479 0.657765 0.780278 3 63 0.664766 65 0.198069 61 0.137165
  63 -21.072506 35.030300 2.341008 0.781617 -0.597092 0.180434 0.690695 0.758622 3 63 0.449467 61 0.306226 55 0.244307
engineer_handR_red
  65 -21.696304 33.837795 2.368918 0.564246 0.077112 0.821997 0.660172 0.829040 3 65 0.490997 63 0.441686 67 0.067318
  63 -21.291155 34.488182 1.862592 0.905282 -0.381693 0.186479 0.657765 0.780278 3 63 0.664766 65 0.198069 61 0.137165
  63 -21.508808 34.660999 2.376358 0.342488 -0.641397 0.686522 0.676405 0.786323 3 63 0.609745 55 0.196717 65 0.193538
engineer_handR_red
  65 -21.438204 33.740997 1.944087 0.995132 0.056084 0.081040 0.640527 0.823879 3 65 0.497502 63 0.409297 67 0.093201
  63 -21.291155 34.488182 1.862592 0.905282 -0.381693 0.186479 0.657765 0.780278 3 63 0.664766 65 0.198069 61 0.137165
  65 -21.696304 33.837795 2.368918 0.564246 0.077112 0.821997 0.660172 0.829040 3 65 0.490997 63 0.441686 67 0.067318
engineer_handR_red
  65 -21.583103 33.512997 2.415427 0.549057 0.351370 0.758338 0.654414 0.843028 3 65 0.593665 63 0.236756 67 0.169578
  65 -21.438204 33.740997 1.944087 0.995132 0.056084 0.081040 0.640527 0.823879 3 65 0.497502 63 0.409297 67 0.093201
  65 -21.696304 33.837795 2.368918 0.564246 0.077112 0.821997 0.660172 0.829040 3 65 0.490997 63 0.441686 67 0.067318
engineer_handR_red
  65 -21.353006 33.423500 1.995057 0.929548 0.354931 -0.099824 0.636992 0.839306 3 65 0.578651 67 0.212687 63 0.208662
  65 -21.438204 33.740997 1.944087 0.995132 0.056084 0.081040 0.640527 0.823879 3 65 0.497502 63 0.409297 67 0.093201
  65 -21.583103 33.512997 2.415427 0.549057 0.351370 0.758338 0.654414 0.843028 3 65 0.593665 63 0.236756 67 0.169578
engineer_handR_red
  65 -21.438204 33.740997 1.944087 0.995132 0.056084 0.081040 0.640527 0.823879 3 65 0.497502 63 0.409297 67 0.093201
  65 -21.353006 33.423500 1.995057 0.929548 0.354931 -0.099824 0.636992 0.839306 3 65 0.578651 67 0.212687 63 0.208662
  65 -21.609304 33.596596 1.469237 0.762668 -0.057844 -0.644198 0.619842 0.819462 3 65 0.499007 63 0.434368 67 0.066625
engineer_handR_red
  65 -21.609304 33.596596 1.469237 0.762668 -0.057844 -0.644198 0.619842 0.819462 3 65 0.499007 63 0.434368 67 0.066625
  65 -21.353006 33.423500 1.995057 0.929548 0.354931 -0.099824 0.636992 0.839306 3 65 0.578651 67 0.212687 63 0.208662
  65 -21.535204 33.269096 1.537407 0.671650 0.071419 -0.737418 0.618159 0.835838 3 65 0.598050 63 0.231657 67 0.170293
engineer_handR_red
  61 -21.035404 35.340195 1.033737 0.623293 -0.546309 -0.559511 0.650763 0.721237 2 61 0.512138 63 0.487863
  63 -21.081903 34.895195 1.783507 0.862332 -0.484532 -0.147013 0.670551 0.753608 3 63 0.563177 61 0.330150 65 0.106673
  63 -21.300505 34.867397 1.191127 0.658302 -0.475155 -0.583837 0.646913 0.745580 3 63 0.591268 61 0.347445 65 0.061288
engineer_handR_red
  63 -21.300505 34.867397 1.191127 0.658302 -0.475155 -0.583837 0.646913 0.745580 3 63 0.591268 61 0.347445 65 0.061288
  63 -21.081903 34.895195 1.783507 0.862332 -0.484532 -0.147013 0.670551 0.753608 3 63 0.563177 61 0.330150 65 0.106673
  63 -21.468605 34.441795 1.305257 0.782882 -0.339555 -0.521342 0.636926 0.773297 3 63 0.731847 65 0.138100 61 0.130053
engineer_handR_red
  63 -21.468605 34.441795 1.305257 0.782882 -0.339555 -0.521342 0.636926 0.773297 3 63 0.731847 65 0.138100 61 0.130053
  63 -21.081903 34.895195 1.783507 0.862332 -0.484532 -0.147013 0.670551 0.753608 3 63 0.563177 61 0.330150 65 0.106673
  63 -21.291155 34.488182 1.862592 0.905282 -0.381693 0.186479 0.657765 0.780278 3 63 0.664766 65 0.198069 61 0.137165
engineer_handR_red
  63 -21.291155 34.488182 1.862592 0.905282 -0.381693 0.186479 0.657765 0.780278 3 63 0.664766 65 0.198069 61 0.137165
  65 -21.438204 33.740997 1.944087 0.995132 0.056084 0.081040 0.640527 0.823879 3 65 0.497502 63 0.409297 67 0.093201
  63 -21.468605 34.441795 1.305257 0.782882 -0.339555 -0.521342 0.636926 0.773297 3 63 0.731847 65 0.138100 61 0.130053
engineer_handR_red
  63 -21.468605 34.441795 1.305257 0.782882 -0.339555 -0.521342 0.636926 0.773297 3 63 0.731847 65 0.138100 61 0.130053
  65 -21.438204 33.740997 1.944087 0.995132 0.056084 0.081040 0.640527 0.823879 3 65 0.497502 63 0.409297 67 0.093201
  65 -21.609304 33.596596 1.469237 0.762668 -0.057844 -0.644198 0.619842 0.819462 3 65 0.499007 63 0.434368 67 0.066625
engineer_handR_red
  63 -21.508808 34.660999 2.376358 0.342488 -0.641397 0.686522 0.676405 0.786323 3 63 0.609745 55 0.196717 65 0.193538
  63 -22.400408 34.862598 2.433449 -0.161337 -0.945727 -0.282081 0.681650 0.809681 3 63 0.473833 55 0.380135 53 0.146032
  63 -22.377405 34.822201 2.335048 -0.283411 -0.379884 0.880549 0.679194 0.808181 3 63 0.684665 55 0.206825 61 0.108510
engineer_handR_red
  63 -22.246006 33.841995 2.444538 -0.068151 0.094174 0.993220 0.672687 0.833975 2 63 0.504299 65 0.495702
  63 -21.508808 34.660999 2.376358 0.342488 -0.641397 0.686522 0.676405 0.786323 3 63 0.609745 55 0.196717 65 0.193538
  63 -22.377405 34.822201 2.335048 -0.283411 -0.379884 0.880549 0.679194 0.808181 3 63 0.684665 55 0.206825 61 0.108510
engineer_handR_red
  65 -21.696304 33.837795 2.368918 0.564246 0.077112 0.821997 0.660172 0.829040 3 65 0.490997 63 0.441686 67 0.067318
  63 -21.508808 34.660999 2.376358 0.342488 -0.641397 0.686522 0.676405 0.786323 3 63 0.609745 55 0.196717 65 0.193538
  63 -22.246006 33.841995 2.444538 -0.068151 0.094174 0.993220 0.672687 0.833975 2 63 0.504299 65 0.495702
engineer_handR_red
  65 -22.114502 33.503498 2.500577 -0.020023 0.150408 0.988421 0.669305 0.844225 3 65 0.625174 63 0.317532 67 0.057294
  65 -21.696304 33.837795 2.368918 0.564246 0.077112 0.821997 0.660172 0.829040 3 65 0.490997 63 0.441686 67 0.067318
  63 -22.246006 33.841995 2.444538 -0.068151 0.094174 0.993220 0.672687 0.833975 2 63 0.504299 65 0.495702
engineer_handR_red
  65 -21.583103 33.512997 2.415427 0.549057 0.351370 0.758338 0.654414 0.843028 3 65 0.593665 63 0.236756 67 0.169578
  65 -21.696304 33.837795 2.368918 0.564246 0.077112 0.821997 0.660172 0.829040 3 65 0.490997 63 0.441686 67 0.067318
  65 -22.114502 33.503498 2.500577 -0.020023 0.150408 0.988421 0.669305 0.844225 3 65 0.625174 63 0.317532 67 0.057294
engineer_handR_red
  65 -22.114502 33.503498 2.500577 -0.020023 0.150408 0.988421 0.669305 0.844225 3 65 0.625174 63 0.317532 67 0.057294
  67 -21.618504 32.685993 2.645357 -0.024296 0.222283 0.974679 0.659783 0.867348 2 67 0.548503 65 0.451497
  65 -21.583103 33.512997 2.415427 0.549057 0.351370 0.758338 0.654414 0.843028 3 65 0.593665 63 0.236756 67 0.169578
engineer_handR_red
  65 -21.583103 33.512997 2.415427 0.549057 0.351370 0.758338 0.654414 0.843028 3 65 0.593665 63 0.236756 67 0.169578
  67 -21.618504 32.685993 2.645357 -0.024296 0.222283 0.974679 0.659783 0.867348 2 67 0.548503 65 0.451497
  67 -21.147404 32.744392 2.562987 0.492502 0.528612 0.691383 0.645482 0.868484 2 67 0.694235 65 0.305766
engineer_handR_red
  65 -21.583103 33.512997 2.415427 0.549057 0.351370 0.758338 0.654414 0.843028 3 65 0.593665 63 0.236756 67 0.169578
  67 -21.147404 32.744392 2.562987 0.492502 0.528612 0.691383 0.645482 0.868484 2 67 0.694235 65 0.305766
  65 -21.353006 33.423500 1.995057 0.929548 0.354931 -0.099824 0.636992 0.839306 3 65 0.578651 67 0.212687 63 0.208662
engineer_handR_red
  65 -21.353006 33.423500 1.995057 0.929548 0.354931 -0.099824 0.636992 0.839306 3 65 0.578651 67 0.212687 63 0.208662
  67 -21.147404 32.744392 2.562987 0.492502 0.528612 0.691383 0.645482 0.868484 2 67 0.694235 65 0.305766
  67 -20.963404 32.698997 2.182197 0.824913 0.552793 -0.118057 0.632715 0.866192 2 67 0.728561 65 0.271439
engineer_handR_red
  67 -21.139803 32.533291 1.759857 0.680288 0.156180 -0.716112 0.618131 0.863088 2 67 0.651104 65 0.348896
  65 -21.353006 33.423500 1.995057 0.929548 0.354931 -0.099824 0.636992 0.839306 3 65 0.578651 67 0.212687 63 0.208662
  67 -20.963404 32.698997 2.182197 0.824913 0.552793 -0.118057 0.632715 0.866192 2 67 0.728561 65 0.271439
engineer_handR_red
  65 -21.535204 33.269096 1.537407 0.671650 0.071419 -0.737418 0.618159 0.835838 3 65 0.598050 63 0.231657 67 0.170293
  65 -21.353006 33.423500 1.995057 0.929548 0.354931 -0.099824 0.636992 0.839306 3 65 0.578651 67 0.212687 63 0.208662
  67 -21.139803 32.533291 1.759857 0.680288 0.156180 -0.716112 0.618131 0.863088 2 67 0.651104 65 0.348896
engineer_handR_red
  67 -21.139803 32.533291 1.759857 0.680288 0.156180 -0.716112 0.618131 0.863088 2 67 0.651104 65 0.348896
  67 -21.560604 32.364391 1.539087 0.257829 -0.260205 -0.930493 0.603398 0.858143 2 67 0.522592 65 0.477408
  65 -21.535204 33.269096 1.537407 0.671650 0.071419 -0.737418 0.618159 0.835838 3 65 0.598050 63 0.231657 67 0.170293
engineer_handR_red
  65 -21.535204 33.269096 1.537407 0.671650 0.071419 -0.737418 0.618159 0.835838 3 65 0.598050 63 0.231657 67 0.170293
  67 -21.560604 32.364391 1.539087 0.257829 -0.260205 -0.930493 0.603398 0.858143 2 67 0.522592 65 0.477408
  65 -21.995304 33.139397 1.293517 0.219526 -0.200501 -0.954781 0.602229 0.831084 3 65 0.577800 63 0.316023 67 0.106177
engineer_handR_red
  65 -21.535204 33.269096 1.537407 0.671650 0.071419 -0.737418 0.618159 0.835838 3 65 0.598050 63 0.231657 67 0.170293
  65 -21.995304 33.139397 1.293517 0.219526 -0.200501 -0.954781 0.602229 0.831084 3 65 0.577800 63 0.316023 67 0.106177
  65 -21.609304 33.596596 1.469237 0.762668 -0.057844 -0.644198 0.619842 0.819462 3 65 0.499007 63 0.434368 67 0.066625
engineer_handR_red
  65 -21.609304 33.596596 1.469237 0.762668 -0.057844 -0.644198 0.619842 0.819462 3 65 0.499007 63 0.434368 67 0.066625
  65 -21.995304 33.139397 1.293517 0.219526 -0.200501 -0.954781 0.602229 0.831084 3 65 0.577800 63 0.316023 67 0.106177
  65 -22.084204 33.473797 1.201818 0.257829 -0.260205 -0.930493 0.601971 0.815360 2 65 0.504190 63 0.495810
engineer_handR_red
  65 -21.609304 33.596596 1.469237 0.762668 -0.057844 -0.644198 0.619842 0.819462 3 65 0.499007 63 0.434368 67 0.066625
  65 -22.084204 33.473797 1.201818 0.257829 -0.260205 -0.930493 0.601971 0.815360 2 65 0.504190 63 0.495810
  63 -21.468605 34.441795 1.305257 0.782882 -0.339555 -0.521342 0.636926 0.773297 3 63 0.731847 65 0.138100 61 0.130053
engineer_handR_red
  63 -21.468605 34.441795 1.305257 0.782882 -0.339555 -0.521342 0.636926 0.773297 3 63 0.731847 65 0.138100 61 0.130053
  65 -22.084204 33.473797 1.201818 0.257829 -0.260205 -0.930493 0.601971 0.815360 2 65 0.504190 63 0.495810
  63 -22.051802 34.521797 0.867605 0.253319 -0.365479 -0.895687 0.614121 0.765293 3 63 0.758848 61 0.158645 65 0.082507
engineer_handR_red
  63 -22.051802 34.521797 0.867605 0.253319 -0.365479 -0.895687 0.614121 0.765293 3 63 0.758848 61 0.158645 65 0.082507
  63 -21.300505 34.867397 1.191127 0.658302 -0.475155 -0.583837 0.646913 0.745580 3 63 0.591268 61 0.347445 65 0.061288
  63 -21.468605 34.441795 1.305257 0.782882 -0.339555 -0.521342 0.636926 0.773297 3 63 0.731847 65 0.138100 61 0.130053
engineer_handR_red
  63 -21.957304 34.978294 0.683154 0.219587 -0.443959 -0.868724 0.613722 0.738364 2 63 0.577411 61 0.422589
  63 -21.300505 34.867397 1.191127 0.658302 -0.475155 -0.583837 0.646913 0.745580 3 63 0.591268 61 0.347445 65 0.061288
  63 -22.051802 34.521797 0.867605 0.253319 -0.365479 -0.895687 0.614121 0.765293 3 63 0.758848 61 0.158645 65 0.082507
engineer_handR_red
  63 -21.957304 34.978294 0.683154 0.219587 -0.443959 -0.868724 0.613722 0.738364 2 63 0.577411 61 0.422589
  61 -21.035404 35.340195 1.033737 0.623293 -0.546309 -0.559511 0.650763 0.721237 2 61 0.512138 63 0.487863
  63 -21.300505 34.867397 1.191127 0.658302 -0.475155 -0.583837 0.646913 0.745580 3 63 0.591268 61 0.347445 65 0.061288
engineer_handR_red
  61 -21.832903 35.469696 0.468533 0.045456 -0.402291 -0.914382 0.614868 0.715690 2 61 0.507445 63 0.492555
  61 -21.035404 35.340195 1.033737 0.623293 -0.546309 -0.559511 0.650763 0.721237 2 61 0.512138 63 0.487863
  63 -21.957304 34.978294 0.683154 0.219587 -0.443959 -0.868724 0.613722 0.738364 2 63 0.577411 61 0.422589
engineer_handR_red
  61 -21.631104 36.113697 0.155638 0.163797 -0.483851 -0.859685 0.615352 0.685274 2 61 0.677511 63 0.322490
  61 -21.035404 35.340195 1.033737 0.623293 -0.546309 -0.559511 0.650763 0.721237 2 61 0.512138 63 0.487863
  61 -21.832903 35.469696 0.468533 0.045456 -0.402291 -0.914382 0.614868 0.715690 2 61 0.507445 63 0.492555
engineer_handR_red
  61 -20.626305 35.989101 0.772118 0.616407 -0.589515 -0.522029 0.655534 0.688077 3 61 0.626705 63 0.304053 53 0.069242
  61 -21.035404 35.340195 1.033737 0.623293 -0.546309 -0.559511 0.650763 0.721237 2 61 0.512138 63 0.487863
  61 -21.631104 36.113697 0.155638 0.163797 -0.483851 -0.859685 0.615352 0.685274 2 61 0.677511 63 0.322490
engineer_handR_red
  61 -21.335804 37.004299 -0.279776 0.004956 -0.462171 -0.886777 0.617029 0.640663 3 61 0.685673 8 0.185440 63 0.128887
  61 -20.626305 35.989101 0.772118 0.616407 -0.589515 -0.522029 0.655534 0.688077 3 61 0.626705 63 0.304053 53 0.069242
  61 -21.631104 36.113697 0.155638 0.163797 -0.483851 -0.859685 0.615352 0.685274 2 61 0.677511 63 0.322490
engineer_handR_red
  61 -20.115704 36.843800 0.380058 0.557447 -0.616659 -0.555863 0.661833 0.640847 3 61 0.621294 8 0.250546 63 0.128160
  61 -20.626305 35.989101 0.772118 0.616407 -0.589515 -0.522029 0.655534 0.688077 3 61 0.626705 63 0.304053 53 0.069242
  61 -21.335804 37.004299 -0.279776 0.004956 -0.462171 -0.886777 0.617029 0.640663 3 61 0.685673 8 0.185440 63 0.128887
engineer_handR_red
  61 -20.940399 37.990303 -0.802656 0.008822 -0.530594 -0.847580 0.620183 0.595193 3 61 0.487648 8 0.450021 4 0.062330
  61 -20.115704 36.843800 0.380058 0.557447 -0.616659 -0.555863 0.661833 0.640847 3 61 0.621294 8 0.250546 63 0.128160
  61 -21.335804 37.004299 -0.279776 0.004956 -0.462171 -0.886777 0.617029 0.640663 3 61 0.685673 8 0.185440 63 0.128887
engineer_handR_red
  61 -19.589001 37.776096 -0.123847 0.512056 -0.668218 -0.539707 0.662763 0.594691 3 61 0.436060 8 0.423937 53 0.140003
  61 -20.115704 36.843800 0.380058 0.557447 -0.616659 -0.555863 0.661833 0.640847 3 61 0.621294 8 0.250546 63 0.128160
  61 -20.940399 37.990303 -0.802656 0.008822 -0.530594 -0.847580 0.620183 0.595193 3 61 0.487648 8 0.450021 4 0.062330
engineer_handR_red
  61 -20.940399 37.990303 -0.802656 0.008822 -0.530594 -0.847580 0.620183 0.595193 3 61 0.487648 8 0.450021 4 0.062330
  8 -20.409800 38.980202 -1.510391 0.062619 -0.611417 -0.788827 0.618361 0.531540 2 8 0.567498 4 0.432502
  61 -19.589001 37.776096 -0.123847 0.512056 -0.668218 -0.539707 0.662763 0.594691 3 61 0.436060 8 0.423937 53 0.140003
engineer_handR_red
  61 -19.589001 37.776096 -0.123847 0.512056 -0.668218 -0.539707 0.662763 0.594691 3 61 0.436060 8 0.423937 53 0.140003
  8 -20.409800 38.980202 -1.510391 0.062619 -0.611417 -0.788827 0.618361 0.531540 2 8 0.567498 4 0.432502
  8 -18.852600 38.777695 -0.833910 0.520574 -0.728068 -0.446003 0.666122 0.532982 2 8 0.558107 4 0.441893
engineer_handR_red
  8 -18.852600 38.777695 -0.833910 0.520574 -0.728068 -0.446003 0.666122 0.532982 2 8 0.558107 4 0.441893
  61 -19.190302 37.899796 0.512789 0.749673 -0.648835 -0.130397 0.697589 0.594571 3 61 0.403406 8 0.402486 53 0.194108
  61 -19.589001 37.776096 -0.123847 0.512056 -0.668218 -0.539707 0.662763 0.594691 3 61 0.436060 8 0.423937 53 0.140003
engineer_handR_red
  8 -18.327297 38.957901 -0.166359 0.724466 -0.675603 -0.136781 0.703119 0.534726 2 8 0.557709 4 0.442291
  61 -19.190302 37.899796 0.512789 0.749673 -0.648835 -0.130397 0.697589 0.594571 3 61 0.403406 8 0.402486 53 0.194108
  8 -18.852600 38.777695 -0.833910 0.520574 -0.728068 -0.446003 0.666122 0.532982 2 8 0.558107 4 0.441893
engineer_handR_red
  8 -18.327297 38.957901 -0.166359 0.724466 -0.675603 -0.136781 0.703119 0.534726 2 8 0.557709 4 0.442291
  8 -18.112000 39.219006 0.533368 0.769751 -0.638335 0.003474 0.728659 0.536213 2 8 0.564809 4 0.435191
  61 -19.190302 37.899796 0.512789 0.749673 -0.648835 -0.130397 0.697589 0.594571 3 61 0.403406 8 0.402486 53 0.194108
engineer_handR_red
  61 -19.190302 37.899796 0.512789 0.749673 -0.648835 -0.130397 0.697589 0.594571 3 61 0.403406 8 0.402486 53 0.194108
  8 -18.112000 39.219006 0.533368 0.769751 -0.638335 0.003474 0.728659 0.536213 2 8 0.564809 4 0.435191
  8 -19.037304 38.175499 1.184158 0.791605 -0.609998 0.035543 0.720889 0.595351 3 8 0.369589 61 0.354829 53 0.275582
engineer_handR_red
  8 -18.112000 39.219006 0.533368 0.769751 -0.638335 0.003474 0.728659 0.536213 2 8 0.564809 4 0.435191
  8 -18.785505 38.479202 1.919839 0.749673 -0.648835 -0.130397 0.749534 0.594343 2 8 0.690332 53 0.309668
  8 -19.037304 38.175499 1.184158 0.791605 -0.609998 0.035543 0.720889 0.595351 3 8 0.369589 61 0.354829 53 0.275582
engineer_handR_red
  8 -19.037304 38.175499 1.184158 0.791605 -0.609998 0.035543 0.720889 0.595351 3 8 0.369589 61 0.354829 53 0.275582
  8 -18.785505 38.479202 1.919839 0.749673 -0.648835 -0.130397 0.749534 0.594343 2 8 0.690332 53 0.309668
  61 -19.656504 37.299500 1.708168 0.812964 -0.581729 0.026106 0.717924 0.650751 3 61 0.393215 53 0.338659 8 0.268126
engineer_handR_red
  61 -19.656504 37.299500 1.708168 0.812964 -0.581729 0.026106 0.717924 0.650751 3 61 0.393215 53 0.338659 8 0.268126
  8 -18.785505 38.479202 1.919839 0.749673 -0.648835 -0.130397 0.749534 0.594343 2 8 0.690332 53 0.309668
  53 -19.411703 37.558800 2.675639 0.694455 -0.693411 -0.192128 0.753932 0.658163 3 53 0.401036 8 0.331583 45 0.267382
engineer_handR_red
  8 -17.868702 39.501202 1.314600 0.727271 -0.681805 -0.078855 0.760535 0.537792 2 8 0.569210 4 0.430791
  8 -18.785505 38.479202 1.919839 0.749673 -0.648835 -0.130397 0.749534 0.594343 2 8 0.690332 53 0.309668
  8 -18.112000 39.219006 0.533368 0.769751 -0.638335 0.003474 0.728659 0.536213 2 8 0.564809 4 0.435191
engineer_handR_red
  8 -17.562000 39.754601 2.043310 0.774456 -0.623083 -0.109478 0.800163 0.535915 2 8 0.564614 4 0.435386
  8 -18.329205 38.788898 2.484579 0.745608 -0.606527 -0.276032 0.787363 0.590067 2 8 0.714181 31 0.285819
  8 -17.868702 39.501202 1.314600 0.727271 -0.681805 -0.078855 0.760535 0.537792 2 8 0.569210 4 0.430791
engineer_handR_red
  8 -17.868702 39.501202 1.314600 0.727271 -0.681805 -0.078855 0.760535 0.537792 2 8 0.569210 4 0.430791
  8 -18.329205 38.788898 2.484579 0.745608 -0.606527 -0.276032 0.787363 0.590067 2 8 0.714181 31 0.285819
  8 -18.785505 38.479202 1.919839 0.749673 -0.648835 -0.130397 0.749534 0.594343 2 8 0.690332 53 0.309668
engineer_handR_red
  8 -18.329205 38.788898 2.484579 0.745608 -0.606527 -0.276032 0.787363 0.590067 2 8 0.714181 31 0.285819
  8 -18.650005 37.978203 3.127138 0.592843 -0.712273 -0.375773 0.799350 0.638589 3 8 0.462014 31 0.354440 45 0.183547
  8 -18.785505 38.479202 1.919839 0.749673 -0.648835 -0.130397 0.749534 0.594343 2 8 0.690332 53 0.309668
engineer_handR_red
  8 -18.785505 38.479202 1.919839 0.749673 -0.648835 -0.130397 0.749534 0.594343 2 8 0.690332 53 0.309668
  8 -18.650005 37.978203 3.127138 0.592843 -0.712273 -0.375773 0.799350 0.638589 3 8 0.462014 31 0.354440 45 0.183547
  53 -19.411703 37.558800 2.675639 0.694455 -0.693411 -0.192128 0.753932 0.658163 3 53 0.401036 8 0.331583 45 0.267382
engineer_handR_red
  8 -18.650005 37.978203 3.127138 0.592843 -0.712273 -0.375773 0.799350 0.638589 3 8 0.462014 31 0.354440 45 0.183547
  45 -19.522003 37.122799 4.063947 0.491553 -0.846700 -0.203653 0.803974 0.709130 3 45 0.470300 31 0.295153 37 0.234547
  53 -19.411703 37.558800 2.675639 0.694455 -0.693411 -0.192128 0.753932 0.658163 3 53 0.401036 8 0.331583 45 0.267382
engineer_handR_red
  31 -18.684109 37.335800 4.214108 0.386627 -0.836689 -0.387907 0.833195 0.682775 3 31 0.555023 8 0.260486 33 0.184491
  45 -19.522003 37.122799 4.063947 0.491553 -0.846700 -0.203653 0.803974 0.709130 3 45 0.470300 31 0.295153 37 0.234547
  8 -18.650005 37.978203 3.127138 0.592843 -0.712273 -0.375773 0.799350 0.638589 3 8 0.462014 31 0.354440 45 0.183547
engineer_handR_red
  31 -18.684109 37.335800 4.214108 0.386627 -0.836689 -0.387907 0.833195 0.682775 3 31 0.555023 8 0.260486 33 0.184491
  31 -19.521908 36.945702 4.918248 0.258540 -0.961847 -0.089480 0.824169 0.727009 3 31 0.436975 45 0.282196 33 0.280829
  45 -19.522003 37.122799 4.063947 0.491553 -0.846700 -0.203653 0.803974 0.709130 3 45 0.470300 31 0.295153 37 0.234547
engineer_handR_red
  8 -18.650005 37.978203 3.127138 0.592843 -0.712273 -0.375773 0.799350 0.638589 3 8 0.462014 31 0.354440 45 0.183547
  31 -17.986305 38.345600 3.547059 0.751344 -0.511751 -0.416646 0.831524 0.624968 3 31 0.484416 8 0.459496 45 0.056088
  31 -18.684109 37.335800 4.214108 0.386627 -0.836689 -0.387907 0.833195 0.682775 3 31 0.555023 8 0.260486 33 0.184491
engineer_handR_red
  8 -18.650005 37.978203 3.127138 0.592843 -0.712273 -0.375773 0.799350 0.638589 3 8 0.462014 31 0.354440 45 0.183547
  8 -18.329205 38.788898 2.484579 0.745608 -0.606527 -0.276032 0.787363 0.590067 2 8 0.714181 31 0.285819
  31 -17.986305 38.345600 3.547059 0.751344 -0.511751 -0.416646 0.831524 0.624968 3 31 0.484416 8 0.459496 45 0.056088
engineer_handR_red
  31 -17.986305 38.345600 3.547059 0.751344 -0.511751 -0.416646 0.831524 0.624968 3 31 0.484416 8 0.459496 45 0.056088
  8 -18.329205 38.788898 2.484579 0.745608 -0.606527 -0.276032 0.787363 0.590067 2 8 0.714181 31 0.285819
  8 -17.898905 39.143501 2.985768 0.885689 -0.423252 -0.190824 0.818220 0.580558 3 8 0.531922 31 0.415787 45 0.052291
engineer_handR_red
  8 -18.329205 38.788898 2.484579 0.745608 -0.606527 -0.276032 0.787363 0.590067 2 8 0.714181 31 0.285819
  8 -17.562000 39.754601 2.043310 0.774456 -0.623083 -0.109478 0.800163 0.535915 2 8 0.564614 4 0.435386
  8 -17.898905 39.143501 2.985768 0.885689 -0.423252 -0.190824 0.818220 0.580558 3 8 0.531922 31 0.415787 45 0.052291
engineer_handR_red
  8 -17.898905 39.143501 2.985768 0.885689 -0.423252 -0.190824 0.818220 0.580558 3 8 0.531922 31 0.415787 45 0.052291
  8 -17.562000 39.754601 2.043310 0.774456 -0.623083 -0.109478 0.800163 0.535915 2 8 0.564614 4 0.435386
  8 -17.351200 39.984497 2.701270 0.886688 -0.452316 0.095885 0.832954 0.529872 2 8 0.560426 4 0.439574
engineer_handR_red
  8 -17.632105 39.840302 3.815508 0.992895 -0.091007 0.076660 0.856262 0.567559 2 8 0.500029 31 0.499971
  8 -17.351200 39.984497 2.701270 0.886688 -0.452316 0.095885 0.832954 0.529872 2 8 0.560426 4 0.439574
  8 -17.409100 40.506802 3.670450 0.911466 -0.179816 0.369995 0.875944 0.520320 2 8 0.556939 4 0.443061
engineer_handR_red
  8 -17.898905 39.143501 2.985768 0.885689 -0.423252 -0.190824 0.818220 0.580558 3 8 0.531922 31 0.415787 45 0.052291
  8 -17.351200 39.984497 2.701270 0.886688 -0.452316 0.095885 0.832954 0.529872 2 8 0.560426 4 0.439574
  8 -17.632105 39.840302 3.815508 0.992895 -0.091007 0.076660 0.856262 0.567559 2 8 0.500029 31 0.499971
engineer_handR_red
  31 -17.493208 39.084599 4.305139 0.962065 -0.099004 -0.254221 0.868600 0.604285 2 31 0.562690 8 0.437310
  8 -17.898905 39.143501 2.985768 0.885689 -0.423252 -0.190824 0.818220 0.580558 3 8 0.531922 31 0.415787 45 0.052291
  8 -17.632105 39.840302 3.815508 0.992895 -0.091007 0.076660 0.856262 0.567559 2 8 0.500029 31 0.499971
engineer_handR_red
  31 -17.986305 38.345600 3.547059 0.751344 -0.511751 -0.416646 0.831524 0.624968 3 31 0.484416 8 0.459496 45 0.056088
  8 -17.898905 39.143501 2.985768 0.885689 -0.423252 -0.190824 0.818220 0.580558 3 8 0.531922 31 0.415787 45 0.052291
  31 -17.493208 39.084599 4.305139 0.962065 -0.099004 -0.254221 0.868600 0.604285 2 31 0.562690 8 0.437310
engineer_handR_red
  31 -17.986305 38.345600 3.547059 0.751344 -0.511751 -0.416646 0.831524 0.624968 3 31 0.484416 8 0.459496 45 0.056088
  31 -17.493208 39.084599 4.305139 0.962065 -0.099004 -0.254221 0.868600 0.604285 2 31 0.562690 8 0.437310
  31 -17.871708 37.654800 4.522498 0.695433 -0.593827 -0.404651 0.862711 0.663601 3 31 0.624623 8 0.195290 33 0.180088
engineer_handR_red
  31 -18.684109 37.335800 4.214108 0.386627 -0.836689 -0.387907 0.833195 0.682775 3 31 0.555023 8 0.260486 33 0.184491
  31 -17.986305 38.345600 3.547059 0.751344 -0.511751 -0.416646 0.831524 0.624968 3 31 0.484416 8 0.459496 45 0.056088
  31 -17.871708 37.654800 4.522498 0.695433 -0.593827 -0.404651 0.862711 0.663601 3 31 0.624623 8 0.195290 33 0.180088
engineer_handR_red
  31 -17.871708 37.654800 4.522498 0.695433 -0.593827 -0.404651 0.862711 0.663601 3 31 0.624623 8 0.195290 33 0.180088
  31 -18.634310 37.062500 4.977448 0.257569 -0.934067 -0.247338 0.852497 0.702914 3 31 0.573711 33 0.333890 8 0.092399
  31 -18.684109 37.335800 4.214108 0.386627 -0.836689 -0.387907 0.833195 0.682775 3 31 0.555023 8 0.260486 33 0.184491
engineer_handR_red
  31 -18.634310 37.062500 4.977448 0.257569 -0.934067 -0.247338 0.852497 0.702914 3 31 0.573711 33 0.333890 8 0.092399
  31 -19.521908 36.945702 4.918248 0.258540 -0.961847 -0.089480 0.824169 0.727009 3 31 0.436975 45 0.282196 33 0.280829
  31 -18.684109 37.335800 4.214108 0.386627 -0.836689 -0.387907 0.833195 0.682775 3 31 0.555023 8 0.260486 33 0.184491
engineer_handR_red
  31 -19.521908 36.945702 4.918248 0.258540 -0.961847 -0.089480 0.824169 0.727009 3 31 0.436975 45 0.282196 33 0.280829
  31 -18.634310 37.062500 4.977448 0.257569 -0.934067 -0.247338 0.852497 0.702914 3 31 0.573711 33 0.333890 8 0.092399
  31 -19.450607 36.940102 5.687327 0.019396 -0.999660 -0.017438 0.847232 0.746853 3 31 0.474769 33 0.412266 37 0.112965
engineer_handR_red
  37 -20.106009 36.876701 5.798326 0.322068 -0.925470 0.199444 0.835577 0.768252 3 37 0.379635 39 0.375877 31 0.244488
  31 -19.521908 36.945702 4.918248 0.258540 -0.961847 -0.089480 0.824169 0.727009 3 31 0.436975 45 0.282196 33 0.280829
  31 -19.450607 36.940102 5.687327 0.019396 -0.999660 -0.017438 0.847232 0.746853 3 31 0.474769 33 0.412266 37 0.112965
engineer_handR_red
  33 -19.308008 37.081200 6.630789 -0.457216 -0.863251 0.213896 0.881171 0.769783 3 33 0.486645 31 0.411912 35 0.101444
  37 -20.106009 36.876701 5.798326 0.322068 -0.925470 0.199444 0.835577 0.768252 3 37 0.379635 39 0.375877 31 0.244488
  31 -19.450607 36.940102 5.687327 0.019396 -0.999660 -0.017438 0.847232 0.746853 3 31 0.474769 33 0.412266 37 0.112965
engineer_handR_red
  39 -20.136406 37.389099 6.802556 0.053672 -0.609928 0.790637 0.872077 0.799333 3 39 0.363411 37 0.341616 33 0.294973
  37 -20.106009 36.876701 5.798326 0.322068 -0.925470 0.199444 0.835577 0.768252 3 37 0.379635 39 0.375877 31 0.244488
  33 -19.308008 37.081200 6.630789 -0.457216 -0.863251 0.213896 0.881171 0.769783 3 33 0.486645 31 0.411912 35 0.101444
engineer_handR_red
  39 -20.136406 37.389099 6.802556 0.053672 -0.609928 0.790637 0.872077 0.799333 3 39 0.363411 37 0.341616 33 0.294973
  39 -20.497807 36.629902 5.938146 0.661283 -0.695197 0.281790 0.827125 0.783486 3 39 0.450377 37 0.325749 47 0.223874
  37 -20.106009 36.876701 5.798326 0.322068 -0.925470 0.199444 0.835577 0.768252 3 37 0.379635 39 0.375877 31 0.244488
engineer_handR_red
  39 -20.599407 37.172905 6.915536 0.618264 -0.355197 0.701131 0.862448 0.808912 3 39 0.556593 37 0.381081 33 0.062326
  39 -20.497807 36.629902 5.938146 0.661283 -0.695197 0.281790 0.827125 0.783486 3 39 0.450377 37 0.325749 47 0.223874
  39 -20.136406 37.389099 6.802556 0.053672 -0.609928 0.790637 0.872077 0.799333 3 39 0.363411 37 0.341616 33 0.294973
engineer_handR_red
  39 -20.497807 36.629902 5.938146 0.661283 -0.695197 0.281790 0.827125 0.783486 3 39 0.450377 37 0.325749 47 0.223874
  39 -20.599407 37.172905 6.915536 0.618264 -0.355197 0.701131 0.862448 0.808912 3 39 0.556593 37 0.381081 33 0.062326
  39 -20.888208 36.251301 6.177326 0.710430 -0.665913 0.227703 0.819282 0.799007 3 39 0.600337 47 0.207998 37 0.191665
engineer_handR_red
  39 -20.888208 36.251301 6.177326 0.710430 -0.665913 0.227703 0.819282 0.799007 3 39 0.600337 47 0.207998 37 0.191665
  39 -20.599407 37.172905 6.915536 0.618264 -0.355197 0.701131 0.862448 0.808912 3 39 0.556593 37 0.381081 33 0.062326
  39 -20.896008 36.863205 7.125446 0.818738 -0.152386 0.553576 0.855173 0.820680 3 39 0.723752 37 0.221774 41 0.054474
engineer_handR_red
  39 -20.888208 36.251301 6.177326 0.710430 -0.665913 0.227703 0.819282 0.799007 3 39 0.600337 47 0.207998 37 0.191665
  39 -20.896008 36.863205 7.125446 0.818738 -0.152386 0.553576 0.855173 0.820680 3 39 0.723752 37 0.221774 41 0.054474
  39 -21.054008 36.113895 6.736075 0.859744 -0.509822 -0.030356 0.830753 0.834593 3 39 0.799878 41 0.121869 37 0.078253
engineer_handR_red
  39 -21.054008 36.113895 6.736075 0.859744 -0.509822 -0.030356 0.830753 0.834593 3 39 0.799878 41 0.121869 37 0.078253
  39 -20.896008 36.863205 7.125446 0.818738 -0.152386 0.553576 0.855173 0.820680 3 39 0.723752 37 0.221774 41 0.054474
  39 -21.077906 36.558498 7.395426 0.865696 -0.041199 0.498872 0.854944 0.840001 3 39 0.797977 37 0.102133 41 0.099890
engineer_handR_red
  31 -17.871708 37.654800 4.522498 0.695433 -0.593827 -0.404651 0.862711 0.663601 3 31 0.624623 8 0.195290 33 0.180088
  31 -17.493208 39.084599 4.305139 0.962065 -0.099004 -0.254221 0.868600 0.604285 2 31 0.562690 8 0.437310
  31 -17.296009 38.384399 5.143058 0.962095 -0.137800 -0.235338 0.896203 0.643464 3 31 0.719103 33 0.151004 8 0.129893
engineer_handR_red
  31 -17.296009 38.384399 5.143058 0.962095 -0.137800 -0.235338 0.896203 0.643464 3 31 0.719103 33 0.151004 8 0.129893
  31 -17.804209 37.357197 5.212908 0.636818 -0.707947 -0.305407 0.878910 0.681575 3 31 0.603512 33 0.339181 8 0.057307
  31 -17.871708 37.654800 4.522498 0.695433 -0.593827 -0.404651 0.862711 0.663601 3 31 0.624623 8 0.195290 33 0.180088
engineer_handR_red
  31 -17.804209 37.357197 5.212908 0.636818 -0.707947 -0.305407 0.878910 0.681575 3 31 0.603512 33 0.339181 8 0.057307
  31 -18.634310 37.062500 4.977448 0.257569 -0.934067 -0.247338 0.852497 0.702914 3 31 0.573711 33 0.333890 8 0.092399
  31 -17.871708 37.654800 4.522498 0.695433 -0.593827 -0.404651 0.862711 0.663601 3 31 0.624623 8 0.195290 33 0.180088
engineer_handR_red
  31 -18.634310 37.062500 4.977448 0.257569 -0.934067 -0.247338 0.852497 0.702914 3 31 0.573711 33 0.333890 8 0.092399
  31 -17.804209 37.357197 5.212908 0.636818 -0.707947 -0.305407 0.878910 0.681575 3 31 0.603512 33 0.339181 8 0.057307
  31 -18.578209 36.960499 5.564848 0.203197 -0.952275 -0.227779 0.868664 0.719106 3 31 0.506811 33 0.420101 35 0.073089
engineer_handR_red
  31 -19.450607 36.940102 5.687327 0.019396 -0.999660 -0.017438 0.847232 0.746853 3 31 0.474769 33 0.412266 37 0.112965
  31 -18.634310 37.062500 4.977448 0.257569 -0.934067 -0.247338 0.852497 0.702914 3 31 0.573711 33 0.333890 8 0.092399
  31 -18.578209 36.960499 5.564848 0.203197 -0.952275 -0.227779 0.868664 0.719106 3 31 0.506811 33 0.420101 35 0.073089
engineer_handR_red
  31 -18.578209 36.960499 5.564848 0.203197 -0.952275 -0.227779 0.868664 0.719106 3 31 0.506811 33 0.420101 35 0.073089
  33 -18.475609 36.818295 6.248188 -0.118390 -0.915417 -0.384702 0.893530 0.739895 3 33 0.514095 31 0.397092 35 0.088812
  31 -19.450607 36.940102 5.687327 0.019396 -0.999660 -0.017438 0.847232 0.746853 3 31 0.474769 33 0.412266 37 0.112965
engineer_handR_red
  31 -19.450607 36.940102 5.687327 0.019396 -0.999660 -0.017438 0.847232 0.746853 3 31 0.474769 33 0.412266 37 0.112965
  33 -18.475609 36.818295 6.248188 -0.118390 -0.915417 -0.384702 0.893530 0.739895 3 33 0.514095 31 0.397092 35 0.088812
  33 -19.308008 37.081200 6.630789 -0.457216 -0.863251 0.213896 0.881171 0.769783 3 33 0.486645 31 0.411912 35 0.101444
engineer_handR_red
  39 -21.238007 37.776497 7.325075 0.326855 0.332007 0.884837 0.894202 0.833526 2 39 0.543535 37 0.456465
  39 -20.896008 36.863205 7.125446 0.818738 -0.152386 0.553576 0.855173 0.820680 3 39 0.723752 37 0.221774 41 0.054474
  39 -20.599407 37.172905 6.915536 0.618264 -0.355197 0.701131 0.862448 0.808912 3 39 0.556593 37 0.381081 33 0.062326
engineer_handR_red
  39 -21.238007 37.776497 7.325075 0.326855 0.332007 0.884837 0.894202 0.833526 2 39 0.543535 37 0.456465
  39 -20.599407 37.172905 6.915536 0.618264 -0.355197 0.701131 0.862448 0.808912 3 39 0.556593 37 0.381081 33 0.062326
  39 -20.861504 38.039597 7.106006 0.157557 0.097396 0.982695 0.897518 0.822498 2 39 0.500000 37 0.500000
engineer_handR_red
  39 -20.861504 38.039597 7.106006 0.157557 0.097396 0.982695 0.897518 0.822498 2 39 0.500000 37 0.500000
  39 -20.599407 37.172905 6.915536 0.618264 -0.355197 0.701131 0.862448 0.808912 3 39 0.556593 37 0.381081 33 0.062326
  39 -20.136406 37.389099 6.802556 0.053672 -0.609928 0.790637 0.872077 0.799333 3 39 0.363411 37 0.341616 33 0.294973
engineer_handR_red
  39 -20.136406 37.389099 6.802556 0.053672 -0.609928 0.790637 0.872077 0.799333 3 39 0.363411 37 0.341616 33 0.294973
  37 -20.340504 38.175594 7.089846 -0.091288 -0.074903 0.993003 0.900322 0.814088 3 37 0.406715 39 0.402565 31 0.190719
  39 -20.861504 38.039597 7.106006 0.157557 0.097396 0.982695 0.897518 0.822498 2 39 0.500000 37 0.500000
engineer_handR_red
  31 -19.819407 37.868195 7.118917 -0.325219 -0.189222 0.926514 0.901911 0.805805 3 31 0.441514 33 0.441049 37 0.117437
  37 -20.340504 38.175594 7.089846 -0.091288 -0.074903 0.993003 0.900322 0.814088 3 37 0.406715 39 0.402565 31 0.190719
  39 -20.136406 37.389099 6.802556 0.053672 -0.609928 0.790637 0.872077 0.799333 3 39 0.363411 37 0.341616 33 0.294973
engineer_handR_red
  39 -20.136406 37.389099 6.802556 0.053672 -0.609928 0.790637 0.872077 0.799333 3 39 0.363411 37 0.341616 33 0.294973
  33 -19.340109 37.541500 7.222779 -0.639153 -0.311144 0.703330 0.901975 0.799907 3 33 0.502761 31 0.410890 35 0.086349
  31 -19.819407 37.868195 7.118917 -0.325219 -0.189222 0.926514 0.901911 0.805805 3 31 0.441514 33 0.441049 37 0.117437
engineer_handR_red
  33 -19.308008 37.081200 6.630789 -0.457216 -0.863251 0.213896 0.881171 0.769783 3 33 0.486645 31 0.411912 35 0.101444
  33 -19.340109 37.541500 7.222779 -0.639153 -0.311144 0.703330 0.901975 0.799907 3 33 0.502761 31 0.410890 35 0.086349
  39 -20.136406 37.389099 6.802556 0.053672 -0.609928 0.790637 0.872077 0.799333 3 39 0.363411 37 0.341616 33 0.294973
engineer_handR_red
  33 -19.340109 37.541500 7.222779 -0.639153 -0.311144 0.703330 0.901975 0.799907 3 33 0.502761 31 0.410890 35 0.086349
  33 -19.308008 37.081200 6.630789 -0.457216 -0.863251 0.213896 0.881171 0.769783 3 33 0.486645 31 0.411912 35 0.101444
  33 -19.061308 37.022495 7.578409 -0.940010 -0.167158 0.297387 0.907737 0.792687 3 33 0.628182 35 0.258536 31 0.113283
engineer_handR_red
  33 -19.061308 37.022495 7.578409 -0.940010 -0.167158 0.297387 0.907737 0.792687 3 33 0.628182 35 0.258536 31 0.113283
  33 -19.308008 37.081200 6.630789 -0.457216 -0.863251 0.213896 0.881171 0.769783 3 33 0.486645 31 0.411912 35 0.101444
  33 -18.939106 36.585796 7.061519 -0.809852 -0.522631 -0.266453 0.908776 0.776624 3 33 0.600080 35 0.285329 31 0.114591
engineer_handR_red
  33 -18.475609 36.818295 6.248188 -0.118390 -0.915417 -0.384702 0.893530 0.739895 3 33 0.514095 31 0.397092 35 0.088812
  33 -18.939106 36.585796 7.061519 -0.809852 -0.522631 -0.266453 0.908776 0.776624 3 33 0.600080 35 0.285329 31 0.114591
  33 -19.308008 37.081200 6.630789 -0.457216 -0.863251 0.213896 0.881171 0.769783 3 33 0.486645 31 0.411912 35 0.101444
engineer_handR_red
  33 -18.354107 36.313896 6.729419 -0.272402 -0.684604 -0.676102 0.920446 0.757724 3 33 0.562479 35 0.324917 31 0.112603
  33 -18.939106 36.585796 7.061519 -0.809852 -0.522631 -0.266453 0.908776 0.776624 3 33 0.600080 35 0.285329 31 0.114591
  33 -18.475609 36.818295 6.248188 -0.118390 -0.915417 -0.384702 0.893530 0.739895 3 33 0.514095 31 0.397092 35 0.088812
engineer_handR_red
  33 -18.475609 36.818295 6.248188 -0.118390 -0.915417 -0.384702 0.893530 0.739895 3 33 0.514095 31 0.397092 35 0.088812
  33 -17.726007 36.912201 6.252818 0.491556 -0.652292 -0.576964 0.915205 0.716452 3 33 0.502798 31 0.399809 35 0.097393
  33 -18.354107 36.313896 6.729419 -0.272402 -0.684604 -0.676102 0.920446 0.757724 3 33 0.562479 35 0.324917 31 0.112603
engineer_handR_red
  33 -18.354107 36.313896 6.729419 -0.272402 -0.684604 -0.676102 0.920446 0.757724 3 33 0.562479 35 0.324917 31 0.112603
  33 -17.726007 36.912201 6.252818 0.491556 -0.652292 -0.576964 0.915205 0.716452 3 33 0.502798 31 0.399809 35 0.097393
  33 -17.651806 36.358295 6.742819 0.468037 -0.566785 -0.678009 0.934862 0.742650 3 33 0.528003 35 0.350501 31 0.121497
engineer_handR_red
  33 -17.259308 37.347301 6.687629 0.958480 -0.181670 -0.219798 0.937487 0.705780 3 33 0.505403 31 0.409102 35 0.085495
  33 -17.651806 36.358295 6.742819 0.468037 -0.566785 -0.678009 0.934862 0.742650 3 33 0.528003 35 0.350501 31 0.121497
  33 -17.726007 36.912201 6.252818 0.491556 -0.652292 -0.576964 0.915205 0.716452 3 33 0.502798 31 0.399809 35 0.097393
engineer_handR_red
  33 -17.202305 36.762596 7.177080 0.980373 -0.073413 -0.182973 0.949848 0.728202 3 33 0.535707 35 0.345502 31 0.118792
  33 -17.651806 36.358295 6.742819 0.468037 -0.566785 -0.678009 0.934862 0.742650 3 33 0.528003 35 0.350501 31 0.121497
  33 -17.259308 37.347301 6.687629 0.958480 -0.181670 -0.219798 0.937487 0.705780 3 33 0.505403 31 0.409102 35 0.085495
engineer_handR_red
  31 -17.248608 38.012096 5.753868 0.958089 -0.234493 -0.164552 0.910087 0.662077 2 31 0.655997 33 0.344003
  31 -17.804209 37.357197 5.212908 0.636818 -0.707947 -0.305407 0.878910 0.681575 3 31 0.603512 33 0.339181 8 0.057307
  31 -17.296009 38.384399 5.143058 0.962095 -0.137800 -0.235338 0.896203 0.643464 3 31 0.719103 33 0.151004 8 0.129893
engineer_handR_red
  31 -17.804209 37.357197 5.212908 0.636818 -0.707947 -0.305407 0.878910 0.681575 3 31 0.603512 33 0.339181 8 0.057307
  31 -17.248608 38.012096 5.753868 0.958089 -0.234493 -0.164552 0.910087 0.662077 2 31 0.655997 33 0.344003
  31 -17.773510 37.211201 5.658658 0.572604 -0.751091 -0.328615 0.892770 0.696545 3 31 0.519521 33 0.425495 35 0.054985
engineer_handR_red
  31 -18.578209 36.960499 5.564848 0.203197 -0.952275 -0.227779 0.868664 0.719106 3 31 0.506811 33 0.420101 35 0.073089
  31 -17.804209 37.357197 5.212908 0.636818 -0.707947 -0.305407 0.878910 0.681575 3 31 0.603512 33 0.339181 8 0.057307
  31 -17.773510 37.211201 5.658658 0.572604 -0.751091 -0.328615 0.892770 0.696545 3 31 0.519521 33 0.425495 35 0.054985
engineer_handR_red
  31 -18.578209 36.960499 5.564848 0.203197 -0.952275 -0.227779 0.868664 0.719106 3 31 0.506811 33 0.420101 35 0.073089
  31 -17.773510 37.211201 5.658658 0.572604 -0.751091 -0.328615 0.892770 0.696545 3 31 0.519521 33 0.425495 35 0.054985
  33 -18.475609 36.818295 6.248188 -0.118390 -0.915417 -0.384702 0.893530 0.739895 3 33 0.514095 31 0.397092 35 0.088812
engineer_handR_red
  33 -18.475609 36.818295 6.248188 -0.118390 -0.915417 -0.384702 0.893530 0.739895 3 33 0.514095 31 0.397092 35 0.088812
  31 -17.773510 37.211201 5.658658 0.572604 -0.751091 -0.328615 0.892770 0.696545 3 31 0.519521 33 0.425495 35 0.054985
  33 -17.726007 36.912201 6.252818 0.491556 -0.652292 -0.576964 0.915205 0.716452 3 33 0.502798 31 0.399809 35 0.097393
engineer_handR_red
  31 -17.248608 37.791695 6.128037 0.958089 -0.234493 -0.164552 0.922445 0.679173 2 31 0.544879 33 0.455121
  33 -17.726007 36.912201 6.252818 0.491556 -0.652292 -0.576964 0.915205 0.716452 3 33 0.502798 31 0.399809 35 0.097393
  31 -17.773510 37.211201 5.658658 0.572604 -0.751091 -0.328615 0.892770 0.696545 3 31 0.519521 33 0.425495 35 0.054985
engineer_handR_red
  33 -17.259308 37.347301 6.687629 0.958480 -0.181670 -0.219798 0.937487 0.705780 3 33 0.505403 31 0.409102 35 0.085495
  33 -17.726007 36.912201 6.252818 0.491556 -0.652292 -0.576964 0.915205 0.716452 3 33 0.502798 31 0.399809 35 0.097393
  31 -17.248608 37.791695 6.128037 0.958089 -0.234493 -0.164552 0.922445 0.679173 2 31 0.544879 33 0.455121
engineer_handR_red
  31 -17.773510 37.211201 5.658658 0.572604 -0.751091 -0.328615 0.892770 0.696545 3 31 0.519521 33 0.425495 35 0.054985
  31 -17.248608 38.012096 5.753868 0.958089 -0.234493 -0.164552 0.910087 0.662077 2 31 0.655997 33 0.344003
  31 -17.248608 37.791695 6.128037 0.958089 -0.234493 -0.164552 0.922445 0.679173 2 31 0.544879 33 0.455121
engineer_handR_red
  41 -20.995998 33.839817 7.195931 0.533704 0.091403 -0.840717 0.823115 0.928456 2 41 0.521268 43 0.478733
  41 -21.494766 33.671955 7.097429 0.009638 -0.262546 -0.964871 0.813948 0.923448 3 41 0.538218 43 0.395486 49 0.066297
  41 -21.602310 34.967804 6.909435 0.580535 -0.086645 -0.809612 0.824314 0.890284 2 41 0.585437 39 0.414563
engineer_handR_red
  41 -21.494766 33.671955 7.097429 0.009638 -0.262546 -0.964871 0.813948 0.923448 3 41 0.538218 43 0.395486 49 0.066297
  41 -20.995998 33.839817 7.195931 0.533704 0.091403 -0.840717 0.823115 0.928456 2 41 0.521268 43 0.478733
  43 -21.269619 33.346481 7.185494 0.009638 -0.262547 -0.964871 0.814168 0.936343 2 43 0.564987 41 0.435013
engineer_handR_red
  43 -21.269619 33.346481 7.185494 0.009638 -0.262547 -0.964871 0.814168 0.936343 2 43 0.564987 41 0.435013
  41 -20.995998 33.839817 7.195931 0.533704 0.091403 -0.840717 0.823115 0.928456 2 41 0.521268 43 0.478733
  43 -20.800949 33.526028 7.273579 0.529107 0.129928 -0.838549 0.822736 0.941126 2 43 0.625198 41 0.374802
engineer_handR_red
  41 -20.995998 33.839817 7.195931 0.533704 0.091403 -0.840717 0.823115 0.928456 2 41 0.521268 43 0.478733
  43 -20.737875 34.027271 7.625168 0.865412 0.397865 -0.304574 0.837015 0.931794 2 43 0.508825 41 0.491175
  43 -20.800949 33.526028 7.273579 0.529107 0.129928 -0.838549 0.822736 0.941126 2 43 0.625198 41 0.374802
engineer_handR_red
  43 -20.800949 33.526028 7.273579 0.529107 0.129928 -0.838549 0.822736 0.941126 2 43 0.625198 41 0.374802
  43 -20.737875 34.027271 7.625168 0.865412 0.397865 -0.304574 0.837015 0.931794 2 43 0.508825 41 0.491175
  43 -20.557943 33.705894 7.684643 0.868757 0.425146 -0.253991 0.835195 0.944373 2 43 0.672773 41 0.327227
engineer_handR_red
  43 -20.557943 33.705894 7.684643 0.868757 0.425146 -0.253991 0.835195 0.944373 2 43 0.672773 41 0.327227
  43 -20.737875 34.027271 7.625168 0.865412 0.397865 -0.304574 0.837015 0.931794 2 43 0.508825 41 0.491175
  43 -20.624922 33.810623 8.215119 0.796335 0.449854 0.404329 0.847123 0.947753 2 43 0.641409 41 0.358591
engineer_handR_red
  43 -20.624922 33.810623 8.215119 0.796335 0.449854 0.404329 0.847123 0.947753 2 43 0.641409 41 0.358591
  43 -20.737875 34.027271 7.625168 0.865412 0.397865 -0.304574 0.837015 0.931794 2 43 0.508825 41 0.491175
  41 -20.798527 34.151749 8.179852 0.820251 0.434265 0.372292 0.850335 0.935307 2 41 0.505713 43 0.494287
engineer_handR_red
  43 -20.624922 33.810623 8.215119 0.796335 0.449854 0.404329 0.847123 0.947753 2 43 0.641409 41 0.358591
  41 -20.798527 34.151749 8.179852 0.820251 0.434265 0.372292 0.850335 0.935307 2 41 0.505713 43 0.494287
  43 -20.986660 33.761993 8.546196 0.380249 0.211818 0.900302 0.856173 0.948780 2 43 0.583754 41 0.416246
engineer_handR_red
  43 -20.986660 33.761993 8.546196 0.380249 0.211818 0.900302 0.856173 0.948780 2 43 0.583754 41 0.416246
  41 -20.798527 34.151749 8.179852 0.820251 0.434265 0.372292 0.850335 0.935307 2 41 0.505713 43 0.494287
  41 -21.196514 34.129566 8.540367 0.361957 0.257428 0.895945 0.860691 0.936461 2 41 0.548472 43 0.451528
engineer_handR_red
  41 -20.798527 34.151749 8.179852 0.820251 0.434265 0.372292 0.850335 0.935307 2 41 0.505713 43 0.494287
  41 -21.345108 35.370800 8.016935 0.870468 0.284349 0.401785 0.859571 0.897685 3 41 0.537819 39 0.404164 43 0.058017
  41 -21.196514 34.129566 8.540367 0.361957 0.257428 0.895945 0.860691 0.936461 2 41 0.548472 43 0.451528
engineer_handR_red
  41 -21.196514 34.129566 8.540367 0.361957 0.257428 0.895945 0.860691 0.936461 2 41 0.548472 43 0.451528
  41 -21.345108 35.370800 8.016935 0.870468 0.284349 0.401785 0.859571 0.897685 3 41 0.537819 39 0.404164 43 0.058017
  41 -21.873409 35.467903 8.431875 0.361957 0.257428 0.895945 0.873228 0.900119 2 41 0.508097 39 0.491903
engineer_handR_red
  39 -21.354610 35.721806 7.892616 0.809582 0.143976 0.569076 0.861142 0.881185 2 39 0.589421 41 0.410580
  41 -21.873409 35.467903 8.431875 0.361957 0.257428 0.895945 0.873228 0.900119 2 41 0.508097 39 0.491903
  41 -21.345108 35.370800 8.016935 0.870468 0.284349 0.401785 0.859571 0.897685 3 41 0.537819 39 0.404164 43 0.058017
engineer_handR_red
  39 -21.905407 35.866699 8.306695 0.293891 0.311499 0.903657 0.877137 0.886425 2 39 0.548979 41 0.451021
  41 -21.873409 35.467903 8.431875 0.361957 0.257428 0.895945 0.873228 0.900119 2 41 0.508097 39 0.491903
  39 -21.354610 35.721806 7.892616 0.809582 0.143976 0.569076 0.861142 0.881185 2 39 0.589421 41 0.410580
engineer_handR_red
  39 -21.354610 35.721806 7.892616 0.809582 0.143976 0.569076 0.861142 0.881185 2 39 0.589421 41 0.410580
  39 -21.660709 37.008801 7.791156 0.380732 0.311368 0.870686 0.887798 0.851471 3 39 0.790177 37 0.135424 41 0.074399
  39 -21.905407 35.866699 8.306695 0.293891 0.311499 0.903657 0.877137 0.886425 2 39 0.548979 41 0.451021
engineer_handR_red
  39 -21.077906 36.558498 7.395426 0.865696 -0.041199 0.498872 0.854944 0.840001 3 39 0.797977 37 0.102133 41 0.099890
  39 -21.660709 37.008801 7.791156 0.380732 0.311368 0.870686 0.887798 0.851471 3 39 0.790177 37 0.135424 41 0.074399
  39 -21.354610 35.721806 7.892616 0.809582 0.143976 0.569076 0.861142 0.881185 2 39 0.589421 41 0.410580
engineer_handR_red
  39 -21.660709 37.008801 7.791156 0.380732 0.311368 0.870686 0.887798 0.851471 3 39 0.790177 37 0.135424 41 0.074399
  39 -21.077906 36.558498 7.395426 0.865696 -0.041199 0.498872 0.854944 0.840001 3 39 0.797977 37 0.102133 41 0.099890
  39 -21.490206 37.382599 7.583675 0.416267 0.309608 0.854906 0.890442 0.842520 2 39 0.716797 37 0.283203
engineer_handR_red
  39 -21.490206 37.382599 7.583675 0.416267 0.309608 0.854906 0.890442 0.842520 2 39 0.716797 37 0.283203
  39 -21.077906 36.558498 7.395426 0.865696 -0.041199 0.498872 0.854944 0.840001 3 39 0.797977 37 0.102133 41 0.099890
  39 -20.896008 36.863205 7.125446 0.818738 -0.152386 0.553576 0.855173 0.820680 3 39 0.723752 37 0.221774 41 0.054474
engineer_handR_red
  39 -21.490206 37.382599 7.583675 0.416267 0.309608 0.854906 0.890442 0.842520 2 39 0.716797 37 0.283203
  39 -20.896008 36.863205 7.125446 0.818738 -0.152386 0.553576 0.855173 0.820680 3 39 0.723752 37 0.221774 41 0.054474
  39 -21.238007 37.776497 7.325075 0.326855 0.332007 0.884837 0.894202 0.833526 2 39 0.543535 37 0.456465
engineer_handR_red
  39 -21.054008 36.113895 6.736075 0.859744 -0.509822 -0.030356 0.830753 0.834593 3 39 0.799878 41 0.121869 37 0.078253
  39 -21.077906 36.558498 7.395426 0.865696 -0.041199 0.498872 0.854944 0.840001 3 39 0.797977 37 0.102133 41 0.099890
  39 -21.310108 35.486500 7.284466 0.972285 -0.196885 -0.126091 0.842507 0.878202 2 39 0.623961 41 0.376039
engineer_handR_red
  39 -21.310108 35.486500 7.284466 0.972285 -0.196885 -0.126091 0.842507 0.878202 2 39 0.623961 41 0.376039
  39 -21.077906 36.558498 7.395426 0.865696 -0.041199 0.498872 0.854944 0.840001 3 39 0.797977 37 0.102133 41 0.099890
  39 -21.354610 35.721806 7.892616 0.809582 0.143976 0.569076 0.861142 0.881185 2 39 0.589421 41 0.410580
engineer_handR_red
  41 -21.345108 35.370800 8.016935 0.870468 0.284349 0.401785 0.859571 0.897685 3 41 0.537819 39 0.404164 43 0.058017
  39 -21.310108 35.486500 7.284466 0.972285 -0.196885 -0.126091 0.842507 0.878202 2 39 0.623961 41 0.376039
  39 -21.354610 35.721806 7.892616 0.809582 0.143976 0.569076 0.861142 0.881185 2 39 0.589421 41 0.410580
engineer_handR_red
  41 -21.287407 35.166096 7.399685 0.925659 0.236468 -0.295361 0.841886 0.893682 2 41 0.618778 39 0.381222
  39 -21.310108 35.486500 7.284466 0.972285 -0.196885 -0.126091 0.842507 0.878202 2 39 0.623961 41 0.376039
  41 -21.345108 35.370800 8.016935 0.870468 0.284349 0.401785 0.859571 0.897685 3 41 0.537819 39 0.404164 43 0.058017
engineer_handR_red
  41 -20.798527 34.151749 8.179852 0.820251 0.434265 0.372292 0.850335 0.935307 2 41 0.505713 43 0.494287
  41 -21.287407 35.166096 7.399685 0.925659 0.236468 -0.295361 0.841886 0.893682 2 41 0.618778 39 0.381222
  41 -21.345108 35.370800 8.016935 0.870468 0.284349 0.401785 0.859571 0.897685 3 41 0.537819 39 0.404164 43 0.058017
engineer_handR_red
  43 -20.737875 34.027271 7.625168 0.865412 0.397865 -0.304574 0.837015 0.931794 2 43 0.508825 41 0.491175
  41 -21.287407 35.166096 7.399685 0.925659 0.236468 -0.295361 0.841886 0.893682 2 41 0.618778 39 0.381222
  41 -20.798527 34.151749 8.179852 0.820251 0.434265 0.372292 0.850335 0.935307 2 41 0.505713 43 0.494287
engineer_handR_red
  43 -20.737875 34.027271 7.625168 0.865412 0.397865 -0.304574 0.837015 0.931794 2 43 0.508825 41 0.491175
  41 -20.995998 33.839817 7.195931 0.533704 0.091403 -0.840717 0.823115 0.928456 2 41 0.521268 43 0.478733
  41 -21.287407 35.166096 7.399685 0.925659 0.236468 -0.295361 0.841886 0.893682 2 41 0.618778 39 0.381222
engineer_handR_red
  41 -21.287407 35.166096 7.399685 0.925659 0.236468 -0.295361 0.841886 0.893682 2 41 0.618778 39 0.381222
  41 -20.995998 33.839817 7.195931 0.533704 0.091403 -0.840717 0.823115 0.928456 2 41 0.521268 43 0.478733
  41 -21.602310 34.967804 6.909435 0.580535 -0.086645 -0.809612 0.824314 0.890284 2 41 0.585437 39 0.414563
engineer_handR_red
  41 -21.287407 35.166096 7.399685 0.925659 0.236468 -0.295361 0.841886 0.893682 2 41 0.618778 39 0.381222
  41 -21.602310 34.967804 6.909435 0.580535 -0.086645 -0.809612 0.824314 0.890284 2 41 0.585437 39 0.414563
  39 -21.310108 35.486500 7.284466 0.972285 -0.196885 -0.126091 0.842507 0.878202 2 39 0.623961 41 0.376039
engineer_handR_red
  39 -21.310108 35.486500 7.284466 0.972285 -0.196885 -0.126091 0.842507 0.878202 2 39 0.623961 41 0.376039
  41 -21.602310 34.967804 6.909435 0.580535 -0.086645 -0.809612 0.824314 0.890284 2 41 0.585437 39 0.414563
  39 -21.661007 35.272800 6.785755 0.563159 -0.438080 -0.700669 0.824118 0.873270 2 39 0.632786 41 0.367214
engineer_handR_red
  39 -21.310108 35.486500 7.284466 0.972285 -0.196885 -0.126091 0.842507 0.878202 2 39 0.623961 41 0.376039
  39 -21.661007 35.272800 6.785755 0.563159 -0.438080 -0.700669 0.824118 0.873270 2 39 0.632786 41 0.367214
  39 -21.054008 36.113895 6.736075 0.859744 -0.509822 -0.030356 0.830753 0.834593 3 39 0.799878 41 0.121869 37 0.078253
engineer_handR_red
  39 -21.054008 36.113895 6.736075 0.859744 -0.509822 -0.030356 0.830753 0.834593 3 39 0.799878 41 0.121869 37 0.078253
  39 -21.661007 35.272800 6.785755 0.563159 -0.438080 -0.700669 0.824118 0.873270 2 39 0.632786 41 0.367214
  39 -21.483007 35.903702 6.306115 0.354476 -0.880520 -0.314693 0.818601 0.835980 3 39 0.714839 47 0.178789 41 0.106372
engineer_handR_red
  39 -21.483007 35.903702 6.306115 0.354476 -0.880520 -0.314693 0.818601 0.835980 3 39 0.714839 47 0.178789 41 0.106372
  39 -20.888208 36.251301 6.177326 0.710430 -0.665913 0.227703 0.819282 0.799007 3 39 0.600337 47 0.207998 37 0.191665
  39 -21.054008 36.113895 6.736075 0.859744 -0.509822 -0.030356 0.830753 0.834593 3 39 0.799878 41 0.121869 37 0.078253
engineer_handR_red
  53 -20.152905 36.716801 2.895988 0.769751 -0.638335 0.003474 0.736134 0.711234 3 53 0.594593 45 0.220439 61 0.184968
  61 -19.656504 37.299500 1.708168 0.812964 -0.581729 0.026106 0.717924 0.650751 3 61 0.393215 53 0.338659 8 0.268126
  53 -19.411703 37.558800 2.675639 0.694455 -0.693411 -0.192128 0.753932 0.658163 3 53 0.401036 8 0.331583 45 0.267382
engineer_handR_red
  45 -19.522003 37.122799 4.063947 0.491553 -0.846700 -0.203653 0.803974 0.709130 3 45 0.470300 31 0.295153 37 0.234547
  53 -20.152905 36.716801 2.895988 0.769751 -0.638335 0.003474 0.736134 0.711234 3 53 0.594593 45 0.220439 61 0.184968
  53 -19.411703 37.558800 2.675639 0.694455 -0.693411 -0.192128 0.753932 0.658163 3 53 0.401036 8 0.331583 45 0.267382
engineer_handR_red
  45 -20.185955 36.725891 4.067479 0.645893 -0.763406 0.005759 0.779985 0.738306 3 45 0.520588 47 0.242355 53 0.237056
  53 -20.152905 36.716801 2.895988 0.769751 -0.638335 0.003474 0.736134 0.711234 3 53 0.594593 45 0.220439 61 0.184968
  45 -19.522003 37.122799 4.063947 0.491553 -0.846700 -0.203653 0.803974 0.709130 3 45 0.470300 31 0.295153 37 0.234547
engineer_handR_red
  31 -19.521908 36.945702 4.918248 0.258540 -0.961847 -0.089480 0.824169 0.727009 3 31 0.436975 45 0.282196 33 0.280829
  45 -20.185955 36.725891 4.067479 0.645893 -0.763406 0.005759 0.779985 0.738306 3 45 0.520588 47 0.242355 53 0.237056
  45 -19.522003 37.122799 4.063947 0.491553 -0.846700 -0.203653 0.803974 0.709130 3 45 0.470300 31 0.295153 37 0.234547
engineer_handR_red
  45 -20.174805 36.731201 4.927057 0.561311 -0.824980 0.065864 0.804175 0.750574 3 45 0.454823 47 0.327886 37 0.217291
  45 -20.185955 36.725891 4.067479 0.645893 -0.763406 0.005759 0.779985 0.738306 3 45 0.520588 47 0.242355 53 0.237056
  31 -19.521908 36.945702 4.918248 0.258540 -0.961847 -0.089480 0.824169 0.727009 3 31 0.436975 45 0.282196 33 0.280829
engineer_handR_red
  45 -20.174805 36.731201 4.927057 0.561311 -0.824980 0.065864 0.804175 0.750574 3 45 0.454823 47 0.327886 37 0.217291
  31 -19.521908 36.945702 4.918248 0.258540 -0.961847 -0.089480 0.824169 0.727009 3 31 0.436975 45 0.282196 33 0.280829
  37 -20.106009 36.876701 5.798326 0.322068 -0.925470 0.199444 0.835577 0.768252 3 37 0.379635 39 0.375877 31 0.244488
engineer_handR_red
  45 -20.174805 36.731201 4.927057 0.561311 -0.824980 0.065864 0.804175 0.750574 3 45 0.454823 47 0.327886 37 0.217291
  37 -20.106009 36.876701 5.798326 0.322068 -0.925470 0.199444 0.835577 0.768252 3 37 0.379635 39 0.375877 31 0.244488
  45 -20.575401 36.382099 5.012398 0.698722 -0.710275 0.085423 0.797204 0.770950 3 45 0.456544 47 0.422997 39 0.120459
engineer_handR_red
  45 -20.575401 36.382099 5.012398 0.698722 -0.710275 0.085423 0.797204 0.770950 3 45 0.456544 47 0.422997 39 0.120459
  37 -20.106009 36.876701 5.798326 0.322068 -0.925470 0.199444 0.835577 0.768252 3 37 0.379635 39 0.375877 31 0.244488
  39 -20.497807 36.629902 5.938146 0.661283 -0.695197 0.281790 0.827125 0.783486 3 39 0.450377 37 0.325749 47 0.223874
engineer_handR_red
  45 -20.575401 36.382099 5.012398 0.698722 -0.710275 0.085423 0.797204 0.770950 3 45 0.456544 47 0.422997 39 0.120459
  39 -20.497807 36.629902 5.938146 0.661283 -0.695197 0.281790 0.827125 0.783486 3 39 0.450377 37 0.325749 47 0.223874
  47 -20.964705 35.919697 5.180758 0.728189 -0.660583 0.182675 0.791377 0.788980 3 47 0.539347 45 0.374926 39 0.085726
engineer_handR_red
  47 -20.964705 35.919697 5.180758 0.728189 -0.660583 0.182675 0.791377 0.788980 3 47 0.539347 45 0.374926 39 0.085726
  39 -20.497807 36.629902 5.938146 0.661283 -0.695197 0.281790 0.827125 0.783486 3 39 0.450377 37 0.325749 47 0.223874
  39 -20.888208 36.251301 6.177326 0.710430 -0.665913 0.227703 0.819282 0.799007 3 39 0.600337 47 0.207998 37 0.191665
engineer_handR_red
  47 -21.490707 35.779305 5.981117 0.440809 -0.612723 0.655941 0.799230 0.824496 3 47 0.522888 39 0.328578 45 0.148535
  47 -20.964705 35.919697 5.180758 0.728189 -0.660583 0.182675 0.791377 0.788980 3 47 0.539347 45 0.374926 39 0.085726
  39 -20.888208 36.251301 6.177326 0.710430 -0.665913 0.227703 0.819282 0.799007 3 39 0.600337 47 0.207998 37 0.191665
engineer_handR_red
  47 -21.490707 35.779305 5.981117 0.440809 -0.612723 0.655941 0.799230 0.824496 3 47 0.522888 39 0.328578 45 0.148535
  39 -20.888208 36.251301 6.177326 0.710430 -0.665913 0.227703 0.819282 0.799007 3 39 0.600337 47 0.207998 37 0.191665
  39 -21.483007 35.903702 6.306115 0.354476 -0.880520 -0.314693 0.818601 0.835980 3 39 0.714839 47 0.178789 41 0.106372
engineer_handR_red
  39 -21.483007 35.903702 6.306115 0.354476 -0.880520 -0.314693 0.818601 0.835980 3 39 0.714839 47 0.178789 41 0.106372
  39 -22.360107 36.192699 6.082696 -0.363835 -0.904220 -0.223630 0.809098 0.848277 3 39 0.478544 47 0.390950 45 0.130507
  47 -21.490707 35.779305 5.981117 0.440809 -0.612723 0.655941 0.799230 0.824496 3 47 0.522888 39 0.328578 45 0.148535
engineer_handR_red
  39 -22.360107 36.192699 6.082696 -0.363835 -0.904220 -0.223630 0.809098 0.848277 3 39 0.478544 47 0.390950 45 0.130507
  39 -21.483007 35.903702 6.306115 0.354476 -0.880520 -0.314693 0.818601 0.835980 3 39 0.714839 47 0.178789 41 0.106372
  39 -22.296909 35.203098 6.626796 0.004956 -0.462171 -0.886777 0.810974 0.874393 3 39 0.528948 41 0.359394 47 0.111658
engineer_handR_red
  39 -22.296909 35.203098 6.626796 0.004956 -0.462171 -0.886777 0.810974 0.874393 3 39 0.528948 41 0.359394 47 0.111658
  39 -21.483007 35.903702 6.306115 0.354476 -0.880520 -0.314693 0.818601 0.835980 3 39 0.714839 47 0.178789 41 0.106372
  39 -21.661007 35.272800 6.785755 0.563159 -0.438080 -0.700669 0.824118 0.873270 2 39 0.632786 41 0.367214
engineer_handR_red
  39 -21.661007 35.272800 6.785755 0.563159 -0.438080 -0.700669 0.824118 0.873270 2 39 0.632786 41 0.367214
  41 -22.200314 34.863403 6.761996 0.034742 -0.326050 -0.944714 0.812356 0.886410 3 41 0.471070 39 0.443464 47 0.085466
  39 -22.296909 35.203098 6.626796 0.004956 -0.462171 -0.886777 0.810974 0.874393 3 39 0.528948 41 0.359394 47 0.111658
engineer_handR_red
  41 -21.602310 34.967804 6.909435 0.580535 -0.086645 -0.809612 0.824314 0.890284 2 41 0.585437 39 0.414563
  41 -22.200314 34.863403 6.761996 0.034742 -0.326050 -0.944714 0.812356 0.886410 3 41 0.471070 39 0.443464 47 0.085466
  39 -21.661007 35.272800 6.785755 0.563159 -0.438080 -0.700669 0.824118 0.873270 2 39 0.632786 41 0.367214
engineer_handR_red
  41 -21.602310 34.967804 6.909435 0.580535 -0.086645 -0.809612 0.824314 0.890284 2 41 0.585437 39 0.414563
  41 -21.494766 33.671955 7.097429 0.009638 -0.262546 -0.964871 0.813948 0.923448 3 41 0.538218 43 0.395486 49 0.066297
  41 -22.200314 34.863403 6.761996 0.034742 -0.326050 -0.944714 0.812356 0.886410 3 41 0.471070 39 0.443464 47 0.085466
engineer_handR_red
  45 -20.174805 36.731201 4.927057 0.561311 -0.824980 0.065864 0.804175 0.750574 3 45 0.454823 47 0.327886 37 0.217291
  45 -20.615305 36.203300 4.135299 0.772059 -0.627083 0.103403 0.767866 0.761508 3 45 0.430630 47 0.334067 53 0.235303
  45 -20.185955 36.725891 4.067479 0.645893 -0.763406 0.005759 0.779985 0.738306 3 45 0.520588 47 0.242355 53 0.237056
engineer_handR_red
  45 -20.575401 36.382099 5.012398 0.698722 -0.710275 0.085423 0.797204 0.770950 3 45 0.456544 47 0.422997 39 0.120459
  45 -20.615305 36.203300 4.135299 0.772059 -0.627083 0.103403 0.767866 0.761508 3 45 0.430630 47 0.334067 53 0.235303
  45 -20.174805 36.731201 4.927057 0.561311 -0.824980 0.065864 0.804175 0.750574 3 45 0.454823 47 0.327886 37 0.217291
engineer_handR_red
  45 -20.615305 36.203300 4.135299 0.772059 -0.627083 0.103403 0.767866 0.761508 3 45 0.430630 47 0.334067 53 0.235303
  45 -20.575401 36.382099 5.012398 0.698722 -0.710275 0.085423 0.797204 0.770950 3 45 0.456544 47 0.422997 39 0.120459
  47 -21.064806 35.653801 4.364589 0.707802 -0.689792 0.152325 0.759848 0.780988 3 47 0.452597 45 0.338763 55 0.208640
engineer_handR_red
  47 -21.064806 35.653801 4.364589 0.707802 -0.689792 0.152325 0.759848 0.780988 3 47 0.452597 45 0.338763 55 0.208640
  45 -20.575401 36.382099 5.012398 0.698722 -0.710275 0.085423 0.797204 0.770950 3 45 0.456544 47 0.422997 39 0.120459
  47 -20.964705 35.919697 5.180758 0.728189 -0.660583 0.182675 0.791377 0.788980 3 47 0.539347 45 0.374926 39 0.085726
engineer_handR_red
  47 -20.964705 35.919697 5.180758 0.728189 -0.660583 0.182675 0.791377 0.788980 3 47 0.539347 45 0.374926 39 0.085726
  47 -21.445429 35.378738 5.271803 0.858873 -0.497828 0.120440 0.776324 0.820649 3 47 0.831932 45 0.116683 49 0.051386
  47 -21.064806 35.653801 4.364589 0.707802 -0.689792 0.152325 0.759848 0.780988 3 47 0.452597 45 0.338763 55 0.208640
engineer_handR_red
  47 -21.445429 35.378738 5.271803 0.858873 -0.497828 0.120440 0.776324 0.820649 3 47 0.831932 45 0.116683 49 0.051386
  47 -20.964705 35.919697 5.180758 0.728189 -0.660583 0.182675 0.791377 0.788980 3 47 0.539347 45 0.374926 39 0.085726
  47 -21.490707 35.779305 5.981117 0.440809 -0.612723 0.655941 0.799230 0.824496 3 47 0.522888 39 0.328578 45 0.148535
engineer_handR_red
  47 -21.490707 35.779305 5.981117 0.440809 -0.612723 0.655941 0.799230 0.824496 3 47 0.522888 39 0.328578 45 0.148535
  47 -21.956009 34.383598 6.232828 0.791167 0.107552 0.602068 0.789036 0.878167 3 47 0.518122 49 0.431605 41 0.050273
  47 -21.445429 35.378738 5.271803 0.858873 -0.497828 0.120440 0.776324 0.820649 3 47 0.831932 45 0.116683 49 0.051386
engineer_handR_red
  47 -21.445429 35.378738 5.271803 0.858873 -0.497828 0.120440 0.776324 0.820649 3 47 0.831932 45 0.116683 49 0.051386
  47 -21.956009 34.383598 6.232828 0.791167 0.107552 0.602068 0.789036 0.878167 3 47 0.518122 49 0.431605 41 0.050273
  47 -21.852907 34.191002 5.681877 0.990912 0.074005 -0.112327 0.769065 0.869767 2 47 0.544359 49 0.455641
engineer_handR_red
  49 -21.801109 33.931995 6.343227 0.742913 0.481121 0.465406 0.784887 0.899514 3 49 0.705810 47 0.242241 51 0.051949
  47 -21.852907 34.191002 5.681877 0.990912 0.074005 -0.112327 0.769065 0.869767 2 47 0.544359 49 0.455641
  47 -21.956009 34.383598 6.232828 0.791167 0.107552 0.602068 0.789036 0.878167 3 47 0.518122 49 0.431605 41 0.050273
engineer_handR_red
  49 -21.701305 33.748398 5.813227 0.868757 0.425146 -0.253991 0.767416 0.889265 2 49 0.822977 47 0.177023
  47 -21.852907 34.191002 5.681877 0.990912 0.074005 -0.112327 0.769065 0.869767 2 47 0.544359 49 0.455641
  49 -21.801109 33.931995 6.343227 0.742913 0.481121 0.465406 0.784887 0.899514 3 49 0.705810 47 0.242241 51 0.051949
engineer_handR_red
  49 -21.886610 33.571201 5.348447 0.671650 0.071419 -0.737418 0.751937 0.882325 3 49 0.706414 47 0.240539 51 0.053047
  47 -21.852907 34.191002 5.681877 0.990912 0.074005 -0.112327 0.769065 0.869767 2 47 0.544359 49 0.455641
  49 -21.701305 33.748398 5.813227 0.868757 0.425146 -0.253991 0.767416 0.889265 2 49 0.822977 47 0.177023
engineer_handR_red
  47 -22.029408 33.994297 5.199306 0.718319 -0.281418 -0.636256 0.752231 0.863568 2 47 0.529436 49 0.470564
  47 -21.852907 34.191002 5.681877 0.990912 0.074005 -0.112327 0.769065 0.869767 2 47 0.544359 49 0.455641
  49 -21.886610 33.571201 5.348447 0.671650 0.071419 -0.737418 0.751937 0.882325 3 49 0.706414 47 0.240539 51 0.053047
engineer_handR_red
  47 -21.852907 34.191002 5.681877 0.990912 0.074005 -0.112327 0.769065 0.869767 2 47 0.544359 49 0.455641
  47 -22.029408 33.994297 5.199306 0.718319 -0.281418 -0.636256 0.752231 0.863568 2 47 0.529436 49 0.470564
  47 -21.445429 35.378738 5.271803 0.858873 -0.497828 0.120440 0.776324 0.820649 3 47 0.831932 45 0.116683 49 0.051386
engineer_handR_red
  47 -21.445429 35.378738 5.271803 0.858873 -0.497828 0.120440 0.776324 0.820649 3 47 0.831932 45 0.116683 49 0.051386
  47 -22.029408 33.994297 5.199306 0.718319 -0.281418 -0.636256 0.752231 0.863568 2 47 0.529436 49 0.470564
  47 -21.669008 35.220901 4.529469 0.388107 -0.886381 -0.252392 0.754935 0.814948 3 47 0.655147 55 0.200777 45 0.144076
engineer_handR_red
  47 -21.064806 35.653801 4.364589 0.707802 -0.689792 0.152325 0.759848 0.780988 3 47 0.452597 45 0.338763 55 0.208640
  47 -21.445429 35.378738 5.271803 0.858873 -0.497828 0.120440 0.776324 0.820649 3 47 0.831932 45 0.116683 49 0.051386
  47 -21.669008 35.220901 4.529469 0.388107 -0.886381 -0.252392 0.754935 0.814948 3 47 0.655147 55 0.200777 45 0.144076
engineer_handR_red
  55 -21.661209 35.110802 4.152589 0.520341 -0.558516 0.645991 0.741925 0.809604 3 55 0.567147 47 0.242972 53 0.189881
  47 -21.064806 35.653801 4.364589 0.707802 -0.689792 0.152325 0.759848 0.780988 3 47 0.452597 45 0.338763 55 0.208640
  47 -21.669008 35.220901 4.529469 0.388107 -0.886381 -0.252392 0.754935 0.814948 3 47 0.655147 55 0.200777 45 0.144076
engineer_handR_red
  55 -21.075907 35.443100 3.847110 0.738149 -0.616517 0.273940 0.744743 0.776090 3 55 0.450508 53 0.366202 47 0.183290
  47 -21.064806 35.653801 4.364589 0.707802 -0.689792 0.152325 0.759848 0.780988 3 47 0.452597 45 0.338763 55 0.208640
  55 -21.661209 35.110802 4.152589 0.520341 -0.558516 0.645991 0.741925 0.809604 3 55 0.567147 47 0.242972 53 0.189881
engineer_handR_red
  55 -21.472610 34.798599 3.496690 0.856149 -0.481841 0.186648 0.719970 0.800430 3 55 0.692733 53 0.161387 57 0.145880
  55 -21.075907 35.443100 3.847110 0.738149 -0.616517 0.273940 0.744743 0.776090 3 55 0.450508 53 0.366202 47 0.183290
  55 -21.661209 35.110802 4.152589 0.520341 -0.558516 0.645991 0.741925 0.809604 3 55 0.567147 47 0.242972 53 0.189881
engineer_handR_red
  53 -20.659410 35.877106 3.119970 0.858873 -0.497827 0.120440 0.728533 0.740761 3 53 0.512643 55 0.367538 61 0.119819
  45 -20.615305 36.203300 4.135299 0.772059 -0.627083 0.103403 0.767866 0.761508 3 45 0.430630 47 0.334067 53 0.235303
  55 -21.075907 35.443100 3.847110 0.738149 -0.616517 0.273940 0.744743 0.776090 3 55 0.450508 53 0.366202 47 0.183290
engineer_handR_red
  55 -21.075907 35.443100 3.847110 0.738149 -0.616517 0.273940 0.744743 0.776090 3 55 0.450508 53 0.366202 47 0.183290
  45 -20.615305 36.203300 4.135299 0.772059 -0.627083 0.103403 0.767866 0.761508 3 45 0.430630 47 0.334067 53 0.235303
  47 -21.064806 35.653801 4.364589 0.707802 -0.689792 0.152325 0.759848 0.780988 3 47 0.452597 45 0.338763 55 0.208640
engineer_handR_red
  47 -21.490707 35.779305 5.981117 0.440809 -0.612723 0.655941 0.799230 0.824496 3 47 0.522888 39 0.328578 45 0.148535
  39 -22.360107 36.192699 6.082696 -0.363835 -0.904220 -0.223630 0.809098 0.848277 3 39 0.478544 47 0.390950 45 0.130507
  47 -22.394306 36.140301 6.017406 -0.227181 -0.229737 0.946367 0.806778 0.847114 3 47 0.528254 39 0.329166 45 0.142581
engineer_handR_red
  47 -22.481609 34.446899 6.473258 0.119409 0.222863 0.967509 0.802382 0.885286 3 47 0.491120 49 0.440094 41 0.068787
  47 -21.490707 35.779305 5.981117 0.440809 -0.612723 0.655941 0.799230 0.824496 3 47 0.522888 39 0.328578 45 0.148535
  47 -22.394306 36.140301 6.017406 -0.227181 -0.229737 0.946367 0.806778 0.847114 3 47 0.528254 39 0.329166 45 0.142581
engineer_handR_red
  47 -21.956009 34.383598 6.232828 0.791167 0.107552 0.602068 0.789036 0.878167 3 47 0.518122 49 0.431605 41 0.050273
  47 -21.490707 35.779305 5.981117 0.440809 -0.612723 0.655941 0.799230 0.824496 3 47 0.522888 39 0.328578 45 0.148535
  47 -22.481609 34.446899 6.473258 0.119409 0.222863 0.967509 0.802382 0.885286 3 47 0.491120 49 0.440094 41 0.068787
engineer_handR_red
  49 -22.330408 34.007496 6.581267 0.180568 0.285307 0.941273 0.799462 0.900150 3 49 0.563417 47 0.376822 41 0.059761
  47 -21.956009 34.383598 6.232828 0.791167 0.107552 0.602068 0.789036 0.878167 3 47 0.518122 49 0.431605 41 0.050273
  47 -22.481609 34.446899 6.473258 0.119409 0.222863 0.967509 0.802382 0.885286 3 47 0.491120 49 0.440094 41 0.068787
engineer_handR_red
  49 -21.801109 33.931995 6.343227 0.742913 0.481121 0.465406 0.784887 0.899514 3 49 0.705810 47 0.242241 51 0.051949
  47 -21.956009 34.383598 6.232828 0.791167 0.107552 0.602068 0.789036 0.878167 3 47 0.518122 49 0.431605 41 0.050273
  49 -22.330408 34.007496 6.581267 0.180568 0.285307 0.941273 0.799462 0.900150 3 49 0.563417 47 0.376822 41 0.059761
engineer_handR_red
  49 -22.330408 34.007496 6.581267 0.180568 0.285307 0.941273 0.799462 0.900150 3 49 0.563417 47 0.376822 41 0.059761
  51 -21.476908 32.810295 6.855166 0.166218 0.337694 0.926463 0.791752 0.936184 2 51 0.503388 49 0.496612
  49 -21.801109 33.931995 6.343227 0.742913 0.481121 0.465406 0.784887 0.899514 3 49 0.705810 47 0.242241 51 0.051949
engineer_handR_red
  49 -21.801109 33.931995 6.343227 0.742913 0.481121 0.465406 0.784887 0.899514 3 49 0.705810 47 0.242241 51 0.051949
  51 -21.476908 32.810295 6.855166 0.166218 0.337694 0.926463 0.791752 0.936184 2 51 0.503388 49 0.496612
  51 -21.001705 32.819992 6.606776 0.675333 0.629602 0.384091 0.778637 0.935748 2 51 0.596517 49 0.403483
engineer_handR_red
  51 -21.001705 32.819992 6.606776 0.675333 0.629602 0.384091 0.778637 0.935748 2 51 0.596517 49 0.403483
  49 -21.701305 33.748398 5.813227 0.868757 0.425146 -0.253991 0.767416 0.889265 2 49 0.822977 47 0.177023
  49 -21.801109 33.931995 6.343227 0.742913 0.481121 0.465406 0.784887 0.899514 3 49 0.705810 47 0.242241 51 0.051949
engineer_handR_red
  51 -20.925508 32.679096 6.135567 0.754540 0.572995 -0.319915 0.764625 0.928566 2 51 0.652024 49 0.347976
  49 -21.701305 33.748398 5.813227 0.868757 0.425146 -0.253991 0.767416 0.889265 2 49 0.822977 47 0.177023
  51 -21.001705 32.819992 6.606776 0.675333 0.629602 0.384091 0.778637 0.935748 2 51 0.596517 49 0.403483
engineer_handR_red
  51 -21.115507 32.494694 5.746527 0.577063 0.173649 -0.798025 0.751413 0.919871 2 51 0.595112 49 0.404888
  49 -21.701305 33.748398 5.813227 0.868757 0.425146 -0.253991 0.767416 0.889265 2 49 0.822977 47 0.177023
  51 -20.925508 32.679096 6.135567 0.754540 0.572995 -0.319915 0.764625 0.928566 2 51 0.652024 49 0.347976
engineer_handR_red
  49 -21.886610 33.571201 5.348447 0.671650 0.071419 -0.737418 0.751937 0.882325 3 49 0.706414 47 0.240539 51 0.053047
  49 -21.701305 33.748398 5.813227 0.868757 0.425146 -0.253991 0.767416 0.889265 2 49 0.822977 47 0.177023
  51 -21.115507 32.494694 5.746527 0.577063 0.173649 -0.798025 0.751413 0.919871 2 51 0.595112 49 0.404888
engineer_handR_red
  51 -21.115507 32.494694 5.746527 0.577063 0.173649 -0.798025 0.751413 0.919871 2 51 0.595112 49 0.404888
  51 -21.620510 32.339294 5.590338 0.136568 -0.289277 -0.947453 0.741172 0.906021 2 51 0.501639 49 0.498361
  49 -21.886610 33.571201 5.348447 0.671650 0.071419 -0.737418 0.751937 0.882325 3 49 0.706414 47 0.240539 51 0.053047
engineer_handR_red
  49 -21.886610 33.571201 5.348447 0.671650 0.071419 -0.737418 0.751937 0.882325 3 49 0.706414 47 0.240539 51 0.053047
  51 -21.620510 32.339294 5.590338 0.136568 -0.289277 -0.947453 0.741172 0.906021 2 51 0.501639 49 0.498361
  49 -22.434605 33.471497 5.149467 0.136568 -0.289278 -0.947453 0.741496 0.872220 3 49 0.541035 47 0.361827 57 0.097138
engineer_handR_red
  49 -21.886610 33.571201 5.348447 0.671650 0.071419 -0.737418 0.751937 0.882325 3 49 0.706414 47 0.240539 51 0.053047
  49 -22.434605 33.471497 5.149467 0.136568 -0.289278 -0.947453 0.741496 0.872220 3 49 0.541035 47 0.361827 57 0.097138
  47 -22.029408 33.994297 5.199306 0.718319 -0.281418 -0.636256 0.752231 0.863568 2 47 0.529436 49 0.470564
engineer_handR_red
  47 -22.029408 33.994297 5.199306 0.718319 -0.281418 -0.636256 0.752231 0.863568 2 47 0.529436 49 0.470564
  49 -22.434605 33.471497 5.149467 0.136568 -0.289278 -0.947453 0.741496 0.872220 3 49 0.541035 47 0.361827 57 0.097138
  47 -22.594706 33.882900 5.006347 0.096251 -0.369386 -0.924278 0.741151 0.862175 3 47 0.466822 49 0.442707 57 0.090471
engineer_handR_red
  47 -22.029408 33.994297 5.199306 0.718319 -0.281418 -0.636256 0.752231 0.863568 2 47 0.529436 49 0.470564
  47 -22.594706 33.882900 5.006347 0.096251 -0.369386 -0.924278 0.741151 0.862175 3 47 0.466822 49 0.442707 57 0.090471
  47 -21.669008 35.220901 4.529469 0.388107 -0.886381 -0.252392 0.754935 0.814948 3 47 0.655147 55 0.200777 45 0.144076
engineer_handR_red
  47 -21.669008 35.220901 4.529469 0.388107 -0.886381 -0.252392 0.754935 0.814948 3 47 0.655147 55 0.200777 45 0.144076
  47 -22.594706 33.882900 5.006347 0.096251 -0.369386 -0.924278 0.741151 0.862175 3 47 0.466822 49 0.442707 57 0.090471
  47 -22.629110 35.423004 4.325309 -0.252188 -0.771426 -0.584211 0.743673 0.834962 3 47 0.515563 55 0.344832 53 0.139606
engineer_handR_red
  47 -22.629110 35.423004 4.325309 -0.252188 -0.771426 -0.584211 0.743673 0.834962 3 47 0.515563 55 0.344832 53 0.139606
  55 -22.587210 35.412903 4.254449 -0.275226 -0.590243 0.758857 0.739053 0.833741 3 55 0.441035 47 0.393619 53 0.165347
  47 -21.669008 35.220901 4.529469 0.388107 -0.886381 -0.252392 0.754935 0.814948 3 47 0.655147 55 0.200777 45 0.144076
engineer_handR_red
  55 -21.139008 35.116302 3.369180 0.760184 -0.635153 0.136750 0.724436 0.769587 3 55 0.546468 53 0.347858 57 0.105674
  55 -21.075907 35.443100 3.847110 0.738149 -0.616517 0.273940 0.744743 0.776090 3 55 0.450508 53 0.366202 47 0.183290
  55 -21.472610 34.798599 3.496690 0.856149 -0.481841 0.186648 0.719970 0.800430 3 55 0.692733 53 0.161387 57 0.145880
engineer_handR_red
  55 -21.139008 35.116302 3.369180 0.760184 -0.635153 0.136750 0.724436 0.769587 3 55 0.546468 53 0.347858 57 0.105674
  53 -20.659410 35.877106 3.119970 0.858873 -0.497827 0.120440 0.728533 0.740761 3 53 0.512643 55 0.367538 61 0.119819
  55 -21.075907 35.443100 3.847110 0.738149 -0.616517 0.273940 0.744743 0.776090 3 55 0.450508 53 0.366202 47 0.183290
engineer_handR_red
  55 -21.060207 35.134300 2.782829 0.772059 -0.627083 0.103403 0.703863 0.763223 3 55 0.429778 53 0.360580 63 0.209643
  53 -20.659410 35.877106 3.119970 0.858873 -0.497827 0.120440 0.728533 0.740761 3 53 0.512643 55 0.367538 61 0.119819
  55 -21.139008 35.116302 3.369180 0.760184 -0.635153 0.136750 0.724436 0.769587 3 55 0.546468 53 0.347858 57 0.105674
engineer_handR_red
  53 -20.659410 35.877106 3.119970 0.858873 -0.497827 0.120440 0.728533 0.740761 3 53 0.512643 55 0.367538 61 0.119819
  55 -21.060207 35.134300 2.782829 0.772059 -0.627083 0.103403 0.703863 0.763223 3 55 0.429778 53 0.360580 63 0.209643
  61 -20.690504 35.674698 2.274678 0.855220 -0.511332 0.084484 0.698144 0.734881 3 61 0.366977 53 0.325889 63 0.307134
engineer_handR_red
  61 -20.690504 35.674698 2.274678 0.855220 -0.511332 0.084484 0.698144 0.734881 3 61 0.366977 53 0.325889 63 0.307134
  61 -20.235304 36.472099 2.036418 0.855221 -0.511332 0.084484 0.704271 0.703964 3 61 0.446405 53 0.392826 63 0.160769
  53 -20.659410 35.877106 3.119970 0.858873 -0.497827 0.120440 0.728533 0.740761 3 53 0.512643 55 0.367538 61 0.119819
engineer_handR_red
  61 -20.235304 36.472099 2.036418 0.855221 -0.511332 0.084484 0.704271 0.703964 3 61 0.446405 53 0.392826 63 0.160769
  61 -20.690504 35.674698 2.274678 0.855220 -0.511332 0.084484 0.698144 0.734881 3 61 0.366977 53 0.325889 63 0.307134
  61 -20.337704 36.155998 1.358878 0.813085 -0.576779 -0.078866 0.679955 0.696311 3 61 0.594598 63 0.250757 53 0.154645
engineer_handR_red
  61 -19.783604 36.992798 0.993004 0.813085 -0.576779 -0.078866 0.689907 0.647519 3 61 0.532570 8 0.273916 53 0.193514
  61 -20.235304 36.472099 2.036418 0.855221 -0.511332 0.084484 0.704271 0.703964 3 61 0.446405 53 0.392826 63 0.160769
  61 -20.337704 36.155998 1.358878 0.813085 -0.576779 -0.078866 0.679955 0.696311 3 61 0.594598 63 0.250757 53 0.154645
engineer_handR_red
  55 -21.564108 34.738701 2.748779 0.572102 -0.807823 -0.141847 0.697357 0.792014 3 55 0.536347 63 0.254773 53 0.208880
  55 -21.139008 35.116302 3.369180 0.760184 -0.635153 0.136750 0.724436 0.769587 3 55 0.546468 53 0.347858 57 0.105674
  55 -21.472610 34.798599 3.496690 0.856149 -0.481841 0.186648 0.719970 0.800430 3 55 0.692733 53 0.161387 57 0.145880
engineer_handR_red
  55 -21.060207 35.134300 2.782829 0.772059 -0.627083 0.103403 0.703863 0.763223 3 55 0.429778 53 0.360580 63 0.209643
  55 -21.139008 35.116302 3.369180 0.760184 -0.635153 0.136750 0.724436 0.769587 3 55 0.546468 53 0.347858 57 0.105674
  55 -21.564108 34.738701 2.748779 0.572102 -0.807823 -0.141847 0.697357 0.792014 3 55 0.536347 63 0.254773 53 0.208880
engineer_handR_red
  55 -21.564108 34.738701 2.748779 0.572102 -0.807823 -0.141847 0.697357 0.792014 3 55 0.536347 63 0.254773 53 0.208880
  63 -21.072506 35.030300 2.341008 0.781617 -0.597092 0.180434 0.690695 0.758622 3 63 0.449467 61 0.306226 55 0.244307
  55 -21.060207 35.134300 2.782829 0.772059 -0.627083 0.103403 0.703863 0.763223 3 55 0.429778 53 0.360580 63 0.209643
engineer_handR_red
  61 -20.690504 35.674698 2.274678 0.855220 -0.511332 0.084484 0.698144 0.734881 3 61 0.366977 53 0.325889 63 0.307134
  55 -21.060207 35.134300 2.782829 0.772059 -0.627083 0.103403 0.703863 0.763223 3 55 0.429778 53 0.360580 63 0.209643
  63 -21.072506 35.030300 2.341008 0.781617 -0.597092 0.180434 0.690695 0.758622 3 63 0.449467 61 0.306226 55 0.244307
engineer_handR_red
  61 -20.690504 35.674698 2.274678 0.855220 -0.511332 0.084484 0.698144 0.734881 3 61 0.366977 53 0.325889 63 0.307134
  63 -21.072506 35.030300 2.341008 0.781617 -0.597092 0.180434 0.690695 0.758622 3 63 0.449467 61 0.306226 55 0.244307
  61 -20.784105 35.434101 1.629138 0.842070 -0.532788 -0.083998 0.674913 0.729867 3 61 0.473864 63 0.432702 53 0.093434
engineer_handR_red
  61 -20.337704 36.155998 1.358878 0.813085 -0.576779 -0.078866 0.679955 0.696311 3 61 0.594598 63 0.250757 53 0.154645
  61 -20.690504 35.674698 2.274678 0.855220 -0.511332 0.084484 0.698144 0.734881 3 61 0.366977 53 0.325889 63 0.307134
  61 -20.784105 35.434101 1.629138 0.842070 -0.532788 -0.083998 0.674913 0.729867 3 61 0.473864 63 0.432702 53 0.093434
engineer_handR_red
  61 -20.337704 36.155998 1.358878 0.813085 -0.576779 -0.078866 0.679955 0.696311 3 61 0.594598 63 0.250757 53 0.154645
  61 -20.784105 35.434101 1.629138 0.842070 -0.532788 -0.083998 0.674913 0.729867 3 61 0.473864 63 0.432702 53 0.093434
  61 -20.626305 35.989101 0.772118 0.616407 -0.589515 -0.522029 0.655534 0.688077 3 61 0.626705 63 0.304053 53 0.069242
engineer_handR_red
  61 -20.115704 36.843800 0.380058 0.557447 -0.616659 -0.555863 0.661833 0.640847 3 61 0.621294 8 0.250546 63 0.128160
  61 -20.337704 36.155998 1.358878 0.813085 -0.576779 -0.078866 0.679955 0.696311 3 61 0.594598 63 0.250757 53 0.154645
  61 -20.626305 35.989101 0.772118 0.616407 -0.589515 -0.522029 0.655534 0.688077 3 61 0.626705 63 0.304053 53 0.069242
engineer_handR_red
  61 -19.783604 36.992798 0.993004 0.813085 -0.576779 -0.078866 0.689907 0.647519 3 61 0.532570 8 0.273916 53 0.193514
  61 -20.337704 36.155998 1.358878 0.813085 -0.576779 -0.078866 0.679955 0.696311 3 61 0.594598 63 0.250757 53 0.154645
  61 -20.115704 36.843800 0.380058 0.557447 -0.616659 -0.555863 0.661833 0.640847 3 61 0.621294 8 0.250546 63 0.128160
engineer_handR_red
  61 -19.589001 37.776096 -0.123847 0.512056 -0.668218 -0.539707 0.662763 0.594691 3 61 0.436060 8 0.423937 53 0.140003
  61 -19.783604 36.992798 0.993004 0.813085 -0.576779 -0.078866 0.689907 0.647519 3 61 0.532570 8 0.273916 53 0.193514
  61 -20.115704 36.843800 0.380058 0.557447 -0.616659 -0.555863 0.661833 0.640847 3 61 0.621294 8 0.250546 63 0.128160
engineer_handR_red
  61 -19.190302 37.899796 0.512789 0.749673 -0.648835 -0.130397 0.697589 0.594571 3 61 0.403406 8 0.402486 53 0.194108
  61 -19.783604 36.992798 0.993004 0.813085 -0.576779 -0.078866 0.689907 0.647519 3 61 0.532570 8 0.273916 53 0.193514
  61 -19.589001 37.776096 -0.123847 0.512056 -0.668218 -0.539707 0.662763 0.594691 3 61 0.436060 8 0.423937 53 0.140003
engineer_handR_red
  8 -19.037304 38.175499 1.184158 0.791605 -0.609998 0.035543 0.720889 0.595351 3 8 0.369589 61 0.354829 53 0.275582
  61 -19.783604 36.992798 0.993004 0.813085 -0.576779 -0.078866 0.689907 0.647519 3 61 0.532570 8 0.273916 53 0.193514
  61 -19.190302 37.899796 0.512789 0.749673 -0.648835 -0.130397 0.697589 0.594571 3 61 0.403406 8 0.402486 53 0.194108
engineer_handR_red
  61 -19.656504 37.299500 1.708168 0.812964 -0.581729 0.026106 0.717924 0.650751 3 61 0.393215 53 0.338659 8 0.268126
  61 -19.783604 36.992798 0.993004 0.813085 -0.576779 -0.078866 0.689907 0.647519 3 61 0.532570 8 0.273916 53 0.193514
  8 -19.037304 38.175499 1.184158 0.791605 -0.609998 0.035543 0.720889 0.595351 3 8 0.369589 61 0.354829 53 0.275582
engineer_handR_red
  61 -19.656504 37.299500 1.708168 0.812964 -0.581729 0.026106 0.717924 0.650751 3 61 0.393215 53 0.338659 8 0.268126
  61 -20.235304 36.472099 2.036418 0.855221 -0.511332 0.084484 0.704271 0.703964 3 61 0.446405 53 0.392826 63 0.160769
  61 -19.783604 36.992798 0.993004 0.813085 -0.576779 -0.078866 0.689907 0.647519 3 61 0.532570 8 0.273916 53 0.193514
engineer_handR_red
  61 -20.235304 36.472099 2.036418 0.855221 -0.511332 0.084484 0.704271 0.703964 3 61 0.446405 53 0.392826 63 0.160769
  61 -19.656504 37.299500 1.708168 0.812964 -0.581729 0.026106 0.717924 0.650751 3 61 0.393215 53 0.338659 8 0.268126
  53 -20.152905 36.716801 2.895988 0.769751 -0.638335 0.003474 0.736134 0.711234 3 53 0.594593 45 0.220439 61 0.184968
engineer_handR_red
  53 -20.659410 35.877106 3.119970 0.858873 -0.497827 0.120440 0.728533 0.740761 3 53 0.512643 55 0.367538 61 0.119819
  61 -20.235304 36.472099 2.036418 0.855221 -0.511332 0.084484 0.704271 0.703964 3 61 0.446405 53 0.392826 63 0.160769
  53 -20.152905 36.716801 2.895988 0.769751 -0.638335 0.003474 0.736134 0.711234 3 53 0.594593 45 0.220439 61 0.184968
engineer_handR_red
  45 -20.185955 36.725891 4.067479 0.645893 -0.763406 0.005759 0.779985 0.738306 3 45 0.520588 47 0.242355 53 0.237056
  53 -20.659410 35.877106 3.119970 0.858873 -0.497827 0.120440 0.728533 0.740761 3 53 0.512643 55 0.367538 61 0.119819
  53 -20.152905 36.716801 2.895988 0.769751 -0.638335 0.003474 0.736134 0.711234 3 53 0.594593 45 0.220439 61 0.184968
engineer_handR_red
  45 -20.615305 36.203300 4.135299 0.772059 -0.627083 0.103403 0.767866 0.761508 3 45 0.430630 47 0.334067 53 0.235303
  53 -20.659410 35.877106 3.119970 0.858873 -0.497827 0.120440 0.728533 0.740761 3 53 0.512643 55 0.367538 61 0.119819
  45 -20.185955 36.725891 4.067479 0.645893 -0.763406 0.005759 0.779985 0.738306 3 45 0.520588 47 0.242355 53 0.237056
engineer_handR_red
  65 -22.855904 33.522194 1.810087 -0.959111 -0.270080 -0.084634 0.537378 0.828993 2 65 0.500015 63 0.499985
  63 -22.807404 34.771095 0.982050 -0.707125 -0.237128 -0.666142 0.540003 0.763635 3 63 0.689603 61 0.247697 65 0.062700
  65 -22.692104 33.416794 1.410908 -0.760541 -0.331799 -0.558109 0.553519 0.824613 2 65 0.500020 63 0.499980
engineer_handR_red
  63 -22.807404 34.771095 0.982050 -0.707125 -0.237128 -0.666142 0.540003 0.763635 3 63 0.689603 61 0.247697 65 0.062700
  63 -22.480604 34.642498 0.827954 -0.280946 -0.317234 -0.905777 0.551497 0.764937 3 63 0.720488 61 0.209713 65 0.069799
  65 -22.692104 33.416794 1.410908 -0.760541 -0.331799 -0.558109 0.553519 0.824613 2 65 0.500020 63 0.499980
engineer_handR_red
  65 -22.692104 33.416794 1.410908 -0.760541 -0.331799 -0.558109 0.553519 0.824613 2 65 0.500020 63 0.499980
  63 -22.480604 34.642498 0.827954 -0.280946 -0.317234 -0.905777 0.551497 0.764937 3 63 0.720488 61 0.209713 65 0.069799
  65 -22.448105 33.418701 1.229558 -0.302657 -0.343179 -0.889172 0.560704 0.822257 2 65 0.500026 63 0.499974
engineer_handR_red
  65 -22.355703 33.105896 1.323658 -0.308157 -0.419363 -0.853917 0.563558 0.834972 3 65 0.543828 63 0.384311 67 0.071861
  65 -22.084204 33.473797 1.201818 0.257829 -0.260205 -0.930493 0.572966 0.817230 2 65 0.504190 63 0.495810
  65 -21.995304 33.139397 1.293517 0.219526 -0.200501 -0.954781 0.576940 0.837714 3 65 0.577800 63 0.316023 67 0.106177
engineer_handR_red
  65 -22.448105 33.418701 1.229558 -0.302657 -0.343179 -0.889172 0.560704 0.822257 2 65 0.500026 63 0.499974
  65 -22.084204 33.473797 1.201818 0.257829 -0.260205 -0.930493 0.572966 0.817230 2 65 0.504190 63 0.495810
  65 -22.355703 33.105896 1.323658 -0.308157 -0.419363 -0.853917 0.563558 0.834972 3 65 0.543828 63 0.384311 67 0.071861
engineer_handR_red
  65 -22.603905 33.128098 1.503377 -0.725525 -0.501636 -0.471142 0.555870 0.835309 2 65 0.556420 63 0.443580
  65 -22.448105 33.418701 1.229558 -0.302657 -0.343179 -0.889172 0.560704 0.822257 2 65 0.500026 63 0.499974
  65 -22.355703 33.105896 1.323658 -0.308157 -0.419363 -0.853917 0.563558 0.834972 3 65 0.543828 63 0.384311 67 0.071861
engineer_handR_red
  65 -22.692104 33.416794 1.410908 -0.760541 -0.331799 -0.558109 0.553519 0.824613 2 65 0.500020 63 0.499980
  65 -22.448105 33.418701 1.229558 -0.302657 -0.343179 -0.889172 0.560704 0.822257 2 65 0.500026 63 0.499974
  65 -22.603905 33.128098 1.503377 -0.725525 -0.501636 -0.471142 0.555870 0.835309 2 65 0.556420 63 0.443580
engineer_handR_red
  65 -22.603905 33.128098 1.503377 -0.725525 -0.501636 -0.471142 0.555870 0.835309 2 65 0.556420 63 0.443580
  65 -22.755003 33.234196 1.881708 -0.896669 -0.441499 0.032589 0.541102 0.838236 2 65 0.540420 63 0.459580
  65 -22.692104 33.416794 1.410908 -0.760541 -0.331799 -0.558109 0.553519 0.824613 2 65 0.500020 63 0.499980
engineer_handR_red
  65 -22.692104 33.416794 1.410908 -0.760541 -0.331799 -0.558109 0.553519 0.824613 2 65 0.500020 63 0.499980
  65 -22.755003 33.234196 1.881708 -0.896669 -0.441499 0.032589 0.541102 0.838236 2 65 0.540420 63 0.459580
  65 -22.855904 33.522194 1.810087 -0.959111 -0.270080 -0.084634 0.537378 0.828993 2 65 0.500015 63 0.499985
engineer_handR_red
  65 -22.755003 33.234196 1.881708 -0.896669 -0.441499 0.032589 0.541102 0.838236 2 65 0.540420 63 0.459580
  65 -22.705406 33.389000 2.275678 -0.784586 -0.234942 0.573783 0.524714 0.841835 2 65 0.532470 63 0.467530
  65 -22.855904 33.522194 1.810087 -0.959111 -0.270080 -0.084634 0.537378 0.828993 2 65 0.500015 63 0.499985
engineer_handR_red
  65 -22.084204 33.473797 1.201818 0.257829 -0.260205 -0.930493 0.572966 0.817230 2 65 0.504190 63 0.495810
  65 -22.448105 33.418701 1.229558 -0.302657 -0.343179 -0.889172 0.560704 0.822257 2 65 0.500026 63 0.499974
  63 -22.051802 34.521797 0.867605 0.253319 -0.365479 -0.895687 0.570391 0.768288 3 63 0.758848 61 0.158645 65 0.082507
engineer_handR_red
  63 -22.051802 34.521797 0.867605 0.253319 -0.365479 -0.895687 0.570391 0.768288 3 63 0.758848 61 0.158645 65 0.082507
  65 -22.448105 33.418701 1.229558 -0.302657 -0.343179 -0.889172 0.560704 0.822257 2 65 0.500026 63 0.499974
  63 -22.480604 34.642498 0.827954 -0.280946 -0.317234 -0.905777 0.551497 0.764937 3 63 0.720488 61 0.209713 65 0.069799
engineer_handR_red
  63 -22.480604 34.642498 0.827954 -0.280946 -0.317234 -0.905777 0.551497 0.764937 3 63 0.720488 61 0.209713 65 0.069799
  63 -21.957304 34.978294 0.683154 0.219587 -0.443959 -0.868724 0.570372 0.736967 2 63 0.577411 61 0.422589
  63 -22.051802 34.521797 0.867605 0.253319 -0.365479 -0.895687 0.570391 0.768288 3 63 0.758848 61 0.158645 65 0.082507
engineer_handR_red
  63 -22.424301 35.085495 0.665546 -0.338268 -0.259514 -0.904559 0.546191 0.741959 2 63 0.549936 61 0.450065
  63 -21.957304 34.978294 0.683154 0.219587 -0.443959 -0.868724 0.570372 0.736967 2 63 0.577411 61 0.422589
  63 -22.480604 34.642498 0.827954 -0.280946 -0.317234 -0.905777 0.551497 0.764937 3 63 0.720488 61 0.209713 65 0.069799
engineer_handR_red
  63 -22.480604 34.642498 0.827954 -0.280946 -0.317234 -0.905777 0.551497 0.764937 3 63 0.720488 61 0.209713 65 0.069799
  63 -22.807404 34.771095 0.982050 -0.707125 -0.237128 -0.666142 0.540003 0.763635 3 63 0.689603 61 0.247697 65 0.062700
  63 -22.424301 35.085495 0.665546 -0.338268 -0.259514 -0.904559 0.546191 0.741959 2 63 0.549936 61 0.450065
engineer_handR_red
  63 -22.424301 35.085495 0.665546 -0.338268 -0.259514 -0.904559 0.546191 0.741959 2 63 0.549936 61 0.450065
  63 -22.807404 34.771095 0.982050 -0.707125 -0.237128 -0.666142 0.540003 0.763635 3 63 0.689603 61 0.247697 65 0.062700
  63 -22.791603 35.144295 0.870999 -0.690892 -0.168308 -0.703094 0.534169 0.745311 2 63 0.555414 61 0.444586
engineer_handR_red
  63 -23.113705 34.980000 1.392458 -0.933584 -0.206805 -0.292664 0.514131 0.765392 3 63 0.628513 61 0.309179 65 0.062307
  63 -22.791603 35.144295 0.870999 -0.690892 -0.168308 -0.703094 0.534169 0.745311 2 63 0.555414 61 0.444586
  63 -22.807404 34.771095 0.982050 -0.707125 -0.237128 -0.666142 0.540003 0.763635 3 63 0.689603 61 0.247697 65 0.062700
engineer_handR_red
  63 -23.113705 34.980000 1.392458 -0.933584 -0.206805 -0.292664 0.514131 0.765392 3 63 0.628513 61 0.309179 65 0.062307
  63 -22.807404 34.771095 0.982050 -0.707125 -0.237128 -0.666142 0.540003 0.763635 3 63 0.689603 61 0.247697 65 0.062700
  65 -22.855904 33.522194 1.810087 -0.959111 -0.270080 -0.084634 0.537378 0.828993 2 65 0.500015 63 0.499985
engineer_handR_red
  65 -22.818403 33.688797 2.204288 -0.861327 -0.144247 0.487142 0.521470 0.832931 2 65 0.500012 63 0.499988
  63 -23.113705 34.980000 1.392458 -0.933584 -0.206805 -0.292664 0.514131 0.765392 3 63 0.628513 61 0.309179 65 0.062307
  65 -22.855904 33.522194 1.810087 -0.959111 -0.270080 -0.084634 0.537378 0.828993 2 65 0.500015 63 0.499985
engineer_handR_red
  65 -22.855904 33.522194 1.810087 -0.959111 -0.270080 -0.084634 0.537378 0.828993 2 65 0.500015 63 0.499985
  65 -22.705406 33.389000 2.275678 -0.784586 -0.234942 0.573783 0.524714 0.841835 2 65 0.532470 63 0.467530
  65 -22.818403 33.688797 2.204288 -0.861327 -0.144247 0.487142 0.521470 0.832931 2 65 0.500012 63 0.499988
engineer_handR_red
  65 -22.705406 33.389000 2.275678 -0.784586 -0.234942 0.573783 0.524714 0.841835 2 65 0.532470 63 0.467530
  65 -22.605104 33.789497 2.365638 -0.420150 0.029926 0.906961 0.514876 0.836334 2 65 0.500006 63 0.499994
  65 -22.818403 33.688797 2.204288 -0.861327 -0.144247 0.487142 0.521470 0.832931 2 65 0.500012 63 0.499988
engineer_handR_red
  65 -22.486404 33.467697 2.430588 -0.370456 -0.015132 0.928727 0.518417 0.847144 2 65 0.567328 63 0.432672
  65 -22.605104 33.789497 2.365638 -0.420150 0.029926 0.906961 0.514876 0.836334 2 65 0.500006 63 0.499994
  65 -22.705406 33.389000 2.275678 -0.784586 -0.234942 0.573783 0.524714 0.841835 2 65 0.532470 63 0.467530
engineer_handR_red
  65 -22.119904 32.542797 2.476627 -0.677818 -0.392571 0.621651 0.536219 0.873020 2 65 0.503941 67 0.496059
  65 -22.486404 33.467697 2.430588 -0.370456 -0.015132 0.928727 0.518417 0.847144 2 65 0.567328 63 0.432672
  65 -22.705406 33.389000 2.275678 -0.784586 -0.234942 0.573783 0.524714 0.841835 2 65 0.532470 63 0.467530
engineer_handR_red
  65 -22.705406 33.389000 2.275678 -0.784586 -0.234942 0.573783 0.524714 0.841835 2 65 0.532470 63 0.467530
  65 -22.755003 33.234196 1.881708 -0.896669 -0.441499 0.032589 0.541102 0.838236 2 65 0.540420 63 0.459580
  65 -22.119904 32.542797 2.476627 -0.677818 -0.392571 0.621651 0.536219 0.873020 2 65 0.503941 67 0.496059
engineer_handR_red
  65 -22.119904 32.542797 2.476627 -0.677818 -0.392571 0.621651 0.536219 0.873020 2 65 0.503941 67 0.496059
  65 -22.755003 33.234196 1.881708 -0.896669 -0.441499 0.032589 0.541102 0.838236 2 65 0.540420 63 0.459580
  65 -22.181204 32.382996 2.118747 -0.769507 -0.636152 0.056288 0.550480 0.869450 2 65 0.500808 67 0.499192
engineer_handR_red
  65 -22.755003 33.234196 1.881708 -0.896669 -0.441499 0.032589 0.541102 0.838236 2 65 0.540420 63 0.459580
  65 -22.603905 33.128098 1.503377 -0.725525 -0.501636 -0.471142 0.555870 0.835309 2 65 0.556420 63 0.443580
  65 -22.181204 32.382996 2.118747 -0.769507 -0.636152 0.056288 0.550480 0.869450 2 65 0.500808 67 0.499192
engineer_handR_red
  65 -22.181204 32.382996 2.118747 -0.769507 -0.636152 0.056288 0.550480 0.869450 2 65 0.500808 67 0.499192
  65 -22.603905 33.128098 1.503377 -0.725525 -0.501636 -0.471142 0.555870 0.835309 2 65 0.556420 63 0.443580
  67 -22.064505 32.312393 1.759917 -0.621757 -0.658199 -0.424490 0.563964 0.867094 2 67 0.500081 65 0.499919
engineer_handR_red
  65 -22.603905 33.128098 1.503377 -0.725525 -0.501636 -0.471142 0.555870 0.835309 2 65 0.556420 63 0.443580
  65 -22.355703 33.105896 1.323658 -0.308157 -0.419363 -0.853917 0.563558 0.834972 3 65 0.543828 63 0.384311 67 0.071861
  67 -22.064505 32.312393 1.759917 -0.621757 -0.658199 -0.424490 0.563964 0.867094 2 67 0.500081 65 0.499919
engineer_handR_red
  67 -22.064505 32.312393 1.759917 -0.621757 -0.658199 -0.424490 0.563964 0.867094 2 67 0.500081 65 0.499919
  65 -22.355703 33.105896 1.323658 -0.308157 -0.419363 -0.853917 0.563558 0.834972 3 65 0.543828 63 0.384311 67 0.071861
  67 -21.860304 32.319992 1.578597 -0.264769 -0.561688 -0.783839 0.570995 0.868045 2 67 0.500064 65 0.499936
engineer_handR_red
  65 -21.995304 33.139397 1.293517 0.219526 -0.200501 -0.954781 0.576940 0.837714 3 65 0.577800 63 0.316023 67 0.106177
  67 -21.860304 32.319992 1.578597 -0.264769 -0.561688 -0.783839 0.570995 0.868045 2 67 0.500064 65 0.499936
  65 -22.355703 33.105896 1.323658 -0.308157 -0.419363 -0.853917 0.563558 0.834972 3 65 0.543828 63 0.384311 67 0.071861
engineer_handR_red
  67 -21.560604 32.364391 1.539087 0.257829 -0.260205 -0.930493 0.581427 0.873193 2 67 0.522592 65 0.477408
  67 -21.860304 32.319992 1.578597 -0.264769 -0.561688 -0.783839 0.570995 0.868045 2 67 0.500064 65 0.499936
  65 -21.995304 33.139397 1.293517 0.219526 -0.200501 -0.954781 0.576940 0.837714 3 65 0.577800 63 0.316023 67 0.106177
engineer_handR_red
  65 -21.928307 32.639397 2.595097 -0.302348 -0.042856 0.952233 0.530339 0.878187 2 65 0.500369 67 0.499631
  65 -22.486404 33.467697 2.430588 -0.370456 -0.015132 0.928727 0.518417 0.847144 2 65 0.567328 63 0.432672
  65 -22.119904 32.542797 2.476627 -0.677818 -0.392571 0.621651 0.536219 0.873020 2 65 0.503941 67 0.496059
engineer_handR_red
  63 -22.424301 35.085495 0.665546 -0.338268 -0.259514 -0.904559 0.546191 0.741959 2 63 0.549936 61 0.450065
  61 -21.832903 35.469696 0.468533 0.045456 -0.402291 -0.914382 0.570386 0.709630 2 61 0.507445 63 0.492555
  63 -21.957304 34.978294 0.683154 0.219587 -0.443959 -0.868724 0.570372 0.736967 2 63 0.577411 61 0.422589
engineer_handR_red
  61 -22.033602 37.246696 -0.185938 -0.591672 -0.215333 -0.776889 0.537226 0.624987 3 61 0.709177 8 0.175127 63 0.115696
  61 -21.335804 37.004299 -0.279776 0.004956 -0.462171 -0.886777 0.565388 0.622970 3 61 0.685673 8 0.185440 63 0.128887
  61 -22.239204 36.335495 0.223255 -0.457521 -0.262112 -0.849689 0.542456 0.675187 2 61 0.702670 63 0.297330
engineer_handR_red
  61 -22.239204 36.335495 0.223255 -0.457521 -0.262112 -0.849689 0.542456 0.675187 2 61 0.702670 63 0.297330
  61 -21.335804 37.004299 -0.279776 0.004956 -0.462171 -0.886777 0.565388 0.622970 3 61 0.685673 8 0.185440 63 0.128887
  61 -21.631104 36.113697 0.155638 0.163797 -0.483851 -0.859685 0.568694 0.673813 2 61 0.677511 63 0.322490
engineer_handR_red
  61 -21.832903 35.469696 0.468533 0.045456 -0.402291 -0.914382 0.570386 0.709630 2 61 0.507445 63 0.492555
  61 -22.239204 36.335495 0.223255 -0.457521 -0.262112 -0.849689 0.542456 0.675187 2 61 0.702670 63 0.297330
  61 -21.631104 36.113697 0.155638 0.163797 -0.483851 -0.859685 0.568694 0.673813 2 61 0.677511 63 0.322490
engineer_handR_red
  61 -22.420803 35.631195 0.532891 -0.464776 -0.181591 -0.866607 0.544671 0.710543 2 61 0.505072 63 0.494928
  61 -22.239204 36.335495 0.223255 -0.457521 -0.262112 -0.849689 0.542456 0.675187 2 61 0.702670 63 0.297330
  61 -21.832903 35.469696 0.468533 0.045456 -0.402291 -0.914382 0.570386 0.709630 2 61 0.507445 63 0.492555
engineer_handR_red
  61 -22.420803 35.631195 0.532891 -0.464776 -0.181591 -0.866607 0.544671 0.710543 2 61 0.505072 63 0.494928
  61 -21.832903 35.469696 0.468533 0.045456 -0.402291 -0.914382 0.570386 0.709630 2 61 0.507445 63 0.492555
  63 -22.424301 35.085495 0.665546 -0.338268 -0.259514 -0.904559 0.546191 0.741959 2 63 0.549936 61 0.450065
engineer_handR_red
  63 -22.424301 35.085495 0.665546 -0.338268 -0.259514 -0.904559 0.546191 0.741959 2 63 0.549936 61 0.450065
  63 -22.765102 35.461594 0.802812 -0.666670 -0.085176 -0.740470 0.526936 0.729424 2 63 0.500021 61 0.499979
  61 -22.420803 35.631195 0.532891 -0.464776 -0.181591 -0.866607 0.544671 0.710543 2 61 0.505072 63 0.494928
engineer_handR_red
  63 -22.791603 35.144295 0.870999 -0.690892 -0.168308 -0.703094 0.534169 0.745311 2 63 0.555414 61 0.444586
  63 -22.765102 35.461594 0.802812 -0.666670 -0.085176 -0.740470 0.526936 0.729424 2 63 0.500021 61 0.499979
  63 -22.424301 35.085495 0.665546 -0.338268 -0.259514 -0.904559 0.546191 0.741959 2 63 0.549936 61 0.450065
engineer_handR_red
  63 -23.137100 35.337093 1.264867 -0.882356 -0.155848 -0.444026 0.505872 0.747727 2 63 0.525820 61 0.474180
  63 -22.765102 35.461594 0.802812 -0.666670 -0.085176 -0.740470 0.526936 0.729424 2 63 0.500021 61 0.499979
  63 -22.791603 35.144295 0.870999 -0.690892 -0.168308 -0.703094 0.534169 0.745311 2 63 0.555414 61 0.444586
engineer_handR_red
  63 -23.137100 35.337093 1.264867 -0.882356 -0.155848 -0.444026 0.505872 0.747727 2 63 0.525820 61 0.474180
  63 -22.791603 35.144295 0.870999 -0.690892 -0.168308 -0.703094 0.534169 0.745311 2 63 0.555414 61 0.444586
  63 -23.113705 34.980000 1.392458 -0.933584 -0.206805 -0.292664 0.514131 0.765392 3 63 0.628513 61 0.309179 65 0.062307
engineer_handR_red
  63 -23.224504 35.206791 1.923058 -0.891989 -0.443346 0.088314 0.490120 0.767295 3 63 0.513131 61 0.348475 55 0.138395
  63 -23.137100 35.337093 1.264867 -0.882356 -0.155848 -0.444026 0.505872 0.747727 2 63 0.525820 61 0.474180
  63 -23.113705 34.980000 1.392458 -0.933584 -0.206805 -0.292664 0.514131 0.765392 3 63 0.628513 61 0.309179 65 0.062307
engineer_handR_red
  63 -23.224504 35.206791 1.923058 -0.891989 -0.443346 0.088314 0.490120 0.767295 3 63 0.513131 61 0.348475 55 0.138395
  63 -23.113705 34.980000 1.392458 -0.933584 -0.206805 -0.292664 0.514131 0.765392 3 63 0.628513 61 0.309179 65 0.062307
  65 -22.818403 33.688797 2.204288 -0.861327 -0.144247 0.487142 0.521470 0.832931 2 65 0.500012 63 0.499988
engineer_handR_red
  63 -23.224504 35.206791 1.923058 -0.891989 -0.443346 0.088314 0.490120 0.767295 3 63 0.513131 61 0.348475 55 0.138395
  65 -22.818403 33.688797 2.204288 -0.861327 -0.144247 0.487142 0.521470 0.832931 2 65 0.500012 63 0.499988
  63 -22.922203 35.045399 2.167948 -0.586325 -0.512075 0.627696 0.485993 0.781476 3 63 0.564144 61 0.232604 55 0.203252
engineer_handR_red
  63 -22.922203 35.045399 2.167948 -0.586325 -0.512075 0.627696 0.485993 0.781476 3 63 0.564144 61 0.232604 55 0.203252
  65 -22.818403 33.688797 2.204288 -0.861327 -0.144247 0.487142 0.521470 0.832931 2 65 0.500012 63 0.499988
  65 -22.605104 33.789497 2.365638 -0.420150 0.029926 0.906961 0.514876 0.836334 2 65 0.500006 63 0.499994
engineer_handR_red
  65 -22.605104 33.789497 2.365638 -0.420150 0.029926 0.906961 0.514876 0.836334 2 65 0.500006 63 0.499994
  63 -22.377405 34.822201 2.335048 -0.283411 -0.379884 0.880549 0.482461 0.804918 3 63 0.684665 55 0.206825 61 0.108510
  63 -22.922203 35.045399 2.167948 -0.586325 -0.512075 0.627696 0.485993 0.781476 3 63 0.564144 61 0.232604 55 0.203252
engineer_handR_red
  63 -22.246006 33.841995 2.444538 -0.068151 0.094174 0.993220 0.502693 0.843030 2 63 0.504299 65 0.495702
  63 -22.377405 34.822201 2.335048 -0.283411 -0.379884 0.880549 0.482461 0.804918 3 63 0.684665 55 0.206825 61 0.108510
  65 -22.605104 33.789497 2.365638 -0.420150 0.029926 0.906961 0.514876 0.836334 2 65 0.500006 63 0.499994
engineer_handR_red
  65 -22.605104 33.789497 2.365638 -0.420150 0.029926 0.906961 0.514876 0.836334 2 65 0.500006 63 0.499994
  65 -22.486404 33.467697 2.430588 -0.370456 -0.015132 0.928727 0.518417 0.847144 2 65 0.567328 63 0.432672
  63 -22.246006 33.841995 2.444538 -0.068151 0.094174 0.993220 0.502693 0.843030 2 63 0.504299 65 0.495702
engineer_handR_red
  63 -22.246006 33.841995 2.444538 -0.068151 0.094174 0.993220 0.502693 0.843030 2 63 0.504299 65 0.495702
  65 -22.486404 33.467697 2.430588 -0.370456 -0.015132 0.928727 0.518417 0.847144 2 65 0.567328 63 0.432672
  65 -22.114502 33.503498 2.500577 -0.020023 0.150408 0.988421 0.508904 0.859936 3 65 0.625174 63 0.317532 67 0.057294
engineer_handR_red
  65 -22.486404 33.467697 2.430588 -0.370456 -0.015132 0.928727 0.518417 0.847144 2 65 0.567328 63 0.432672
  65 -21.928307 32.639397 2.595097 -0.302348 -0.042856 0.952233 0.530339 0.878187 2 65 0.500369 67 0.499631
  65 -22.114502 33.503498 2.500577 -0.020023 0.150408 0.988421 0.508904 0.859936 3 65 0.625174 63 0.317532 67 0.057294
engineer_handR_red
  65 -22.114502 33.503498 2.500577 -0.020023 0.150408 0.988421 0.508904 0.859936 3 65 0.625174 63 0.317532 67 0.057294
  65 -21.928307 32.639397 2.595097 -0.302348 -0.042856 0.952233 0.530339 0.878187 2 65 0.500369 67 0.499631
  67 -21.618504 32.685993 2.645357 -0.024296 0.222283 0.974679 0.523880 0.889935 2 67 0.548503 65 0.451497
engineer_handR_red
  63 -22.400408 34.862598 2.433449 -0.161337 -0.945727 -0.282081 0.478808 0.808610 3 63 0.473833 55 0.380135 53 0.146032
  63 -22.922203 35.045399 2.167948 -0.586325 -0.512075 0.627696 0.485993 0.781476 3 63 0.564144 61 0.232604 55 0.203252
  63 -22.377405 34.822201 2.335048 -0.283411 -0.379884 0.880549 0.482461 0.804918 3 63 0.684665 55 0.206825 61 0.108510
engineer_handR_red
  55 -22.842106 33.745499 3.071691 -0.237202 -0.479365 -0.844952 0.457736 0.845804 2 55 0.504512 57 0.495488
  63 -22.400408 34.862598 2.433449 -0.161337 -0.945727 -0.282081 0.478808 0.808610 3 63 0.473833 55 0.380135 53 0.146032
  55 -22.422009 33.777901 3.079970 0.219587 -0.443959 -0.868724 0.471568 0.845934 2 55 0.522241 57 0.477759
engineer_handR_red
  55 -22.978107 35.114601 2.335229 -0.514830 -0.775377 -0.365705 0.464049 0.783321 3 55 0.383512 63 0.355972 53 0.260516
  63 -22.400408 34.862598 2.433449 -0.161337 -0.945727 -0.282081 0.478808 0.808610 3 63 0.473833 55 0.380135 53 0.146032
  55 -22.842106 33.745499 3.071691 -0.237202 -0.479365 -0.844952 0.457736 0.845804 2 55 0.504512 57 0.495488
engineer_handR_red
  55 -22.978107 35.114601 2.335229 -0.514830 -0.775377 -0.365705 0.464049 0.783321 3 55 0.383512 63 0.355972 53 0.260516
  63 -22.922203 35.045399 2.167948 -0.586325 -0.512075 0.627696 0.485993 0.781476 3 63 0.564144 61 0.232604 55 0.203252
  63 -22.400408 34.862598 2.433449 -0.161337 -0.945727 -0.282081 0.478808 0.808610 3 63 0.473833 55 0.380135 53 0.146032
engineer_handR_red
  55 -22.978107 35.114601 2.335229 -0.514830 -0.775377 -0.365705 0.464049 0.783321 3 55 0.383512 63 0.355972 53 0.260516
  63 -23.224504 35.206791 1.923058 -0.891989 -0.443346 0.088314 0.490120 0.767295 3 63 0.513131 61 0.348475 55 0.138395
  63 -22.922203 35.045399 2.167948 -0.586325 -0.512075 0.627696 0.485993 0.781476 3 63 0.564144 61 0.232604 55 0.203252
engineer_handR_red
  57 -23.074808 33.750900 3.228910 -0.831997 -0.389030 -0.395521 0.449824 0.845561 2 57 0.500001 55 0.499999
  55 -22.978107 35.114601 2.335229 -0.514830 -0.775377 -0.365705 0.464049 0.783321 3 55 0.383512 63 0.355972 53 0.260516
  55 -22.842106 33.745499 3.071691 -0.237202 -0.479365 -0.844952 0.457736 0.845804 2 55 0.504512 57 0.495488
engineer_handR_red
  55 -23.348310 35.396301 2.379119 -0.873357 -0.449191 -0.188351 0.455472 0.769197 3 55 0.410881 53 0.369943 63 0.219176
  55 -22.978107 35.114601 2.335229 -0.514830 -0.775377 -0.365705 0.464049 0.783321 3 55 0.383512 63 0.355972 53 0.260516
  57 -23.074808 33.750900 3.228910 -0.831997 -0.389030 -0.395521 0.449824 0.845561 2 57 0.500001 55 0.499999
engineer_handR_red
  55 -23.348310 35.396301 2.379119 -0.873357 -0.449191 -0.188351 0.455472 0.769197 3 55 0.410881 53 0.369943 63 0.219176
  63 -23.224504 35.206791 1.923058 -0.891989 -0.443346 0.088314 0.490120 0.767295 3 63 0.513131 61 0.348475 55 0.138395
  55 -22.978107 35.114601 2.335229 -0.514830 -0.775377 -0.365705 0.464049 0.783321 3 55 0.383512 63 0.355972 53 0.260516
engineer_handR_red
  63 -23.224504 35.206791 1.923058 -0.891989 -0.443346 0.088314 0.490120 0.767295 3 63 0.513131 61 0.348475 55 0.138395
  55 -23.348310 35.396301 2.379119 -0.873357 -0.449191 -0.188351 0.455472 0.769197 3 55 0.410881 53 0.369943 63 0.219176
  63 -23.334301 35.556892 1.743598 -0.954986 -0.165006 -0.246526 0.481734 0.749351 3 63 0.445622 61 0.434101 53 0.120277
engineer_handR_red
  63 -23.334301 35.556892 1.743598 -0.954986 -0.165006 -0.246526 0.481734 0.749351 3 63 0.445622 61 0.434101 53 0.120277
  63 -23.137100 35.337093 1.264867 -0.882356 -0.155848 -0.444026 0.505872 0.747727 2 63 0.525820 61 0.474180
  63 -23.224504 35.206791 1.923058 -0.891989 -0.443346 0.088314 0.490120 0.767295 3 63 0.513131 61 0.348475 55 0.138395
engineer_handR_red
  63 -23.334301 35.556892 1.743598 -0.954986 -0.165006 -0.246526 0.481734 0.749351 3 63 0.445622 61 0.434101 53 0.120277
  61 -23.082502 35.701591 1.148177 -0.851359 -0.042470 -0.522861 0.503848 0.728721 2 61 0.500012 63 0.499988
  63 -23.137100 35.337093 1.264867 -0.882356 -0.155848 -0.444026 0.505872 0.747727 2 63 0.525820 61 0.474180
engineer_handR_red
  61 -23.082502 35.701591 1.148177 -0.851359 -0.042470 -0.522861 0.503848 0.728721 2 61 0.500012 63 0.499988
  63 -22.765102 35.461594 0.802812 -0.666670 -0.085176 -0.740470 0.526936 0.729424 2 63 0.500021 61 0.499979
  63 -23.137100 35.337093 1.264867 -0.882356 -0.155848 -0.444026 0.505872 0.747727 2 63 0.525820 61 0.474180
engineer_handR_red
  61 -22.955204 36.094498 0.982086 -0.785906 -0.017662 -0.618094 0.501746 0.710836 2 61 0.552267 63 0.447733
  63 -22.765102 35.461594 0.802812 -0.666670 -0.085176 -0.740470 0.526936 0.729424 2 63 0.500021 61 0.499979
  61 -23.082502 35.701591 1.148177 -0.851359 -0.042470 -0.522861 0.503848 0.728721 2 61 0.500012 63 0.499988
engineer_handR_red
  61 -22.420803 35.631195 0.532891 -0.464776 -0.181591 -0.866607 0.544671 0.710543 2 61 0.505072 63 0.494928
  63 -22.765102 35.461594 0.802812 -0.666670 -0.085176 -0.740470 0.526936 0.729424 2 63 0.500021 61 0.499979
  61 -22.955204 36.094498 0.982086 -0.785906 -0.017662 -0.618094 0.501746 0.710836 2 61 0.552267 63 0.447733
engineer_handR_red
  61 -22.420803 35.631195 0.532891 -0.464776 -0.181591 -0.866607 0.544671 0.710543 2 61 0.505072 63 0.494928
  61 -22.955204 36.094498 0.982086 -0.785906 -0.017662 -0.618094 0.501746 0.710836 2 61 0.552267 63 0.447733
  61 -22.239204 36.335495 0.223255 -0.457521 -0.262112 -0.849689 0.542456 0.675187 2 61 0.702670 63 0.297330
engineer_handR_red
  61 -22.239204 36.335495 0.223255 -0.457521 -0.262112 -0.849689 0.542456 0.675187 2 61 0.702670 63 0.297330
  61 -22.955204 36.094498 0.982086 -0.785906 -0.017662 -0.618094 0.501746 0.710836 2 61 0.552267 63 0.447733
  61 -22.902302 36.832096 0.861393 -0.830942 -0.043744 -0.554636 0.499230 0.676949 3 61 0.714115 63 0.218998 53 0.066887
engineer_handR_red
  61 -22.955204 36.094498 0.982086 -0.785906 -0.017662 -0.618094 0.501746 0.710836 2 61 0.552267 63 0.447733
  61 -23.122002 36.717499 1.302197 -0.916740 0.067621 -0.393719 0.478255 0.688492 3 61 0.594634 63 0.284485 53 0.120881
  61 -22.902302 36.832096 0.861393 -0.830942 -0.043744 -0.554636 0.499230 0.676949 3 61 0.714115 63 0.218998 53 0.066887
engineer_handR_red
  61 -22.902302 36.832096 0.861393 -0.830942 -0.043744 -0.554636 0.499230 0.676949 3 61 0.714115 63 0.218998 53 0.066887
  61 -23.122002 36.717499 1.302197 -0.916740 0.067621 -0.393719 0.478255 0.688492 3 61 0.594634 63 0.284485 53 0.120881
  61 -23.146303 37.538097 1.492998 -0.955475 0.056237 -0.289664 0.456486 0.652194 2 61 0.657082 53 0.342918
engineer_handR_red
  61 -23.146303 37.538097 1.492998 -0.955475 0.056237 -0.289664 0.456486 0.652194 2 61 0.657082 53 0.342918
  61 -23.122002 36.717499 1.302197 -0.916740 0.067621 -0.393719 0.478255 0.688492 3 61 0.594634 63 0.284485 53 0.120881
  61 -23.239706 37.097198 1.744118 -0.968392 0.090279 -0.232521 0.455454 0.681380 3 61 0.463697 53 0.337808 63 0.198496
engineer_handR_red
  53 -23.323408 37.513802 2.442739 -0.983876 0.126425 -0.126508 0.419873 0.677113 3 53 0.585298 55 0.211076 61 0.203626
  61 -23.146303 37.538097 1.492998 -0.955475 0.056237 -0.289664 0.456486 0.652194 2 61 0.657082 53 0.342918
  61 -23.239706 37.097198 1.744118 -0.968392 0.090279 -0.232521 0.455454 0.681380 3 61 0.463697 53 0.337808 63 0.198496
engineer_handR_red
  61 -23.239706 37.097198 1.744118 -0.968392 0.090279 -0.232521 0.455454 0.681380 3 61 0.463697 53 0.337808 63 0.198496
  53 -23.444609 36.841404 2.627660 -0.976796 0.146751 -0.155992 0.424776 0.713130 3 53 0.510902 55 0.369973 61 0.119125
  53 -23.323408 37.513802 2.442739 -0.983876 0.126425 -0.126508 0.419873 0.677113 3 53 0.585298 55 0.211076 61 0.203626
engineer_handR_red
  53 -23.444609 36.841404 2.627660 -0.976796 0.146751 -0.155992 0.424776 0.713130 3 53 0.510902 55 0.369973 61 0.119125
  53 -23.476109 37.222500 3.468709 -0.978709 0.194289 -0.066179 0.383012 0.713513 3 53 0.413410 55 0.303275 45 0.283316
  53 -23.323408 37.513802 2.442739 -0.983876 0.126425 -0.126508 0.419873 0.677113 3 53 0.585298 55 0.211076 61 0.203626
engineer_handR_red
  53 -23.444609 36.841404 2.627660 -0.976796 0.146751 -0.155992 0.424776 0.713130 3 53 0.510902 55 0.369973 61 0.119125
  53 -23.580505 36.752296 3.572219 -0.988443 0.139180 -0.060070 0.386728 0.734909 3 53 0.402803 55 0.388989 45 0.208208
  53 -23.476109 37.222500 3.468709 -0.978709 0.194289 -0.066179 0.383012 0.713513 3 53 0.413410 55 0.303275 45 0.283316
engineer_handR_red
  53 -23.323408 37.513802 2.442739 -0.983876 0.126425 -0.126508 0.419873 0.677113 3 53 0.585298 55 0.211076 61 0.203626
  53 -23.476109 37.222500 3.468709 -0.978709 0.194289 -0.066179 0.383012 0.713513 3 53 0.413410 55 0.303275 45 0.283316
  45 -23.326506 37.936802 3.367059 -0.984526 0.174946 0.010153 0.375804 0.678045 3 45 0.421815 53 0.401603 47 0.176581
engineer_handR_red
  61 -23.293804 35.911697 1.581998 -0.934555 0.018036 -0.355362 0.482408 0.730454 3 61 0.451217 63 0.451201 53 0.097582
  61 -23.082502 35.701591 1.148177 -0.851359 -0.042470 -0.522861 0.503848 0.728721 2 61 0.500012 63 0.499988
  63 -23.334301 35.556892 1.743598 -0.954986 -0.165006 -0.246526 0.481734 0.749351 3 63 0.445622 61 0.434101 53 0.120277
engineer_handR_red
  61 -23.293804 35.911697 1.581998 -0.934555 0.018036 -0.355362 0.482408 0.730454 3 61 0.451217 63 0.451201 53 0.097582
  61 -23.202103 36.280495 1.435528 -0.916740 0.067621 -0.393719 0.482914 0.711356 3 61 0.496928 63 0.406188 53 0.096884
  61 -23.082502 35.701591 1.148177 -0.851359 -0.042470 -0.522861 0.503848 0.728721 2 61 0.500012 63 0.499988
engineer_handR_red
  61 -23.082502 35.701591 1.148177 -0.851359 -0.042470 -0.522861 0.503848 0.728721 2 61 0.500012 63 0.499988
  61 -23.202103 36.280495 1.435528 -0.916740 0.067621 -0.393719 0.482914 0.711356 3 61 0.496928 63 0.406188 53 0.096884
  61 -22.955204 36.094498 0.982086 -0.785906 -0.017662 -0.618094 0.501746 0.710836 2 61 0.552267 63 0.447733
engineer_handR_red
  61 -23.202103 36.280495 1.435528 -0.916740 0.067621 -0.393719 0.482914 0.711356 3 61 0.496928 63 0.406188 53 0.096884
  61 -23.122002 36.717499 1.302197 -0.916740 0.067621 -0.393719 0.478255 0.688492 3 61 0.594634 63 0.284485 53 0.120881
  61 -22.955204 36.094498 0.982086 -0.785906 -0.017662 -0.618094 0.501746 0.710836 2 61 0.552267 63 0.447733
engineer_handR_red
  61 -23.202103 36.280495 1.435528 -0.916740 0.067621 -0.393719 0.482914 0.711356 3 61 0.496928 63 0.406188 53 0.096884
  61 -23.348804 36.537495 1.957108 -0.956993 0.093519 -0.274623 0.455926 0.710733 3 61 0.361635 53 0.352869 63 0.285496
  61 -23.122002 36.717499 1.302197 -0.916740 0.067621 -0.393719 0.478255 0.688492 3 61 0.594634 63 0.284485 53 0.120881
engineer_handR_red
  61 -23.122002 36.717499 1.302197 -0.916740 0.067621 -0.393719 0.478255 0.688492 3 61 0.594634 63 0.284485 53 0.120881
  61 -23.348804 36.537495 1.957108 -0.956993 0.093519 -0.274623 0.455926 0.710733 3 61 0.361635 53 0.352869 63 0.285496
  61 -23.239706 37.097198 1.744118 -0.968392 0.090279 -0.232521 0.455454 0.681380 3 61 0.463697 53 0.337808 63 0.198496
engineer_handR_red
  61 -23.348804 36.537495 1.957108 -0.956993 0.093519 -0.274623 0.455926 0.710733 3 61 0.361635 53 0.352869 63 0.285496
  53 -23.444609 36.841404 2.627660 -0.976796 0.146751 -0.155992 0.424776 0.713130 3 53 0.510902 55 0.369973 61 0.119125
  61 -23.239706 37.097198 1.744118 -0.968392 0.090279 -0.232521 0.455454 0.681380 3 61 0.463697 53 0.337808 63 0.198496
engineer_handR_red
  61 -23.348804 36.537495 1.957108 -0.956993 0.093519 -0.274623 0.455926 0.710733 3 61 0.361635 53 0.352869 63 0.285496
  53 -23.532606 36.422497 2.766160 -0.983876 0.126425 -0.126508 0.425735 0.732403 3 53 0.466305 55 0.453575 61 0.080120
  53 -23.444609 36.841404 2.627660 -0.976796 0.146751 -0.155992 0.424776 0.713130 3 53 0.510902 55 0.369973 61 0.119125
engineer_handR_red
  53 -23.433508 36.148899 2.111779 -0.970185 0.054178 -0.236231 0.456903 0.731261 3 53 0.361202 55 0.355238 61 0.283560
  53 -23.532606 36.422497 2.766160 -0.983876 0.126425 -0.126508 0.425735 0.732403 3 53 0.466305 55 0.453575 61 0.080120
  61 -23.348804 36.537495 1.957108 -0.956993 0.093519 -0.274623 0.455926 0.710733 3 61 0.361635 53 0.352869 63 0.285496
engineer_handR_red
  53 -23.532606 36.422497 2.766160 -0.983876 0.126425 -0.126508 0.425735 0.732403 3 53 0.466305 55 0.453575 61 0.080120
  53 -23.433508 36.148899 2.111779 -0.970185 0.054178 -0.236231 0.456903 0.731261 3 53 0.361202 55 0.355238 61 0.283560
  55 -23.574310 36.055809 2.901200 -0.994933 -0.070742 -0.071438 0.426449 0.750208 3 55 0.470503 53 0.470502 61 0.058995
engineer_handR_red
  55 -23.574310 36.055809 2.901200 -0.994933 -0.070742 -0.071438 0.426449 0.750208 3 55 0.470503 53 0.470502 61 0.058995
  53 -23.433508 36.148899 2.111779 -0.970185 0.054178 -0.236231 0.456903 0.731261 3 53 0.361202 55 0.355238 61 0.283560
  53 -23.464905 35.781998 2.257359 -0.975830 -0.166665 -0.141347 0.457649 0.749451 3 53 0.384786 55 0.384773 63 0.230441
engineer_handR_red
  53 -23.464905 35.781998 2.257359 -0.975830 -0.166665 -0.141347 0.457649 0.749451 3 53 0.384786 55 0.384773 63 0.230441
  55 -23.512508 35.681000 3.041170 -0.977767 -0.209164 -0.014908 0.427773 0.771239 2 55 0.523632 53 0.476368
  55 -23.574310 36.055809 2.901200 -0.994933 -0.070742 -0.071438 0.426449 0.750208 3 55 0.470503 53 0.470502 61 0.058995
engineer_handR_red
  55 -23.348310 35.396301 2.379119 -0.873357 -0.449191 -0.188351 0.455472 0.769197 3 55 0.410881 53 0.369943 63 0.219176
  55 -23.512508 35.681000 3.041170 -0.977767 -0.209164 -0.014908 0.427773 0.771239 2 55 0.523632 53 0.476368
  53 -23.464905 35.781998 2.257359 -0.975830 -0.166665 -0.141347 0.457649 0.749451 3 53 0.384786 55 0.384773 63 0.230441
engineer_handR_red
  57 -23.074808 33.750900 3.228910 -0.831997 -0.389030 -0.395521 0.449824 0.845561 2 57 0.500001 55 0.499999
  55 -23.512508 35.681000 3.041170 -0.977767 -0.209164 -0.014908 0.427773 0.771239 2 55 0.523632 53 0.476368
  55 -23.348310 35.396301 2.379119 -0.873357 -0.449191 -0.188351 0.455472 0.769197 3 55 0.410881 53 0.369943 63 0.219176
engineer_handR_red
  57 -23.149805 33.905197 3.718570 -0.961537 -0.252469 0.108197 0.431224 0.846689 2 57 0.500000 55 0.500000
  55 -23.512508 35.681000 3.041170 -0.977767 -0.209164 -0.014908 0.427773 0.771239 2 55 0.523632 53 0.476368
  57 -23.074808 33.750900 3.228910 -0.831997 -0.389030 -0.395521 0.449824 0.845561 2 57 0.500001 55 0.499999
engineer_handR_red
  57 -23.149805 33.905197 3.718570 -0.961537 -0.252469 0.108197 0.431224 0.846689 2 57 0.500000 55 0.500000
  57 -23.074808 33.750900 3.228910 -0.831997 -0.389030 -0.395521 0.449824 0.845561 2 57 0.500001 55 0.499999
  57 -23.058208 33.650101 3.811390 -0.916154 -0.383991 0.114948 0.432084 0.854529 2 57 0.500042 55 0.499958
engineer_handR_red
  57 -23.058208 33.650101 3.811390 -0.916154 -0.383991 0.114948 0.432084 0.854529 2 57 0.500042 55 0.499958
  57 -23.074808 33.750900 3.228910 -0.831997 -0.389030 -0.395521 0.449824 0.845561 2 57 0.500001 55 0.499999
  57 -22.984703 33.460995 3.340720 -0.770222 -0.525667 -0.361154 0.449708 0.852780 2 57 0.500029 55 0.499971
engineer_handR_red
  57 -23.074808 33.750900 3.228910 -0.831997 -0.389030 -0.395521 0.449824 0.845561 2 57 0.500001 55 0.499999
  55 -22.842106 33.745499 3.071691 -0.237202 -0.479365 -0.844952 0.457736 0.845804 2 55 0.504512 57 0.495488
  57 -22.984703 33.460995 3.340720 -0.770222 -0.525667 -0.361154 0.449708 0.852780 2 57 0.500029 55 0.499971
engineer_handR_red
  57 -22.984703 33.460995 3.340720 -0.770222 -0.525667 -0.361154 0.449708 0.852780 2 57 0.500029 55 0.499971
  55 -22.842106 33.745499 3.071691 -0.237202 -0.479365 -0.844952 0.457736 0.845804 2 55 0.504512 57 0.495488
  57 -22.746906 33.397301 3.210420 -0.237202 -0.479365 -0.844952 0.456691 0.855982 2 57 0.515864 55 0.484136
engineer_handR_red
  55 -22.842106 33.745499 3.071691 -0.237202 -0.479365 -0.844952 0.457736 0.845804 2 55 0.504512 57 0.495488
  55 -22.422009 33.777901 3.079970 0.219587 -0.443959 -0.868724 0.471568 0.845934 2 55 0.522241 57 0.477759
  57 -22.746906 33.397301 3.210420 -0.237202 -0.479365 -0.844952 0.456691 0.855982 2 57 0.515864 55 0.484136
engineer_handR_red
  57 -22.746906 33.397301 3.210420 -0.237202 -0.479365 -0.844952 0.456691 0.855982 2 57 0.515864 55 0.484136
  55 -22.422009 33.777901 3.079970 0.219587 -0.443959 -0.868724 0.471568 0.845934 2 55 0.522241 57 0.477759
  57 -22.318808 33.370998 3.250690 0.257828 -0.260205 -0.930493 0.468821 0.866004 2 57 0.645711 55 0.354290
engineer_handR_red
  61 -23.202103 36.280495 1.435528 -0.916740 0.067621 -0.393719 0.482914 0.711356 3 61 0.496928 63 0.406188 53 0.096884
  53 -23.433508 36.148899 2.111779 -0.970185 0.054178 -0.236231 0.456903 0.731261 3 53 0.361202 55 0.355238 61 0.283560
  61 -23.348804 36.537495 1.957108 -0.956993 0.093519 -0.274623 0.455926 0.710733 3 61 0.361635 53 0.352869 63 0.285496
engineer_handR_red
  61 -23.293804 35.911697 1.581998 -0.934555 0.018036 -0.355362 0.482408 0.730454 3 61 0.451217 63 0.451201 53 0.097582
  53 -23.433508 36.148899 2.111779 -0.970185 0.054178 -0.236231 0.456903 0.731261 3 53 0.361202 55 0.355238 61 0.283560
  61 -23.202103 36.280495 1.435528 -0.916740 0.067621 -0.393719 0.482914 0.711356 3 61 0.496928 63 0.406188 53 0.096884
engineer_handR_red
  63 -23.334301 35.556892 1.743598 -0.954986 -0.165006 -0.246526 0.481734 0.749351 3 63 0.445622 61 0.434101 53 0.120277
  53 -23.433508 36.148899 2.111779 -0.970185 0.054178 -0.236231 0.456903 0.731261 3 53 0.361202 55 0.355238 61 0.283560
  61 -23.293804 35.911697 1.581998 -0.934555 0.018036 -0.355362 0.482408 0.730454 3 61 0.451217 63 0.451201 53 0.097582
engineer_handR_red
  53 -23.464905 35.781998 2.257359 -0.975830 -0.166665 -0.141347 0.457649 0.749451 3 53 0.384786 55 0.384773 63 0.230441
  53 -23.433508 36.148899 2.111779 -0.970185 0.054178 -0.236231 0.456903 0.731261 3 53 0.361202 55 0.355238 61 0.283560
  63 -23.334301 35.556892 1.743598 -0.954986 -0.165006 -0.246526 0.481734 0.749351 3 63 0.445622 61 0.434101 53 0.120277
engineer_handR_red
  63 -23.334301 35.556892 1.743598 -0.954986 -0.165006 -0.246526 0.481734 0.749351 3 63 0.445622 61 0.434101 53 0.120277
  55 -23.348310 35.396301 2.379119 -0.873357 -0.449191 -0.188351 0.455472 0.769197 3 55 0.410881 53 0.369943 63 0.219176
  53 -23.464905 35.781998 2.257359 -0.975830 -0.166665 -0.141347 0.457649 0.749451 3 53 0.384786 55 0.384773 63 0.230441
engineer_handR_red
  53 -23.532606 36.422497 2.766160 -0.983876 0.126425 -0.126508 0.425735 0.732403 3 53 0.466305 55 0.453575 61 0.080120
  53 -23.580505 36.752296 3.572219 -0.988443 0.139180 -0.060070 0.386728 0.734909 3 53 0.402803 55 0.388989 45 0.208208
  53 -23.444609 36.841404 2.627660 -0.976796 0.146751 -0.155992 0.424776 0.713130 3 53 0.510902 55 0.369973 61 0.119125
engineer_handR_red
  53 -23.580505 36.752296 3.572219 -0.988443 0.139180 -0.060070 0.386728 0.734909 3 53 0.402803 55 0.388989 45 0.208208
  53 -23.532606 36.422497 2.766160 -0.983876 0.126425 -0.126508 0.425735 0.732403 3 53 0.466305 55 0.453575 61 0.080120
  55 -23.616007 36.370201 3.668580 -0.998390 -0.056708 -0.001084 0.389616 0.751424 3 55 0.416001 53 0.416000 47 0.167999
engineer_handR_red
  55 -23.616007 36.370201 3.668580 -0.998390 -0.056708 -0.001084 0.389616 0.751424 3 55 0.416001 53 0.416000 47 0.167999
  53 -23.532606 36.422497 2.766160 -0.983876 0.126425 -0.126508 0.425735 0.732403 3 53 0.466305 55 0.453575 61 0.080120
  55 -23.574310 36.055809 2.901200 -0.994933 -0.070742 -0.071438 0.426449 0.750208 3 55 0.470503 53 0.470502 61 0.058995
engineer_handR_red
  55 -23.616007 36.370201 3.668580 -0.998390 -0.056708 -0.001084 0.389616 0.751424 3 55 0.416001 53 0.416000 47 0.167999
  55 -23.574310 36.055809 2.901200 -0.994933 -0.070742 -0.071438 0.426449 0.750208 3 55 0.470503 53 0.470502 61 0.058995
  55 -23.513710 35.960899 3.817159 -0.914432 -0.353842 0.196496 0.397444 0.771628 3 55 0.433008 53 0.408075 47 0.158917
engineer_handR_red
  55 -23.513710 35.960899 3.817159 -0.914432 -0.353842 0.196496 0.397444 0.771628 3 55 0.433008 53 0.408075 47 0.158917
  55 -23.574310 36.055809 2.901200 -0.994933 -0.070742 -0.071438 0.426449 0.750208 3 55 0.470503 53 0.470502 61 0.058995
  55 -23.512508 35.681000 3.041170 -0.977767 -0.209164 -0.014908 0.427773 0.771239 2 55 0.523632 53 0.476368
engineer_handR_red
  55 -23.512508 35.681000 3.041170 -0.977767 -0.209164 -0.014908 0.427773 0.771239 2 55 0.523632 53 0.476368
  55 -23.093807 34.118900 4.205581 -0.843423 -0.099641 0.527929 0.412384 0.847887 2 55 0.500877 57 0.499124
  55 -23.513710 35.960899 3.817159 -0.914432 -0.353842 0.196496 0.397444 0.771628 3 55 0.433008 53 0.408075 47 0.158917
engineer_handR_red
  57 -23.149805 33.905197 3.718570 -0.961537 -0.252469 0.108197 0.431224 0.846689 2 57 0.500000 55 0.500000
  55 -23.093807 34.118900 4.205581 -0.843423 -0.099641 0.527929 0.412384 0.847887 2 55 0.500877 57 0.499124
  55 -23.512508 35.681000 3.041170 -0.977767 -0.209164 -0.014908 0.427773 0.771239 2 55 0.523632 53 0.476368
engineer_handR_red
  57 -23.149805 33.905197 3.718570 -0.961537 -0.252469 0.108197 0.431224 0.846689 2 57 0.500000 55 0.500000
  57 -22.982407 33.829201 4.291740 -0.806859 -0.228604 0.544719 0.413920 0.855475 2 57 0.500031 55 0.499969
  55 -23.093807 34.118900 4.205581 -0.843423 -0.099641 0.527929 0.412384 0.847887 2 55 0.500877 57 0.499124
engineer_handR_red
  57 -23.058208 33.650101 3.811390 -0.916154 -0.383991 0.114948 0.432084 0.854529 2 57 0.500042 55 0.499958
  57 -22.982407 33.829201 4.291740 -0.806859 -0.228604 0.544719 0.413920 0.855475 2 57 0.500031 55 0.499969
  57 -23.149805 33.905197 3.718570 -0.961537 -0.252469 0.108197 0.431224 0.846689 2 57 0.500000 55 0.500000
engineer_handR_red
  57 -22.272305 32.477798 4.242490 -0.818161 -0.534902 0.210933 0.435713 0.899596 2 57 0.528812 59 0.471188
  57 -22.982407 33.829201 4.291740 -0.806859 -0.228604 0.544719 0.413920 0.855475 2 57 0.500031 55 0.499969
  57 -23.058208 33.650101 3.811390 -0.916154 -0.383991 0.114948 0.432084 0.854529 2 57 0.500042 55 0.499958
engineer_handR_red
  57 -23.058208 33.650101 3.811390 -0.916154 -0.383991 0.114948 0.432084 0.854529 2 57 0.500042 55 0.499958
  57 -22.984703 33.460995 3.340720 -0.770222 -0.525667 -0.361154 0.449708 0.852780 2 57 0.500029 55 0.499971
  57 -22.272305 32.477798 4.242490 -0.818161 -0.534902 0.210933 0.435713 0.899596 2 57 0.528812 59 0.471188
engineer_handR_red
  57 -22.272305 32.477798 4.242490 -0.818161 -0.534902 0.210933 0.435713 0.899596 2 57 0.528812 59 0.471188
  57 -22.984703 33.460995 3.340720 -0.770222 -0.525667 -0.361154 0.449708 0.852780 2 57 0.500029 55 0.499971
  57 -22.226803 32.333405 3.807060 -0.688601 -0.673322 -0.269195 0.451857 0.897493 2 57 0.514638 59 0.485362
engineer_handR_red
  57 -22.746906 33.397301 3.210420 -0.237202 -0.479365 -0.844952 0.456691 0.855982 2 57 0.515864 55 0.484136
  57 -22.226803 32.333405 3.807060 -0.688601 -0.673322 -0.269195 0.451857 0.897493 2 57 0.514638 59 0.485362
  57 -22.984703 33.460995 3.340720 -0.770222 -0.525667 -0.361154 0.449708 0.852780 2 57 0.500029 55 0.499971
engineer_handR_red
  57 -22.049503 32.339802 3.661310 -0.219630 -0.532611 -0.817366 0.458197 0.898981 2 57 0.506135 59 0.493865
  57 -22.226803 32.333405 3.807060 -0.688601 -0.673322 -0.269195 0.451857 0.897493 2 57 0.514638 59 0.485362
  57 -22.746906 33.397301 3.210420 -0.237202 -0.479365 -0.844952 0.456691 0.855982 2 57 0.515864 55 0.484136
engineer_handR_red
  57 -22.318808 33.370998 3.250690 0.257828 -0.260205 -0.930493 0.468821 0.866004 2 57 0.645711 55 0.354290
  57 -22.049503 32.339802 3.661310 -0.219630 -0.532611 -0.817366 0.458197 0.898981 2 57 0.506135 59 0.493865
  57 -22.746906 33.397301 3.210420 -0.237202 -0.479365 -0.844952 0.456691 0.855982 2 57 0.515864 55 0.484136
engineer_handR_red
  59 -21.759007 32.387405 3.664690 0.219526 -0.200501 -0.954781 0.466300 0.904230 2 59 0.501443 57 0.498558
  57 -22.049503 32.339802 3.661310 -0.219630 -0.532611 -0.817366 0.458197 0.898981 2 57 0.506135 59 0.493865
  57 -22.318808 33.370998 3.250690 0.257828 -0.260205 -0.930493 0.468821 0.866004 2 57 0.645711 55 0.354290
engineer_handR_red
  57 -22.222504 32.668301 4.664820 -0.703612 -0.347745 0.619680 0.419155 0.901464 2 57 0.518140 59 0.481860
  57 -22.982407 33.829201 4.291740 -0.806859 -0.228604 0.544719 0.413920 0.855475 2 57 0.500031 55 0.499969
  57 -22.272305 32.477798 4.242490 -0.818161 -0.534902 0.210933 0.435713 0.899596 2 57 0.528812 59 0.471188
engineer_handR_red
  57 -22.049303 32.771500 4.791520 -0.333273 0.043098 0.941845 0.413147 0.904727 2 57 0.507160 59 0.492840
  57 -22.747206 33.873001 4.455780 -0.352345 0.087125 0.931806 0.407277 0.860518 2 57 0.513680 55 0.486320
  57 -22.222504 32.668301 4.664820 -0.703612 -0.347745 0.619680 0.419155 0.901464 2 57 0.518140 59 0.481860
engineer_handR_red
  57 -22.222504 32.668301 4.664820 -0.703612 -0.347745 0.619680 0.419155 0.901464 2 57 0.518140 59 0.481860
  57 -22.747206 33.873001 4.455780 -0.352345 0.087125 0.931806 0.407277 0.860518 2 57 0.513680 55 0.486320
  57 -22.982407 33.829201 4.291740 -0.806859 -0.228604 0.544719 0.413920 0.855475 2 57 0.500031 55 0.499969
engineer_handR_red
  57 -22.747206 33.873001 4.455780 -0.352345 0.087125 0.931806 0.407277 0.860518 2 57 0.513680 55 0.486320
  55 -22.869106 34.225101 4.357800 -0.352345 0.087125 0.931806 0.404905 0.850176 3 55 0.482901 57 0.465285 47 0.051814
  57 -22.982407 33.829201 4.291740 -0.806859 -0.228604 0.544719 0.413920 0.855475 2 57 0.500031 55 0.499969
engineer_handR_red
  57 -22.982407 33.829201 4.291740 -0.806859 -0.228604 0.544719 0.413920 0.855475 2 57 0.500031 55 0.499969
  55 -22.869106 34.225101 4.357800 -0.352345 0.087125 0.931806 0.404905 0.850176 3 55 0.482901 57 0.465285 47 0.051814
  55 -23.093807 34.118900 4.205581 -0.843423 -0.099641 0.527929 0.412384 0.847887 2 55 0.500877 57 0.499124
engineer_handR_red
  55 -22.869106 34.225101 4.357800 -0.352345 0.087125 0.931806 0.404905 0.850176 3 55 0.482901 57 0.465285 47 0.051814
  55 -23.215408 35.759499 4.059080 -0.649699 -0.510379 0.563386 0.391870 0.784763 3 55 0.429144 53 0.325812 47 0.245045
  55 -23.093807 34.118900 4.205581 -0.843423 -0.099641 0.527929 0.412384 0.847887 2 55 0.500877 57 0.499124
engineer_handR_red
  55 -23.093807 34.118900 4.205581 -0.843423 -0.099641 0.527929 0.412384 0.847887 2 55 0.500877 57 0.499124
  55 -23.215408 35.759499 4.059080 -0.649699 -0.510379 0.563386 0.391870 0.784763 3 55 0.429144 53 0.325812 47 0.245045
  55 -23.513710 35.960899 3.817159 -0.914432 -0.353842 0.196496 0.397444 0.771628 3 55 0.433008 53 0.408075 47 0.158917
engineer_handR_red
  47 -22.629110 35.423004 4.325309 -0.252188 -0.771426 -0.584211 0.378569 0.809409 3 47 0.515563 55 0.344832 53 0.139606
  55 -23.215408 35.759499 4.059080 -0.649699 -0.510379 0.563386 0.391870 0.784763 3 55 0.429144 53 0.325812 47 0.245045
  55 -22.587210 35.412903 4.254449 -0.275226 -0.590243 0.758857 0.384270 0.811653 3 55 0.441035 47 0.393619 53 0.165347
engineer_handR_red
  55 -23.215408 35.759499 4.059080 -0.649699 -0.510379 0.563386 0.391870 0.784763 3 55 0.429144 53 0.325812 47 0.245045
  55 -22.869106 34.225101 4.357800 -0.352345 0.087125 0.931806 0.404905 0.850176 3 55 0.482901 57 0.465285 47 0.051814
  55 -22.587210 35.412903 4.254449 -0.275226 -0.590243 0.758857 0.384270 0.811653 3 55 0.441035 47 0.393619 53 0.165347
engineer_handR_red
  55 -22.587210 35.412903 4.254449 -0.275226 -0.590243 0.758857 0.384270 0.811653 3 55 0.441035 47 0.393619 53 0.165347
  55 -22.869106 34.225101 4.357800 -0.352345 0.087125 0.931806 0.404905 0.850176 3 55 0.482901 57 0.465285 47 0.051814
  55 -22.437208 34.252102 4.406281 0.063559 0.184565 0.980763 0.391425 0.854511 3 55 0.485693 57 0.445514 47 0.068793
engineer_handR_red
  55 -22.869106 34.225101 4.357800 -0.352345 0.087125 0.931806 0.404905 0.850176 3 55 0.482901 57 0.465285 47 0.051814
  57 -22.747206 33.873001 4.455780 -0.352345 0.087125 0.931806 0.407277 0.860518 2 57 0.513680 55 0.486320
  55 -22.437208 34.252102 4.406281 0.063559 0.184565 0.980763 0.391425 0.854511 3 55 0.485693 57 0.445514 47 0.068793
engineer_handR_red
  55 -22.437208 34.252102 4.406281 0.063559 0.184565 0.980763 0.391425 0.854511 3 55 0.485693 57 0.445514 47 0.068793
  57 -22.747206 33.873001 4.455780 -0.352345 0.087125 0.931806 0.407277 0.860518 2 57 0.513680 55 0.486320
  57 -22.299606 33.838699 4.516271 0.096726 0.300432 0.948886 0.396087 0.874348 3 57 0.589491 55 0.355241 47 0.055268
engineer_handR_red
  57 -22.747206 33.873001 4.455780 -0.352345 0.087125 0.931806 0.407277 0.860518 2 57 0.513680 55 0.486320
  57 -22.049303 32.771500 4.791520 -0.333273 0.043098 0.941845 0.413147 0.904727 2 57 0.507160 59 0.492840
  57 -22.299606 33.838699 4.516271 0.096726 0.300432 0.948886 0.396087 0.874348 3 57 0.589491 55 0.355241 47 0.055268
engineer_handR_red
  57 -22.299606 33.838699 4.516271 0.096726 0.300432 0.948886 0.396087 0.874348 3 57 0.589491 55 0.355241 47 0.055268
  57 -22.049303 32.771500 4.791520 -0.333273 0.043098 0.941845 0.413147 0.904727 2 57 0.507160 59 0.492840
  59 -21.750605 32.822205 4.810400 0.099637 0.356233 0.929070 0.405339 0.912309 2 59 0.502826 57 0.497174
engineer_handR_red
  37 -21.249903 40.570702 5.479917 -0.359933 0.613006 0.703329 0.229562 0.587954 3 37 0.564397 8 0.352632 45 0.082971
  37 -22.170904 39.868198 5.376166 -0.681437 0.516265 0.518763 0.259958 0.635145 3 37 0.731579 8 0.165922 39 0.102499
  37 -21.475006 39.895004 5.949276 -0.423221 0.585470 0.691454 0.224134 0.632966 3 37 0.734094 39 0.136863 8 0.129043
engineer_handR_red
  37 -22.170904 39.868198 5.376166 -0.681437 0.516265 0.518763 0.259958 0.635145 3 37 0.731579 8 0.165922 39 0.102499
  37 -22.360506 39.293201 5.729596 -0.681437 0.516265 0.518763 0.257773 0.660143 3 37 0.733716 39 0.207000 45 0.059284
  37 -21.475006 39.895004 5.949276 -0.423221 0.585470 0.691454 0.224134 0.632966 3 37 0.734094 39 0.136863 8 0.129043
engineer_handR_red
  37 -22.360506 39.293201 5.729596 -0.681437 0.516265 0.518763 0.257773 0.660143 3 37 0.733716 39 0.207000 45 0.059284
  37 -22.170904 39.868198 5.376166 -0.681437 0.516265 0.518763 0.259958 0.635145 3 37 0.731579 8 0.165922 39 0.102499
  37 -22.837704 39.072201 4.975436 -0.853876 0.427026 0.297563 0.294129 0.657623 3 37 0.597439 45 0.232873 39 0.169688
engineer_handR_red
  37 -22.954803 38.660301 5.220216 -0.887624 0.385049 0.252708 0.293176 0.679233 3 37 0.528132 39 0.259595 45 0.212273
  37 -22.360506 39.293201 5.729596 -0.681437 0.516265 0.518763 0.257773 0.660143 3 37 0.733716 39 0.207000 45 0.059284
  37 -22.837704 39.072201 4.975436 -0.853876 0.427026 0.297563 0.294129 0.657623 3 37 0.597439 45 0.232873 39 0.169688
engineer_handR_red
  37 -22.837704 39.072201 4.975436 -0.853876 0.427026 0.297563 0.294129 0.657623 3 37 0.597439 45 0.232873 39 0.169688
  45 -23.118902 38.745605 4.115678 -0.951200 0.282182 0.124871 0.333650 0.658013 3 45 0.553481 37 0.296845 47 0.149674
  37 -22.954803 38.660301 5.220216 -0.887624 0.385049 0.252708 0.293176 0.679233 3 37 0.528132 39 0.259595 45 0.212273
engineer_handR_red
  37 -22.954803 38.660301 5.220216 -0.887624 0.385049 0.252708 0.293176 0.679233 3 37 0.528132 39 0.259595 45 0.212273
  45 -23.118902 38.745605 4.115678 -0.951200 0.282182 0.124871 0.333650 0.658013 3 45 0.553481 37 0.296845 47 0.149674
  45 -23.231003 38.243401 4.324097 -0.962161 0.259919 0.081782 0.333776 0.679039 3 45 0.550987 47 0.248075 37 0.200938
engineer_handR_red
  45 -23.231003 38.243401 4.324097 -0.962161 0.259919 0.081782 0.333776 0.679039 3 45 0.550987 47 0.248075 37 0.200938
  45 -23.118902 38.745605 4.115678 -0.951200 0.282182 0.124871 0.333650 0.658013 3 45 0.553481 37 0.296845 47 0.149674
  45 -23.326506 37.936802 3.367059 -0.984526 0.174946 0.010153 0.375804 0.678045 3 45 0.421815 53 0.401603 47 0.176581
engineer_handR_red
  45 -23.326506 37.936802 3.367059 -0.984526 0.174946 0.010153 0.375804 0.678045 3 45 0.421815 53 0.401603 47 0.176581
  45 -23.436604 37.465195 4.040548 -0.973247 0.228069 0.027822 0.360394 0.712984 3 45 0.467917 47 0.356791 53 0.175292
  45 -23.231003 38.243401 4.324097 -0.962161 0.259919 0.081782 0.333776 0.679039 3 45 0.550987 47 0.248075 37 0.200938
engineer_handR_red
  53 -23.476109 37.222500 3.468709 -0.978709 0.194289 -0.066179 0.383012 0.713513 3 53 0.413410 55 0.303275 45 0.283316
  45 -23.436604 37.465195 4.040548 -0.973247 0.228069 0.027822 0.360394 0.712984 3 45 0.467917 47 0.356791 53 0.175292
  45 -23.326506 37.936802 3.367059 -0.984526 0.174946 0.010153 0.375804 0.678045 3 45 0.421815 53 0.401603 47 0.176581
engineer_handR_red
  53 -23.476109 37.222500 3.468709 -0.978709 0.194289 -0.066179 0.383012 0.713513 3 53 0.413410 55 0.303275 45 0.283316
  45 -23.556503 36.944000 4.069037 -0.984526 0.174946 0.010153 0.366379 0.735402 3 45 0.400749 47 0.393937 53 0.205313
  45 -23.436604 37.465195 4.040548 -0.973247 0.228069 0.027822 0.360394 0.712984 3 45 0.467917 47 0.356791 53 0.175292
engineer_handR_red
  53 -23.580505 36.752296 3.572219 -0.988443 0.139180 -0.060070 0.386728 0.734909 3 53 0.402803 55 0.388989 45 0.208208
  45 -23.556503 36.944000 4.069037 -0.984526 0.174946 0.010153 0.366379 0.735402 3 45 0.400749 47 0.393937 53 0.205313
  53 -23.476109 37.222500 3.468709 -0.978709 0.194289 -0.066179 0.383012 0.713513 3 53 0.413410 55 0.303275 45 0.283316
engineer_handR_red
  45 -23.556503 36.944000 4.069037 -0.984526 0.174946 0.010153 0.366379 0.735402 3 45 0.400749 47 0.393937 53 0.205313
  53 -23.580505 36.752296 3.572219 -0.988443 0.139180 -0.060070 0.386728 0.734909 3 53 0.402803 55 0.388989 45 0.208208
  47 -23.597208 36.557602 4.151989 -0.997914 0.021172 0.060985 0.370940 0.752079 3 47 0.385304 45 0.384802 53 0.229894
engineer_handR_red
  47 -23.597208 36.557602 4.151989 -0.997914 0.021172 0.060985 0.370940 0.752079 3 47 0.385304 45 0.384802 53 0.229894
  53 -23.580505 36.752296 3.572219 -0.988443 0.139180 -0.060070 0.386728 0.734909 3 53 0.402803 55 0.388989 45 0.208208
  55 -23.616007 36.370201 3.668580 -0.998390 -0.056708 -0.001084 0.389616 0.751424 3 55 0.416001 53 0.416000 47 0.167999
engineer_handR_red
  47 -23.597208 36.557602 4.151989 -0.997914 0.021172 0.060985 0.370940 0.752079 3 47 0.385304 45 0.384802 53 0.229894
  55 -23.616007 36.370201 3.668580 -0.998390 -0.056708 -0.001084 0.389616 0.751424 3 55 0.416001 53 0.416000 47 0.167999
  47 -23.531805 36.115105 4.271008 -0.961681 -0.270070 -0.047245 0.364768 0.771756 3 47 0.414023 45 0.339244 55 0.246733
engineer_handR_red
  47 -23.531805 36.115105 4.271008 -0.961681 -0.270070 -0.047245 0.364768 0.771756 3 47 0.414023 45 0.339244 55 0.246733
  55 -23.616007 36.370201 3.668580 -0.998390 -0.056708 -0.001084 0.389616 0.751424 3 55 0.416001 53 0.416000 47 0.167999
  55 -23.513710 35.960899 3.817159 -0.914432 -0.353842 0.196496 0.397444 0.771628 3 55 0.433008 53 0.408075 47 0.158917
engineer_handR_red
  47 -23.531805 36.115105 4.271008 -0.961681 -0.270070 -0.047245 0.364768 0.771756 3 47 0.414023 45 0.339244 55 0.246733
  55 -23.513710 35.960899 3.817159 -0.914432 -0.353842 0.196496 0.397444 0.771628 3 55 0.433008 53 0.408075 47 0.158917
  47 -23.238907 35.790401 4.221899 -0.615659 -0.686440 -0.386993 0.370093 0.783900 3 47 0.399362 55 0.337510 53 0.263129
engineer_handR_red
  47 -23.238907 35.790401 4.221899 -0.615659 -0.686440 -0.386993 0.370093 0.783900 3 47 0.399362 55 0.337510 53 0.263129
  55 -23.513710 35.960899 3.817159 -0.914432 -0.353842 0.196496 0.397444 0.771628 3 55 0.433008 53 0.408075 47 0.158917
  55 -23.215408 35.759499 4.059080 -0.649699 -0.510379 0.563386 0.391870 0.784763 3 55 0.429144 53 0.325812 47 0.245045
engineer_handR_red
  47 -23.238907 35.790401 4.221899 -0.615659 -0.686440 -0.386993 0.370093 0.783900 3 47 0.399362 55 0.337510 53 0.263129
  55 -23.215408 35.759499 4.059080 -0.649699 -0.510379 0.563386 0.391870 0.784763 3 55 0.429144 53 0.325812 47 0.245045
  47 -22.629110 35.423004 4.325309 -0.252188 -0.771426 -0.584211 0.378569 0.809409 3 47 0.515563 55 0.344832 53 0.139606
engineer_handR_red
  37 -22.837704 39.072201 4.975436 -0.853876 0.427026 0.297563 0.294129 0.657623 3 37 0.597439 45 0.232873 39 0.169688
  37 -22.170904 39.868198 5.376166 -0.681437 0.516265 0.518763 0.259958 0.635145 3 37 0.731579 8 0.165922 39 0.102499
  37 -22.669104 39.640701 4.665156 -0.873952 0.389820 0.290255 0.295105 0.632962 3 37 0.560842 8 0.222016 45 0.217142
engineer_handR_red
  37 -22.837704 39.072201 4.975436 -0.853876 0.427026 0.297563 0.294129 0.657623 3 37 0.597439 45 0.232873 39 0.169688
  37 -22.669104 39.640701 4.665156 -0.873952 0.389820 0.290255 0.295105 0.632962 3 37 0.560842 8 0.222016 45 0.217142
  45 -23.118902 38.745605 4.115678 -0.951200 0.282182 0.124871 0.333650 0.658013 3 45 0.553481 37 0.296845 47 0.149674
engineer_handR_red
  45 -23.231003 38.243401 4.324097 -0.962161 0.259919 0.081782 0.333776 0.679039 3 45 0.550987 47 0.248075 37 0.200938
  45 -23.258604 37.884602 5.010978 -0.951200 0.282182 0.124871 0.313367 0.713004 3 45 0.425984 47 0.350560 37 0.223456
  37 -22.954803 38.660301 5.220216 -0.887624 0.385049 0.252708 0.293176 0.679233 3 37 0.528132 39 0.259595 45 0.212273
engineer_handR_red
  45 -23.258604 37.884602 5.010978 -0.951200 0.282182 0.124871 0.313367 0.713004 3 45 0.425984 47 0.350560 37 0.223456
  45 -23.231003 38.243401 4.324097 -0.962161 0.259919 0.081782 0.333776 0.679039 3 45 0.550987 47 0.248075 37 0.200938
  45 -23.383001 37.536800 4.574948 -0.962161 0.259919 0.081782 0.336837 0.712988 3 45 0.489597 47 0.420979 37 0.089423
engineer_handR_red
  45 -23.383001 37.536800 4.574948 -0.962161 0.259919 0.081782 0.336837 0.712988 3 45 0.489597 47 0.420979 37 0.089423
  45 -23.231003 38.243401 4.324097 -0.962161 0.259919 0.081782 0.333776 0.679039 3 45 0.550987 47 0.248075 37 0.200938
  45 -23.436604 37.465195 4.040548 -0.973247 0.228069 0.027822 0.360394 0.712984 3 45 0.467917 47 0.356791 53 0.175292
engineer_handR_red
  47 -23.531805 36.115105 4.271008 -0.961681 -0.270070 -0.047245 0.364768 0.771756 3 47 0.414023 45 0.339244 55 0.246733
  47 -23.238907 35.790401 4.221899 -0.615659 -0.686440 -0.386993 0.370093 0.783900 3 47 0.399362 55 0.337510 53 0.263129
  49 -23.260506 33.824398 5.298177 -0.848660 -0.382325 -0.365519 0.355821 0.852568 2 49 0.500005 47 0.499995
engineer_handR_red
  49 -23.260506 33.824398 5.298177 -0.848660 -0.382325 -0.365519 0.355821 0.852568 2 49 0.500005 47 0.499995
  47 -23.238907 35.790401 4.221899 -0.615659 -0.686440 -0.386993 0.370093 0.783900 3 47 0.399362 55 0.337510 53 0.263129
  47 -23.028910 33.829102 5.075008 -0.376639 -0.434880 -0.817938 0.361634 0.851899 3 47 0.464300 49 0.464286 57 0.071415
engineer_handR_red
  47 -23.238907 35.790401 4.221899 -0.615659 -0.686440 -0.386993 0.370093 0.783900 3 47 0.399362 55 0.337510 53 0.263129
  47 -22.629110 35.423004 4.325309 -0.252188 -0.771426 -0.584211 0.378569 0.809409 3 47 0.515563 55 0.344832 53 0.139606
  47 -23.028910 33.829102 5.075008 -0.376639 -0.434880 -0.817938 0.361634 0.851899 3 47 0.464300 49 0.464286 57 0.071415
engineer_handR_red
  47 -23.028910 33.829102 5.075008 -0.376639 -0.434880 -0.817938 0.361634 0.851899 3 47 0.464300 49 0.464286 57 0.071415
  47 -22.629110 35.423004 4.325309 -0.252188 -0.771426 -0.584211 0.378569 0.809409 3 47 0.515563 55 0.344832 53 0.139606
  47 -22.594706 33.882900 5.006347 0.096251 -0.369386 -0.924278 0.372867 0.849785 3 47 0.466822 49 0.442707 57 0.090471
engineer_handR_red
  47 -23.028910 33.829102 5.075008 -0.376639 -0.434880 -0.817938 0.361634 0.851899 3 47 0.464300 49 0.464286 57 0.071415
  47 -22.594706 33.882900 5.006347 0.096251 -0.369386 -0.924278 0.372867 0.849785 3 47 0.466822 49 0.442707 57 0.090471
  49 -22.882507 33.468895 5.198667 -0.360841 -0.505186 -0.783952 0.361700 0.860523 3 49 0.483552 47 0.450423 57 0.066025
engineer_handR_red
  49 -22.882507 33.468895 5.198667 -0.360841 -0.505186 -0.783952 0.361700 0.860523 3 49 0.483552 47 0.450423 57 0.066025
  47 -22.594706 33.882900 5.006347 0.096251 -0.369386 -0.924278 0.372867 0.849785 3 47 0.466822 49 0.442707 57 0.090471
  49 -22.434605 33.471497 5.149467 0.136568 -0.289278 -0.947453 0.372381 0.869844 3 49 0.541035 47 0.361827 57 0.097138
engineer_handR_red
  49 -23.260506 33.824398 5.298177 -0.848660 -0.382325 -0.365519 0.355821 0.852568 2 49 0.500005 47 0.499995
  47 -23.028910 33.829102 5.075008 -0.376639 -0.434880 -0.817938 0.361634 0.851899 3 47 0.464300 49 0.464286 57 0.071415
  49 -23.135605 33.522095 5.412387 -0.782996 -0.560811 -0.269088 0.355959 0.857544 2 49 0.501476 47 0.498524
engineer_handR_red
  49 -23.135605 33.522095 5.412387 -0.782996 -0.560811 -0.269088 0.355959 0.857544 2 49 0.501476 47 0.498524
  47 -23.028910 33.829102 5.075008 -0.376639 -0.434880 -0.817938 0.361634 0.851899 3 47 0.464300 49 0.464286 57 0.071415
  49 -22.882507 33.468895 5.198667 -0.360841 -0.505186 -0.783952 0.361700 0.860523 3 49 0.483552 47 0.450423 57 0.066025
engineer_handR_red
  51 -21.620510 32.339294 5.590338 0.136568 -0.289277 -0.947453 0.370127 0.908523 2 51 0.501639 49 0.498361
  49 -21.967308 32.278294 5.650097 -0.316987 -0.582271 -0.748652 0.361415 0.901242 2 49 0.509220 51 0.490780
  49 -22.434605 33.471497 5.149467 0.136568 -0.289278 -0.947453 0.372381 0.869844 3 49 0.541035 47 0.361827 57 0.097138
engineer_handR_red
  49 -22.434605 33.471497 5.149467 0.136568 -0.289278 -0.947453 0.372381 0.869844 3 49 0.541035 47 0.361827 57 0.097138
  49 -21.967308 32.278294 5.650097 -0.316987 -0.582271 -0.748652 0.361415 0.901242 2 49 0.509220 51 0.490780
  49 -22.882507 33.468895 5.198667 -0.360841 -0.505186 -0.783952 0.361700 0.860523 3 49 0.483552 47 0.450423 57 0.066025
engineer_handR_red
  49 -22.163910 32.259296 5.870267 -0.686269 -0.700727 -0.194976 0.355506 0.898833 2 49 0.517530 51 0.482470
  49 -22.882507 33.468895 5.198667 -0.360841 -0.505186 -0.783952 0.361700 0.860523 3 49 0.483552 47 0.450423 57 0.066025
  49 -21.967308 32.278294 5.650097 -0.316987 -0.582271 -0.748652 0.361415 0.901242 2 49 0.509220 51 0.490780
engineer_handR_red
  49 -23.135605 33.522095 5.412387 -0.782996 -0.560811 -0.269088 0.355959 0.857544 2 49 0.501476 47 0.498524
  49 -22.882507 33.468895 5.198667 -0.360841 -0.505186 -0.783952 0.361700 0.860523 3 49 0.483552 47 0.450423 57 0.066025
  49 -22.163910 32.259296 5.870267 -0.686269 -0.700727 -0.194976 0.355506 0.898833 2 49 0.517530 51 0.482470
engineer_handR_red
  49 -22.163910 32.259296 5.870267 -0.686269 -0.700727 -0.194976 0.355506 0.898833 2 49 0.517530 51 0.482470
  49 -22.180408 32.376793 6.284577 -0.763690 -0.587827 0.266903 0.341687 0.899765 2 49 0.530453 51 0.469547
  49 -23.135605 33.522095 5.412387 -0.782996 -0.560811 -0.269088 0.355959 0.857544 2 49 0.501476 47 0.498524
engineer_handR_red
  49 -23.135605 33.522095 5.412387 -0.782996 -0.560811 -0.269088 0.355959 0.857544 2 49 0.501476 47 0.498524
  49 -22.180408 32.376793 6.284577 -0.763690 -0.587827 0.266903 0.341687 0.899765 2 49 0.530453 51 0.469547
  49 -23.192408 33.706501 5.899507 -0.873882 -0.422807 0.239927 0.340777 0.857616 2 49 0.500042 47 0.499958
engineer_handR_red
  49 -23.192408 33.706501 5.899507 -0.873882 -0.422807 0.239927 0.340777 0.857616 2 49 0.500042 47 0.499958
  49 -23.260506 33.824398 5.298177 -0.848660 -0.382325 -0.365519 0.355821 0.852568 2 49 0.500005 47 0.499995
  49 -23.135605 33.522095 5.412387 -0.782996 -0.560811 -0.269088 0.355959 0.857544 2 49 0.501476 47 0.498524
engineer_handR_red
  49 -23.302807 33.993599 5.817957 -0.968753 -0.174459 0.176301 0.340527 0.851924 2 49 0.500000 47 0.500000
  49 -23.260506 33.824398 5.298177 -0.848660 -0.382325 -0.365519 0.355821 0.852568 2 49 0.500005 47 0.499995
  49 -23.192408 33.706501 5.899507 -0.873882 -0.422807 0.239927 0.340777 0.857616 2 49 0.500042 47 0.499958
engineer_handR_red
  49 -23.302807 33.993599 5.817957 -0.968753 -0.174459 0.176301 0.340527 0.851924 2 49 0.500000 47 0.500000
  47 -23.531805 36.115105 4.271008 -0.961681 -0.270070 -0.047245 0.364768 0.771756 3 47 0.414023 45 0.339244 55 0.246733
  49 -23.260506 33.824398 5.298177 -0.848660 -0.382325 -0.365519 0.355821 0.852568 2 49 0.500005 47 0.499995
engineer_handR_red
  47 -23.512505 36.436401 5.000088 -0.984032 -0.002410 0.177974 0.337649 0.773461 2 47 0.551856 45 0.448144
  47 -23.531805 36.115105 4.271008 -0.961681 -0.270070 -0.047245 0.364768 0.771756 3 47 0.414023 45 0.339244 55 0.246733
  49 -23.302807 33.993599 5.817957 -0.968753 -0.174459 0.176301 0.340527 0.851924 2 49 0.500000 47 0.500000
engineer_handR_red
  47 -23.512505 36.436401 5.000088 -0.984032 -0.002410 0.177974 0.337649 0.773461 2 47 0.551856 45 0.448144
  47 -23.597208 36.557602 4.151989 -0.997914 0.021172 0.060985 0.370940 0.752079 3 47 0.385304 45 0.384802 53 0.229894
  47 -23.531805 36.115105 4.271008 -0.961681 -0.270070 -0.047245 0.364768 0.771756 3 47 0.414023 45 0.339244 55 0.246733
engineer_handR_red
  47 -23.507505 36.824600 4.854638 -0.983692 0.125974 0.128378 0.338005 0.752588 3 47 0.475049 45 0.474949 53 0.050001
  47 -23.597208 36.557602 4.151989 -0.997914 0.021172 0.060985 0.370940 0.752079 3 47 0.385304 45 0.384802 53 0.229894
  47 -23.512505 36.436401 5.000088 -0.984032 -0.002410 0.177974 0.337649 0.773461 2 47 0.551856 45 0.448144
engineer_handR_red
  47 -23.507505 36.824600 4.854638 -0.983692 0.125974 0.128378 0.338005 0.752588 3 47 0.475049 45 0.474949 53 0.050001
  47 -23.512505 36.436401 5.000088 -0.984032 -0.002410 0.177974 0.337649 0.773461 2 47 0.551856 45 0.448144
  45 -23.347204 37.096298 5.540127 -0.969661 0.092740 0.226180 0.305266 0.752728 3 45 0.413889 47 0.413852 39 0.172259
engineer_handR_red
  45 -23.326305 37.427700 5.363058 -0.964288 0.218041 0.150357 0.308693 0.736684 3 45 0.409398 47 0.409362 39 0.181240
  47 -23.507505 36.824600 4.854638 -0.983692 0.125974 0.128378 0.338005 0.752588 3 47 0.475049 45 0.474949 53 0.050001
  45 -23.347204 37.096298 5.540127 -0.969661 0.092740 0.226180 0.305266 0.752728 3 45 0.413889 47 0.413852 39 0.172259
engineer_handR_red
  45 -23.347204 37.096298 5.540127 -0.969661 0.092740 0.226180 0.305266 0.752728 3 45 0.413889 47 0.413852 39 0.172259
  39 -23.171705 37.639599 5.900025 -0.923035 0.284308 0.259183 0.285076 0.737556 3 39 0.416713 37 0.406617 45 0.176670
  45 -23.326305 37.427700 5.363058 -0.964288 0.218041 0.150357 0.308693 0.736684 3 45 0.409398 47 0.409362 39 0.181240
engineer_handR_red
  39 -23.171705 37.639599 5.900025 -0.923035 0.284308 0.259183 0.285076 0.737556 3 39 0.416713 37 0.406617 45 0.176670
  37 -23.071507 38.143398 5.622225 -0.887624 0.385049 0.252708 0.284959 0.713761 3 37 0.444169 39 0.396936 45 0.158896
  45 -23.326305 37.427700 5.363058 -0.964288 0.218041 0.150357 0.308693 0.736684 3 45 0.409398 47 0.409362 39 0.181240
engineer_handR_red
  37 -23.071507 38.143398 5.622225 -0.887624 0.385049 0.252708 0.284959 0.713761 3 37 0.444169 39 0.396936 45 0.158896
  39 -23.171705 37.639599 5.900025 -0.923035 0.284308 0.259183 0.285076 0.737556 3 39 0.416713 37 0.406617 45 0.176670
  37 -22.674208 38.317200 6.352495 -0.662638 0.595352 0.454386 0.254277 0.713786 2 37 0.500402 39 0.499598
engineer_handR_red
  37 -22.674208 38.317200 6.352495 -0.662638 0.595352 0.454386 0.254277 0.713786 2 37 0.500402 39 0.499598
  37 -22.478104 38.816700 6.034165 -0.663638 0.508486 0.548658 0.255941 0.680455 2 37 0.638021 39 0.361979
  37 -23.071507 38.143398 5.622225 -0.887624 0.385049 0.252708 0.284959 0.713761 3 37 0.444169 39 0.396936 45 0.158896
engineer_handR_red
  45 -23.463104 37.160995 4.724008 -0.973458 0.210192 0.090544 0.337554 0.736455 3 45 0.470996 47 0.470888 37 0.058116
  47 -23.507505 36.824600 4.854638 -0.983692 0.125974 0.128378 0.338005 0.752588 3 47 0.475049 45 0.474949 53 0.050001
  45 -23.326305 37.427700 5.363058 -0.964288 0.218041 0.150357 0.308693 0.736684 3 45 0.409398 47 0.409362 39 0.181240
engineer_handR_red
  49 -22.080807 32.573395 6.677847 -0.677818 -0.392571 0.621651 0.327305 0.900175 2 49 0.531044 51 0.468956
  49 -23.192408 33.706501 5.899507 -0.873882 -0.422807 0.239927 0.340777 0.857616 2 49 0.500042 47 0.499958
  49 -22.180408 32.376793 6.284577 -0.763690 -0.587827 0.266903 0.341687 0.899765 2 49 0.530453 51 0.469547
engineer_handR_red
  49 -23.061007 33.908398 6.364956 -0.740360 -0.197357 0.642587 0.325486 0.856148 2 49 0.500085 47 0.499915
  49 -23.192408 33.706501 5.899507 -0.873882 -0.422807 0.239927 0.340777 0.857616 2 49 0.500042 47 0.499958
  49 -22.080807 32.573395 6.677847 -0.677818 -0.392571 0.621651 0.327305 0.900175 2 49 0.531044 51 0.468956
engineer_handR_red
  49 -23.061007 33.908398 6.364956 -0.740360 -0.197357 0.642587 0.325486 0.856148 2 49 0.500085 47 0.499915
  49 -23.302807 33.993599 5.817957 -0.968753 -0.174459 0.176301 0.340527 0.851924 2 49 0.500000 47 0.500000
  49 -23.192408 33.706501 5.899507 -0.873882 -0.422807 0.239927 0.340777 0.857616 2 49 0.500042 47 0.499958
engineer_handR_red
  49 -23.176308 34.237499 6.290477 -0.794197 0.025309 0.607133 0.324963 0.851437 2 49 0.500001 47 0.499999
  49 -23.302807 33.993599 5.817957 -0.968753 -0.174459 0.176301 0.340527 0.851924 2 49 0.500000 47 0.500000
  49 -23.061007 33.908398 6.364956 -0.740360 -0.197357 0.642587 0.325486 0.856148 2 49 0.500085 47 0.499915
engineer_handR_red
  49 -23.302807 33.993599 5.817957 -0.968753 -0.174459 0.176301 0.340527 0.851924 2 49 0.500000 47 0.500000
  49 -23.176308 34.237499 6.290477 -0.794197 0.025309 0.607133 0.324963 0.851437 2 49 0.500001 47 0.499999
  47 -23.512505 36.436401 5.000088 -0.984032 -0.002410 0.177974 0.337649 0.773461 2 47 0.551856 45 0.448144
engineer_handR_red
  47 -23.512505 36.436401 5.000088 -0.984032 -0.002410 0.177974 0.337649 0.773461 2 47 0.551856 45 0.448144
  49 -23.176308 34.237499 6.290477 -0.794197 0.025309 0.607133 0.324963 0.851437 2 49 0.500001 47 0.499999
  47 -23.307905 36.720600 5.708008 -0.881353 -0.076849 0.466165 0.310717 0.770103 3 47 0.438186 45 0.380026 39 0.181788
engineer_handR_red
  45 -23.347204 37.096298 5.540127 -0.969661 0.092740 0.226180 0.305266 0.752728 3 45 0.413889 47 0.413852 39 0.172259
  47 -23.512505 36.436401 5.000088 -0.984032 -0.002410 0.177974 0.337649 0.773461 2 47 0.551856 45 0.448144
  47 -23.307905 36.720600 5.708008 -0.881353 -0.076849 0.466165 0.310717 0.770103 3 47 0.438186 45 0.380026 39 0.181788
engineer_handR_red
  47 -23.507505 36.824600 4.854638 -0.983692 0.125974 0.128378 0.338005 0.752588 3 47 0.475049 45 0.474949 53 0.050001
  45 -23.556503 36.944000 4.069037 -0.984526 0.174946 0.010153 0.366379 0.735402 3 45 0.400749 47 0.393937 53 0.205313
  47 -23.597208 36.557602 4.151989 -0.997914 0.021172 0.060985 0.370940 0.752079 3 47 0.385304 45 0.384802 53 0.229894
engineer_handR_red
  45 -23.463104 37.160995 4.724008 -0.973458 0.210192 0.090544 0.337554 0.736455 3 45 0.470996 47 0.470888 37 0.058116
  45 -23.556503 36.944000 4.069037 -0.984526 0.174946 0.010153 0.366379 0.735402 3 45 0.400749 47 0.393937 53 0.205313
  47 -23.507505 36.824600 4.854638 -0.983692 0.125974 0.128378 0.338005 0.752588 3 47 0.475049 45 0.474949 53 0.050001
engineer_handR_red
  45 -23.556503 36.944000 4.069037 -0.984526 0.174946 0.010153 0.366379 0.735402 3 45 0.400749 47 0.393937 53 0.205313
  45 -23.463104 37.160995 4.724008 -0.973458 0.210192 0.090544 0.337554 0.736455 3 45 0.470996 47 0.470888 37 0.058116
  45 -23.436604 37.465195 4.040548 -0.973247 0.228069 0.027822 0.360394 0.712984 3 45 0.467917 47 0.356791 53 0.175292
engineer_handR_red
  45 -23.436604 37.465195 4.040548 -0.973247 0.228069 0.027822 0.360394 0.712984 3 45 0.467917 47 0.356791 53 0.175292
  45 -23.463104 37.160995 4.724008 -0.973458 0.210192 0.090544 0.337554 0.736455 3 45 0.470996 47 0.470888 37 0.058116
  45 -23.383001 37.536800 4.574948 -0.962161 0.259919 0.081782 0.336837 0.712988 3 45 0.489597 47 0.420979 37 0.089423
engineer_handR_red
  45 -23.463104 37.160995 4.724008 -0.973458 0.210192 0.090544 0.337554 0.736455 3 45 0.470996 47 0.470888 37 0.058116
  45 -23.326305 37.427700 5.363058 -0.964288 0.218041 0.150357 0.308693 0.736684 3 45 0.409398 47 0.409362 39 0.181240
  45 -23.383001 37.536800 4.574948 -0.962161 0.259919 0.081782 0.336837 0.712988 3 45 0.489597 47 0.420979 37 0.089423
engineer_handR_red
  45 -23.383001 37.536800 4.574948 -0.962161 0.259919 0.081782 0.336837 0.712988 3 45 0.489597 47 0.420979 37 0.089423
  45 -23.326305 37.427700 5.363058 -0.964288 0.218041 0.150357 0.308693 0.736684 3 45 0.409398 47 0.409362 39 0.181240
  45 -23.258604 37.884602 5.010978 -0.951200 0.282182 0.124871 0.313367 0.713004 3 45 0.425984 47 0.350560 37 0.223456
engineer_handR_red
  45 -23.326305 37.427700 5.363058 -0.964288 0.218041 0.150357 0.308693 0.736684 3 45 0.409398 47 0.409362 39 0.181240
  37 -23.071507 38.143398 5.622225 -0.887624 0.385049 0.252708 0.284959 0.713761 3 37 0.444169 39 0.396936 45 0.158896
  45 -23.258604 37.884602 5.010978 -0.951200 0.282182 0.124871 0.313367 0.713004 3 45 0.425984 47 0.350560 37 0.223456
engineer_handR_red
  37 -22.954803 38.660301 5.220216 -0.887624 0.385049 0.252708 0.293176 0.679233 3 37 0.528132 39 0.259595 45 0.212273
  45 -23.258604 37.884602 5.010978 -0.951200 0.282182 0.124871 0.313367 0.713004 3 45 0.425984 47 0.350560 37 0.223456
  37 -23.071507 38.143398 5.622225 -0.887624 0.385049 0.252708 0.284959 0.713761 3 37 0.444169 39 0.396936 45 0.158896
engineer_handR_red
  37 -23.071507 38.143398 5.622225 -0.887624 0.385049 0.252708 0.284959 0.713761 3 37 0.444169 39 0.396936 45 0.158896
  37 -22.478104 38.816700 6.034165 -0.663638 0.508486 0.548658 0.255941 0.680455 2 37 0.638021 39 0.361979
  37 -22.954803 38.660301 5.220216 -0.887624 0.385049 0.252708 0.293176 0.679233 3 37 0.528132 39 0.259595 45 0.212273
engineer_handR_red
  37 -22.478104 38.816700 6.034165 -0.663638 0.508486 0.548658 0.255941 0.680455 2 37 0.638021 39 0.361979
  37 -22.360506 39.293201 5.729596 -0.681437 0.516265 0.518763 0.257773 0.660143 3 37 0.733716 39 0.207000 45 0.059284
  37 -22.954803 38.660301 5.220216 -0.887624 0.385049 0.252708 0.293176 0.679233 3 37 0.528132 39 0.259595 45 0.212273
engineer_handR_red
  37 -22.478104 38.816700 6.034165 -0.663638 0.508486 0.548658 0.255941 0.680455 2 37 0.638021 39 0.361979
  37 -21.571005 39.346100 6.330135 -0.382672 0.542377 0.747923 0.218614 0.660755 2 37 0.734527 39 0.265473
  37 -22.360506 39.293201 5.729596 -0.681437 0.516265 0.518763 0.257773 0.660143 3 37 0.733716 39 0.207000 45 0.059284
engineer_handR_red
  37 -21.475006 39.895004 5.949276 -0.423221 0.585470 0.691454 0.224134 0.632966 3 37 0.734094 39 0.136863 8 0.129043
  37 -22.360506 39.293201 5.729596 -0.681437 0.516265 0.518763 0.257773 0.660143 3 37 0.733716 39 0.207000 45 0.059284
  37 -21.571005 39.346100 6.330135 -0.382672 0.542377 0.747923 0.218614 0.660755 2 37 0.734527 39 0.265473
engineer_handR_red
  37 -21.571005 39.346100 6.330135 -0.382672 0.542377 0.747923 0.218614 0.660755 2 37 0.734527 39 0.265473
  37 -20.462206 39.893696 6.279636 -0.164464 0.596340 0.785703 0.178700 0.624259 3 37 0.570403 31 0.245264 8 0.184333
  37 -21.475006 39.895004 5.949276 -0.423221 0.585470 0.691454 0.224134 0.632966 3 37 0.734094 39 0.136863 8 0.129043
engineer_handR_red
  37 -21.496807 38.635403 6.832826 -0.230440 0.529882 0.816163 0.202586 0.690015 2 37 0.523879 39 0.476121
  37 -22.674208 38.317200 6.352495 -0.662638 0.595352 0.454386 0.254277 0.713786 2 37 0.500402 39 0.499598
  39 -21.987904 38.147900 7.144205 -0.203910 0.678815 0.705430 0.209859 0.722183 2 39 0.500714 37 0.499286
engineer_handR_red
  37 -22.674208 38.317200 6.352495 -0.662638 0.595352 0.454386 0.254277 0.713786 2 37 0.500402 39 0.499598
  39 -22.483608 37.947300 7.085205 -0.583060 0.574840 0.574108 0.225570 0.737323 2 39 0.534573 37 0.465428
  39 -21.987904 38.147900 7.144205 -0.203910 0.678815 0.705430 0.209859 0.722183 2 39 0.500714 37 0.499286
engineer_handR_red
  39 -22.862206 37.871597 6.558395 -0.847224 0.386560 0.364393 0.254286 0.737325 2 39 0.513093 37 0.486908
  39 -22.483608 37.947300 7.085205 -0.583060 0.574840 0.574108 0.225570 0.737323 2 39 0.534573 37 0.465428
  37 -22.674208 38.317200 6.352495 -0.662638 0.595352 0.454386 0.254277 0.713786 2 37 0.500402 39 0.499598
engineer_handR_red
  37 -22.674208 38.317200 6.352495 -0.662638 0.595352 0.454386 0.254277 0.713786 2 37 0.500402 39 0.499598
  39 -23.171705 37.639599 5.900025 -0.923035 0.284308 0.259183 0.285076 0.737556 3 39 0.416713 37 0.406617 45 0.176670
  39 -22.862206 37.871597 6.558395 -0.847224 0.386560 0.364393 0.254286 0.737325 2 39 0.513093 37 0.486908
engineer_handR_red
  39 -23.171705 37.639599 5.900025 -0.923035 0.284308 0.259183 0.285076 0.737556 3 39 0.416713 37 0.406617 45 0.176670
  39 -23.202206 37.291599 6.044075 -0.943719 0.157961 0.290590 0.285009 0.752140 3 39 0.450422 37 0.342108 45 0.207471
  39 -22.862206 37.871597 6.558395 -0.847224 0.386560 0.364393 0.254286 0.737325 2 39 0.513093 37 0.486908
engineer_handR_red
  39 -23.202206 37.291599 6.044075 -0.943719 0.157961 0.290590 0.285009 0.752140 3 39 0.450422 37 0.342108 45 0.207471
  39 -23.171705 37.639599 5.900025 -0.923035 0.284308 0.259183 0.285076 0.737556 3 39 0.416713 37 0.406617 45 0.176670
  45 -23.347204 37.096298 5.540127 -0.969661 0.092740 0.226180 0.305266 0.752728 3 45 0.413889 47 0.413852 39 0.172259
engineer_handR_red
  45 -23.347204 37.096298 5.540127 -0.969661 0.092740 0.226180 0.305266 0.752728 3 45 0.413889 47 0.413852 39 0.172259
  39 -23.185905 36.915897 6.147195 -0.955096 -0.166787 0.244893 0.275266 0.769352 3 39 0.513318 47 0.245988 37 0.240693
  39 -23.202206 37.291599 6.044075 -0.943719 0.157961 0.290590 0.285009 0.752140 3 39 0.450422 37 0.342108 45 0.207471
engineer_handR_red
  47 -23.307905 36.720600 5.708008 -0.881353 -0.076849 0.466165 0.310717 0.770103 3 47 0.438186 45 0.380026 39 0.181788
  39 -23.185905 36.915897 6.147195 -0.955096 -0.166787 0.244893 0.275266 0.769352 3 39 0.513318 47 0.245988 37 0.240693
  45 -23.347204 37.096298 5.540127 -0.969661 0.092740 0.226180 0.305266 0.752728 3 45 0.413889 47 0.413852 39 0.172259
engineer_handR_red
  47 -23.307905 36.720600 5.708008 -0.881353 -0.076849 0.466165 0.310717 0.770103 3 47 0.438186 45 0.380026 39 0.181788
  47 -22.990107 36.507900 5.915378 -0.545191 -0.236800 0.804172 0.304648 0.781551 3 47 0.445919 45 0.287296 39 0.266786
  39 -23.185905 36.915897 6.147195 -0.955096 -0.166787 0.244893 0.275266 0.769352 3 39 0.513318 47 0.245988 37 0.240693
engineer_handR_red
  49 -23.176308 34.237499 6.290477 -0.794197 0.025309 0.607133 0.324963 0.851437 2 49 0.500001 47 0.499999
  47 -22.990107 36.507900 5.915378 -0.545191 -0.236800 0.804172 0.304648 0.781551 3 47 0.445919 45 0.287296 39 0.266786
  47 -23.307905 36.720600 5.708008 -0.881353 -0.076849 0.466165 0.310717 0.770103 3 47 0.438186 45 0.380026 39 0.181788
engineer_handR_red
  47 -22.935207 34.373596 6.446497 -0.333891 0.154572 0.929852 0.318774 0.851363 2 47 0.502458 49 0.497542
  47 -22.990107 36.507900 5.915378 -0.545191 -0.236800 0.804172 0.304648 0.781551 3 47 0.445919 45 0.287296 39 0.266786
  49 -23.176308 34.237499 6.290477 -0.794197 0.025309 0.607133 0.324963 0.851437 2 49 0.500001 47 0.499999
engineer_handR_red
  49 -23.061007 33.908398 6.364956 -0.740360 -0.197357 0.642587 0.325486 0.856148 2 49 0.500085 47 0.499915
  47 -22.935207 34.373596 6.446497 -0.333891 0.154572 0.929852 0.318774 0.851363 2 47 0.502458 49 0.497542
  49 -23.176308 34.237499 6.290477 -0.794197 0.025309 0.607133 0.324963 0.851437 2 49 0.500001 47 0.499999
engineer_handR_red
  49 -22.812510 33.991501 6.535147 -0.333273 0.043097 0.941845 0.319637 0.859696 2 49 0.509626 47 0.490374
  47 -22.935207 34.373596 6.446497 -0.333891 0.154572 0.929852 0.318774 0.851363 2 47 0.502458 49 0.497542
  49 -23.061007 33.908398 6.364956 -0.740360 -0.197357 0.642587 0.325486 0.856148 2 49 0.500085 47 0.499915
engineer_handR_red
  49 -22.080807 32.573395 6.677847 -0.677818 -0.392571 0.621651 0.327305 0.900175 2 49 0.531044 51 0.468956
  49 -22.812510 33.991501 6.535147 -0.333273 0.043097 0.941845 0.319637 0.859696 2 49 0.509626 47 0.490374
  49 -23.061007 33.908398 6.364956 -0.740360 -0.197357 0.642587 0.325486 0.856148 2 49 0.500085 47 0.499915
engineer_handR_red
  49 -21.874508 32.719994 6.833776 -0.302349 -0.042856 0.952234 0.321145 0.903564 2 49 0.518374 51 0.481626
  49 -22.812510 33.991501 6.535147 -0.333273 0.043097 0.941845 0.319637 0.859696 2 49 0.509626 47 0.490374
  49 -22.080807 32.573395 6.677847 -0.677818 -0.392571 0.621651 0.327305 0.900175 2 49 0.531044 51 0.468956
engineer_handR_red
  49 -21.874508 32.719994 6.833776 -0.302349 -0.042856 0.952234 0.321145 0.903564 2 49 0.518374 51 0.481626
  49 -22.330408 34.007496 6.581267 0.180568 0.285307 0.941273 0.308558 0.869486 3 49 0.563417 47 0.376822 41 0.059761
  49 -22.812510 33.991501 6.535147 -0.333273 0.043097 0.941845 0.319637 0.859696 2 49 0.509626 47 0.490374
engineer_handR_red
  51 -21.476908 32.810295 6.855166 0.166218 0.337694 0.926463 0.312065 0.912781 2 51 0.503388 49 0.496612
  49 -22.330408 34.007496 6.581267 0.180568 0.285307 0.941273 0.308558 0.869486 3 49 0.563417 47 0.376822 41 0.059761
  49 -21.874508 32.719994 6.833776 -0.302349 -0.042856 0.952234 0.321145 0.903564 2 49 0.518374 51 0.481626
engineer_handR_red
  39 -22.862206 37.871597 6.558395 -0.847224 0.386560 0.364393 0.254286 0.737325 2 39 0.513093 37 0.486908
  39 -22.924606 37.519798 6.742515 -0.875258 0.300757 0.378772 0.252494 0.752838 2 39 0.625377 37 0.374623
  39 -22.483608 37.947300 7.085205 -0.583060 0.574840 0.574108 0.225570 0.737323 2 39 0.534573 37 0.465428
engineer_handR_red
  39 -22.862206 37.871597 6.558395 -0.847224 0.386560 0.364393 0.254286 0.737325 2 39 0.513093 37 0.486908
  39 -23.202206 37.291599 6.044075 -0.943719 0.157961 0.290590 0.285009 0.752140 3 39 0.450422 37 0.342108 45 0.207471
  39 -22.924606 37.519798 6.742515 -0.875258 0.300757 0.378772 0.252494 0.752838 2 39 0.625377 37 0.374623
engineer_handR_red
  39 -23.185905 36.915897 6.147195 -0.955096 -0.166787 0.244893 0.275266 0.769352 3 39 0.513318 47 0.245988 37 0.240693
  39 -22.924606 37.519798 6.742515 -0.875258 0.300757 0.378772 0.252494 0.752838 2 39 0.625377 37 0.374623
  39 -23.202206 37.291599 6.044075 -0.943719 0.157961 0.290590 0.285009 0.752140 3 39 0.450422 37 0.342108 45 0.207471
engineer_handR_red
  47 -22.481609 34.446899 6.473258 0.119409 0.222863 0.967509 0.306979 0.850163 3 47 0.491120 49 0.440094 41 0.068787
  49 -22.812510 33.991501 6.535147 -0.333273 0.043097 0.941845 0.319637 0.859696 2 49 0.509626 47 0.490374
  49 -22.330408 34.007496 6.581267 0.180568 0.285307 0.941273 0.308558 0.869486 3 49 0.563417 47 0.376822 41 0.059761
engineer_handR_red
  47 -22.935207 34.373596 6.446497 -0.333891 0.154572 0.929852 0.318774 0.851363 2 47 0.502458 49 0.497542
  49 -22.812510 33.991501 6.535147 -0.333273 0.043097 0.941845 0.319637 0.859696 2 49 0.509626 47 0.490374
  47 -22.481609 34.446899 6.473258 0.119409 0.222863 0.967509 0.306979 0.850163 3 47 0.491120 49 0.440094 41 0.068787
engineer_handR_red
  47 -22.481609 34.446899 6.473258 0.119409 0.222863 0.967509 0.306979 0.850163 3 47 0.491120 49 0.440094 41 0.068787
  47 -22.394306 36.140301 6.017406 -0.227181 -0.229737 0.946367 0.293686 0.804377 3 47 0.528254 39 0.329166 45 0.142581
  47 -22.935207 34.373596 6.446497 -0.333891 0.154572 0.929852 0.318774 0.851363 2 47 0.502458 49 0.497542
engineer_handR_red
  47 -22.935207 34.373596 6.446497 -0.333891 0.154572 0.929852 0.318774 0.851363 2 47 0.502458 49 0.497542
  47 -22.394306 36.140301 6.017406 -0.227181 -0.229737 0.946367 0.293686 0.804377 3 47 0.528254 39 0.329166 45 0.142581
  47 -22.990107 36.507900 5.915378 -0.545191 -0.236800 0.804172 0.304648 0.781551 3 47 0.445919 45 0.287296 39 0.266786
engineer_handR_red
  47 -22.990107 36.507900 5.915378 -0.545191 -0.236800 0.804172 0.304648 0.781551 3 47 0.445919 45 0.287296 39 0.266786
  47 -22.394306 36.140301 6.017406 -0.227181 -0.229737 0.946367 0.293686 0.804377 3 47 0.528254 39 0.329166 45 0.142581
  39 -22.943108 36.589699 6.053027 -0.725520 -0.686068 -0.054137 0.278800 0.782099 3 39 0.427265 47 0.333971 45 0.238764
engineer_handR_red
  39 -23.185905 36.915897 6.147195 -0.955096 -0.166787 0.244893 0.275266 0.769352 3 39 0.513318 47 0.245988 37 0.240693
  47 -22.990107 36.507900 5.915378 -0.545191 -0.236800 0.804172 0.304648 0.781551 3 47 0.445919 45 0.287296 39 0.266786
  39 -22.943108 36.589699 6.053027 -0.725520 -0.686068 -0.054137 0.278800 0.782099 3 39 0.427265 47 0.333971 45 0.238764
engineer_handR_red
  39 -22.943108 36.589699 6.053027 -0.725520 -0.686068 -0.054137 0.278800 0.782099 3 39 0.427265 47 0.333971 45 0.238764
  47 -22.394306 36.140301 6.017406 -0.227181 -0.229737 0.946367 0.293686 0.804377 3 47 0.528254 39 0.329166 45 0.142581
  39 -22.360107 36.192699 6.082696 -0.363835 -0.904220 -0.223630 0.283074 0.807445 3 39 0.478544 47 0.390950 45 0.130507
engineer_handR_red
  43 -21.269619 33.346481 7.185494 0.009638 -0.262547 -0.964871 0.254842 0.913323 2 43 0.564987 41 0.435013
  43 -21.549688 33.274529 7.286757 -0.428386 -0.528096 -0.733212 0.248012 0.906387 3 43 0.505471 41 0.434054 49 0.060475
  41 -21.494766 33.671955 7.097429 0.009638 -0.262546 -0.964871 0.257987 0.898169 3 41 0.538218 43 0.395486 49 0.066297
engineer_handR_red
  41 -21.494766 33.671955 7.097429 0.009638 -0.262546 -0.964871 0.257987 0.898169 3 41 0.538218 43 0.395486 49 0.066297
  43 -21.549688 33.274529 7.286757 -0.428386 -0.528096 -0.733212 0.248012 0.906387 3 43 0.505471 41 0.434054 49 0.060475
  41 -21.808853 33.608288 7.202041 -0.447566 -0.491014 -0.747389 0.250573 0.890917 3 41 0.552667 43 0.370103 49 0.077230
engineer_handR_red
  41 -21.494766 33.671955 7.097429 0.009638 -0.262546 -0.964871 0.257987 0.898169 3 41 0.538218 43 0.395486 49 0.066297
  41 -21.808853 33.608288 7.202041 -0.447566 -0.491014 -0.747389 0.250573 0.890917 3 41 0.552667 43 0.370103 49 0.077230
  41 -22.200314 34.863403 6.761996 0.034742 -0.326050 -0.944714 0.268087 0.857936 3 41 0.471070 39 0.443464 47 0.085466
engineer_handR_red
  41 -22.200314 34.863403 6.761996 0.034742 -0.326050 -0.944714 0.268087 0.857936 3 41 0.471070 39 0.443464 47 0.085466
  41 -21.808853 33.608288 7.202041 -0.447566 -0.491014 -0.747389 0.250573 0.890917 3 41 0.552667 43 0.370103 49 0.077230
  41 -22.639406 34.838795 6.864184 -0.447566 -0.491014 -0.747389 0.257923 0.847188 3 41 0.458629 39 0.458573 47 0.082797
engineer_handR_red
  41 -22.639406 34.838795 6.864184 -0.447566 -0.491014 -0.747389 0.257923 0.847188 3 41 0.458629 39 0.458573 47 0.082797
  39 -22.296909 35.203098 6.626796 0.004956 -0.462171 -0.886777 0.272833 0.842779 3 39 0.528948 41 0.359394 47 0.111658
  41 -22.200314 34.863403 6.761996 0.034742 -0.326050 -0.944714 0.268087 0.857936 3 41 0.471070 39 0.443464 47 0.085466
engineer_handR_red
  39 -22.772009 35.210400 6.722485 -0.470717 -0.461175 -0.752158 0.259646 0.838722 3 39 0.479135 41 0.405070 47 0.115795
  39 -22.296909 35.203098 6.626796 0.004956 -0.462171 -0.886777 0.272833 0.842779 3 39 0.528948 41 0.359394 47 0.111658
  41 -22.639406 34.838795 6.864184 -0.447566 -0.491014 -0.747389 0.257923 0.847188 3 41 0.458629 39 0.458573 47 0.082797
engineer_handR_red
  39 -22.772009 35.210400 6.722485 -0.470717 -0.461175 -0.752158 0.259646 0.838722 3 39 0.479135 41 0.405070 47 0.115795
  39 -22.360107 36.192699 6.082696 -0.363835 -0.904220 -0.223630 0.283074 0.807445 3 39 0.478544 47 0.390950 45 0.130507
  39 -22.296909 35.203098 6.626796 0.004956 -0.462171 -0.886777 0.272833 0.842779 3 39 0.528948 41 0.359394 47 0.111658
engineer_handR_red
  39 -22.943108 36.589699 6.053027 -0.725520 -0.686068 -0.054137 0.278800 0.782099 3 39 0.427265 47 0.333971 45 0.238764
  39 -22.360107 36.192699 6.082696 -0.363835 -0.904220 -0.223630 0.283074 0.807445 3 39 0.478544 47 0.390950 45 0.130507
  39 -22.772009 35.210400 6.722485 -0.470717 -0.461175 -0.752158 0.259646 0.838722 3 39 0.479135 41 0.405070 47 0.115795
engineer_handR_red
  39 -23.011810 35.262104 6.969165 -0.933898 -0.273933 -0.229771 0.252543 0.836696 3 39 0.490195 41 0.455087 47 0.054718
  39 -22.943108 36.589699 6.053027 -0.725520 -0.686068 -0.054137 0.278800 0.782099 3 39 0.427265 47 0.333971 45 0.238764
  39 -22.772009 35.210400 6.722485 -0.470717 -0.461175 -0.752158 0.259646 0.838722 3 39 0.479135 41 0.405070 47 0.115795
engineer_handR_red
  39 -23.185905 36.915897 6.147195 -0.955096 -0.166787 0.244893 0.275266 0.769352 3 39 0.513318 47 0.245988 37 0.240693
  39 -22.943108 36.589699 6.053027 -0.725520 -0.686068 -0.054137 0.278800 0.782099 3 39 0.427265 47 0.333971 45 0.238764
  39 -23.011810 35.262104 6.969165 -0.933898 -0.273933 -0.229771 0.252543 0.836696 3 39 0.490195 41 0.455087 47 0.054718
engineer_handR_red
  39 -23.011810 35.262104 6.969165 -0.933898 -0.273933 -0.229771 0.252543 0.836696 3 39 0.490195 41 0.455087 47 0.054718
  39 -22.977808 37.174000 6.898656 -0.921587 0.207513 0.328049 0.245555 0.769843 2 39 0.767468 37 0.232532
  39 -23.185905 36.915897 6.147195 -0.955096 -0.166787 0.244893 0.275266 0.769352 3 39 0.513318 47 0.245988 37 0.240693
engineer_handR_red
  39 -22.977808 37.174000 6.898656 -0.921587 0.207513 0.328049 0.245555 0.769843 2 39 0.767468 37 0.232532
  39 -22.924606 37.519798 6.742515 -0.875258 0.300757 0.378772 0.252494 0.752838 2 39 0.625377 37 0.374623
  39 -23.185905 36.915897 6.147195 -0.955096 -0.166787 0.244893 0.275266 0.769352 3 39 0.513318 47 0.245988 37 0.240693
engineer_handR_red
  39 -22.924606 37.519798 6.742515 -0.875258 0.300757 0.378772 0.252494 0.752838 2 39 0.625377 37 0.374623
  39 -22.977808 37.174000 6.898656 -0.921587 0.207513 0.328049 0.245555 0.769843 2 39 0.767468 37 0.232532
  39 -22.538204 37.632496 7.303545 -0.655514 0.445167 0.610022 0.222070 0.754012 2 39 0.657773 37 0.342227
engineer_handR_red
  39 -22.483608 37.947300 7.085205 -0.583060 0.574840 0.574108 0.225570 0.737323 2 39 0.534573 37 0.465428
  39 -22.924606 37.519798 6.742515 -0.875258 0.300757 0.378772 0.252494 0.752838 2 39 0.625377 37 0.374623
  39 -22.538204 37.632496 7.303545 -0.655514 0.445167 0.610022 0.222070 0.754012 2 39 0.657773 37 0.342227
engineer_handR_red
  39 -22.087807 37.630100 7.546126 -0.173494 0.551754 0.815762 0.207656 0.754802 2 39 0.665965 37 0.334035
  39 -22.483608 37.947300 7.085205 -0.583060 0.574840 0.574108 0.225570 0.737323 2 39 0.534573 37 0.465428
  39 -22.538204 37.632496 7.303545 -0.655514 0.445167 0.610022 0.222070 0.754012 2 39 0.657773 37 0.342227
engineer_handR_red
  39 -21.987904 38.147900 7.144205 -0.203910 0.678815 0.705430 0.209859 0.722183 2 39 0.500714 37 0.499286
  39 -22.483608 37.947300 7.085205 -0.583060 0.574840 0.574108 0.225570 0.737323 2 39 0.534573 37 0.465428
  39 -22.087807 37.630100 7.546126 -0.173494 0.551754 0.815762 0.207656 0.754802 2 39 0.665965 37 0.334035
engineer_handR_red
  39 -21.987904 38.147900 7.144205 -0.203910 0.678815 0.705430 0.209859 0.722183 2 39 0.500714 37 0.499286
  39 -22.087807 37.630100 7.546126 -0.173494 0.551754 0.815762 0.207656 0.754802 2 39 0.665965 37 0.334035
  39 -21.238007 37.776497 7.325075 0.326855 0.332007 0.884837 0.179951 0.728863 2 39 0.543535 37 0.456465
engineer_handR_red
  39 -21.987904 38.147900 7.144205 -0.203910 0.678815 0.705430 0.209859 0.722183 2 39 0.500714 37 0.499286
  39 -21.238007 37.776497 7.325075 0.326855 0.332007 0.884837 0.179951 0.728863 2 39 0.543535 37 0.456465
  37 -21.496807 38.635403 6.832826 -0.230440 0.529882 0.816163 0.202586 0.690015 2 37 0.523879 39 0.476121
engineer_handR_red
  39 -21.238007 37.776497 7.325075 0.326855 0.332007 0.884837 0.179951 0.728863 2 39 0.543535 37 0.456465
  39 -22.087807 37.630100 7.546126 -0.173494 0.551754 0.815762 0.207656 0.754802 2 39 0.665965 37 0.334035
  39 -21.490206 37.382599 7.583675 0.416267 0.309608 0.854906 0.184384 0.753172 2 39 0.716797 37 0.283203
engineer_handR_red
  41 -22.639406 34.838795 6.864184 -0.447566 -0.491014 -0.747389 0.257923 0.847188 3 41 0.458629 39 0.458573 47 0.082797
  41 -21.983978 33.591824 7.439229 -0.752788 -0.608383 -0.251358 0.244848 0.887884 2 41 0.613626 43 0.386374
  41 -22.860809 34.871300 7.116445 -0.866219 -0.478331 -0.144444 0.252082 0.843667 2 41 0.500031 39 0.499969
engineer_handR_red
  41 -21.808853 33.608288 7.202041 -0.447566 -0.491014 -0.747389 0.250573 0.890917 3 41 0.552667 43 0.370103 49 0.077230
  41 -21.983978 33.591824 7.439229 -0.752788 -0.608383 -0.251358 0.244848 0.887884 2 41 0.613626 43 0.386374
  41 -22.639406 34.838795 6.864184 -0.447566 -0.491014 -0.747389 0.257923 0.847188 3 41 0.458629 39 0.458573 47 0.082797
engineer_handR_red
  41 -21.808853 33.608288 7.202041 -0.447566 -0.491014 -0.747389 0.250573 0.890917 3 41 0.552667 43 0.370103 49 0.077230
  43 -21.715385 33.250164 7.514295 -0.754886 -0.646172 -0.112286 0.242302 0.903295 2 43 0.529389 41 0.470611
  41 -21.983978 33.591824 7.439229 -0.752788 -0.608383 -0.251358 0.244848 0.887884 2 41 0.613626 43 0.386374
engineer_handR_red
  43 -21.549688 33.274529 7.286757 -0.428386 -0.528096 -0.733212 0.248012 0.906387 3 43 0.505471 41 0.434054 49 0.060475
  43 -21.715385 33.250164 7.514295 -0.754886 -0.646172 -0.112286 0.242302 0.903295 2 43 0.529389 41 0.470611
  41 -21.808853 33.608288 7.202041 -0.447566 -0.491014 -0.747389 0.250573 0.890917 3 41 0.552667 43 0.370103 49 0.077230
engineer_handR_red
  43 -20.986660 33.761993 8.546196 0.380249 0.211818 0.900302 0.190569 0.904037 2 43 0.583754 41 0.416246
  41 -21.196514 34.129566 8.540367 0.361957 0.257428 0.895945 0.190541 0.887611 2 41 0.548472 43 0.451528
  43 -21.271416 33.659012 8.582977 -0.121019 -0.106334 0.986938 0.199600 0.898742 2 43 0.561069 41 0.438931
engineer_handR_red
  43 -21.271416 33.659012 8.582977 -0.121019 -0.106334 0.986938 0.199600 0.898742 2 43 0.561069 41 0.438931
  41 -21.196514 34.129566 8.540367 0.361957 0.257428 0.895945 0.190541 0.887611 2 41 0.548472 43 0.451528
  41 -21.509487 34.033836 8.576775 -0.170521 -0.054104 0.983868 0.200485 0.882270 2 41 0.571432 43 0.428568
engineer_handR_red
  41 -21.196514 34.129566 8.540367 0.361957 0.257428 0.895945 0.190541 0.887611 2 41 0.548472 43 0.451528
  41 -21.873409 35.467903 8.431875 0.361957 0.257428 0.895945 0.192577 0.843629 2 41 0.508097 39 0.491903
  41 -21.509487 34.033836 8.576775 -0.170521 -0.054104 0.983868 0.200485 0.882270 2 41 0.571432 43 0.428568
engineer_handR_red
  41 -21.509487 34.033836 8.576775 -0.170521 -0.054104 0.983868 0.200485 0.882270 2 41 0.571432 43 0.428568
  41 -21.873409 35.467903 8.431875 0.361957 0.257428 0.895945 0.192577 0.843629 2 41 0.508097 39 0.491903
  41 -22.298107 35.425301 8.466365 -0.276537 0.095679 0.956229 0.204780 0.836846 2 41 0.500016 39 0.499984
engineer_handR_red
  39 -21.905407 35.866699 8.306695 0.293891 0.311499 0.903657 0.191107 0.826439 2 39 0.548979 41 0.451021
  41 -22.298107 35.425301 8.466365 -0.276537 0.095679 0.956229 0.204780 0.836846 2 41 0.500016 39 0.499984
  41 -21.873409 35.467903 8.431875 0.361957 0.257428 0.895945 0.192577 0.843629 2 41 0.508097 39 0.491903
engineer_handR_red
  39 -22.365608 35.842300 8.342505 -0.189731 0.339628 0.921225 0.204310 0.828519 2 39 0.524853 41 0.475147
  41 -22.298107 35.425301 8.466365 -0.276537 0.095679 0.956229 0.204780 0.836846 2 41 0.500016 39 0.499984
  39 -21.905407 35.866699 8.306695 0.293891 0.311499 0.903657 0.191107 0.826439 2 39 0.548979 41 0.451021
engineer_handR_red
  39 -21.660709 37.008801 7.791156 0.380732 0.311368 0.870686 0.188421 0.775862 3 39 0.790177 37 0.135424 41 0.074399
  39 -22.365608 35.842300 8.342505 -0.189731 0.339628 0.921225 0.204310 0.828519 2 39 0.524853 41 0.475147
  39 -21.905407 35.866699 8.306695 0.293891 0.311499 0.903657 0.191107 0.826439 2 39 0.548979 41 0.451021
engineer_handR_red
  39 -22.209707 37.221001 7.761595 -0.210004 0.430696 0.877724 0.206383 0.771651 3 39 0.765781 37 0.172423 41 0.061796
  39 -22.365608 35.842300 8.342505 -0.189731 0.339628 0.921225 0.204310 0.828519 2 39 0.524853 41 0.475147
  39 -21.660709 37.008801 7.791156 0.380732 0.311368 0.870686 0.188421 0.775862 3 39 0.790177 37 0.135424 41 0.074399
engineer_handR_red
  39 -21.490206 37.382599 7.583675 0.416267 0.309608 0.854906 0.184384 0.753172 2 39 0.716797 37 0.283203
  39 -22.209707 37.221001 7.761595 -0.210004 0.430696 0.877724 0.206383 0.771651 3 39 0.765781 37 0.172423 41 0.061796
  39 -21.660709 37.008801 7.791156 0.380732 0.311368 0.870686 0.188421 0.775862 3 39 0.790177 37 0.135424 41 0.074399
engineer_handR_red
  39 -22.087807 37.630100 7.546126 -0.173494 0.551754 0.815762 0.207656 0.754802 2 39 0.665965 37 0.334035
  39 -22.209707 37.221001 7.761595 -0.210004 0.430696 0.877724 0.206383 0.771651 3 39 0.765781 37 0.172423 41 0.061796
  39 -21.490206 37.382599 7.583675 0.416267 0.309608 0.854906 0.184384 0.753172 2 39 0.716797 37 0.283203
engineer_handR_red
  39 -22.087807 37.630100 7.546126 -0.173494 0.551754 0.815762 0.207656 0.754802 2 39 0.665965 37 0.334035
  39 -22.611408 37.274300 7.503846 -0.678367 0.381362 0.627997 0.218876 0.768344 2 39 0.796105 37 0.203895
  39 -22.209707 37.221001 7.761595 -0.210004 0.430696 0.877724 0.206383 0.771651 3 39 0.765781 37 0.172423 41 0.061796
engineer_handR_red
  39 -22.538204 37.632496 7.303545 -0.655514 0.445167 0.610022 0.222070 0.754012 2 39 0.657773 37 0.342227
  39 -22.611408 37.274300 7.503846 -0.678367 0.381362 0.627997 0.218876 0.768344 2 39 0.796105 37 0.203895
  39 -22.087807 37.630100 7.546126 -0.173494 0.551754 0.815762 0.207656 0.754802 2 39 0.665965 37 0.334035
engineer_handR_red
  39 -22.538204 37.632496 7.303545 -0.655514 0.445167 0.610022 0.222070 0.754012 2 39 0.657773 37 0.342227
  39 -22.977808 37.174000 6.898656 -0.921587 0.207513 0.328049 0.245555 0.769843 2 39 0.767468 37 0.232532
  39 -22.611408 37.274300 7.503846 -0.678367 0.381362 0.627997 0.218876 0.768344 2 39 0.796105 37 0.203895
engineer_handR_red
  39 -22.977808 37.174000 6.898656 -0.921587 0.207513 0.328049 0.245555 0.769843 2 39 0.767468 37 0.232532
  39 -22.957708 35.477295 7.595125 -0.954691 -0.045714 0.294067 0.232288 0.832854 2 39 0.513446 41 0.486554
  39 -22.611408 37.274300 7.503846 -0.678367 0.381362 0.627997 0.218876 0.768344 2 39 0.796105 37 0.203895
engineer_handR_red
  39 -22.957708 35.477295 7.595125 -0.954691 -0.045714 0.294067 0.232288 0.832854 2 39 0.513446 41 0.486554
  39 -22.977808 37.174000 6.898656 -0.921587 0.207513 0.328049 0.245555 0.769843 2 39 0.767468 37 0.232532
  39 -23.011810 35.262104 6.969165 -0.933898 -0.273933 -0.229771 0.252543 0.836696 3 39 0.490195 41 0.455087 47 0.054718
engineer_handR_red
  41 -22.860809 34.871300 7.116445 -0.866219 -0.478331 -0.144444 0.252082 0.843667 2 41 0.500031 39 0.499969
  39 -22.957708 35.477295 7.595125 -0.954691 -0.045714 0.294067 0.232288 0.832854 2 39 0.513446 41 0.486554
  39 -23.011810 35.262104 6.969165 -0.933898 -0.273933 -0.229771 0.252543 0.836696 3 39 0.490195 41 0.455087 47 0.054718
engineer_handR_red
  39 -22.772009 35.210400 6.722485 -0.470717 -0.461175 -0.752158 0.259646 0.838722 3 39 0.479135 41 0.405070 47 0.115795
  41 -22.860809 34.871300 7.116445 -0.866219 -0.478331 -0.144444 0.252082 0.843667 2 41 0.500031 39 0.499969
  39 -23.011810 35.262104 6.969165 -0.933898 -0.273933 -0.229771 0.252543 0.836696 3 39 0.490195 41 0.455087 47 0.054718
engineer_handR_red
  41 -22.639406 34.838795 6.864184 -0.447566 -0.491014 -0.747389 0.257923 0.847188 3 41 0.458629 39 0.458573 47 0.082797
  41 -22.860809 34.871300 7.116445 -0.866219 -0.478331 -0.144444 0.252082 0.843667 2 41 0.500031 39 0.499969
  39 -22.772009 35.210400 6.722485 -0.470717 -0.461175 -0.752158 0.259646 0.838722 3 39 0.479135 41 0.405070 47 0.115795
engineer_handR_red
  43 -21.271416 33.659012 8.582977 -0.121019 -0.106334 0.986938 0.199600 0.898742 2 43 0.561069 41 0.438931
  41 -21.509487 34.033836 8.576775 -0.170521 -0.054104 0.983868 0.200485 0.882270 2 41 0.571432 43 0.428568
  43 -21.505838 33.522987 8.450142 -0.564942 -0.385914 0.729322 0.206122 0.897132 2 43 0.553953 41 0.446047
engineer_handR_red
  43 -21.505838 33.522987 8.450142 -0.564942 -0.385914 0.729322 0.206122 0.897132 2 43 0.553953 41 0.446047
  41 -21.509487 34.033836 8.576775 -0.170521 -0.054104 0.983868 0.200485 0.882270 2 41 0.571432 43 0.428568
  41 -21.754803 33.894745 8.429243 -0.639153 -0.311143 0.703330 0.207066 0.880885 2 41 0.594839 43 0.405161
engineer_handR_red
  41 -21.509487 34.033836 8.576775 -0.170521 -0.054104 0.983868 0.200485 0.882270 2 41 0.571432 43 0.428568
  41 -22.298107 35.425301 8.466365 -0.276537 0.095679 0.956229 0.204780 0.836846 2 41 0.500016 39 0.499984
  41 -21.754803 33.894745 8.429243 -0.639153 -0.311143 0.703330 0.207066 0.880885 2 41 0.594839 43 0.405161
engineer_handR_red
  41 -21.754803 33.894745 8.429243 -0.639153 -0.311143 0.703330 0.207066 0.880885 2 41 0.594839 43 0.405161
  41 -22.298107 35.425301 8.466365 -0.276537 0.095679 0.956229 0.204780 0.836846 2 41 0.500016 39 0.499984
  41 -22.592907 35.302700 8.282206 -0.711272 -0.145007 0.687797 0.211311 0.835824 2 41 0.500022 39 0.499978
engineer_handR_red
  41 -22.298107 35.425301 8.466365 -0.276537 0.095679 0.956229 0.204780 0.836846 2 41 0.500016 39 0.499984
  39 -22.687708 35.722198 8.156624 -0.727418 0.152452 0.669045 0.212307 0.829812 2 39 0.513756 41 0.486244
  41 -22.592907 35.302700 8.282206 -0.711272 -0.145007 0.687797 0.211311 0.835824 2 41 0.500022 39 0.499978
engineer_handR_red
  39 -22.365608 35.842300 8.342505 -0.189731 0.339628 0.921225 0.204310 0.828519 2 39 0.524853 41 0.475147
  39 -22.687708 35.722198 8.156624 -0.727418 0.152452 0.669045 0.212307 0.829812 2 39 0.513756 41 0.486244
  41 -22.298107 35.425301 8.466365 -0.276537 0.095679 0.956229 0.204780 0.836846 2 41 0.500016 39 0.499984
engineer_handR_red
  39 -22.209707 37.221001 7.761595 -0.210004 0.430696 0.877724 0.206383 0.771651 3 39 0.765781 37 0.172423 41 0.061796
  39 -22.687708 35.722198 8.156624 -0.727418 0.152452 0.669045 0.212307 0.829812 2 39 0.513756 41 0.486244
  39 -22.365608 35.842300 8.342505 -0.189731 0.339628 0.921225 0.204310 0.828519 2 39 0.524853 41 0.475147
engineer_handR_red
  39 -22.611408 37.274300 7.503846 -0.678367 0.381362 0.627997 0.218876 0.768344 2 39 0.796105 37 0.203895
  39 -22.687708 35.722198 8.156624 -0.727418 0.152452 0.669045 0.212307 0.829812 2 39 0.513756 41 0.486244
  39 -22.209707 37.221001 7.761595 -0.210004 0.430696 0.877724 0.206383 0.771651 3 39 0.765781 37 0.172423 41 0.061796
engineer_handR_red
  39 -22.611408 37.274300 7.503846 -0.678367 0.381362 0.627997 0.218876 0.768344 2 39 0.796105 37 0.203895
  39 -22.957708 35.477295 7.595125 -0.954691 -0.045714 0.294067 0.232288 0.832854 2 39 0.513446 41 0.486554
  39 -22.687708 35.722198 8.156624 -0.727418 0.152452 0.669045 0.212307 0.829812 2 39 0.513756 41 0.486244
engineer_handR_red
  39 -22.957708 35.477295 7.595125 -0.954691 -0.045714 0.294067 0.232288 0.832854 2 39 0.513446 41 0.486554
  41 -22.829308 35.067699 7.730235 -0.873985 -0.302867 0.380028 0.231167 0.840377 2 41 0.500030 39 0.499970
  39 -22.687708 35.722198 8.156624 -0.727418 0.152452 0.669045 0.212307 0.829812 2 39 0.513756 41 0.486244
engineer_handR_red
  41 -22.829308 35.067699 7.730235 -0.873985 -0.302867 0.380028 0.231167 0.840377 2 41 0.500030 39 0.499970
  39 -22.957708 35.477295 7.595125 -0.954691 -0.045714 0.294067 0.232288 0.832854 2 39 0.513446 41 0.486554
  41 -22.860809 34.871300 7.116445 -0.866219 -0.478331 -0.144444 0.252082 0.843667 2 41 0.500031 39 0.499969
engineer_handR_red
  41 -22.860809 34.871300 7.116445 -0.866219 -0.478331 -0.144444 0.252082 0.843667 2 41 0.500031 39 0.499969
  41 -21.954910 33.703323 7.959121 -0.800225 -0.510460 0.314754 0.225850 0.884901 2 41 0.634745 43 0.365255
  41 -22.829308 35.067699 7.730235 -0.873985 -0.302867 0.380028 0.231167 0.840377 2 41 0.500030 39 0.499970
engineer_handR_red
  41 -21.983978 33.591824 7.439229 -0.752788 -0.608383 -0.251358 0.244848 0.887884 2 41 0.613626 43 0.386374
  41 -21.954910 33.703323 7.959121 -0.800225 -0.510460 0.314754 0.225850 0.884901 2 41 0.634745 43 0.365255
  41 -22.860809 34.871300 7.116445 -0.866219 -0.478331 -0.144444 0.252082 0.843667 2 41 0.500031 39 0.499969
engineer_handR_red
  41 -21.983978 33.591824 7.439229 -0.752788 -0.608383 -0.251358 0.244848 0.887884 2 41 0.613626 43 0.386374
  43 -21.715385 33.250164 7.514295 -0.754886 -0.646172 -0.112286 0.242302 0.903295 2 43 0.529389 41 0.470611
  41 -21.954910 33.703323 7.959121 -0.800225 -0.510460 0.314754 0.225850 0.884901 2 41 0.634745 43 0.365255
engineer_handR_red
  41 -21.954910 33.703323 7.959121 -0.800225 -0.510460 0.314754 0.225850 0.884901 2 41 0.634745 43 0.365255
  43 -21.715385 33.250164 7.514295 -0.754886 -0.646172 -0.112286 0.242302 0.903295 2 43 0.529389 41 0.470611
  43 -21.697475 33.344681 8.007166 -0.731561 -0.575340 0.365791 0.224214 0.900662 2 43 0.553424 41 0.446576
engineer_handR_red
  39 -22.687708 35.722198 8.156624 -0.727418 0.152452 0.669045 0.212307 0.829812 2 39 0.513756 41 0.486244
  41 -22.829308 35.067699 7.730235 -0.873985 -0.302867 0.380028 0.231167 0.840377 2 41 0.500030 39 0.499970
  41 -22.592907 35.302700 8.282206 -0.711272 -0.145007 0.687797 0.211311 0.835824 2 41 0.500022 39 0.499978
engineer_handR_red
  41 -22.592907 35.302700 8.282206 -0.711272 -0.145007 0.687797 0.211311 0.835824 2 41 0.500022 39 0.499978
  41 -22.829308 35.067699 7.730235 -0.873985 -0.302867 0.380028 0.231167 0.840377 2 41 0.500030 39 0.499970
  41 -21.754803 33.894745 8.429243 -0.639153 -0.311143 0.703330 0.207066 0.880885 2 41 0.594839 43 0.405161
engineer_handR_red
  41 -21.754803 33.894745 8.429243 -0.639153 -0.311143 0.703330 0.207066 0.880885 2 41 0.594839 43 0.405161
  41 -22.829308 35.067699 7.730235 -0.873985 -0.302867 0.380028 0.231167 0.840377 2 41 0.500030 39 0.499970
  41 -21.954910 33.703323 7.959121 -0.800225 -0.510460 0.314754 0.225850 0.884901 2 41 0.634745 43 0.365255
engineer_handR_red
  41 -21.754803 33.894745 8.429243 -0.639153 -0.311143 0.703330 0.207066 0.880885 2 41 0.594839 43 0.405161
  41 -21.954910 33.703323 7.959121 -0.800225 -0.510460 0.314754 0.225850 0.884901 2 41 0.634745 43 0.365255
  43 -21.505838 33.522987 8.450142 -0.564942 -0.385914 0.729322 0.206122 0.897132 2 43 0.553953 41 0.446047
engineer_handR_red
  43 -21.505838 33.522987 8.450142 -0.564942 -0.385914 0.729322 0.206122 0.897132 2 43 0.553953 41 0.446047
  41 -21.954910 33.703323 7.959121 -0.800225 -0.510460 0.314754 0.225850 0.884901 2 41 0.634745 43 0.365255
  43 -21.697475 33.344681 8.007166 -0.731561 -0.575340 0.365791 0.224214 0.900662 2 43 0.553424 41 0.446576
engineer_handR_red
  51 -20.823807 31.472893 6.908027 -0.517517 -0.530858 0.671093 0.335892 0.964799 1 51 1.000000
  51 -21.085407 31.683693 6.870687 -0.547389 -0.534732 0.643760 0.334016 0.957526 1 51 1.000000
  51 -20.893307 31.331993 6.611557 -0.606419 -0.708717 0.360523 0.344166 0.964581 1 51 1.000000
engineer_handR_red
  51 -20.893307 31.331993 6.611557 -0.606419 -0.708717 0.360523 0.344166 0.964581 1 51 1.000000
  51 -21.085407 31.683693 6.870687 -0.547389 -0.534732 0.643760 0.334016 0.957526 1 51 1.000000
  51 -21.162607 31.531193 6.542707 -0.624648 -0.711836 0.321098 0.343387 0.956342 1 51 1.000000
engineer_handR_red
  51 -20.992607 31.424793 6.017057 -0.272403 -0.684603 -0.676103 0.356268 0.956207 1 51 1.000000
  51 -21.153706 31.422190 6.205927 -0.553848 -0.815226 -0.169289 0.352344 0.954744 1 51 1.000000
  51 -21.627907 31.946194 5.781477 -0.291644 -0.636358 -0.714137 0.356298 0.934080 2 51 0.607021 49 0.392979
engineer_handR_red
  51 -21.627907 31.946194 5.781477 -0.291644 -0.636358 -0.714137 0.356298 0.934080 2 51 0.607021 49 0.392979
  51 -21.153706 31.422190 6.205927 -0.553848 -0.815226 -0.169289 0.352344 0.954744 1 51 1.000000
  51 -21.841707 31.952892 5.984746 -0.611841 -0.776523 -0.150542 0.352158 0.932319 2 51 0.556856 49 0.443144
engineer_handR_red
  51 -21.162607 31.531193 6.542707 -0.624648 -0.711836 0.321098 0.343387 0.956342 1 51 1.000000
  51 -21.841707 31.952892 5.984746 -0.611841 -0.776523 -0.150542 0.352158 0.932319 2 51 0.556856 49 0.443144
  51 -21.153706 31.422190 6.205927 -0.553848 -0.815226 -0.169289 0.352344 0.954744 1 51 1.000000
engineer_handR_red
  51 -21.859610 32.074795 6.370547 -0.684485 -0.667975 0.292043 0.342216 0.933703 2 51 0.580661 49 0.419339
  51 -21.841707 31.952892 5.984746 -0.611841 -0.776523 -0.150542 0.352158 0.932319 2 51 0.556856 49 0.443144
  51 -21.162607 31.531193 6.542707 -0.624648 -0.711836 0.321098 0.343387 0.956342 1 51 1.000000
engineer_handR_red
  51 -21.859610 32.074795 6.370547 -0.684485 -0.667975 0.292043 0.342216 0.933703 2 51 0.580661 49 0.419339
  51 -21.162607 31.531193 6.542707 -0.624648 -0.711836 0.321098 0.343387 0.956342 1 51 1.000000
  51 -21.751608 32.239395 6.749597 -0.574164 -0.478468 0.664383 0.331747 0.934786 2 51 0.588741 49 0.411259
engineer_handR_red
  51 -21.751608 32.239395 6.749597 -0.574164 -0.478468 0.664383 0.331747 0.934786 2 51 0.588741 49 0.411259
  51 -21.162607 31.531193 6.542707 -0.624648 -0.711836 0.321098 0.343387 0.956342 1 51 1.000000
  51 -21.085407 31.683693 6.870687 -0.547389 -0.534732 0.643760 0.334016 0.957526 1 51 1.000000
engineer_handR_red
  51 -21.085407 31.683693 6.870687 -0.547389 -0.534732 0.643760 0.334016 0.957526 1 51 1.000000
  51 -21.523205 32.345394 6.921896 -0.293293 -0.106244 0.950101 0.327461 0.937360 2 51 0.644005 49 0.355995
  51 -21.751608 32.239395 6.749597 -0.574164 -0.478468 0.664383 0.331747 0.934786 2 51 0.588741 49 0.411259
engineer_handR_red
  51 -20.909208 31.792892 7.027517 -0.279198 -0.168832 0.945275 0.330152 0.959985 1 51 1.000000
  51 -21.523205 32.345394 6.921896 -0.293293 -0.106244 0.950101 0.327461 0.937360 2 51 0.644005 49 0.355995
  51 -21.085407 31.683693 6.870687 -0.547389 -0.534732 0.643760 0.334016 0.957526 1 51 1.000000
engineer_handR_red
  51 -21.085407 31.683693 6.870687 -0.547389 -0.534732 0.643760 0.334016 0.957526 1 51 1.000000
  51 -20.823807 31.472893 6.908027 -0.517517 -0.530858 0.671093 0.335892 0.964799 1 51 1.000000
  51 -20.909208 31.792892 7.027517 -0.279198 -0.168832 0.945275 0.330152 0.959985 1 51 1.000000
engineer_handR_red
  51 -20.909208 31.792892 7.027517 -0.279198 -0.168832 0.945275 0.330152 0.959985 1 51 1.000000
  51 -20.823807 31.472893 6.908027 -0.517517 -0.530858 0.671093 0.335892 0.964799 1 51 1.000000
  51 -20.653107 31.562492 7.051867 -0.227181 -0.229737 0.946366 0.332761 0.968141 1 51 1.000000
engineer_handR_red
  51 -20.823807 31.472893 6.908027 -0.517517 -0.530858 0.671093 0.335892 0.964799 1 51 1.000000
  51 -20.616808 31.287491 6.915917 -0.387592 -0.681807 0.620412 0.337767 0.972072 1 51 1.000000
  51 -20.653107 31.562492 7.051867 -0.227181 -0.229737 0.946366 0.332761 0.968141 1 51 1.000000
engineer_handR_red
  51 -20.823807 31.472893 6.908027 -0.517517 -0.530858 0.671093 0.335892 0.964799 1 51 1.000000
  51 -20.893307 31.331993 6.611557 -0.606419 -0.708717 0.360523 0.344166 0.964581 1 51 1.000000
  51 -20.616808 31.287491 6.915917 -0.387592 -0.681807 0.620412 0.337767 0.972072 1 51 1.000000
engineer_handR_red
  51 -20.616808 31.287491 6.915917 -0.387592 -0.681807 0.620412 0.337767 0.972072 1 51 1.000000
  51 -20.893307 31.331993 6.611557 -0.606419 -0.708717 0.360523 0.344166 0.964581 1 51 1.000000
  51 -20.621408 31.143991 6.672987 -0.320313 -0.878443 0.354594 0.344945 0.972820 1 51 1.000000
engineer_handR_red
  51 -20.621408 31.143991 6.672987 -0.320313 -0.878443 0.354594 0.344945 0.972820 1 51 1.000000
  51 -20.893307 31.331993 6.611557 -0.606419 -0.708717 0.360523 0.344166 0.964581 1 51 1.000000
  51 -20.672308 31.083292 6.406197 -0.427744 -0.903871 0.007308 0.351134 0.969886 1 51 1.000000
engineer_handR_red
  51 -20.672308 31.083292 6.406197 -0.427744 -0.903871 0.007308 0.351134 0.969886 1 51 1.000000
  51 -20.893307 31.331993 6.611557 -0.606419 -0.708717 0.360523 0.344166 0.964581 1 51 1.000000
  51 -20.890205 31.237190 6.300457 -0.561379 -0.824706 -0.068656 0.351739 0.962315 1 51 1.000000
engineer_handR_red
  51 -20.893307 31.331993 6.611557 -0.606419 -0.708717 0.360523 0.344166 0.964581 1 51 1.000000
  51 -21.162607 31.531193 6.542707 -0.624648 -0.711836 0.321098 0.343387 0.956342 1 51 1.000000
  51 -20.890205 31.237190 6.300457 -0.561379 -0.824706 -0.068656 0.351739 0.962315 1 51 1.000000
engineer_handR_red
  51 -20.890205 31.237190 6.300457 -0.561379 -0.824706 -0.068656 0.351739 0.962315 1 51 1.000000
  51 -21.162607 31.531193 6.542707 -0.624648 -0.711836 0.321098 0.343387 0.956342 1 51 1.000000
  51 -21.153706 31.422190 6.205927 -0.553848 -0.815226 -0.169289 0.352344 0.954744 1 51 1.000000
engineer_handR_red
  51 -20.992607 31.424793 6.017057 -0.272403 -0.684603 -0.676103 0.356268 0.956207 1 51 1.000000
  51 -20.890205 31.237190 6.300457 -0.561379 -0.824706 -0.068656 0.351739 0.962315 1 51 1.000000
  51 -21.153706 31.422190 6.205927 -0.553848 -0.815226 -0.169289 0.352344 0.954744 1 51 1.000000
engineer_handR_red
  51 -20.742008 31.226292 6.128717 -0.252188 -0.771426 -0.584211 0.355205 0.964400 1 51 1.000000
  51 -20.890205 31.237190 6.300457 -0.561379 -0.824706 -0.068656 0.351739 0.962315 1 51 1.000000
  51 -20.992607 31.424793 6.017057 -0.272403 -0.684603 -0.676103 0.356268 0.956207 1 51 1.000000
engineer_handR_red
  51 -20.890205 31.237190 6.300457 -0.561379 -0.824706 -0.068656 0.351739 0.962315 1 51 1.000000
  51 -20.742008 31.226292 6.128717 -0.252188 -0.771426 -0.584211 0.355205 0.964400 1 51 1.000000
  51 -20.672308 31.083292 6.406197 -0.427744 -0.903871 0.007308 0.351134 0.969886 1 51 1.000000
engineer_handR_red
  51 -20.672308 31.083292 6.406197 -0.427744 -0.903871 0.007308 0.351134 0.969886 1 51 1.000000
  51 -20.742008 31.226292 6.128717 -0.252188 -0.771426 -0.584211 0.355205 0.964400 1 51 1.000000
  51 -20.525208 31.063492 6.328947 -0.034248 -0.971814 -0.233249 0.354144 0.972592 1 51 1.000000
engineer_handR_red
  51 -20.525208 31.063492 6.328947 -0.034248 -0.971814 -0.233249 0.354144 0.972592 1 51 1.000000
  51 -20.621408 31.143991 6.672987 -0.320313 -0.878443 0.354594 0.344945 0.972820 1 51 1.000000
  51 -20.672308 31.083292 6.406197 -0.427744 -0.903871 0.007308 0.351134 0.969886 1 51 1.000000
engineer_handR_red
  51 -20.419909 31.099392 6.680167 0.052498 -0.944226 0.325087 0.345507 0.976809 1 51 1.000000
  51 -20.621408 31.143991 6.672987 -0.320313 -0.878443 0.354594 0.344945 0.972820 1 51 1.000000
  51 -20.525208 31.063492 6.328947 -0.034248 -0.971814 -0.233249 0.354144 0.972592 1 51 1.000000
engineer_handR_red
  51 -20.419909 31.099392 6.680167 0.052498 -0.944226 0.325087 0.345507 0.976809 1 51 1.000000
  51 -20.616808 31.287491 6.915917 -0.387592 -0.681807 0.620412 0.337767 0.972072 1 51 1.000000
  51 -20.621408 31.143991 6.672987 -0.320313 -0.878443 0.354594 0.344945 0.972820 1 51 1.000000
engineer_handR_red
  51 -20.461107 31.311993 6.983927 0.053672 -0.609928 0.790637 0.335371 0.976297 1 51 1.000000
  51 -20.616808 31.287491 6.915917 -0.387592 -0.681807 0.620412 0.337767 0.972072 1 51 1.000000
  51 -20.419909 31.099392 6.680167 0.052498 -0.944226 0.325087 0.345507 0.976809 1 51 1.000000
engineer_handR_red
  51 -20.653107 31.562492 7.051867 -0.227181 -0.229737 0.946366 0.332761 0.968141 1 51 1.000000
  51 -20.616808 31.287491 6.915917 -0.387592 -0.681807 0.620412 0.337767 0.972072 1 51 1.000000
  51 -20.461107 31.311993 6.983927 0.053672 -0.609928 0.790637 0.335371 0.976297 1 51 1.000000
engineer_handR_red
  51 -20.653107 31.562492 7.051867 -0.227181 -0.229737 0.946366 0.332761 0.968141 1 51 1.000000
  51 -20.461107 31.311993 6.983927 0.053672 -0.609928 0.790637 0.335371 0.976297 1 51 1.000000
  51 -20.424007 31.629490 7.062517 0.247814 0.078369 0.965633 0.329648 0.973060 1 51 1.000000
engineer_handR_red
  51 -20.622408 31.872091 7.041187 0.180568 0.285307 0.941273 0.325650 0.965733 1 51 1.000000
  51 -20.653107 31.562492 7.051867 -0.227181 -0.229737 0.946366 0.332761 0.968141 1 51 1.000000
  51 -20.424007 31.629490 7.062517 0.247814 0.078369 0.965633 0.329648 0.973060 1 51 1.000000
engineer_handR_red
  51 -20.909208 31.792892 7.027517 -0.279198 -0.168832 0.945275 0.330152 0.959985 1 51 1.000000
  51 -20.653107 31.562492 7.051867 -0.227181 -0.229737 0.946366 0.332761 0.968141 1 51 1.000000
  51 -20.622408 31.872091 7.041187 0.180568 0.285307 0.941273 0.325650 0.965733 1 51 1.000000
engineer_handR_red
  51 -21.116308 32.400692 6.947536 0.166218 0.337694 0.926463 0.321980 0.944543 3 51 0.737080 49 0.207527 43 0.055394
  51 -20.909208 31.792892 7.027517 -0.279198 -0.168832 0.945275 0.330152 0.959985 1 51 1.000000
  51 -20.622408 31.872091 7.041187 0.180568 0.285307 0.941273 0.325650 0.965733 1 51 1.000000
engineer_handR_red
  51 -21.523205 32.345394 6.921896 -0.293293 -0.106244 0.950101 0.327461 0.937360 2 51 0.644005 49 0.355995
  51 -20.909208 31.792892 7.027517 -0.279198 -0.168832 0.945275 0.330152 0.959985 1 51 1.000000
  51 -21.116308 32.400692 6.947536 0.166218 0.337694 0.926463 0.321980 0.944543 3 51 0.737080 49 0.207527 43 0.055394
engineer_handR_red
  51 -21.476908 32.810295 6.855166 0.166218 0.337694 0.926463 0.320348 0.933282 2 51 0.503388 49 0.496612
  51 -21.523205 32.345394 6.921896 -0.293293 -0.106244 0.950101 0.327461 0.937360 2 51 0.644005 49 0.355995
  51 -21.116308 32.400692 6.947536 0.166218 0.337694 0.926463 0.321980 0.944543 3 51 0.737080 49 0.207527 43 0.055394
engineer_handR_red
  49 -21.874508 32.719994 6.833776 -0.302349 -0.042856 0.952234 0.326141 0.926665 2 49 0.518374 51 0.481626
  51 -21.523205 32.345394 6.921896 -0.293293 -0.106244 0.950101 0.327461 0.937360 2 51 0.644005 49 0.355995
  51 -21.476908 32.810295 6.855166 0.166218 0.337694 0.926463 0.320348 0.933282 2 51 0.503388 49 0.496612
engineer_handR_red
  49 -21.874508 32.719994 6.833776 -0.302349 -0.042856 0.952234 0.326141 0.926665 2 49 0.518374 51 0.481626
  51 -21.751608 32.239395 6.749597 -0.574164 -0.478468 0.664383 0.331747 0.934786 2 51 0.588741 49 0.411259
  51 -21.523205 32.345394 6.921896 -0.293293 -0.106244 0.950101 0.327461 0.937360 2 51 0.644005 49 0.355995
engineer_handR_red
  49 -22.080807 32.573395 6.677847 -0.677818 -0.392571 0.621651 0.330769 0.924119 2 49 0.531044 51 0.468956
  51 -21.751608 32.239395 6.749597 -0.574164 -0.478468 0.664383 0.331747 0.934786 2 51 0.588741 49 0.411259
  49 -21.874508 32.719994 6.833776 -0.302349 -0.042856 0.952234 0.326141 0.926665 2 49 0.518374 51 0.481626
engineer_handR_red
  49 -22.080807 32.573395 6.677847 -0.677818 -0.392571 0.621651 0.330769 0.924119 2 49 0.531044 51 0.468956
  51 -21.859610 32.074795 6.370547 -0.684485 -0.667975 0.292043 0.342216 0.933703 2 51 0.580661 49 0.419339
  51 -21.751608 32.239395 6.749597 -0.574164 -0.478468 0.664383 0.331747 0.934786 2 51 0.588741 49 0.411259
engineer_handR_red
  49 -22.180408 32.376793 6.284577 -0.763690 -0.587827 0.266903 0.341574 0.923811 2 49 0.530453 51 0.469547
  51 -21.859610 32.074795 6.370547 -0.684485 -0.667975 0.292043 0.342216 0.933703 2 51 0.580661 49 0.419339
  49 -22.080807 32.573395 6.677847 -0.677818 -0.392571 0.621651 0.330769 0.924119 2 49 0.531044 51 0.468956
engineer_handR_red
  49 -22.163910 32.259296 5.870267 -0.686269 -0.700727 -0.194976 0.351956 0.923111 2 49 0.517530 51 0.482470
  51 -21.859610 32.074795 6.370547 -0.684485 -0.667975 0.292043 0.342216 0.933703 2 51 0.580661 49 0.419339
  49 -22.180408 32.376793 6.284577 -0.763690 -0.587827 0.266903 0.341574 0.923811 2 49 0.530453 51 0.469547
engineer_handR_red
  51 -21.841707 31.952892 5.984746 -0.611841 -0.776523 -0.150542 0.352158 0.932319 2 51 0.556856 49 0.443144
  51 -21.859610 32.074795 6.370547 -0.684485 -0.667975 0.292043 0.342216 0.933703 2 51 0.580661 49 0.419339
  49 -22.163910 32.259296 5.870267 -0.686269 -0.700727 -0.194976 0.351956 0.923111 2 49 0.517530 51 0.482470
engineer_handR_red
  49 -21.967308 32.278294 5.650097 -0.316987 -0.582271 -0.748652 0.356395 0.924921 2 49 0.509220 51 0.490780
  51 -21.841707 31.952892 5.984746 -0.611841 -0.776523 -0.150542 0.352158 0.932319 2 51 0.556856 49 0.443144
  49 -22.163910 32.259296 5.870267 -0.686269 -0.700727 -0.194976 0.351956 0.923111 2 49 0.517530 51 0.482470
engineer_handR_red
  51 -21.627907 31.946194 5.781477 -0.291644 -0.636358 -0.714137 0.356298 0.934080 2 51 0.607021 49 0.392979
  51 -21.841707 31.952892 5.984746 -0.611841 -0.776523 -0.150542 0.352158 0.932319 2 51 0.556856 49 0.443144
  49 -21.967308 32.278294 5.650097 -0.316987 -0.582271 -0.748652 0.356395 0.924921 2 49 0.509220 51 0.490780
engineer_handR_red
  49 -21.967308 32.278294 5.650097 -0.316987 -0.582271 -0.748652 0.356395 0.924921 2 49 0.509220 51 0.490780
  51 -21.620510 32.339294 5.590338 0.136568 -0.289277 -0.947453 0.362118 0.930288 2 51 0.501639 49 0.498361
  51 -21.627907 31.946194 5.781477 -0.291644 -0.636358 -0.714137 0.356298 0.934080 2 51 0.607021 49 0.392979
engineer_handR_red
  51 -21.627907 31.946194 5.781477 -0.291644 -0.636358 -0.714137 0.356298 0.934080 2 51 0.607021 49 0.392979
  51 -21.620510 32.339294 5.590338 0.136568 -0.289277 -0.947453 0.362118 0.930288 2 51 0.501639 49 0.498361
  51 -21.284208 31.988394 5.731927 0.136568 -0.289277 -0.947453 0.361968 0.939448 3 51 0.696006 49 0.249105 59 0.054889
engineer_handR_red
  51 -21.627907 31.946194 5.781477 -0.291644 -0.636358 -0.714137 0.356298 0.934080 2 51 0.607021 49 0.392979
  51 -21.284208 31.988394 5.731927 0.136568 -0.289277 -0.947453 0.361968 0.939448 3 51 0.696006 49 0.249105 59 0.054889
  51 -20.992607 31.424793 6.017057 -0.272403 -0.684603 -0.676103 0.356268 0.956207 1 51 1.000000
engineer_handR_red
  51 -20.992607 31.424793 6.017057 -0.272403 -0.684603 -0.676103 0.356268 0.956207 1 51 1.000000
  51 -21.284208 31.988394 5.731927 0.136568 -0.289277 -0.947453 0.361968 0.939448 3 51 0.696006 49 0.249105 59 0.054889
  51 -20.749208 31.486792 5.958977 0.124624 -0.342680 -0.931149 0.361094 0.960386 1 51 1.000000
engineer_handR_red
  51 -20.749208 31.486792 5.958977 0.124624 -0.342680 -0.931149 0.361094 0.960386 1 51 1.000000
  51 -20.742008 31.226292 6.128717 -0.252188 -0.771426 -0.584211 0.355205 0.964400 1 51 1.000000
  51 -20.992607 31.424793 6.017057 -0.272403 -0.684603 -0.676103 0.356268 0.956207 1 51 1.000000
engineer_handR_red
  51 -20.542507 31.278593 6.077147 0.199220 -0.517856 -0.831948 0.358868 0.967986 1 51 1.000000
  51 -20.742008 31.226292 6.128717 -0.252188 -0.771426 -0.584211 0.355205 0.964400 1 51 1.000000
  51 -20.749208 31.486792 5.958977 0.124624 -0.342680 -0.931149 0.361094 0.960386 1 51 1.000000
engineer_handR_red
  51 -20.742008 31.226292 6.128717 -0.252188 -0.771426 -0.584211 0.355205 0.964400 1 51 1.000000
  51 -20.542507 31.278593 6.077147 0.199220 -0.517856 -0.831948 0.358868 0.967986 1 51 1.000000
  51 -20.525208 31.063492 6.328947 -0.034248 -0.971814 -0.233249 0.354144 0.972592 1 51 1.000000
engineer_handR_red
  51 -20.525208 31.063492 6.328947 -0.034248 -0.971814 -0.233249 0.354144 0.972592 1 51 1.000000
  51 -20.542507 31.278593 6.077147 0.199220 -0.517856 -0.831948 0.358868 0.967986 1 51 1.000000
  51 -20.368107 31.107893 6.289887 0.361029 -0.827134 -0.430706 0.356641 0.975586 1 51 1.000000
engineer_handR_red
  51 -20.525208 31.063492 6.328947 -0.034248 -0.971814 -0.233249 0.354144 0.972592 1 51 1.000000
  51 -20.368107 31.107893 6.289887 0.361029 -0.827134 -0.430706 0.356641 0.975586 1 51 1.000000
  51 -20.419909 31.099392 6.680167 0.052498 -0.944226 0.325087 0.345507 0.976809 1 51 1.000000
engineer_handR_red
  51 -20.419909 31.099392 6.680167 0.052498 -0.944226 0.325087 0.345507 0.976809 1 51 1.000000
  51 -20.368107 31.107893 6.289887 0.361029 -0.827134 -0.430706 0.356641 0.975586 1 51 1.000000
  51 -20.261908 31.143593 6.660327 0.502882 -0.819078 0.276081 0.345598 0.981415 1 51 1.000000
engineer_handR_red
  51 -20.419909 31.099392 6.680167 0.052498 -0.944226 0.325087 0.345507 0.976809 1 51 1.000000
  51 -20.261908 31.143593 6.660327 0.502882 -0.819078 0.276081 0.345598 0.981415 1 51 1.000000
  51 -20.461107 31.311993 6.983927 0.053672 -0.609928 0.790637 0.335371 0.976297 1 51 1.000000
engineer_handR_red
  51 -20.461107 31.311993 6.983927 0.053672 -0.609928 0.790637 0.335371 0.976297 1 51 1.000000
  51 -20.261908 31.143593 6.660327 0.502882 -0.819078 0.276081 0.345598 0.981415 1 51 1.000000
  51 -20.284805 31.365290 6.990327 0.380881 -0.337726 0.860738 0.333646 0.980388 1 51 1.000000
engineer_handR_red
  51 -20.424007 31.629490 7.062517 0.247814 0.078369 0.965633 0.329648 0.973060 1 51 1.000000
  51 -20.461107 31.311993 6.983927 0.053672 -0.609928 0.790637 0.335371 0.976297 1 51 1.000000
  51 -20.284805 31.365290 6.990327 0.380881 -0.337726 0.860738 0.333646 0.980388 1 51 1.000000
engineer_handR_red
  33 -18.354107 36.313896 6.729419 -0.272402 -0.684604 -0.676102 0.941180 0.772158 3 33 0.562479 35 0.324917 31 0.112603
  33 -17.651806 36.358295 6.742819 0.468037 -0.566785 -0.678009 0.951749 0.761107 3 33 0.528003 35 0.350501 31 0.121497
  35 -18.279205 35.845493 7.182439 -0.252188 -0.771426 -0.584211 0.947977 0.779179 2 35 0.500003 33 0.499997
engineer_handR_red
  35 -18.279205 35.845493 7.182439 -0.252188 -0.771426 -0.584211 0.947977 0.779179 2 35 0.500003 33 0.499997
  33 -17.651806 36.358295 6.742819 0.468037 -0.566785 -0.678009 0.951749 0.761107 3 33 0.528003 35 0.350501 31 0.121497
  35 -17.594406 35.881691 7.198750 0.464691 -0.675825 -0.572121 0.956824 0.770517 2 35 0.500774 33 0.499226
engineer_handR_red
  35 -17.594406 35.881691 7.198750 0.464691 -0.675825 -0.572121 0.956824 0.770517 2 35 0.500774 33 0.499226
  35 -18.134007 35.286495 8.112251 -0.161337 -0.945727 -0.282081 0.964507 0.796091 2 35 0.914614 33 0.085386
  35 -18.279205 35.845493 7.182439 -0.252188 -0.771426 -0.584211 0.947977 0.779179 2 35 0.500003 33 0.499997
engineer_handR_red
  35 -17.601206 35.311493 8.112201 0.507754 -0.799516 -0.320874 0.970653 0.790088 2 35 0.895856 33 0.104144
  35 -18.134007 35.286495 8.112251 -0.161337 -0.945727 -0.282081 0.964507 0.796091 2 35 0.914614 33 0.085386
  35 -17.594406 35.881691 7.198750 0.464691 -0.675825 -0.572121 0.956824 0.770517 2 35 0.500774 33 0.499226
engineer_handR_red
  35 -17.640415 35.230415 8.570388 0.308202 -0.951203 0.014973 0.976539 0.799081 1 35 1.000000
  35 -18.134007 35.286495 8.112251 -0.161337 -0.945727 -0.282081 0.964507 0.796091 2 35 0.914614 33 0.085386
  35 -17.601206 35.311493 8.112201 0.507754 -0.799516 -0.320874 0.970653 0.790088 2 35 0.895856 33 0.104144
engineer_handR_red
  35 -18.019817 35.221317 8.662209 -0.133527 -0.986732 0.092358 0.972402 0.804569 1 35 1.000000
  35 -18.134007 35.286495 8.112251 -0.161337 -0.945727 -0.282081 0.964507 0.796091 2 35 0.914614 33 0.085386
  35 -17.640415 35.230415 8.570388 0.308202 -0.951203 0.014973 0.976539 0.799081 1 35 1.000000
engineer_handR_red
  33 -18.939106 36.585796 7.061519 -0.809852 -0.522631 -0.266453 0.932624 0.786014 3 33 0.600080 35 0.285329 31 0.114591
  33 -18.987606 36.554295 7.988081 -0.965093 -0.017428 0.261328 0.938342 0.798768 2 33 0.500227 35 0.499773
  33 -19.061308 37.022495 7.578409 -0.940010 -0.167158 0.297387 0.930482 0.794799 3 33 0.628182 35 0.258536 31 0.113283
engineer_handR_red
  35 -18.858906 36.106796 7.489950 -0.780164 -0.533803 -0.326187 0.941269 0.790387 2 35 0.500020 33 0.499981
  33 -18.987606 36.554295 7.988081 -0.965093 -0.017428 0.261328 0.938342 0.798768 2 33 0.500227 35 0.499773
  33 -18.939106 36.585796 7.061519 -0.809852 -0.522631 -0.266453 0.932624 0.786014 3 33 0.600080 35 0.285329 31 0.114591
engineer_handR_red
  33 -18.354107 36.313896 6.729419 -0.272402 -0.684604 -0.676102 0.941180 0.772158 3 33 0.562479 35 0.324917 31 0.112603
  35 -18.858906 36.106796 7.489950 -0.780164 -0.533803 -0.326187 0.941269 0.790387 2 35 0.500020 33 0.499981
  33 -18.939106 36.585796 7.061519 -0.809852 -0.522631 -0.266453 0.932624 0.786014 3 33 0.600080 35 0.285329 31 0.114591
engineer_handR_red
  35 -18.279205 35.845493 7.182439 -0.252188 -0.771426 -0.584211 0.947977 0.779179 2 35 0.500003 33 0.499997
  35 -18.858906 36.106796 7.489950 -0.780164 -0.533803 -0.326187 0.941269 0.790387 2 35 0.500020 33 0.499981
  33 -18.354107 36.313896 6.729419 -0.272402 -0.684604 -0.676102 0.941180 0.772158 3 33 0.562479 35 0.324917 31 0.112603
engineer_handR_red
  35 -18.279205 35.845493 7.182439 -0.252188 -0.771426 -0.584211 0.947977 0.779179 2 35 0.500003 33 0.499997
  35 -18.619106 35.487293 8.309500 -0.754886 -0.646173 -0.112286 0.959110 0.803232 2 35 0.892299 33 0.107701
  35 -18.858906 36.106796 7.489950 -0.780164 -0.533803 -0.326187 0.941269 0.790387 2 35 0.500020 33 0.499981
engineer_handR_red
  35 -18.134007 35.286495 8.112251 -0.161337 -0.945727 -0.282081 0.964507 0.796091 2 35 0.914614 33 0.085386
  35 -18.619106 35.487293 8.309500 -0.754886 -0.646173 -0.112286 0.959110 0.803232 2 35 0.892299 33 0.107701
  35 -18.279205 35.845493 7.182439 -0.252188 -0.771426 -0.584211 0.947977 0.779179 2 35 0.500003 33 0.499997
engineer_handR_red
  35 -18.619106 35.487293 8.309500 -0.754886 -0.646173 -0.112286 0.959110 0.803232 2 35 0.892299 33 0.107701
  35 -18.134007 35.286495 8.112251 -0.161337 -0.945727 -0.282081 0.964507 0.796091 2 35 0.914614 33 0.085386
  35 -18.433418 35.357220 8.696439 -0.538727 -0.824106 0.174995 0.965930 0.808688 1 35 1.000000
engineer_handR_red
  35 -18.433418 35.357220 8.696439 -0.538727 -0.824106 0.174995 0.965930 0.808688 1 35 1.000000
  35 -18.134007 35.286495 8.112251 -0.161337 -0.945727 -0.282081 0.964507 0.796091 2 35 0.914614 33 0.085386
  35 -18.019817 35.221317 8.662209 -0.133527 -0.986732 0.092358 0.972402 0.804569 1 35 1.000000
engineer_handR_red
  35 -17.931805 35.313389 9.028330 0.010961 -0.757813 0.652380 0.976330 0.810058 1 35 1.000000
  35 -18.433418 35.357220 8.696439 -0.538727 -0.824106 0.174995 0.965930 0.808688 1 35 1.000000
  35 -18.019817 35.221317 8.662209 -0.133527 -0.986732 0.092358 0.972402 0.804569 1 35 1.000000
engineer_handR_red
  35 -17.640415 35.230415 8.570388 0.308202 -0.951203 0.014973 0.976539 0.799081 1 35 1.000000
  35 -17.931805 35.313389 9.028330 0.010961 -0.757813 0.652380 0.976330 0.810058 1 35 1.000000
  35 -18.019817 35.221317 8.662209 -0.133527 -0.986732 0.092358 0.972402 0.804569 1 35 1.000000
engineer_handR_red
  35 -17.465006 35.358791 8.805031 0.652855 -0.641098 0.403452 0.981283 0.799948 1 35 1.000000
  35 -17.931805 35.313389 9.028330 0.010961 -0.757813 0.652380 0.976330 0.810058 1 35 1.000000
  35 -17.640415 35.230415 8.570388 0.308202 -0.951203 0.014973 0.976539 0.799081 1 35 1.000000
engineer_handR_red
  35 -17.465006 35.358791 8.805031 0.652855 -0.641098 0.403452 0.981283 0.799948 1 35 1.000000
  35 -17.640415 35.230415 8.570388 0.308202 -0.951203 0.014973 0.976539 0.799081 1 35 1.000000
  35 -17.249907 35.617992 8.388050 0.917064 -0.390206 0.082047 0.977874 0.787734 2 35 0.894986 33 0.105014
engineer_handR_red
  35 -17.249907 35.617992 8.388050 0.917064 -0.390206 0.082047 0.977874 0.787734 2 35 0.894986 33 0.105014
  35 -17.640415 35.230415 8.570388 0.308202 -0.951203 0.014973 0.976539 0.799081 1 35 1.000000
  35 -17.601206 35.311493 8.112201 0.507754 -0.799516 -0.320874 0.970653 0.790088 2 35 0.895856 33 0.104144
engineer_handR_red
  35 -17.249907 35.617992 8.388050 0.917064 -0.390206 0.082047 0.977874 0.787734 2 35 0.894986 33 0.105014
  35 -17.601206 35.311493 8.112201 0.507754 -0.799516 -0.320874 0.970653 0.790088 2 35 0.895856 33 0.104144
  35 -17.146105 36.280693 7.610770 0.972285 -0.196884 -0.126091 0.965883 0.763184 2 35 0.506616 33 0.493384
engineer_handR_red
  35 -17.146105 36.280693 7.610770 0.972285 -0.196884 -0.126091 0.965883 0.763184 2 35 0.506616 33 0.493384
  35 -17.601206 35.311493 8.112201 0.507754 -0.799516 -0.320874 0.970653 0.790088 2 35 0.895856 33 0.104144
  35 -17.594406 35.881691 7.198750 0.464691 -0.675825 -0.572121 0.956824 0.770517 2 35 0.500774 33 0.499226
engineer_handR_red
  35 -17.594406 35.881691 7.198750 0.464691 -0.675825 -0.572121 0.956824 0.770517 2 35 0.500774 33 0.499226
  33 -17.202305 36.762596 7.177080 0.980373 -0.073413 -0.182973 0.959974 0.754427 3 33 0.535707 35 0.345502 31 0.118792
  35 -17.146105 36.280693 7.610770 0.972285 -0.196884 -0.126091 0.965883 0.763184 2 35 0.506616 33 0.493384
engineer_handR_red
  33 -17.651806 36.358295 6.742819 0.468037 -0.566785 -0.678009 0.951749 0.761107 3 33 0.528003 35 0.350501 31 0.121497
  33 -17.202305 36.762596 7.177080 0.980373 -0.073413 -0.182973 0.959974 0.754427 3 33 0.535707 35 0.345502 31 0.118792
  35 -17.594406 35.881691 7.198750 0.464691 -0.675825 -0.572121 0.956824 0.770517 2 35 0.500774 33 0.499226
engineer_handR_red
  35 -18.459805 35.504387 8.972540 -0.613122 -0.490892 0.618955 0.966507 0.814534 1 35 1.000000
  35 -18.433418 35.357220 8.696439 -0.538727 -0.824106 0.174995 0.965930 0.808688 1 35 1.000000
  35 -17.931805 35.313389 9.028330 0.010961 -0.757813 0.652380 0.976330 0.810058 1 35 1.000000
engineer_handR_red
  35 -18.736506 35.840393 8.664950 -0.886086 -0.181805 0.426378 0.956623 0.811045 2 35 0.889957 33 0.110043
  35 -18.433418 35.357220 8.696439 -0.538727 -0.824106 0.174995 0.965930 0.808688 1 35 1.000000
  35 -18.459805 35.504387 8.972540 -0.613122 -0.490892 0.618955 0.966507 0.814534 1 35 1.000000
engineer_handR_red
  35 -18.619106 35.487293 8.309500 -0.754886 -0.646173 -0.112286 0.959110 0.803232 2 35 0.892299 33 0.107701
  35 -18.433418 35.357220 8.696439 -0.538727 -0.824106 0.174995 0.965930 0.808688 1 35 1.000000
  35 -18.736506 35.840393 8.664950 -0.886086 -0.181805 0.426378 0.956623 0.811045 2 35 0.889957 33 0.110043
engineer_handR_red
  35 -18.736506 35.840393 8.664950 -0.886086 -0.181805 0.426378 0.956623 0.811045 2 35 0.889957 33 0.110043
  33 -18.987606 36.554295 7.988081 -0.965093 -0.017428 0.261328 0.938342 0.798768 2 33 0.500227 35 0.499773
  35 -18.619106 35.487293 8.309500 -0.754886 -0.646173 -0.112286 0.959110 0.803232 2 35 0.892299 33 0.107701
engineer_handR_red
  35 -18.619106 35.487293 8.309500 -0.754886 -0.646173 -0.112286 0.959110 0.803232 2 35 0.892299 33 0.107701
  33 -18.987606 36.554295 7.988081 -0.965093 -0.017428 0.261328 0.938342 0.798768 2 33 0.500227 35 0.499773
  35 -18.858906 36.106796 7.489950 -0.780164 -0.533803 -0.326187 0.941269 0.790387 2 35 0.500020 33 0.499981
engineer_handR_red
  4 -16.628542 44.792461 -5.847685 0.433258 0.828234 -0.355408 0.050361 0.789042 2 4 0.716525 10 0.283475
  4 -18.423359 45.668251 -5.650994 0.359923 0.860642 -0.360209 0.050361 0.801216 2 4 0.716525 10 0.283475
  4 -16.622181 44.860558 -5.682134 0.433258 0.828234 -0.355408 0.078038 0.789042 2 4 0.716525 10 0.283475
engineer_handR_red
  4 -16.622181 44.860558 -5.682134 0.433258 0.828234 -0.355408 0.078038 0.789042 2 4 0.716525 10 0.283475
  4 -18.423359 45.668251 -5.650994 0.359923 0.860642 -0.360209 0.050361 0.801216 2 4 0.716525 10 0.283475
  4 -18.347757 45.702755 -5.493233 0.359923 0.860642 -0.360209 0.078038 0.801216 2 4 0.716525 10 0.283475
engineer_handR_red
  4 -18.423359 45.668251 -5.650994 0.359923 0.860642 -0.360209 0.050361 0.801216 2 4 0.716525 10 0.283475
  4 -19.880558 46.629253 -4.605319 0.314686 0.888430 -0.334164 0.050361 0.814500 2 4 0.716525 10 0.283475
  4 -18.347757 45.702755 -5.493233 0.359923 0.860642 -0.360209 0.078038 0.801216 2 4 0.716525 10 0.283475
engineer_handR_red
  4 -18.347757 45.702755 -5.493233 0.359923 0.860642 -0.360209 0.078038 0.801216 2 4 0.716525 10 0.283475
  4 -19.880558 46.629253 -4.605319 0.314686 0.888430 -0.334164 0.050361 0.814500 2 4 0.716525 10 0.283475
  4 -19.748030 46.626080 -4.489074 0.314686 0.888430 -0.334164 0.078038 0.814500 2 4 0.716532 10 0.283469
engineer_handR_red
  4 -19.880558 46.629253 -4.605319 0.314686 0.888430 -0.334164 0.050361 0.814500 2 4 0.716525 10 0.283475
  4 -20.559723 47.250374 -3.387058 0.281215 0.917288 -0.281958 0.050362 0.826925 2 4 0.716525 10 0.283475
  4 -19.748030 46.626080 -4.489074 0.314686 0.888430 -0.334164 0.078038 0.814500 2 4 0.716532 10 0.283469
engineer_handR_red
  4 -19.748030 46.626080 -4.489074 0.314686 0.888430 -0.334164 0.078038 0.814500 2 4 0.716532 10 0.283469
  4 -20.559723 47.250374 -3.387058 0.281215 0.917288 -0.281958 0.050362 0.826925 2 4 0.716525 10 0.283475
  4 -20.401289 47.222923 -3.318508 0.281215 0.917288 -0.281958 0.078038 0.826925 2 4 0.716536 10 0.283464
engineer_handR_red
  4 -20.559723 47.250374 -3.387058 0.281215 0.917288 -0.281958 0.050362 0.826925 2 4 0.716525 10 0.283475
  4 -20.640301 47.615196 -2.178591 0.277065 0.930767 -0.238554 0.078038 0.837511 2 4 0.716537 10 0.283463
  4 -20.401289 47.222923 -3.318508 0.281215 0.917288 -0.281958 0.078038 0.826925 2 4 0.716536 10 0.283464
engineer_handR_red
  4 -20.808092 47.658962 -2.200401 0.277065 0.930767 -0.238554 0.050362 0.837511 2 4 0.716525 10 0.283475
  4 -20.640301 47.615196 -2.178591 0.277065 0.930767 -0.238554 0.078038 0.837511 2 4 0.716537 10 0.283463
  4 -20.559723 47.250374 -3.387058 0.281215 0.917288 -0.281958 0.050362 0.826925 2 4 0.716525 10 0.283475
engineer_handR_red
  4 -20.808092 47.658962 -2.200401 0.277065 0.930767 -0.238554 0.050362 0.837511 2 4 0.716525 10 0.283475
  4 -20.651077 47.854515 -1.285228 0.277065 0.930767 -0.238554 0.078038 0.845226 2 4 0.716538 10 0.283462
  4 -20.640301 47.615196 -2.178591 0.277065 0.930767 -0.238554 0.078038 0.837511 2 4 0.716537 10 0.283463
engineer_handR_red
  4 -20.819088 47.908386 -1.269956 0.277065 0.930767 -0.238554 0.050362 0.845226 2 4 0.716525 10 0.283475
  4 -20.651077 47.854515 -1.285228 0.277065 0.930767 -0.238554 0.078038 0.845226 2 4 0.716538 10 0.283462
  4 -20.808092 47.658962 -2.200401 0.277065 0.930767 -0.238554 0.050362 0.837511 2 4 0.716525 10 0.283475
engineer_handR_red
  4 -20.819088 47.908386 -1.269956 0.277065 0.930767 -0.238554 0.050362 0.845226 2 4 0.716525 10 0.283475
  4 -20.519449 48.048252 -0.360950 0.299463 0.930506 -0.210903 0.078038 0.852270 2 4 0.716538 10 0.283462
  4 -20.651077 47.854515 -1.285228 0.277065 0.930767 -0.238554 0.078038 0.845226 2 4 0.716538 10 0.283462
engineer_handR_red
  4 -20.681849 48.110321 -0.307227 0.299463 0.930506 -0.210903 0.050362 0.852270 2 4 0.716525 10 0.283475
  4 -20.519449 48.048252 -0.360950 0.299463 0.930506 -0.210903 0.078038 0.852270 2 4 0.716538 10 0.283462
  4 -20.819088 47.908386 -1.269956 0.277065 0.930767 -0.238554 0.050362 0.845226 2 4 0.716525 10 0.283475
engineer_handR_red
  4 -20.681849 48.110321 -0.307227 0.299463 0.930506 -0.210903 0.050362 0.852270 2 4 0.716525 10 0.283475
  4 -20.217945 48.152973 0.600154 0.299463 0.930506 -0.210903 0.078038 0.859403 2 4 0.716536 10 0.283464
  4 -20.519449 48.048252 -0.360950 0.299463 0.930506 -0.210903 0.078038 0.852270 2 4 0.716538 10 0.283462
engineer_handR_red
  4 -20.367702 48.219738 0.693533 0.311024 0.934817 -0.171412 0.050362 0.859403 2 4 0.716525 10 0.283475
  4 -20.217945 48.152973 0.600154 0.299463 0.930506 -0.210903 0.078038 0.859403 2 4 0.716536 10 0.283464
  4 -20.681849 48.110321 -0.307227 0.299463 0.930506 -0.210903 0.050362 0.852270 2 4 0.716525 10 0.283475
engineer_handR_red
  4 -20.367702 48.219738 0.693533 0.311024 0.934817 -0.171412 0.050362 0.859403 2 4 0.716525 10 0.283475
  4 -19.667889 48.120483 1.510084 0.335751 0.930780 -0.144635 0.078038 0.866167 2 4 0.716531 10 0.283469
  4 -20.217945 48.152973 0.600154 0.299463 0.930506 -0.210903 0.078038 0.859403 2 4 0.716536 10 0.283464
engineer_handR_red
  4 -19.794817 48.186371 1.640739 0.335751 0.930780 -0.144635 0.050362 0.866167 2 4 0.716525 10 0.283475
  4 -19.667889 48.120483 1.510084 0.335751 0.930780 -0.144635 0.078038 0.866167 2 4 0.716531 10 0.283469
  4 -20.367702 48.219738 0.693533 0.311024 0.934817 -0.171412 0.050362 0.859403 2 4 0.716525 10 0.283475
engineer_handR_red
  4 -19.794817 48.186371 1.640739 0.335751 0.930780 -0.144635 0.050362 0.866167 2 4 0.716525 10 0.283475
  4 -18.828556 47.921856 2.272449 0.365007 0.922695 -0.124113 0.078038 0.872901 2 4 0.716525 10 0.283475
  4 -19.667889 48.120483 1.510084 0.335751 0.930780 -0.144635 0.078038 0.866167 2 4 0.716531 10 0.283469
engineer_handR_red
  4 -18.920658 47.980030 2.434042 0.365007 0.922695 -0.124113 0.050362 0.872909 2 4 0.716525 10 0.283475
  4 -18.828556 47.921856 2.272449 0.365007 0.922695 -0.124113 0.078038 0.872901 2 4 0.716525 10 0.283475
  4 -19.794817 48.186371 1.640739 0.335751 0.930780 -0.144635 0.050362 0.866167 2 4 0.716525 10 0.283475
engineer_handR_red
  4 -18.247482 40.776398 -0.424344 -0.478317 0.858672 0.184106 0.167839 0.959906 3 4 0.506479 8 0.352785 10 0.140736
  4 -16.231140 42.652367 -3.165821 -0.272487 0.839650 0.469828 0.121055 0.971856 2 4 0.856505 10 0.143495
  4 -18.644989 40.624668 -0.947902 -0.329704 0.821771 0.464745 0.167838 0.971856 3 4 0.495652 8 0.363612 10 0.140737
engineer_handR_red
  4 -15.545290 42.614170 -2.294095 -0.444870 0.869953 0.212772 0.121055 0.959922 2 4 0.856502 10 0.143498
  4 -16.231140 42.652367 -3.165821 -0.272487 0.839650 0.469828 0.121055 0.971856 2 4 0.856505 10 0.143495
  4 -18.247482 40.776398 -0.424344 -0.478317 0.858672 0.184106 0.167839 0.959906 3 4 0.506479 8 0.352785 10 0.140736
engineer_handR_red
  4 -15.143453 42.714397 -1.409648 -0.526856 0.848549 0.048865 0.121055 0.950377 2 4 0.856502 10 0.143498
  4 -18.247482 40.776398 -0.424344 -0.478317 0.858672 0.184106 0.167839 0.959906 3 4 0.506479 8 0.352785 10 0.140736
  4 -17.922079 40.897057 0.126051 -0.526856 0.848549 0.048865 0.167839 0.950374 3 4 0.509058 8 0.350206 10 0.140736
engineer_handR_red
  4 -15.545290 42.614170 -2.294095 -0.444870 0.869953 0.212772 0.121055 0.959922 2 4 0.856502 10 0.143498
  4 -18.247482 40.776398 -0.424344 -0.478317 0.858672 0.184106 0.167839 0.959906 3 4 0.506479 8 0.352785 10 0.140736
  4 -15.143453 42.714397 -1.409648 -0.526856 0.848549 0.048865 0.121055 0.950377 2 4 0.856502 10 0.143498
engineer_handR_red
  4 -15.143453 42.714397 -1.409648 -0.526856 0.848549 0.048865 0.121055 0.950377 2 4 0.856502 10 0.143498
  4 -13.186526 43.985310 -2.494811 -0.512412 0.854663 0.083575 0.078038 0.950377 2 4 0.716525 10 0.283475
  4 -15.545290 42.614170 -2.294095 -0.444870 0.869953 0.212772 0.121055 0.959922 2 4 0.856502 10 0.143498
engineer_handR_red
  4 -15.545290 42.614170 -2.294095 -0.444870 0.869953 0.212772 0.121055 0.959922 2 4 0.856502 10 0.143498
  4 -13.186526 43.985310 -2.494811 -0.512412 0.854663 0.083575 0.078038 0.950377 2 4 0.716525 10 0.283475
  4 -13.638432 43.920105 -3.600863 -0.404228 0.865352 0.296253 0.078038 0.959927 2 4 0.716525 10 0.283475
engineer_handR_red
  4 -15.545290 42.614170 -2.294095 -0.444870 0.869953 0.212772 0.121055 0.959922 2 4 0.856502 10 0.143498
  4 -13.638432 43.920105 -3.600863 -0.404228 0.865352 0.296253 0.078038 0.959927 2 4 0.716525 10 0.283475
  4 -16.231140 42.652367 -3.165821 -0.272487 0.839650 0.469828 0.121055 0.971856 2 4 0.856505 10 0.143495
engineer_handR_red
  4 -16.231140 42.652367 -3.165821 -0.272487 0.839650 0.469828 0.121055 0.971856 2 4 0.856505 10 0.143495
  4 -13.638432 43.920105 -3.600863 -0.404228 0.865352 0.296253 0.078038 0.959927 2 4 0.716525 10 0.283475
  4 -14.543352 44.091042 -4.732955 -0.189632 0.816490 0.545329 0.078038 0.971856 2 4 0.716525 10 0.283475
engineer_handR_red
  4 -16.622181 44.860558 -5.682134 0.086488 0.673369 0.734230 0.078038 0.994235 2 4 0.716525 10 0.283475
  4 -16.231140 42.652367 -3.165821 -0.272487 0.839650 0.469828 0.121055 0.971856 2 4 0.856505 10 0.143495
  4 -14.543352 44.091042 -4.732955 -0.189632 0.816490 0.545329 0.078038 0.971856 2 4 0.716525 10 0.283475
engineer_handR_red
  4 -17.903267 43.094627 -3.944228 0.086488 0.673369 0.734230 0.121055 0.994235 2 4 0.856511 10 0.143489
  4 -16.231140 42.652367 -3.165821 -0.272487 0.839650 0.469828 0.121055 0.971856 2 4 0.856505 10 0.143495
  4 -16.622181 44.860558 -5.682134 0.086488 0.673369 0.734230 0.078038 0.994235 2 4 0.716525 10 0.283475
engineer_handR_red
  4 -16.231140 42.652367 -3.165821 -0.272487 0.839650 0.469828 0.121055 0.971856 2 4 0.856505 10 0.143495
  4 -17.903267 43.094627 -3.944228 0.086488 0.673369 0.734230 0.121055 0.994235 2 4 0.856511 10 0.143489
  4 -18.644989 40.624668 -0.947902 -0.329704 0.821771 0.464745 0.167838 0.971856 3 4 0.495652 8 0.363612 10 0.140737
engineer_handR_red
  4 -18.644989 40.624668 -0.947902 -0.329704 0.821771 0.464745 0.167838 0.971856 3 4 0.495652 8 0.363612 10 0.140737
  4 -17.903267 43.094627 -3.944228 0.086488 0.673369 0.734230 0.121055 0.994235 2 4 0.856511 10 0.143489
  4 -19.730465 40.560764 -1.509828 0.125346 0.639370 0.758613 0.167838 0.994231 3 4 0.469608 8 0.389654 10 0.140738
engineer_handR_red
  4 -15.143453 42.714397 -1.409648 -0.526856 0.848549 0.048865 0.121055 0.950377 2 4 0.856502 10 0.143498
  4 -12.923664 44.196243 -1.233748 -0.579704 0.807172 -0.111435 0.078038 0.939264 2 4 0.716525 10 0.283475
  4 -13.186526 43.985310 -2.494811 -0.512412 0.854663 0.083575 0.078038 0.950377 2 4 0.716525 10 0.283475
engineer_handR_red
  4 -14.880613 42.917118 -0.405147 -0.579703 0.807172 -0.111435 0.121055 0.939264 2 4 0.882110 10 0.117890
  4 -12.923664 44.196243 -1.233748 -0.579704 0.807172 -0.111435 0.078038 0.939264 2 4 0.716525 10 0.283475
  4 -15.143453 42.714397 -1.409648 -0.526856 0.848549 0.048865 0.121055 0.950377 2 4 0.856502 10 0.143498
engineer_handR_red
  4 -15.143453 42.714397 -1.409648 -0.526856 0.848549 0.048865 0.121055 0.950377 2 4 0.856502 10 0.143498
  4 -17.922079 40.897057 0.126051 -0.526856 0.848549 0.048865 0.167839 0.950374 3 4 0.509058 8 0.350206 10 0.140736
  4 -14.880613 42.917118 -0.405147 -0.579703 0.807172 -0.111435 0.121055 0.939264 2 4 0.882110 10 0.117890
engineer_handR_red
  4 -14.880613 42.917118 -0.405147 -0.579703 0.807172 -0.111435 0.121055 0.939264 2 4 0.882110 10 0.117890
  4 -17.922079 40.897057 0.126051 -0.526856 0.848549 0.048865 0.167839 0.950374 3 4 0.509058 8 0.350206 10 0.140736
  4 -17.641768 41.079273 0.777644 -0.579703 0.807172 -0.111435 0.167839 0.939264 3 4 0.507603 8 0.351662 10 0.140735
engineer_handR_red
  4 -14.880613 42.917118 -0.405147 -0.579703 0.807172 -0.111435 0.121055 0.939264 2 4 0.882110 10 0.117890
  4 -17.641768 41.079273 0.777644 -0.579703 0.807172 -0.111435 0.167839 0.939264 3 4 0.507603 8 0.351662 10 0.140735
  4 -14.855036 43.233795 0.713171 -0.610139 0.715613 -0.340041 0.121055 0.927564 2 4 0.856499 10 0.143501
engineer_handR_red
  4 -14.855036 43.233795 0.713171 -0.610139 0.715613 -0.340041 0.121055 0.927564 2 4 0.856499 10 0.143501
  4 -17.641768 41.079273 0.777644 -0.579703 0.807172 -0.111435 0.167839 0.939264 3 4 0.507603 8 0.351662 10 0.140735
  4 -17.531260 41.354313 1.579557 -0.610139 0.715613 -0.340041 0.167839 0.927572 3 4 0.498322 8 0.360942 10 0.140736
engineer_handR_red
  4 -14.855036 43.233795 0.713171 -0.610139 0.715613 -0.340041 0.121055 0.927564 2 4 0.856499 10 0.143501
  4 -17.531260 41.354313 1.579557 -0.610139 0.715613 -0.340041 0.167839 0.927572 3 4 0.498322 8 0.360942 10 0.140736
  4 -15.095251 43.614506 1.561609 -0.587378 0.550808 -0.592957 0.121055 0.917168 2 4 0.856500 10 0.143500
engineer_handR_red
  4 -15.095251 43.614506 1.561609 -0.587378 0.550808 -0.592957 0.121055 0.917168 2 4 0.856500 10 0.143500
  4 -17.531260 41.354313 1.579557 -0.610139 0.715613 -0.340041 0.167839 0.927572 3 4 0.498322 8 0.360942 10 0.140736
  4 -17.577549 41.584496 2.128766 -0.624560 0.556119 -0.548321 0.167839 0.917182 3 4 0.489386 8 0.369878 10 0.140736
engineer_handR_red
  4 -17.577549 41.584496 2.128766 -0.624560 0.556119 -0.548321 0.167839 0.917182 3 4 0.489386 8 0.369878 10 0.140736
  4 -15.951643 44.258503 2.593210 -0.463140 0.303423 -0.832728 0.121055 0.907100 2 4 0.856504 10 0.143496
  4 -15.095251 43.614506 1.561609 -0.587378 0.550808 -0.592957 0.121055 0.917168 2 4 0.856500 10 0.143500
engineer_handR_red
  4 -17.993141 41.936584 2.951303 -0.459893 0.269774 -0.846003 0.167839 0.907106 3 4 0.465069 8 0.394195 10 0.140736
  4 -15.951643 44.258503 2.593210 -0.463140 0.303423 -0.832728 0.121055 0.907100 2 4 0.856504 10 0.143496
  4 -17.577549 41.584496 2.128766 -0.624560 0.556119 -0.548321 0.167839 0.917182 3 4 0.489386 8 0.369878 10 0.140736
engineer_handR_red
  4 -15.951643 44.258503 2.593210 -0.463140 0.303423 -0.832728 0.121055 0.907100 2 4 0.856504 10 0.143496
  4 -17.993141 41.936584 2.951303 -0.459893 0.269774 -0.846003 0.167839 0.907106 3 4 0.465069 8 0.394195 10 0.140736
  4 -16.734440 44.681030 2.911916 -0.231727 0.067539 -0.970433 0.121055 0.896980 2 4 0.856508 10 0.143492
engineer_handR_red
  4 -16.734440 44.681030 2.911916 -0.231727 0.067539 -0.970433 0.121055 0.896980 2 4 0.856508 10 0.143492
  4 -17.993141 41.936584 2.951303 -0.459893 0.269774 -0.846003 0.167839 0.907106 3 4 0.465069 8 0.394195 10 0.140736
  4 -18.552134 42.229420 3.198480 -0.231727 0.067539 -0.970433 0.167839 0.896982 3 4 0.456298 8 0.402965 10 0.140737
engineer_handR_red
  4 -16.734440 44.681030 2.911916 -0.231727 0.067539 -0.970433 0.121055 0.896980 2 4 0.856508 10 0.143492
  4 -18.552134 42.229420 3.198480 -0.231727 0.067539 -0.970433 0.167839 0.896982 3 4 0.456298 8 0.402965 10 0.140737
  4 -17.732327 45.186073 3.057429 -0.052614 -0.063394 -0.996601 0.121055 0.887324 2 4 0.856509 10 0.143491
engineer_handR_red
  4 -17.732327 45.186073 3.057429 -0.052614 -0.063394 -0.996601 0.121055 0.887324 2 4 0.856509 10 0.143491
  4 -18.552134 42.229420 3.198480 -0.231727 0.067539 -0.970433 0.167839 0.896982 3 4 0.456298 8 0.402965 10 0.140737
  4 -19.278721 42.560104 3.329747 -0.052614 -0.063394 -0.996601 0.167839 0.887328 3 4 0.447703 8 0.411560 10 0.140737
engineer_handR_red
  4 -17.732327 45.186073 3.057429 -0.052614 -0.063394 -0.996601 0.121055 0.887324 2 4 0.856509 10 0.143491
  4 -19.278721 42.560104 3.329747 -0.052614 -0.063394 -0.996601 0.167839 0.887328 3 4 0.447703 8 0.411560 10 0.140737
  4 -18.625998 45.557198 2.969306 0.172577 -0.187443 -0.966996 0.121055 0.880382 2 4 0.856511 10 0.143489
engineer_handR_red
  4 -18.625998 45.557198 2.969306 0.172577 -0.187443 -0.966996 0.121055 0.880382 2 4 0.856511 10 0.143489
  4 -19.278721 42.560104 3.329747 -0.052614 -0.063394 -0.996601 0.167839 0.887328 3 4 0.447703 8 0.411560 10 0.140737
  4 -19.938993 42.782745 3.297144 0.219526 -0.200501 -0.954781 0.167839 0.880382 3 4 0.440137 8 0.419125 10 0.140738
engineer_handR_red
  4 -18.625998 45.557198 2.969306 0.172577 -0.187443 -0.966996 0.121055 0.880382 2 4 0.856511 10 0.143489
  4 -19.938993 42.782745 3.297144 0.219526 -0.200501 -0.954781 0.167839 0.880382 3 4 0.440137 8 0.419125 10 0.140738
  4 -19.569683 45.857635 2.579285 0.410255 -0.284112 -0.866586 0.121055 0.872727 2 4 0.856513 10 0.143487
engineer_handR_red
  4 -19.569683 45.857635 2.579285 0.410255 -0.284112 -0.866586 0.121055 0.872727 2 4 0.856513 10 0.143487
  4 -19.938993 42.782745 3.297144 0.219526 -0.200501 -0.954781 0.167839 0.880382 3 4 0.440137 8 0.419125 10 0.140738
  4 -20.649981 42.931374 3.057261 0.454998 -0.288391 -0.842500 0.167839 0.872794 3 4 0.433602 8 0.425660 10 0.140738
engineer_handR_red
  4 -18.625998 45.557198 2.969306 0.172577 -0.187443 -0.966996 0.121055 0.880382 2 4 0.856511 10 0.143489
  4 -17.713362 47.511971 2.771435 0.145344 -0.163982 -0.975697 0.078038 0.880382 2 4 0.716525 10 0.283475
  4 -17.732327 45.186073 3.057429 -0.052614 -0.063394 -0.996601 0.121055 0.887324 2 4 0.856509 10 0.143491
engineer_handR_red
  4 -17.732327 45.186073 3.057429 -0.052614 -0.063394 -0.996601 0.121055 0.887324 2 4 0.856509 10 0.143491
  4 -17.713362 47.511971 2.771435 0.145344 -0.163982 -0.975697 0.078038 0.880382 2 4 0.716525 10 0.283475
  4 -16.648071 47.033188 2.899419 -0.052614 -0.063394 -0.996601 0.078038 0.887322 2 4 0.716525 10 0.283475
engineer_handR_red
  4 -17.732327 45.186073 3.057429 -0.052614 -0.063394 -0.996601 0.121055 0.887324 2 4 0.856509 10 0.143491
  4 -16.648071 47.033188 2.899419 -0.052614 -0.063394 -0.996601 0.078038 0.887322 2 4 0.716525 10 0.283475
  4 -16.734440 44.681030 2.911916 -0.231727 0.067539 -0.970433 0.121055 0.896980 2 4 0.856508 10 0.143492
engineer_handR_red
  4 -16.734440 44.681030 2.911916 -0.231727 0.067539 -0.970433 0.121055 0.896980 2 4 0.856508 10 0.143492
  4 -16.648071 47.033188 2.899419 -0.052614 -0.063394 -0.996601 0.078038 0.887322 2 4 0.716525 10 0.283475
  4 -15.451014 46.401199 2.742727 -0.231727 0.067539 -0.970433 0.078038 0.896979 2 4 0.716525 10 0.283475
engineer_handR_red
  4 -16.734440 44.681030 2.911916 -0.231727 0.067539 -0.970433 0.121055 0.896980 2 4 0.856508 10 0.143492
  4 -15.451014 46.401199 2.742727 -0.231727 0.067539 -0.970433 0.078038 0.896979 2 4 0.716525 10 0.283475
  4 -15.951643 44.258503 2.593210 -0.463140 0.303423 -0.832728 0.121055 0.907100 2 4 0.856504 10 0.143496
engineer_handR_red
  4 -15.951643 44.258503 2.593210 -0.463140 0.303423 -0.832728 0.121055 0.907100 2 4 0.856504 10 0.143496
  4 -15.451014 46.401199 2.742727 -0.231727 0.067539 -0.970433 0.078038 0.896979 2 4 0.716525 10 0.283475
  4 -14.504229 45.883884 2.371078 -0.463140 0.303423 -0.832728 0.078038 0.907097 2 4 0.716525 10 0.283475
engineer_handR_red
  4 -14.504229 45.883884 2.371078 -0.463140 0.303423 -0.832728 0.078038 0.907097 2 4 0.716525 10 0.283475
  4 -15.095251 43.614506 1.561609 -0.587378 0.550808 -0.592957 0.121055 0.917168 2 4 0.856500 10 0.143500
  4 -15.951643 44.258503 2.593210 -0.463140 0.303423 -0.832728 0.121055 0.907100 2 4 0.856504 10 0.143496
engineer_handR_red
  4 -13.333844 45.031960 1.182283 -0.587378 0.550808 -0.592957 0.078038 0.917160 2 4 0.716525 10 0.283475
  4 -15.095251 43.614506 1.561609 -0.587378 0.550808 -0.592957 0.121055 0.917168 2 4 0.856500 10 0.143500
  4 -14.504229 45.883884 2.371078 -0.463140 0.303423 -0.832728 0.078038 0.907097 2 4 0.716525 10 0.283475
engineer_handR_red
  4 -15.095251 43.614506 1.561609 -0.587378 0.550808 -0.592957 0.121055 0.917168 2 4 0.856500 10 0.143500
  4 -13.333844 45.031960 1.182283 -0.587378 0.550808 -0.592957 0.078038 0.917160 2 4 0.716525 10 0.283475
  4 -14.855036 43.233795 0.713171 -0.610139 0.715613 -0.340041 0.121055 0.927564 2 4 0.856499 10 0.143501
engineer_handR_red
  4 -14.855036 43.233795 0.713171 -0.610139 0.715613 -0.340041 0.121055 0.927564 2 4 0.856499 10 0.143501
  4 -13.333844 45.031960 1.182283 -0.587378 0.550808 -0.592957 0.078038 0.917160 2 4 0.716525 10 0.283475
  4 -12.956962 44.544167 0.117097 -0.603069 0.735070 -0.309807 0.078038 0.927560 2 4 0.716525 10 0.283475
engineer_handR_red
  4 -14.855036 43.233795 0.713171 -0.610139 0.715613 -0.340041 0.121055 0.927564 2 4 0.856499 10 0.143501
  4 -12.956962 44.544167 0.117097 -0.603069 0.735070 -0.309807 0.078038 0.927560 2 4 0.716525 10 0.283475
  4 -14.880613 42.917118 -0.405147 -0.579703 0.807172 -0.111435 0.121055 0.939264 2 4 0.882110 10 0.117890
engineer_handR_red
  4 -14.880613 42.917118 -0.405147 -0.579703 0.807172 -0.111435 0.121055 0.939264 2 4 0.882110 10 0.117890
  4 -12.956962 44.544167 0.117097 -0.603069 0.735070 -0.309807 0.078038 0.927560 2 4 0.716525 10 0.283475
  4 -12.923664 44.196243 -1.233748 -0.579704 0.807172 -0.111435 0.078038 0.939264 2 4 0.716525 10 0.283475
engineer_handR_red
  4 -19.748030 46.626080 -4.489074 0.756512 0.196702 0.623697 0.078038 0.814500 2 4 0.716532 10 0.283469
  4 -19.341335 43.764656 -3.762532 0.521022 0.399759 0.754141 0.121055 0.801215 2 4 0.856518 10 0.143483
  4 -18.347757 45.702755 -5.493233 0.461064 0.447493 0.766270 0.078038 0.801216 2 4 0.716525 10 0.283475
engineer_handR_red
  4 -20.489677 44.535938 -2.921776 0.809583 0.143976 0.569076 0.121055 0.814499 2 4 0.856520 10 0.143480
  4 -19.341335 43.764656 -3.762532 0.521022 0.399759 0.754141 0.121055 0.801215 2 4 0.856518 10 0.143483
  4 -19.748030 46.626080 -4.489074 0.756512 0.196702 0.623697 0.078038 0.814500 2 4 0.716532 10 0.283469
engineer_handR_red
  4 -20.401289 47.222923 -3.318508 0.919061 -0.013116 0.393897 0.078038 0.826925 2 4 0.716536 10 0.283464
  4 -20.489677 44.535938 -2.921776 0.809583 0.143976 0.569076 0.121055 0.814499 2 4 0.856520 10 0.143480
  4 -19.748030 46.626080 -4.489074 0.756512 0.196702 0.623697 0.078038 0.814500 2 4 0.716532 10 0.283469
engineer_handR_red
  4 -21.009424 45.057320 -1.956355 0.936481 -0.052159 0.346817 0.121055 0.826925 2 4 0.856520 10 0.143480
  4 -20.489677 44.535938 -2.921776 0.809583 0.143976 0.569076 0.121055 0.814499 2 4 0.856520 10 0.143480
  4 -20.401289 47.222923 -3.318508 0.919061 -0.013116 0.393897 0.078038 0.826925 2 4 0.716536 10 0.283464
engineer_handR_red
  4 -20.640301 47.615196 -2.178591 0.968024 -0.155840 0.196579 0.078038 0.837511 2 4 0.716537 10 0.283463
  4 -21.009424 45.057320 -1.956355 0.936481 -0.052159 0.346817 0.121055 0.826925 2 4 0.856520 10 0.143480
  4 -20.401289 47.222923 -3.318508 0.919061 -0.013116 0.393897 0.078038 0.826925 2 4 0.716536 10 0.283464
engineer_handR_red
  4 -21.183466 45.416374 -1.022387 0.974681 -0.175265 0.138851 0.121055 0.837510 2 4 0.856519 10 0.143481
  4 -21.009424 45.057320 -1.956355 0.936481 -0.052159 0.346817 0.121055 0.826925 2 4 0.856520 10 0.143480
  4 -20.640301 47.615196 -2.178591 0.968024 -0.155840 0.196579 0.078038 0.837511 2 4 0.716537 10 0.283463
engineer_handR_red
  4 -20.651077 47.854515 -1.285228 0.973971 -0.226357 0.011995 0.078038 0.845226 2 4 0.716538 10 0.283462
  4 -21.183466 45.416374 -1.022387 0.974681 -0.175265 0.138851 0.121055 0.837510 2 4 0.856519 10 0.143481
  4 -20.640301 47.615196 -2.178591 0.968024 -0.155840 0.196579 0.078038 0.837511 2 4 0.716537 10 0.283463
engineer_handR_red
  4 -21.172611 45.644775 -0.293711 0.968778 -0.246731 -0.024370 0.121055 0.845226 2 4 0.856518 10 0.143482
  4 -21.183466 45.416374 -1.022387 0.974681 -0.175265 0.138851 0.121055 0.837510 2 4 0.856519 10 0.143481
  4 -20.651077 47.854515 -1.285228 0.973971 -0.226357 0.011995 0.078038 0.845226 2 4 0.716538 10 0.283462
engineer_handR_red
  4 -20.519449 48.048252 -0.360950 0.948922 -0.280235 -0.144968 0.078038 0.852270 2 4 0.716538 10 0.283462
  4 -21.172611 45.644775 -0.293711 0.968778 -0.246731 -0.024370 0.121055 0.845226 2 4 0.856518 10 0.143482
  4 -20.651077 47.854515 -1.285228 0.973971 -0.226357 0.011995 0.078038 0.845226 2 4 0.716538 10 0.283462
engineer_handR_red
  4 -21.042309 45.839256 0.457509 0.936460 -0.297624 -0.185639 0.121055 0.852270 2 4 0.856517 10 0.143483
  4 -21.172611 45.644775 -0.293711 0.968778 -0.246731 -0.024370 0.121055 0.845226 2 4 0.856518 10 0.143482
  4 -20.519449 48.048252 -0.360950 0.948922 -0.280235 -0.144968 0.078038 0.852270 2 4 0.716538 10 0.283462
engineer_handR_red
  4 -20.217945 48.152973 0.600154 0.882098 -0.323734 -0.342197 0.078038 0.859403 2 4 0.716536 10 0.283464
  4 -21.042309 45.839256 0.457509 0.936460 -0.297624 -0.185639 0.121055 0.852270 2 4 0.856517 10 0.143483
  4 -20.519449 48.048252 -0.360950 0.948922 -0.280235 -0.144968 0.078038 0.852270 2 4 0.716538 10 0.283462
engineer_handR_red
  4 -20.768755 45.964661 1.236732 0.842914 -0.340803 -0.416352 0.121055 0.859403 2 4 0.856516 10 0.143484
  4 -21.042309 45.839256 0.457509 0.936460 -0.297624 -0.185639 0.121055 0.852270 2 4 0.856517 10 0.143483
  4 -20.217945 48.152973 0.600154 0.882098 -0.323734 -0.342197 0.078038 0.859403 2 4 0.716536 10 0.283464
engineer_handR_red
  4 -19.667889 48.120483 1.510084 0.734246 -0.341411 -0.586789 0.078038 0.866167 2 4 0.716531 10 0.283469
  4 -20.768755 45.964661 1.236732 0.842914 -0.340803 -0.416352 0.121055 0.859403 2 4 0.856516 10 0.143484
  4 -20.217945 48.152973 0.600154 0.882098 -0.323734 -0.342197 0.078038 0.859403 2 4 0.716536 10 0.283464
engineer_handR_red
  4 -20.288397 45.979618 1.970573 0.651887 -0.339728 -0.677959 0.121055 0.866167 2 4 0.856515 10 0.143485
  4 -20.768755 45.964661 1.236732 0.842914 -0.340803 -0.416352 0.121055 0.859403 2 4 0.856516 10 0.143484
  4 -19.667889 48.120483 1.510084 0.734246 -0.341411 -0.586789 0.078038 0.866167 2 4 0.716531 10 0.283469
engineer_handR_red
  4 -18.828556 47.921856 2.272449 0.454998 -0.288391 -0.842500 0.078038 0.872901 2 4 0.716525 10 0.283475
  4 -20.288397 45.979618 1.970573 0.651887 -0.339728 -0.677959 0.121055 0.866167 2 4 0.856515 10 0.143485
  4 -19.667889 48.120483 1.510084 0.734246 -0.341411 -0.586789 0.078038 0.866167 2 4 0.716531 10 0.283469
engineer_handR_red
  4 -19.569683 45.857635 2.579285 0.410255 -0.284112 -0.866586 0.121055 0.872727 2 4 0.856513 10 0.143487
  4 -20.288397 45.979618 1.970573 0.651887 -0.339728 -0.677959 0.121055 0.866167 2 4 0.856515 10 0.143485
  4 -18.828556 47.921856 2.272449 0.454998 -0.288391 -0.842500 0.078038 0.872901 2 4 0.716525 10 0.283475
engineer_handR_red
  4 -19.569683 45.857635 2.579285 0.410255 -0.284112 -0.866586 0.121055 0.872727 2 4 0.856513 10 0.143487
  4 -18.828556 47.921856 2.272449 0.454998 -0.288391 -0.842500 0.078038 0.872901 2 4 0.716525 10 0.283475
  4 -18.625998 45.557198 2.969306 0.172577 -0.187443 -0.966996 0.121055 0.880382 2 4 0.856511 10 0.143489
engineer_handR_red
  4 -18.625998 45.557198 2.969306 0.172577 -0.187443 -0.966996 0.121055 0.880382 2 4 0.856511 10 0.143489
  4 -18.828556 47.921856 2.272449 0.454998 -0.288391 -0.842500 0.078038 0.872901 2 4 0.716525 10 0.283475
  4 -17.713362 47.511971 2.771435 0.145344 -0.163982 -0.975697 0.078038 0.880382 2 4 0.716525 10 0.283475
engineer_handR_red
  4 -19.569683 45.857635 2.579285 0.410255 -0.284112 -0.866586 0.121055 0.872727 2 4 0.856513 10 0.143487
  4 -20.649981 42.931374 3.057261 0.454998 -0.288391 -0.842500 0.167839 0.872794 3 4 0.433602 8 0.425660 10 0.140738
  4 -20.288397 45.979618 1.970573 0.651887 -0.339728 -0.677959 0.121055 0.866167 2 4 0.856515 10 0.143485
engineer_handR_red
  4 -20.288397 45.979618 1.970573 0.651887 -0.339728 -0.677959 0.121055 0.866167 2 4 0.856515 10 0.143485
  4 -20.649981 42.931374 3.057261 0.454998 -0.288391 -0.842500 0.167839 0.872794 3 4 0.433602 8 0.425660 10 0.140738
  8 -21.205643 42.946087 2.659614 0.705486 -0.356273 -0.612665 0.167839 0.866167 3 8 0.429702 4 0.429559 10 0.140739
engineer_handR_red
  4 -20.288397 45.979618 1.970573 0.651887 -0.339728 -0.677959 0.121055 0.866167 2 4 0.856515 10 0.143485
  8 -21.205643 42.946087 2.659614 0.705486 -0.356273 -0.612665 0.167839 0.866167 3 8 0.429702 4 0.429559 10 0.140739
  4 -20.768755 45.964661 1.236732 0.842914 -0.340803 -0.416352 0.121055 0.859403 2 4 0.856516 10 0.143484
engineer_handR_red
  4 -20.768755 45.964661 1.236732 0.842914 -0.340803 -0.416352 0.121055 0.859403 2 4 0.856516 10 0.143484
  8 -21.205643 42.946087 2.659614 0.705486 -0.356273 -0.612665 0.167839 0.866167 3 8 0.429702 4 0.429559 10 0.140739
  8 -21.592501 42.863735 2.167261 0.842914 -0.340803 -0.416352 0.167839 0.859403 3 8 0.430906 4 0.428355 10 0.140739
engineer_handR_red
  8 -21.829449 42.707630 1.637236 0.919742 -0.315605 -0.233384 0.167839 0.852269 3 8 0.430306 4 0.428955 10 0.140739
  4 -20.768755 45.964661 1.236732 0.842914 -0.340803 -0.416352 0.121055 0.859403 2 4 0.856516 10 0.143484
  8 -21.592501 42.863735 2.167261 0.842914 -0.340803 -0.416352 0.167839 0.859403 3 8 0.430906 4 0.428355 10 0.140739
engineer_handR_red
  4 -21.042309 45.839256 0.457509 0.936460 -0.297624 -0.185639 0.121055 0.852270 2 4 0.856517 10 0.143483
  4 -20.768755 45.964661 1.236732 0.842914 -0.340803 -0.416352 0.121055 0.859403 2 4 0.856516 10 0.143484
  8 -21.829449 42.707630 1.637236 0.919742 -0.315605 -0.233384 0.167839 0.852269 3 8 0.430306 4 0.428955 10 0.140739
engineer_handR_red
  4 -21.959295 42.509972 1.123018 0.960914 -0.268505 -0.067453 0.167839 0.845226 3 4 0.429986 8 0.429276 10 0.140739
  4 -21.042309 45.839256 0.457509 0.936460 -0.297624 -0.185639 0.121055 0.852270 2 4 0.856517 10 0.143483
  8 -21.829449 42.707630 1.637236 0.919742 -0.315605 -0.233384 0.167839 0.852269 3 8 0.430306 4 0.428955 10 0.140739
engineer_handR_red
  4 -21.172611 45.644775 -0.293711 0.968778 -0.246731 -0.024370 0.121055 0.845226 2 4 0.856518 10 0.143482
  4 -21.042309 45.839256 0.457509 0.936460 -0.297624 -0.185639 0.121055 0.852270 2 4 0.856517 10 0.143483
  4 -21.959295 42.509972 1.123018 0.960914 -0.268505 -0.067453 0.167839 0.845226 3 4 0.429986 8 0.429276 10 0.140739
engineer_handR_red
  4 -22.000933 42.294525 0.619728 0.974675 -0.204061 0.091471 0.167839 0.837510 3 4 0.432478 8 0.426783 10 0.140739
  4 -21.172611 45.644775 -0.293711 0.968778 -0.246731 -0.024370 0.121055 0.845226 2 4 0.856518 10 0.143482
  4 -21.959295 42.509972 1.123018 0.960914 -0.268505 -0.067453 0.167839 0.845226 3 4 0.429986 8 0.429276 10 0.140739
engineer_handR_red
  4 -21.183466 45.416374 -1.022387 0.974681 -0.175265 0.138851 0.121055 0.837510 2 4 0.856519 10 0.143481
  4 -21.172611 45.644775 -0.293711 0.968778 -0.246731 -0.024370 0.121055 0.845226 2 4 0.856518 10 0.143482
  4 -22.000933 42.294525 0.619728 0.974675 -0.204061 0.091471 0.167839 0.837510 3 4 0.432478 8 0.426783 10 0.140739
engineer_handR_red
  4 -21.917042 41.978607 -0.032634 0.951944 -0.094401 0.291359 0.167839 0.826925 3 4 0.437978 8 0.421284 10 0.140739
  4 -21.183466 45.416374 -1.022387 0.974681 -0.175265 0.138851 0.121055 0.837510 2 4 0.856519 10 0.143481
  4 -22.000933 42.294525 0.619728 0.974675 -0.204061 0.091471 0.167839 0.837510 3 4 0.432478 8 0.426783 10 0.140739
engineer_handR_red
  4 -21.009424 45.057320 -1.956355 0.936481 -0.052159 0.346817 0.121055 0.826925 2 4 0.856520 10 0.143480
  4 -21.183466 45.416374 -1.022387 0.974681 -0.175265 0.138851 0.121055 0.837510 2 4 0.856519 10 0.143481
  4 -21.917042 41.978607 -0.032634 0.951944 -0.094401 0.291359 0.167839 0.826925 3 4 0.437978 8 0.421284 10 0.140739
engineer_handR_red
  4 -21.580807 41.558472 -0.717932 0.839720 0.093038 0.534989 0.167839 0.814498 3 4 0.445969 8 0.413292 10 0.140739
  4 -21.009424 45.057320 -1.956355 0.936481 -0.052159 0.346817 0.121055 0.826925 2 4 0.856520 10 0.143480
  4 -21.917042 41.978607 -0.032634 0.951944 -0.094401 0.291359 0.167839 0.826925 3 4 0.437978 8 0.421284 10 0.140739
engineer_handR_red
  4 -20.489677 44.535938 -2.921776 0.809583 0.143976 0.569076 0.121055 0.814499 2 4 0.856520 10 0.143480
  4 -21.009424 45.057320 -1.956355 0.936481 -0.052159 0.346817 0.121055 0.826925 2 4 0.856520 10 0.143480
  4 -21.580807 41.558472 -0.717932 0.839720 0.093038 0.534989 0.167839 0.814498 3 4 0.445969 8 0.413292 10 0.140739
engineer_handR_red
  4 -20.776876 40.994164 -1.336349 0.583951 0.345378 0.734653 0.167839 0.801215 3 4 0.457399 8 0.401863 10 0.140739
  4 -20.489677 44.535938 -2.921776 0.809583 0.143976 0.569076 0.121055 0.814499 2 4 0.856520 10 0.143480
  4 -21.580807 41.558472 -0.717932 0.839720 0.093038 0.534989 0.167839 0.814498 3 4 0.445969 8 0.413292 10 0.140739
engineer_handR_red
  4 -19.341335 43.764656 -3.762532 0.521022 0.399759 0.754141 0.121055 0.801215 2 4 0.856518 10 0.143483
  4 -20.489677 44.535938 -2.921776 0.809583 0.143976 0.569076 0.121055 0.814499 2 4 0.856520 10 0.143480
  4 -20.776876 40.994164 -1.336349 0.583951 0.345378 0.734653 0.167839 0.801215 3 4 0.457399 8 0.401863 10 0.140739
engineer_handR_red
  4 -19.730465 40.560764 -1.509828 0.125346 0.639370 0.758613 0.167839 0.789041 3 4 0.469608 8 0.389654 10 0.140738
  4 -19.341335 43.764656 -3.762532 0.521022 0.399759 0.754141 0.121055 0.801215 2 4 0.856518 10 0.143483
  4 -20.776876 40.994164 -1.336349 0.583951 0.345378 0.734653 0.167839 0.801215 3 4 0.457399 8 0.401863 10 0.140739
engineer_handR_red
  4 -17.903267 43.094627 -3.944228 0.086488 0.673369 0.734230 0.121055 0.789042 2 4 0.856511 10 0.143489
  4 -19.341335 43.764656 -3.762532 0.521022 0.399759 0.754141 0.121055 0.801215 2 4 0.856518 10 0.143483
  4 -19.730465 40.560764 -1.509828 0.125346 0.639370 0.758613 0.167839 0.789041 3 4 0.469608 8 0.389654 10 0.140738
engineer_handR_red
  4 -19.341335 43.764656 -3.762532 0.521022 0.399759 0.754141 0.121055 0.801215 2 4 0.856518 10 0.143483
  4 -17.903267 43.094627 -3.944228 0.086488 0.673369 0.734230 0.121055 0.789042 2 4 0.856511 10 0.143489
  4 -18.347757 45.702755 -5.493233 0.461064 0.447493 0.766270 0.078038 0.801216 2 4 0.716525 10 0.283475
engineer_handR_red
  4 -18.347757 45.702755 -5.493233 0.461064 0.447493 0.766270 0.078038 0.801216 2 4 0.716525 10 0.283475
  4 -17.903267 43.094627 -3.944228 0.086488 0.673369 0.734230 0.121055 0.789042 2 4 0.856511 10 0.143489
  4 -16.622181 44.860558 -5.682134 0.086488 0.673369 0.734230 0.078038 0.789042 2 4 0.716525 10 0.283475
engineer_handR_red
  4 -20.677900 44.888504 3.116751 -0.655515 0.445167 0.610022 0.266127 0.351915 3 4 0.760102 10 0.140740 8 0.099159
  4 -21.052948 43.480450 3.693800 -0.584627 0.433308 0.685898 0.264525 0.406308 3 4 0.616130 8 0.202593 10 0.181276
  4 -19.824499 44.824409 3.670571 -0.368357 0.430190 0.824166 0.228968 0.345647 3 4 0.760102 10 0.140740 8 0.099159
engineer_handR_red
  8 -17.390400 40.542603 3.663760 0.780995 -0.409943 0.471161 0.081528 0.407668 2 8 0.553948 4 0.446052
  4 -16.639750 41.893349 3.406985 0.726943 -0.284845 0.624834 0.086819 0.359915 3 4 0.619441 8 0.199287 10 0.181272
  8 -17.680901 40.900200 4.252050 0.685699 -0.137588 0.714763 0.096631 0.411427 2 8 0.557452 4 0.442548
engineer_handR_red
  8 -17.680901 40.900200 4.252050 0.685699 -0.137588 0.714763 0.096631 0.411427 2 8 0.557452 4 0.442548
  4 -16.639750 41.893349 3.406985 0.726943 -0.284845 0.624834 0.086819 0.359915 3 4 0.619441 8 0.199287 10 0.181272
  4 -17.142899 42.288300 3.893580 0.572277 -0.020250 0.819810 0.102891 0.362114 3 4 0.619593 8 0.199133 10 0.181273
engineer_handR_red
  4 -15.930997 43.168999 3.164490 0.636647 -0.137992 0.758708 0.090032 0.324305 3 4 0.760101 10 0.140740 8 0.099159
  4 -17.142899 42.288300 3.893580 0.572277 -0.020250 0.819810 0.102891 0.362114 3 4 0.619593 8 0.199133 10 0.181273
  4 -16.639750 41.893349 3.406985 0.726943 -0.284845 0.624834 0.086819 0.359915 3 4 0.619441 8 0.199287 10 0.181272
engineer_handR_red
  4 -16.634800 43.599209 3.555051 0.486733 0.066193 0.871040 0.107017 0.325030 3 4 0.760102 10 0.140740 8 0.099159
  4 -17.142899 42.288300 3.893580 0.572277 -0.020250 0.819810 0.102891 0.362114 3 4 0.619593 8 0.199133 10 0.181273
  4 -15.930997 43.168999 3.164490 0.636647 -0.137992 0.758708 0.090032 0.324305 3 4 0.760101 10 0.140740 8 0.099159
engineer_handR_red
  4 -16.634800 43.599209 3.555051 0.486733 0.066193 0.871040 0.107017 0.325030 3 4 0.760102 10 0.140740 8 0.099159
  4 -18.028048 42.795952 4.398950 0.367527 0.169567 0.914424 0.142984 0.373096 3 4 0.622632 8 0.196093 10 0.181274
  4 -17.142899 42.288300 3.893580 0.572277 -0.020250 0.819810 0.102891 0.362114 3 4 0.619593 8 0.199133 10 0.181273
engineer_handR_red
  4 -17.612200 44.142506 3.968681 0.273283 0.202986 0.940273 0.148552 0.332128 3 4 0.760102 10 0.140740 8 0.099159
  4 -18.028048 42.795952 4.398950 0.367527 0.169567 0.914424 0.142984 0.373096 3 4 0.622632 8 0.196093 10 0.181274
  4 -16.634800 43.599209 3.555051 0.486733 0.066193 0.871040 0.107017 0.325030 3 4 0.760102 10 0.140740 8 0.099159
engineer_handR_red
  4 -17.612200 44.142506 3.968681 0.273283 0.202986 0.940273 0.148552 0.332128 3 4 0.760102 10 0.140740 8 0.099159
  4 -18.983648 43.184151 4.507111 0.032524 0.323769 0.945577 0.177618 0.378984 3 4 0.619597 8 0.199128 10 0.181275
  4 -18.028048 42.795952 4.398950 0.367527 0.169567 0.914424 0.142984 0.373096 3 4 0.622632 8 0.196093 10 0.181274
engineer_handR_red
  4 -18.610901 44.540405 4.028321 -0.077965 0.360227 0.929601 0.182902 0.335594 3 4 0.760102 10 0.140740 8 0.099159
  4 -18.983648 43.184151 4.507111 0.032524 0.323769 0.945577 0.177618 0.378984 3 4 0.619597 8 0.199128 10 0.181275
  4 -17.612200 44.142506 3.968681 0.273283 0.202986 0.940273 0.148552 0.332128 3 4 0.760102 10 0.140740 8 0.099159
engineer_handR_red
  4 -18.610901 44.540405 4.028321 -0.077965 0.360227 0.929601 0.182902 0.335594 3 4 0.760102 10 0.140740 8 0.099159
  4 -20.170797 43.451950 4.208481 -0.274493 0.404489 0.872377 0.224761 0.392905 3 4 0.616951 8 0.201774 10 0.181275
  4 -18.983648 43.184151 4.507111 0.032524 0.323769 0.945577 0.177618 0.378984 3 4 0.619597 8 0.199128 10 0.181275
engineer_handR_red
  4 -19.824499 44.824409 3.670571 -0.368357 0.430190 0.824166 0.228968 0.345647 3 4 0.760102 10 0.140740 8 0.099159
  4 -20.170797 43.451950 4.208481 -0.274493 0.404489 0.872377 0.224761 0.392905 3 4 0.616951 8 0.201774 10 0.181275
  4 -18.610901 44.540405 4.028321 -0.077965 0.360227 0.929601 0.182902 0.335594 3 4 0.760102 10 0.140740 8 0.099159
engineer_handR_red
  4 -19.824499 44.824409 3.670571 -0.368357 0.430190 0.824166 0.228968 0.345647 3 4 0.760102 10 0.140740 8 0.099159
  4 -21.052948 43.480450 3.693800 -0.584627 0.433308 0.685898 0.264525 0.406308 3 4 0.616130 8 0.202593 10 0.181276
  4 -20.170797 43.451950 4.208481 -0.274493 0.404489 0.872377 0.224761 0.392905 3 4 0.616951 8 0.201774 10 0.181275
engineer_handR_red
  4 -21.052948 43.480450 3.693800 -0.584627 0.433308 0.685898 0.264525 0.406308 3 4 0.616130 8 0.202593 10 0.181276
  8 -20.543350 41.964554 4.791862 -0.274493 0.404489 0.872377 0.220305 0.452992 2 8 0.601783 4 0.398217
  4 -20.170797 43.451950 4.208481 -0.274493 0.404489 0.872377 0.224761 0.392905 3 4 0.616951 8 0.201774 10 0.181275
engineer_handR_red
  8 -21.450100 41.989399 4.304860 -0.584627 0.433308 0.685897 0.262830 0.473949 2 8 0.618495 4 0.381505
  8 -20.543350 41.964554 4.791862 -0.274493 0.404489 0.872377 0.220305 0.452992 2 8 0.601783 4 0.398217
  4 -21.052948 43.480450 3.693800 -0.584627 0.433308 0.685898 0.264525 0.406308 3 4 0.616130 8 0.202593 10 0.181276
engineer_handR_red
  8 -17.680901 40.900200 4.252050 0.685699 -0.137588 0.714763 0.096631 0.411427 2 8 0.557452 4 0.442548
  4 -17.142899 42.288300 3.893580 0.572277 -0.020250 0.819810 0.102891 0.362114 3 4 0.619593 8 0.199133 10 0.181273
  8 -18.468300 41.369995 4.854570 0.472369 0.101254 0.875566 0.137088 0.426521 2 8 0.570158 4 0.429842
engineer_handR_red
  8 -18.468300 41.369995 4.854570 0.472369 0.101254 0.875566 0.137088 0.426521 2 8 0.570158 4 0.429842
  4 -17.142899 42.288300 3.893580 0.572277 -0.020250 0.819810 0.102891 0.362114 3 4 0.619593 8 0.199133 10 0.181273
  4 -18.028048 42.795952 4.398950 0.367527 0.169567 0.914424 0.142984 0.373096 3 4 0.622632 8 0.196093 10 0.181274
engineer_handR_red
  8 -18.468300 41.369995 4.854570 0.472369 0.101254 0.875566 0.137088 0.426521 2 8 0.570158 4 0.429842
  4 -18.028048 42.795952 4.398950 0.367527 0.169567 0.914424 0.142984 0.373096 3 4 0.622632 8 0.196093 10 0.181274
  8 -19.378401 41.748001 5.014111 0.135367 0.262843 0.955295 0.172023 0.434974 2 8 0.581668 4 0.418333
engineer_handR_red
  8 -19.378401 41.748001 5.014111 0.135367 0.262843 0.955295 0.172023 0.434974 2 8 0.581668 4 0.418333
  4 -18.028048 42.795952 4.398950 0.367527 0.169567 0.914424 0.142984 0.373096 3 4 0.622632 8 0.196093 10 0.181274
  4 -18.983648 43.184151 4.507111 0.032524 0.323769 0.945577 0.177618 0.378984 3 4 0.619597 8 0.199128 10 0.181275
engineer_handR_red
  8 -19.378401 41.748001 5.014111 0.135367 0.262843 0.955295 0.172023 0.434974 2 8 0.581668 4 0.418333
  4 -18.983648 43.184151 4.507111 0.032524 0.323769 0.945577 0.177618 0.378984 3 4 0.619597 8 0.199128 10 0.181275
  8 -20.543350 41.964554 4.791862 -0.274493 0.404489 0.872377 0.220305 0.452992 2 8 0.601783 4 0.398217
engineer_handR_red
  8 -20.543350 41.964554 4.791862 -0.274493 0.404489 0.872377 0.220305 0.452992 2 8 0.601783 4 0.398217
  4 -18.983648 43.184151 4.507111 0.032524 0.323769 0.945577 0.177618 0.378984 3 4 0.619597 8 0.199128 10 0.181275
  4 -20.170797 43.451950 4.208481 -0.274493 0.404489 0.872377 0.224761 0.392905 3 4 0.616951 8 0.201774 10 0.181275
engineer_handR_red
  8 -21.450100 41.989399 4.304860 -0.584627 0.433308 0.685897 0.262830 0.473949 2 8 0.618495 4 0.381505
  4 -21.052948 43.480450 3.693800 -0.584627 0.433308 0.685898 0.264525 0.406308 3 4 0.616130 8 0.202593 10 0.181276
  8 -22.041702 41.859100 3.595670 -0.795140 0.406263 0.450226 0.297563 0.473718 2 8 0.645297 4 0.354703
engineer_handR_red
  8 -22.041702 41.859100 3.595670 -0.795140 0.406263 0.450226 0.297563 0.473718 2 8 0.645297 4 0.354703
  4 -21.052948 43.480450 3.693800 -0.584627 0.433308 0.685898 0.264525 0.406308 3 4 0.616130 8 0.202593 10 0.181276
  4 -21.637697 43.347057 2.946540 -0.825060 0.396632 0.402441 0.299249 0.404934 3 4 0.620877 8 0.197847 10 0.181276
engineer_handR_red
  4 -20.677900 44.888504 3.116751 -0.655515 0.445167 0.610022 0.266127 0.351915 3 4 0.760102 10 0.140740 8 0.099159
  4 -21.637697 43.347057 2.946540 -0.825060 0.396632 0.402441 0.299249 0.404934 3 4 0.620877 8 0.197847 10 0.181276
  4 -21.052948 43.480450 3.693800 -0.584627 0.433308 0.685898 0.264525 0.406308 3 4 0.616130 8 0.202593 10 0.181276
engineer_handR_red
  4 -21.256100 44.752110 2.333530 -0.847224 0.386560 0.364393 0.300841 0.349461 3 4 0.760102 10 0.140740 8 0.099159
  4 -21.637697 43.347057 2.946540 -0.825060 0.396632 0.402441 0.299249 0.404934 3 4 0.620877 8 0.197847 10 0.181276
  4 -20.677900 44.888504 3.116751 -0.655515 0.445167 0.610022 0.266127 0.351915 3 4 0.760102 10 0.140740 8 0.099159
engineer_handR_red
  4 -21.256100 44.752110 2.333530 -0.847224 0.386560 0.364393 0.300841 0.349461 3 4 0.760102 10 0.140740 8 0.099159
  4 -22.012049 43.104698 2.125145 -0.920209 0.336792 0.199466 0.335239 0.403161 3 4 0.620488 8 0.198236 10 0.181277
  4 -21.637697 43.347057 2.946540 -0.825060 0.396632 0.402441 0.299249 0.404934 3 4 0.620877 8 0.197847 10 0.181276
engineer_handR_red
  4 -21.631203 44.518906 1.500120 -0.929571 0.329036 0.166234 0.336371 0.346826 3 4 0.760102 10 0.140740 8 0.099159
  4 -22.012049 43.104698 2.125145 -0.920209 0.336792 0.199466 0.335239 0.403161 3 4 0.620488 8 0.198236 10 0.181277
  4 -21.256100 44.752110 2.333530 -0.847224 0.386560 0.364393 0.300841 0.349461 3 4 0.760102 10 0.140740 8 0.099159
engineer_handR_red
  4 -21.631203 44.518906 1.500120 -0.929571 0.329036 0.166234 0.336371 0.346826 3 4 0.760102 10 0.140740 8 0.099159
  4 -22.206848 42.766350 1.240415 -0.959316 0.278761 0.044777 0.372299 0.401729 3 4 0.620371 8 0.198353 10 0.181276
  4 -22.012049 43.104698 2.125145 -0.920209 0.336792 0.199466 0.335239 0.403161 3 4 0.620488 8 0.198236 10 0.181277
engineer_handR_red
  4 -21.823999 44.184105 0.599338 -0.963937 0.265844 0.012319 0.372131 0.344483 3 4 0.760102 10 0.140740 8 0.099159
  4 -22.206848 42.766350 1.240415 -0.959316 0.278761 0.044777 0.372299 0.401729 3 4 0.620371 8 0.198353 10 0.181276
  4 -21.631203 44.518906 1.500120 -0.929571 0.329036 0.166234 0.336371 0.346826 3 4 0.760102 10 0.140740 8 0.099159
engineer_handR_red
  4 -21.823999 44.184105 0.599338 -0.963937 0.265844 0.012319 0.372131 0.344483 3 4 0.760102 10 0.140740 8 0.099159
  4 -22.249548 42.386147 0.373556 -0.970009 0.197119 -0.142220 0.407749 0.399890 3 4 0.619203 8 0.199521 10 0.181277
  4 -22.206848 42.766350 1.240415 -0.959316 0.278761 0.044777 0.372299 0.401729 3 4 0.620371 8 0.198353 10 0.181276
engineer_handR_red
  4 -21.871502 43.806107 -0.279332 -0.970009 0.197119 -0.142220 0.405438 0.342120 3 4 0.760102 10 0.140740 8 0.099159
  4 -22.249548 42.386147 0.373556 -0.970009 0.197119 -0.142220 0.407749 0.399890 3 4 0.619203 8 0.199521 10 0.181277
  4 -21.823999 44.184105 0.599338 -0.963937 0.265844 0.012319 0.372131 0.344483 3 4 0.760102 10 0.140740 8 0.099159
engineer_handR_red
  4 -21.871502 43.806107 -0.279332 -0.970009 0.197119 -0.142220 0.405438 0.342120 3 4 0.760102 10 0.140740 8 0.099159
  4 -22.119749 41.927052 -0.546922 -0.933845 0.095941 -0.344570 0.446122 0.396400 3 4 0.616402 8 0.202321 10 0.181277
  4 -22.249548 42.386147 0.373556 -0.970009 0.197119 -0.142220 0.407749 0.399890 3 4 0.619203 8 0.199521 10 0.181277
engineer_handR_red
  4 -21.739100 43.317005 -1.258080 -0.933845 0.095941 -0.344570 0.444923 0.337906 3 4 0.760102 10 0.140740 8 0.099159
  4 -22.119749 41.927052 -0.546922 -0.933845 0.095941 -0.344570 0.446122 0.396400 3 4 0.616402 8 0.202321 10 0.181277
  4 -21.871502 43.806107 -0.279332 -0.970009 0.197119 -0.142220 0.405438 0.342120 3 4 0.760102 10 0.140740 8 0.099159
engineer_handR_red
  4 -21.739100 43.317005 -1.258080 -0.933845 0.095941 -0.344570 0.444923 0.337906 3 4 0.760102 10 0.140740 8 0.099159
  4 -21.742949 41.392651 -1.434300 -0.830942 -0.043743 -0.554636 0.486650 0.391863 3 4 0.621732 8 0.196991 10 0.181277
  4 -22.119749 41.927052 -0.546922 -0.933845 0.095941 -0.344570 0.446122 0.396400 3 4 0.616402 8 0.202321 10 0.181277
engineer_handR_red
  4 -21.319799 42.728706 -2.218400 -0.793462 -0.074506 -0.604042 0.488250 0.332726 3 4 0.760102 10 0.140740 8 0.099159
  4 -21.742949 41.392651 -1.434300 -0.830942 -0.043743 -0.554636 0.486650 0.391863 3 4 0.621732 8 0.196991 10 0.181277
  4 -21.739100 43.317005 -1.258080 -0.933845 0.095941 -0.344570 0.444923 0.337906 3 4 0.760102 10 0.140740 8 0.099159
engineer_handR_red
  4 -21.319799 42.728706 -2.218400 -0.793462 -0.074506 -0.604042 0.488250 0.332726 3 4 0.760102 10 0.140740 8 0.099159
  4 -20.748150 40.673954 -2.288785 -0.527526 -0.316772 -0.788271 0.539060 0.388635 3 4 0.622511 8 0.196213 10 0.181277
  4 -21.742949 41.392651 -1.434300 -0.830942 -0.043743 -0.554636 0.486650 0.391863 3 4 0.621732 8 0.196991 10 0.181277
engineer_handR_red
  4 -20.212601 41.907707 -3.133480 -0.449140 -0.360708 -0.817412 0.542907 0.329191 3 4 0.760102 10 0.140740 8 0.099159
  4 -20.748150 40.673954 -2.288785 -0.527526 -0.316772 -0.788271 0.539060 0.388635 3 4 0.622511 8 0.196213 10 0.181277
  4 -21.319799 42.728706 -2.218400 -0.793462 -0.074506 -0.604042 0.488250 0.332726 3 4 0.760102 10 0.140740 8 0.099159
engineer_handR_red
  4 -20.212601 41.907707 -3.133480 -0.449140 -0.360708 -0.817412 0.542907 0.329191 3 4 0.760102 10 0.140740 8 0.099159
  4 -19.651751 40.217102 -2.470075 -0.063893 -0.587392 -0.806776 0.571536 0.387407 3 4 0.622841 8 0.195794 10 0.181365
  4 -20.748150 40.673954 -2.288785 -0.527526 -0.316772 -0.788271 0.539060 0.388635 3 4 0.622511 8 0.196213 10 0.181277
engineer_handR_red
  4 -18.959999 41.345203 -3.346150 0.018956 -0.624418 -0.780860 0.579322 0.328824 3 4 0.760102 10 0.140740 8 0.099159
  4 -19.651751 40.217102 -2.470075 -0.063893 -0.587392 -0.806776 0.571536 0.387407 3 4 0.622841 8 0.195794 10 0.181365
  4 -20.212601 41.907707 -3.133480 -0.449140 -0.360708 -0.817412 0.542907 0.329191 3 4 0.760102 10 0.140740 8 0.099159
engineer_handR_red
  8 -20.384300 39.022499 -1.542390 -0.153219 -0.524551 -0.837478 0.563291 0.459499 2 8 0.563475 4 0.436526
  4 -20.748150 40.673954 -2.288785 -0.527526 -0.316772 -0.788271 0.539060 0.388635 3 4 0.622511 8 0.196213 10 0.181277
  4 -19.651751 40.217102 -2.470075 -0.063893 -0.587392 -0.806776 0.571536 0.387419 3 4 0.622841 8 0.195794 10 0.181365
engineer_handR_red
  8 -21.315300 39.367401 -1.394320 -0.581681 -0.269402 -0.767509 0.534984 0.461625 2 8 0.577492 4 0.422509
  4 -20.748150 40.673954 -2.288785 -0.527526 -0.316772 -0.788271 0.539060 0.388635 3 4 0.622511 8 0.196213 10 0.181277
  8 -20.384300 39.022499 -1.542390 -0.153219 -0.524551 -0.837478 0.563291 0.459499 2 8 0.563475 4 0.436526
engineer_handR_red
  8 -21.315300 39.367401 -1.394320 -0.581681 -0.269402 -0.767509 0.534984 0.461625 2 8 0.577492 4 0.422509
  4 -21.742949 41.392651 -1.434300 -0.830942 -0.043743 -0.554636 0.486650 0.391863 3 4 0.621732 8 0.196991 10 0.181277
  4 -20.748150 40.673954 -2.288785 -0.527526 -0.316772 -0.788271 0.539060 0.388635 3 4 0.622511 8 0.196213 10 0.181277
engineer_handR_red
  8 -22.191000 39.977798 -0.604007 -0.851359 -0.042470 -0.522861 0.484958 0.464528 2 8 0.604008 4 0.395992
  4 -21.742949 41.392651 -1.434300 -0.830942 -0.043743 -0.554636 0.486650 0.391863 3 4 0.621732 8 0.196991 10 0.181277
  8 -21.315300 39.367401 -1.394320 -0.581681 -0.269402 -0.767509 0.534984 0.461625 2 8 0.577492 4 0.422509
engineer_handR_red
  8 -22.191000 39.977798 -0.604007 -0.851359 -0.042470 -0.522861 0.484958 0.464528 2 8 0.604008 4 0.395992
  4 -22.119749 41.927052 -0.546922 -0.933845 0.095941 -0.344570 0.446122 0.396400 3 4 0.616402 8 0.202321 10 0.181277
  4 -21.742949 41.392651 -1.434300 -0.830942 -0.043743 -0.554636 0.486650 0.391863 3 4 0.621732 8 0.196991 10 0.181277
engineer_handR_red
  8 -22.522900 40.455200 0.206135 -0.956993 0.093519 -0.274623 0.447393 0.468385 2 8 0.624506 4 0.375494
  4 -22.119749 41.927052 -0.546922 -0.933845 0.095941 -0.344570 0.446122 0.396400 3 4 0.616402 8 0.202321 10 0.181277
  8 -22.191000 39.977798 -0.604007 -0.851359 -0.042470 -0.522861 0.484958 0.464528 2 8 0.604008 4 0.395992
engineer_handR_red
  8 -22.522900 40.455200 0.206135 -0.956993 0.093519 -0.274623 0.447393 0.468385 2 8 0.624506 4 0.375494
  4 -22.249548 42.386147 0.373556 -0.970009 0.197119 -0.142220 0.407749 0.399890 3 4 0.619203 8 0.199521 10 0.181277
  4 -22.119749 41.927052 -0.546922 -0.933845 0.095941 -0.344570 0.446122 0.396400 3 4 0.616402 8 0.202321 10 0.181277
engineer_handR_red
  8 -22.649799 40.882599 1.064910 -0.970009 0.197119 -0.142220 0.410195 0.471109 2 8 0.641211 4 0.358789
  4 -22.249548 42.386147 0.373556 -0.970009 0.197119 -0.142220 0.407749 0.399890 3 4 0.619203 8 0.199521 10 0.181277
  8 -22.522900 40.455200 0.206135 -0.956993 0.093519 -0.274623 0.447393 0.468385 2 8 0.624506 4 0.375494
engineer_handR_red
  8 -22.649799 40.882599 1.064910 -0.970009 0.197119 -0.142220 0.410195 0.471109 2 8 0.641211 4 0.358789
  8 -22.612301 41.265099 1.919260 -0.963937 0.265844 0.012319 0.372476 0.472391 2 8 0.660305 4 0.339695
  4 -22.249548 42.386147 0.373556 -0.970009 0.197119 -0.142220 0.407749 0.399890 3 4 0.619203 8 0.199521 10 0.181277
engineer_handR_red
  4 -22.249548 42.386147 0.373556 -0.970009 0.197119 -0.142220 0.407749 0.399890 3 4 0.619203 8 0.199521 10 0.181277
  8 -22.612301 41.265099 1.919260 -0.963937 0.265844 0.012319 0.372476 0.472391 2 8 0.660305 4 0.339695
  4 -22.206848 42.766350 1.240415 -0.959316 0.278761 0.044777 0.372299 0.401729 3 4 0.620371 8 0.198353 10 0.181276
engineer_handR_red
  8 -22.612301 41.265099 1.919260 -0.963937 0.265844 0.012319 0.372476 0.472391 2 8 0.660305 4 0.339695
  8 -22.415401 41.607201 2.787000 -0.920209 0.336792 0.199466 0.334042 0.472858 2 8 0.666302 4 0.333698
  4 -22.206848 42.766350 1.240415 -0.959316 0.278761 0.044777 0.372299 0.401729 3 4 0.620371 8 0.198353 10 0.181276
engineer_handR_red
  4 -22.206848 42.766350 1.240415 -0.959316 0.278761 0.044777 0.372299 0.401729 3 4 0.620371 8 0.198353 10 0.181276
  8 -22.415401 41.607201 2.787000 -0.920209 0.336792 0.199466 0.334042 0.472858 2 8 0.666302 4 0.333698
  4 -22.012049 43.104698 2.125145 -0.920209 0.336792 0.199466 0.335239 0.403161 3 4 0.620488 8 0.198236 10 0.181277
engineer_handR_red
  8 -22.415401 41.607201 2.787000 -0.920209 0.336792 0.199466 0.334042 0.472858 2 8 0.666302 4 0.333698
  4 -21.637697 43.347057 2.946540 -0.825060 0.396632 0.402441 0.299249 0.404934 3 4 0.620877 8 0.197847 10 0.181276
  4 -22.012049 43.104698 2.125145 -0.920209 0.336792 0.199466 0.335239 0.403161 3 4 0.620488 8 0.198236 10 0.181277
engineer_handR_red
  8 -22.041702 41.859100 3.595670 -0.795140 0.406263 0.450226 0.297563 0.473718 2 8 0.645297 4 0.354703
  4 -21.637697 43.347057 2.946540 -0.825060 0.396632 0.402441 0.299249 0.404934 3 4 0.620877 8 0.197847 10 0.181276
  8 -22.415401 41.607201 2.787000 -0.920209 0.336792 0.199466 0.334042 0.472858 2 8 0.666302 4 0.333698
engineer_handR_red
  59 -20.799202 31.223000 4.733089 -0.320313 -0.878443 0.354594 0.445197 0.976475 1 59 1.000000
  59 -21.340300 31.606398 4.577489 -0.643016 -0.718468 0.265205 0.441923 0.956339 1 59 1.000000
  59 -20.836102 31.158400 4.452079 -0.400001 -0.914778 -0.056394 0.452167 0.974082 1 59 1.000000
engineer_handR_red
  59 -20.836102 31.158400 4.452079 -0.400001 -0.914778 -0.056394 0.452167 0.974082 1 59 1.000000
  59 -21.340300 31.606398 4.577489 -0.643016 -0.718468 0.265205 0.441923 0.956339 1 59 1.000000
  59 -21.304003 31.484600 4.202040 -0.539800 -0.812596 -0.219778 0.453028 0.954783 1 59 1.000000
engineer_handR_red
  59 -21.708504 32.398399 4.927350 -0.316266 -0.008809 0.948629 0.422678 0.937421 2 59 0.660158 57 0.339842
  59 -21.167902 31.898001 5.074749 -0.241640 -0.122773 0.962568 0.426618 0.960278 1 59 1.000000
  59 -21.433603 32.445099 4.943960 0.099637 0.356233 0.929070 0.417898 0.944417 2 59 0.762997 57 0.237003
engineer_handR_red
  59 -21.750605 32.822205 4.810400 0.099637 0.356233 0.929070 0.415387 0.932391 2 59 0.502826 57 0.497174
  59 -21.708504 32.398399 4.927350 -0.316266 -0.008809 0.948629 0.422678 0.937421 2 59 0.660158 57 0.339842
  59 -21.433603 32.445099 4.943960 0.099637 0.356233 0.929070 0.417898 0.944417 2 59 0.762997 57 0.237003
engineer_handR_red
  57 -22.049303 32.771500 4.791520 -0.333273 0.043098 0.941845 0.420083 0.927164 2 57 0.507160 59 0.492840
  59 -21.708504 32.398399 4.927350 -0.316266 -0.008809 0.948629 0.422678 0.937421 2 59 0.660158 57 0.339842
  59 -21.750605 32.822205 4.810400 0.099637 0.356233 0.929070 0.415387 0.932391 2 59 0.502826 57 0.497174
engineer_handR_red
  59 -21.708504 32.398399 4.927350 -0.316266 -0.008809 0.948629 0.422678 0.937421 2 59 0.660158 57 0.339842
  57 -22.049303 32.771500 4.791520 -0.333273 0.043098 0.941845 0.420083 0.927164 2 57 0.507160 59 0.492840
  59 -21.876701 32.287498 4.794300 -0.621644 -0.390568 0.678981 0.426912 0.934598 2 59 0.633397 57 0.366603
engineer_handR_red
  59 -21.876701 32.287498 4.794300 -0.621644 -0.390568 0.678981 0.426912 0.934598 2 59 0.633397 57 0.366603
  57 -22.049303 32.771500 4.791520 -0.333273 0.043098 0.941845 0.420083 0.927164 2 57 0.507160 59 0.492840
  57 -22.222504 32.668301 4.664820 -0.703612 -0.347745 0.619680 0.424786 0.924610 2 57 0.518140 59 0.481860
engineer_handR_red
  57 -22.222504 32.668301 4.664820 -0.703612 -0.347745 0.619680 0.424786 0.924610 2 57 0.518140 59 0.481860
  59 -21.921402 32.099998 4.385839 -0.720872 -0.640221 0.265446 0.439173 0.933160 2 59 0.690153 57 0.309847
  59 -21.876701 32.287498 4.794300 -0.621644 -0.390568 0.678981 0.426912 0.934598 2 59 0.633397 57 0.366603
engineer_handR_red
  59 -21.921402 32.099998 4.385839 -0.720872 -0.640221 0.265446 0.439173 0.933160 2 59 0.690153 57 0.309847
  59 -21.321802 31.794901 4.947229 -0.586325 -0.512075 0.627696 0.430472 0.957414 1 59 1.000000
  59 -21.876701 32.287498 4.794300 -0.621644 -0.390568 0.678981 0.426912 0.934598 2 59 0.633397 57 0.366603
engineer_handR_red
  59 -21.340300 31.606398 4.577489 -0.643016 -0.718468 0.265205 0.441923 0.956339 1 59 1.000000
  59 -21.321802 31.794901 4.947229 -0.586325 -0.512075 0.627696 0.430472 0.957414 1 59 1.000000
  59 -21.921402 32.099998 4.385839 -0.720872 -0.640221 0.265446 0.439173 0.933160 2 59 0.690153 57 0.309847
engineer_handR_red
  59 -21.340300 31.606398 4.577489 -0.643016 -0.718468 0.265205 0.441923 0.956339 1 59 1.000000
  59 -20.857801 31.393700 4.992129 -0.431504 -0.634396 0.641362 0.436273 0.975829 1 59 1.000000
  59 -21.321802 31.794901 4.947229 -0.586325 -0.512075 0.627696 0.430472 0.957414 1 59 1.000000
engineer_handR_red
  59 -20.799202 31.223000 4.733089 -0.320313 -0.878443 0.354594 0.445197 0.976475 1 59 1.000000
  59 -20.857801 31.393700 4.992129 -0.431504 -0.634396 0.641362 0.436273 0.975829 1 59 1.000000
  59 -21.340300 31.606398 4.577489 -0.643016 -0.718468 0.265205 0.441923 0.956339 1 59 1.000000
engineer_handR_red
  59 -20.799202 31.223000 4.733089 -0.320313 -0.878443 0.354594 0.445197 0.976475 1 59 1.000000
  59 -20.704000 31.410997 5.043749 -0.085026 -0.510149 0.855873 0.433883 0.979873 1 59 1.000000
  59 -20.857801 31.393700 4.992129 -0.431504 -0.634396 0.641362 0.436273 0.975829 1 59 1.000000
engineer_handR_red
  59 -20.571302 31.164700 4.763820 0.086819 -0.925487 0.368696 0.445262 0.981280 1 59 1.000000
  59 -20.704000 31.410997 5.043749 -0.085026 -0.510149 0.855873 0.433883 0.979873 1 59 1.000000
  59 -20.799202 31.223000 4.733089 -0.320313 -0.878443 0.354594 0.445197 0.976475 1 59 1.000000
engineer_handR_red
  59 -20.571302 31.164700 4.763820 0.086819 -0.925487 0.368696 0.445262 0.981280 1 59 1.000000
  59 -20.799202 31.223000 4.733089 -0.320313 -0.878443 0.354594 0.445197 0.976475 1 59 1.000000
  59 -20.678202 31.147400 4.402840 -0.007037 -0.947892 -0.318513 0.455529 0.977096 1 59 1.000000
engineer_handR_red
  59 -20.678202 31.147400 4.402840 -0.007037 -0.947892 -0.318513 0.455529 0.977096 1 59 1.000000
  59 -20.799202 31.223000 4.733089 -0.320313 -0.878443 0.354594 0.445197 0.976475 1 59 1.000000
  59 -20.836102 31.158400 4.452079 -0.400001 -0.914778 -0.056394 0.452167 0.974082 1 59 1.000000
engineer_handR_red
  59 -20.836102 31.158400 4.452079 -0.400001 -0.914778 -0.056394 0.452167 0.974082 1 59 1.000000
  59 -21.140902 31.488701 4.045939 -0.150812 -0.688444 -0.709437 0.457177 0.956192 1 59 1.000000
  59 -20.678202 31.147400 4.402840 -0.007037 -0.947892 -0.318513 0.455529 0.977096 1 59 1.000000
engineer_handR_red
  59 -21.304003 31.484600 4.202040 -0.539800 -0.812596 -0.219778 0.453028 0.954783 1 59 1.000000
  59 -21.140902 31.488701 4.045939 -0.150812 -0.688444 -0.709437 0.457177 0.956192 1 59 1.000000
  59 -20.836102 31.158400 4.452079 -0.400001 -0.914778 -0.056394 0.452167 0.974082 1 59 1.000000
engineer_handR_red
  59 -21.140902 31.488701 4.045939 -0.150812 -0.688444 -0.709437 0.457177 0.956192 1 59 1.000000
  59 -21.304003 31.484600 4.202040 -0.539800 -0.812596 -0.219778 0.453028 0.954783 1 59 1.000000
  59 -21.693802 31.963799 3.812039 -0.215146 -0.581012 -0.784944 0.455481 0.932979 2 59 0.661648 57 0.338352
engineer_handR_red
  59 -21.693802 31.963799 3.812039 -0.215146 -0.581012 -0.784944 0.455481 0.932979 2 59 0.661648 57 0.338352
  59 -21.304003 31.484600 4.202040 -0.539800 -0.812596 -0.219778 0.453028 0.954783 1 59 1.000000
  59 -21.871901 31.961397 3.968769 -0.619100 -0.756502 -0.210759 0.451069 0.931473 2 59 0.627948 57 0.372052
engineer_handR_red
  59 -21.340300 31.606398 4.577489 -0.643016 -0.718468 0.265205 0.441923 0.956339 1 59 1.000000
  59 -21.871901 31.961397 3.968769 -0.619100 -0.756502 -0.210759 0.451069 0.931473 2 59 0.627948 57 0.372052
  59 -21.304003 31.484600 4.202040 -0.539800 -0.812596 -0.219778 0.453028 0.954783 1 59 1.000000
engineer_handR_red
  59 -21.921402 32.099998 4.385839 -0.720872 -0.640221 0.265446 0.439173 0.933160 2 59 0.690153 57 0.309847
  59 -21.871901 31.961397 3.968769 -0.619100 -0.756502 -0.210759 0.451069 0.931473 2 59 0.627948 57 0.372052
  59 -21.340300 31.606398 4.577489 -0.643016 -0.718468 0.265205 0.441923 0.956339 1 59 1.000000
engineer_handR_red
  59 -21.876701 32.287498 4.794300 -0.621644 -0.390568 0.678981 0.426912 0.934598 2 59 0.633397 57 0.366603
  59 -21.321802 31.794901 4.947229 -0.586325 -0.512075 0.627696 0.430472 0.957414 1 59 1.000000
  59 -21.708504 32.398399 4.927350 -0.316266 -0.008809 0.948629 0.422678 0.937421 2 59 0.660158 57 0.339842
engineer_handR_red
  59 -21.708504 32.398399 4.927350 -0.316266 -0.008809 0.948629 0.422678 0.937421 2 59 0.660158 57 0.339842
  59 -21.321802 31.794901 4.947229 -0.586325 -0.512075 0.627696 0.430472 0.957414 1 59 1.000000
  59 -21.167902 31.898001 5.074749 -0.241640 -0.122773 0.962568 0.426618 0.960278 1 59 1.000000
engineer_handR_red
  59 -20.857801 31.393700 4.992129 -0.431504 -0.634396 0.641362 0.436273 0.975829 1 59 1.000000
  59 -21.167902 31.898001 5.074749 -0.241640 -0.122773 0.962568 0.426618 0.960278 1 59 1.000000
  59 -21.321802 31.794901 4.947229 -0.586325 -0.512075 0.627696 0.430472 0.957414 1 59 1.000000
engineer_handR_red
  59 -20.704000 31.410997 5.043749 -0.085026 -0.510149 0.855873 0.433883 0.979873 1 59 1.000000
  59 -21.167902 31.898001 5.074749 -0.241640 -0.122773 0.962568 0.426618 0.960278 1 59 1.000000
  59 -20.857801 31.393700 4.992129 -0.431504 -0.634396 0.641362 0.436273 0.975829 1 59 1.000000
engineer_handR_red
  57 -22.272305 32.477798 4.242490 -0.818161 -0.534902 0.210933 0.437745 0.923148 2 57 0.528812 59 0.471188
  59 -21.921402 32.099998 4.385839 -0.720872 -0.640221 0.265446 0.439173 0.933160 2 59 0.690153 57 0.309847
  57 -22.222504 32.668301 4.664820 -0.703612 -0.347745 0.619680 0.424786 0.924610 2 57 0.518140 59 0.481860
engineer_handR_red
  57 -22.226803 32.333405 3.807060 -0.688601 -0.673322 -0.269195 0.449909 0.921502 2 57 0.514638 59 0.485362
  59 -21.921402 32.099998 4.385839 -0.720872 -0.640221 0.265446 0.439173 0.933160 2 59 0.690153 57 0.309847
  57 -22.272305 32.477798 4.242490 -0.818161 -0.534902 0.210933 0.437745 0.923148 2 57 0.528812 59 0.471188
engineer_handR_red
  59 -21.871901 31.961397 3.968769 -0.619100 -0.756502 -0.210759 0.451069 0.931473 2 59 0.627948 57 0.372052
  59 -21.921402 32.099998 4.385839 -0.720872 -0.640221 0.265446 0.439173 0.933160 2 59 0.690153 57 0.309847
  57 -22.226803 32.333405 3.807060 -0.688601 -0.673322 -0.269195 0.449909 0.921502 2 57 0.514638 59 0.485362
engineer_handR_red
  57 -22.049503 32.339802 3.661310 -0.219630 -0.532611 -0.817366 0.454871 0.922667 2 57 0.506135 59 0.493865
  59 -21.871901 31.961397 3.968769 -0.619100 -0.756502 -0.210759 0.451069 0.931473 2 59 0.627948 57 0.372052
  57 -22.226803 32.333405 3.807060 -0.688601 -0.673322 -0.269195 0.449909 0.921502 2 57 0.514638 59 0.485362
engineer_handR_red
  59 -21.693802 31.963799 3.812039 -0.215146 -0.581012 -0.784944 0.455481 0.932979 2 59 0.661648 57 0.338352
  59 -21.871901 31.961397 3.968769 -0.619100 -0.756502 -0.210759 0.451069 0.931473 2 59 0.627948 57 0.372052
  57 -22.049503 32.339802 3.661310 -0.219630 -0.532611 -0.817366 0.454871 0.922667 2 57 0.506135 59 0.493865
engineer_handR_red
  57 -22.049503 32.339802 3.661310 -0.219630 -0.532611 -0.817366 0.454871 0.922667 2 57 0.506135 59 0.493865
  59 -21.759007 32.387405 3.664690 0.219526 -0.200501 -0.954781 0.460977 0.926775 2 59 0.501443 57 0.498558
  59 -21.693802 31.963799 3.812039 -0.215146 -0.581012 -0.784944 0.455481 0.932979 2 59 0.661648 57 0.338352
engineer_handR_red
  59 -21.693802 31.963799 3.812039 -0.215146 -0.581012 -0.784944 0.455481 0.932979 2 59 0.661648 57 0.338352
  59 -21.759007 32.387405 3.664690 0.219526 -0.200501 -0.954781 0.460977 0.926775 2 59 0.501443 57 0.498558
  59 -21.411701 31.994900 3.814899 0.219526 -0.200501 -0.954781 0.460947 0.938122 2 59 0.791454 57 0.208546
engineer_handR_red
  59 -21.693802 31.963799 3.812039 -0.215146 -0.581012 -0.784944 0.455481 0.932979 2 59 0.661648 57 0.338352
  59 -21.411701 31.994900 3.814899 0.219526 -0.200501 -0.954781 0.460947 0.938122 2 59 0.791454 57 0.208546
  59 -21.140902 31.488701 4.045939 -0.150812 -0.688444 -0.709437 0.457177 0.956192 1 59 1.000000
engineer_handR_red
  59 -21.140902 31.488701 4.045939 -0.150812 -0.688444 -0.709437 0.457177 0.956192 1 59 1.000000
  59 -21.411701 31.994900 3.814899 0.219526 -0.200501 -0.954781 0.460947 0.938122 2 59 0.791454 57 0.208546
  59 -20.933001 31.534098 4.033249 0.253319 -0.365479 -0.895687 0.461716 0.960635 1 59 1.000000
engineer_handR_red
  59 -21.140902 31.488701 4.045939 -0.150812 -0.688444 -0.709437 0.457177 0.956192 1 59 1.000000
  59 -20.933001 31.534098 4.033249 0.253319 -0.365479 -0.895687 0.461716 0.960635 1 59 1.000000
  59 -20.678202 31.147400 4.402840 -0.007037 -0.947892 -0.318513 0.455529 0.977096 1 59 1.000000
engineer_handR_red
  59 -20.678202 31.147400 4.402840 -0.007037 -0.947892 -0.318513 0.455529 0.977096 1 59 1.000000
  59 -20.933001 31.534098 4.033249 0.253319 -0.365479 -0.895687 0.461716 0.960635 1 59 1.000000
  59 -20.535603 31.189100 4.378540 0.402486 -0.755194 -0.517385 0.457370 0.980096 1 59 1.000000
engineer_handR_red
  59 -20.678202 31.147400 4.402840 -0.007037 -0.947892 -0.318513 0.455529 0.977096 1 59 1.000000
  59 -20.535603 31.189100 4.378540 0.402486 -0.755194 -0.517385 0.457370 0.980096 1 59 1.000000
  59 -20.571302 31.164700 4.763820 0.086819 -0.925487 0.368696 0.445262 0.981280 1 59 1.000000
engineer_handR_red
  59 -20.571302 31.164700 4.763820 0.086819 -0.925487 0.368696 0.445262 0.981280 1 59 1.000000
  59 -20.535603 31.189100 4.378540 0.402486 -0.755194 -0.517385 0.457370 0.980096 1 59 1.000000
  59 -20.440302 31.204000 4.755690 0.642473 -0.724770 0.248872 0.445683 0.984811 1 59 1.000000
engineer_handR_red
  59 -20.559799 31.458399 5.048729 0.395737 -0.303502 0.866764 0.432624 0.983609 1 59 1.000000
  59 -20.571302 31.164700 4.763820 0.086819 -0.925487 0.368696 0.445262 0.981280 1 59 1.000000
  59 -20.440302 31.204000 4.755690 0.642473 -0.724770 0.248872 0.445683 0.984811 1 59 1.000000
engineer_handR_red
  59 -20.704000 31.410997 5.043749 -0.085026 -0.510149 0.855873 0.433883 0.979873 1 59 1.000000
  59 -20.571302 31.164700 4.763820 0.086819 -0.925487 0.368696 0.445262 0.981280 1 59 1.000000
  59 -20.559799 31.458399 5.048729 0.395737 -0.303502 0.866764 0.432624 0.983609 1 59 1.000000
engineer_handR_red
  59 -20.947802 31.940001 5.085189 0.119409 0.222863 0.967509 0.423139 0.966597 1 59 1.000000
  59 -20.704000 31.410997 5.043749 -0.085026 -0.510149 0.855873 0.433883 0.979873 1 59 1.000000
  59 -20.559799 31.458399 5.048729 0.395737 -0.303502 0.866764 0.432624 0.983609 1 59 1.000000
engineer_handR_red
  59 -21.167902 31.898001 5.074749 -0.241640 -0.122773 0.962568 0.426618 0.960278 1 59 1.000000
  59 -20.704000 31.410997 5.043749 -0.085026 -0.510149 0.855873 0.433883 0.979873 1 59 1.000000
  59 -20.947802 31.940001 5.085189 0.119409 0.222863 0.967509 0.423139 0.966597 1 59 1.000000
engineer_handR_red
  59 -21.433603 32.445099 4.943960 0.099637 0.356233 0.929070 0.417898 0.944417 2 59 0.762997 57 0.237003
  59 -21.167902 31.898001 5.074749 -0.241640 -0.122773 0.962568 0.426618 0.960278 1 59 1.000000
  59 -20.947802 31.940001 5.085189 0.119409 0.222863 0.967509 0.423139 0.966597 1 59 1.000000
engineer_handR_red
  67 -20.915705 31.525291 2.828536 -0.275226 -0.590243 0.758857 0.564247 0.941036 1 67 1.000000
  67 -21.089203 31.888992 2.869276 -0.233805 -0.064745 0.970125 0.554037 0.933104 1 67 1.000000
  67 -21.259602 31.776890 2.775116 -0.497677 -0.457822 0.736693 0.557561 0.929960 1 67 1.000000
engineer_handR_red
  67 -20.753504 31.566393 2.866916 0.056306 -0.460349 0.885950 0.563319 0.946022 1 67 1.000000
  67 -21.089203 31.888992 2.869276 -0.233805 -0.064745 0.970125 0.554037 0.933104 1 67 1.000000
  67 -20.915705 31.525291 2.828536 -0.275226 -0.590243 0.758857 0.564247 0.941036 1 67 1.000000
engineer_handR_red
  67 -21.345104 31.614893 2.471446 -0.615866 -0.743433 0.260799 0.566105 0.924354 1 67 1.000000
  67 -20.903803 31.386992 2.614766 -0.277489 -0.906647 0.317790 0.570603 0.939114 1 67 1.000000
  67 -21.259602 31.776890 2.775116 -0.497677 -0.457822 0.736693 0.557561 0.929960 1 67 1.000000
engineer_handR_red
  67 -21.259602 31.776890 2.775116 -0.497677 -0.457822 0.736693 0.557561 0.929960 1 67 1.000000
  67 -20.903803 31.386992 2.614766 -0.277489 -0.906647 0.317790 0.570603 0.939114 1 67 1.000000
  67 -20.915705 31.525291 2.828536 -0.275226 -0.590243 0.758857 0.564247 0.941036 1 67 1.000000
engineer_handR_red
  67 -20.903803 31.386992 2.614766 -0.277489 -0.906647 0.317790 0.570603 0.939114 1 67 1.000000
  67 -20.667704 31.384993 2.643166 0.192006 -0.925936 0.325234 0.572365 0.943287 1 67 1.000000
  67 -20.915705 31.525291 2.828536 -0.275226 -0.590243 0.758857 0.564247 0.941036 1 67 1.000000
engineer_handR_red
  67 -20.915705 31.525291 2.828536 -0.275226 -0.590243 0.758857 0.564247 0.941036 1 67 1.000000
  67 -20.667704 31.384993 2.643166 0.192006 -0.925936 0.325234 0.572365 0.943287 1 67 1.000000
  67 -20.753504 31.566393 2.866916 0.056306 -0.460349 0.885950 0.563319 0.946022 1 67 1.000000
engineer_handR_red
  67 -20.667704 31.384993 2.643166 0.192006 -0.925936 0.325234 0.572365 0.943287 1 67 1.000000
  67 -20.513704 31.456593 2.644006 0.606041 -0.734114 0.306252 0.574209 0.949028 1 67 1.000000
  67 -20.753504 31.566393 2.866916 0.056306 -0.460349 0.885950 0.563319 0.946022 1 67 1.000000
engineer_handR_red
  67 -20.753504 31.566393 2.866916 0.056306 -0.460349 0.885950 0.563319 0.946022 1 67 1.000000
  67 -20.513704 31.456593 2.644006 0.606041 -0.734114 0.306252 0.574209 0.949028 1 67 1.000000
  67 -20.600601 31.631290 2.877646 0.395737 -0.303502 0.866763 0.563387 0.950538 1 67 1.000000
engineer_handR_red
  67 -20.900204 31.959093 2.893776 0.017486 0.161203 0.986766 0.551592 0.939336 1 67 1.000000
  67 -20.753504 31.566393 2.866916 0.056306 -0.460349 0.885950 0.563319 0.946022 1 67 1.000000
  67 -20.600601 31.631290 2.877646 0.395737 -0.303502 0.866763 0.563387 0.950538 1 67 1.000000
engineer_handR_red
  67 -21.089203 31.888992 2.869276 -0.233805 -0.064745 0.970125 0.554037 0.933104 1 67 1.000000
  67 -20.753504 31.566393 2.866916 0.056306 -0.460349 0.885950 0.563319 0.946022 1 67 1.000000
  67 -20.900204 31.959093 2.893776 0.017486 0.161203 0.986766 0.551592 0.939336 1 67 1.000000
engineer_handR_red
  67 -20.900204 31.959093 2.893776 0.017486 0.161203 0.986766 0.551592 0.939336 1 67 1.000000
  67 -21.618504 32.685993 2.645357 -0.024296 0.222283 0.974679 0.539577 0.912425 2 67 0.548503 65 0.451497
  67 -21.089203 31.888992 2.869276 -0.233805 -0.064745 0.970125 0.554037 0.933104 1 67 1.000000
engineer_handR_red
  67 -21.089203 31.888992 2.869276 -0.233805 -0.064745 0.970125 0.554037 0.933104 1 67 1.000000
  67 -21.618504 32.685993 2.645357 -0.024296 0.222283 0.974679 0.539577 0.912425 2 67 0.548503 65 0.451497
  65 -21.928307 32.639397 2.595097 -0.302348 -0.042856 0.952233 0.542394 0.904340 2 65 0.500369 67 0.499631
engineer_handR_red
  67 -21.089203 31.888992 2.869276 -0.233805 -0.064745 0.970125 0.554037 0.933104 1 67 1.000000
  65 -21.928307 32.639397 2.595097 -0.302348 -0.042856 0.952233 0.542394 0.904340 2 65 0.500369 67 0.499631
  67 -21.259602 31.776890 2.775116 -0.497677 -0.457822 0.736693 0.557561 0.929960 1 67 1.000000
engineer_handR_red
  67 -21.259602 31.776890 2.775116 -0.497677 -0.457822 0.736693 0.557561 0.929960 1 67 1.000000
  65 -21.928307 32.639397 2.595097 -0.302348 -0.042856 0.952233 0.542394 0.904340 2 65 0.500369 67 0.499631
  65 -22.119904 32.542797 2.476627 -0.677818 -0.392571 0.621651 0.547076 0.900226 2 65 0.503941 67 0.496059
engineer_handR_red
  65 -22.119904 32.542797 2.476627 -0.677818 -0.392571 0.621651 0.547076 0.900226 2 65 0.503941 67 0.496059
  67 -21.345104 31.614893 2.471446 -0.615866 -0.743433 0.260799 0.566105 0.924354 1 67 1.000000
  67 -21.259602 31.776890 2.775116 -0.497677 -0.457822 0.736693 0.557561 0.929960 1 67 1.000000
engineer_handR_red
  65 -22.181204 32.382996 2.118747 -0.769507 -0.636152 0.056288 0.558430 0.897384 2 65 0.500808 67 0.499192
  67 -21.345104 31.614893 2.471446 -0.615866 -0.743433 0.260799 0.566105 0.924354 1 67 1.000000
  65 -22.119904 32.542797 2.476627 -0.677818 -0.392571 0.621651 0.547076 0.900226 2 65 0.503941 67 0.496059
engineer_handR_red
  67 -21.345104 31.614893 2.471446 -0.615866 -0.743433 0.260799 0.566105 0.924354 1 67 1.000000
  65 -22.181204 32.382996 2.118747 -0.769507 -0.636152 0.056288 0.558430 0.897384 2 65 0.500808 67 0.499192
  67 -21.273401 31.562990 2.143666 -0.506117 -0.814966 -0.282270 0.575704 0.923235 1 67 1.000000
engineer_handR_red
  67 -21.273401 31.562990 2.143666 -0.506117 -0.814966 -0.282270 0.575704 0.923235 1 67 1.000000
  65 -22.181204 32.382996 2.118747 -0.769507 -0.636152 0.056288 0.558430 0.897384 2 65 0.500808 67 0.499192
  67 -22.064505 32.312393 1.759917 -0.621757 -0.658199 -0.424490 0.569165 0.895508 2 67 0.500081 65 0.499919
engineer_handR_red
  67 -22.064505 32.312393 1.759917 -0.621757 -0.658199 -0.424490 0.569165 0.895508 2 67 0.500081 65 0.499919
  67 -21.860304 32.319992 1.578597 -0.264769 -0.561688 -0.783839 0.574763 0.896266 2 67 0.500064 65 0.499936
  67 -21.273401 31.562990 2.143666 -0.506117 -0.814966 -0.282270 0.575704 0.923235 1 67 1.000000
engineer_handR_red
  67 -21.273401 31.562990 2.143666 -0.506117 -0.814966 -0.282270 0.575704 0.923235 1 67 1.000000
  67 -21.860304 32.319992 1.578597 -0.264769 -0.561688 -0.783839 0.574763 0.896266 2 67 0.500064 65 0.499936
  67 -21.097404 31.584991 2.003406 -0.085148 -0.731915 -0.676055 0.580178 0.924533 1 67 1.000000
engineer_handR_red
  67 -20.903803 31.386992 2.614766 -0.277489 -0.906647 0.317790 0.570603 0.939114 1 67 1.000000
  67 -21.345104 31.614893 2.471446 -0.615866 -0.743433 0.260799 0.566105 0.924354 1 67 1.000000
  67 -20.912504 31.354292 2.363756 -0.245065 -0.957889 -0.149636 0.576872 0.936775 1 67 1.000000
engineer_handR_red
  67 -20.912504 31.354292 2.363756 -0.245065 -0.957889 -0.149636 0.576872 0.936775 1 67 1.000000
  67 -21.345104 31.614893 2.471446 -0.615866 -0.743433 0.260799 0.566105 0.924354 1 67 1.000000
  67 -21.273401 31.562990 2.143666 -0.506117 -0.814966 -0.282270 0.575704 0.923235 1 67 1.000000
engineer_handR_red
  67 -21.273401 31.562990 2.143666 -0.506117 -0.814966 -0.282270 0.575704 0.923235 1 67 1.000000
  67 -21.097404 31.584991 2.003406 -0.085148 -0.731915 -0.676055 0.580178 0.924533 1 67 1.000000
  67 -20.912504 31.354292 2.363756 -0.245065 -0.957889 -0.149636 0.576872 0.936775 1 67 1.000000
engineer_handR_red
  67 -20.912504 31.354292 2.363756 -0.245065 -0.957889 -0.149636 0.576872 0.936775 1 67 1.000000
  67 -21.097404 31.584991 2.003406 -0.085148 -0.731915 -0.676055 0.580178 0.924533 1 67 1.000000
  67 -20.753103 31.369993 2.334726 0.148761 -0.941107 -0.303623 0.580751 0.939404 1 67 1.000000
engineer_handR_red
  67 -20.912504 31.354292 2.363756 -0.245065 -0.957889 -0.149636 0.576872 0.936775 1 67 1.000000
  67 -20.753103 31.369993 2.334726 0.148761 -0.941107 -0.303623 0.580751 0.939404 1 67 1.000000
  67 -20.903803 31.386992 2.614766 -0.277489 -0.906647 0.317790 0.570603 0.939114 1 67 1.000000
engineer_handR_red
  67 -20.903803 31.386992 2.614766 -0.277489 -0.906647 0.317790 0.570603 0.939114 1 67 1.000000
  67 -20.753103 31.369993 2.334726 0.148761 -0.941107 -0.303623 0.580751 0.939404 1 67 1.000000
  67 -20.667704 31.384993 2.643166 0.192006 -0.925936 0.325234 0.572365 0.943287 1 67 1.000000
engineer_handR_red
  67 -21.560604 32.364391 1.539087 0.257829 -0.260205 -0.930493 0.580743 0.900364 2 67 0.522592 65 0.477408
  67 -21.097404 31.584991 2.003406 -0.085148 -0.731915 -0.676055 0.580178 0.924533 1 67 1.000000
  67 -21.860304 32.319992 1.578597 -0.264769 -0.561688 -0.783839 0.574763 0.896266 2 67 0.500064 65 0.499936
engineer_handR_red
  67 -20.882303 31.643991 1.977896 0.341794 -0.451155 -0.824400 0.585261 0.928790 1 67 1.000000
  67 -21.097404 31.584991 2.003406 -0.085148 -0.731915 -0.676055 0.580178 0.924533 1 67 1.000000
  67 -21.560604 32.364391 1.539087 0.257829 -0.260205 -0.930493 0.580743 0.900364 2 67 0.522592 65 0.477408
engineer_handR_red
  67 -21.097404 31.584991 2.003406 -0.085148 -0.731915 -0.676055 0.580178 0.924533 1 67 1.000000
  67 -20.882303 31.643991 1.977896 0.341794 -0.451155 -0.824400 0.585261 0.928790 1 67 1.000000
  67 -20.753103 31.369993 2.334726 0.148761 -0.941107 -0.303623 0.580751 0.939404 1 67 1.000000
engineer_handR_red
  67 -20.753103 31.369993 2.334726 0.148761 -0.941107 -0.303623 0.580751 0.939404 1 67 1.000000
  67 -20.882303 31.643991 1.977896 0.341794 -0.451155 -0.824400 0.585261 0.928790 1 67 1.000000
  67 -20.598204 31.433092 2.319326 0.520574 -0.728068 -0.446004 0.583766 0.942398 1 67 1.000000
engineer_handR_red
  67 -20.753103 31.369993 2.334726 0.148761 -0.941107 -0.303623 0.580751 0.939404 1 67 1.000000
  67 -20.598204 31.433092 2.319326 0.520574 -0.728068 -0.446004 0.583766 0.942398 1 67 1.000000
  67 -20.667704 31.384993 2.643166 0.192006 -0.925936 0.325234 0.572365 0.943287 1 67 1.000000
engineer_handR_red
  67 -20.667704 31.384993 2.643166 0.192006 -0.925936 0.325234 0.572365 0.943287 1 67 1.000000
  67 -20.598204 31.433092 2.319326 0.520574 -0.728068 -0.446004 0.583766 0.942398 1 67 1.000000
  67 -20.513704 31.456593 2.644006 0.606041 -0.734114 0.306252 0.574209 0.949028 1 67 1.000000
engineer_handR_red
  43 -21.549688 33.274529 7.286757 -0.428386 -0.528096 -0.733212 0.237406 0.927371 3 43 0.505471 41 0.434054 49 0.060475
  43 -21.060913 32.571709 7.589644 -0.661903 -0.703292 -0.259354 0.227945 0.947240 2 43 0.925447 41 0.074553
  43 -21.715385 33.250164 7.514295 -0.754886 -0.646172 -0.112286 0.232941 0.924953 2 43 0.529389 41 0.470611
engineer_handR_red
  43 -20.916412 32.575005 7.420854 -0.316987 -0.582271 -0.748652 0.231400 0.950588 3 43 0.826774 51 0.098864 41 0.074362
  43 -21.060913 32.571709 7.589644 -0.661903 -0.703292 -0.259354 0.227945 0.947240 2 43 0.925447 41 0.074553
  43 -21.549688 33.274529 7.286757 -0.428386 -0.528096 -0.733212 0.237406 0.927371 3 43 0.505471 41 0.434054 49 0.060475
engineer_handR_red
  43 -21.060913 32.571709 7.589644 -0.661903 -0.703292 -0.259354 0.227945 0.947240 2 43 0.925447 41 0.074553
  43 -20.916412 32.575005 7.420854 -0.316987 -0.582271 -0.748652 0.231400 0.950588 3 43 0.826774 51 0.098864 41 0.074362
  43 -20.805311 32.326004 7.667343 -0.480264 -0.862936 -0.157122 0.225187 0.958707 1 43 1.000000
engineer_handR_red
  43 -20.805311 32.326004 7.667343 -0.480264 -0.862936 -0.157122 0.225187 0.958707 1 43 1.000000
  43 -20.916412 32.575005 7.420854 -0.316987 -0.582271 -0.748652 0.231400 0.950588 3 43 0.826774 51 0.098864 41 0.074362
  43 -20.682611 32.331104 7.594683 -0.041123 -0.909243 -0.414229 0.227628 0.962679 1 43 1.000000
engineer_handR_red
  43 -20.682611 32.331104 7.594683 -0.041123 -0.909243 -0.414229 0.227628 0.962679 1 43 1.000000
  43 -20.711210 32.349201 8.071362 -0.318671 -0.913359 0.253424 0.215477 0.960238 1 43 1.000000
  43 -20.805311 32.326004 7.667343 -0.480264 -0.862936 -0.157122 0.225187 0.958707 1 43 1.000000
engineer_handR_red
  43 -20.518511 32.314804 8.055444 0.173688 -0.955755 0.237412 0.214763 0.964526 1 43 1.000000
  43 -20.711210 32.349201 8.071362 -0.318671 -0.913359 0.253424 0.215477 0.960238 1 43 1.000000
  43 -20.682611 32.331104 7.594683 -0.041123 -0.909243 -0.414229 0.227628 0.962679 1 43 1.000000
engineer_handR_red
  43 -20.518511 32.314804 8.055444 0.173688 -0.955755 0.237412 0.214763 0.964526 1 43 1.000000
  43 -20.678112 32.535904 8.410254 -0.282707 -0.657967 0.697965 0.206493 0.955171 1 43 1.000000
  43 -20.711210 32.349201 8.071362 -0.318671 -0.913359 0.253424 0.215477 0.960238 1 43 1.000000
engineer_handR_red
  43 -20.539511 32.566605 8.426693 0.230695 -0.549701 0.802875 0.203287 0.958258 1 43 1.000000
  43 -20.678112 32.535904 8.410254 -0.282707 -0.657967 0.697965 0.206493 0.955171 1 43 1.000000
  43 -20.518511 32.314804 8.055444 0.173688 -0.955755 0.237412 0.214763 0.964526 1 43 1.000000
engineer_handR_red
  43 -20.719412 32.905106 8.535583 -0.028972 -0.187959 0.981749 0.201684 0.946236 1 43 1.000000
  43 -20.678112 32.535904 8.410254 -0.282707 -0.657967 0.697965 0.206493 0.955171 1 43 1.000000
  43 -20.539511 32.566605 8.426693 0.230695 -0.549701 0.802875 0.203287 0.958258 1 43 1.000000
engineer_handR_red
  43 -20.903912 32.816902 8.450414 -0.497678 -0.457822 0.736693 0.205760 0.943870 1 43 1.000000
  43 -20.678112 32.535904 8.410254 -0.282707 -0.657967 0.697965 0.206493 0.955171 1 43 1.000000
  43 -20.719412 32.905106 8.535583 -0.028972 -0.187959 0.981749 0.201684 0.946236 1 43 1.000000
engineer_handR_red
  43 -20.903912 32.816902 8.450414 -0.497678 -0.457822 0.736693 0.205760 0.943870 1 43 1.000000
  43 -21.056812 32.653004 8.055304 -0.684485 -0.667975 0.292043 0.216723 0.947324 1 43 1.000000
  43 -20.678112 32.535904 8.410254 -0.282707 -0.657967 0.697965 0.206493 0.955171 1 43 1.000000
engineer_handR_red
  43 -20.678112 32.535904 8.410254 -0.282707 -0.657967 0.697965 0.206493 0.955171 1 43 1.000000
  43 -21.056812 32.653004 8.055304 -0.684485 -0.667975 0.292043 0.216723 0.947324 1 43 1.000000
  43 -20.711210 32.349201 8.071362 -0.318671 -0.913359 0.253424 0.215477 0.960238 1 43 1.000000
engineer_handR_red
  43 -21.056812 32.653004 8.055304 -0.684485 -0.667975 0.292043 0.216723 0.947324 1 43 1.000000
  43 -20.805311 32.326004 7.667343 -0.480264 -0.862936 -0.157122 0.225187 0.958707 1 43 1.000000
  43 -20.711210 32.349201 8.071362 -0.318671 -0.913359 0.253424 0.215477 0.960238 1 43 1.000000
engineer_handR_red
  43 -21.060913 32.571709 7.589644 -0.661903 -0.703292 -0.259354 0.227945 0.947240 2 43 0.925447 41 0.074553
  43 -20.805311 32.326004 7.667343 -0.480264 -0.862936 -0.157122 0.225187 0.958707 1 43 1.000000
  43 -21.056812 32.653004 8.055304 -0.684485 -0.667975 0.292043 0.216723 0.947324 1 43 1.000000
engineer_handR_red
  43 -21.549688 33.274529 7.286757 -0.428386 -0.528096 -0.733212 0.237406 0.927371 3 43 0.505471 41 0.434054 49 0.060475
  43 -21.269619 33.346481 7.185494 0.009638 -0.262547 -0.964871 0.242746 0.932795 2 43 0.564987 41 0.435013
  43 -20.916412 32.575005 7.420854 -0.316987 -0.582271 -0.748652 0.231400 0.950588 3 43 0.826774 51 0.098864 41 0.074362
engineer_handR_red
  43 -20.916412 32.575005 7.420854 -0.316987 -0.582271 -0.748652 0.231400 0.950588 3 43 0.826774 51 0.098864 41 0.074362
  43 -21.269619 33.346481 7.185494 0.009638 -0.262547 -0.964871 0.242746 0.932795 2 43 0.564987 41 0.435013
  43 -20.709211 32.629505 7.357024 0.096250 -0.369387 -0.924278 0.235185 0.955098 3 43 0.848297 51 0.090237 41 0.061467
engineer_handR_red
  43 -20.916412 32.575005 7.420854 -0.316987 -0.582271 -0.748652 0.231400 0.950588 3 43 0.826774 51 0.098864 41 0.074362
  43 -20.709211 32.629505 7.357024 0.096250 -0.369387 -0.924278 0.235185 0.955098 3 43 0.848297 51 0.090237 41 0.061467
  43 -20.682611 32.331104 7.594683 -0.041123 -0.909243 -0.414229 0.227628 0.962679 1 43 1.000000
engineer_handR_red
  43 -20.682611 32.331104 7.594683 -0.041123 -0.909243 -0.414229 0.227628 0.962679 1 43 1.000000
  43 -20.709211 32.629505 7.357024 0.096250 -0.369387 -0.924278 0.235185 0.955098 3 43 0.848297 51 0.090237 41 0.061467
  43 -20.524712 32.395103 7.535343 0.342335 -0.739290 -0.579877 0.230235 0.965784 1 43 1.000000
engineer_handR_red
  43 -20.682611 32.331104 7.594683 -0.041123 -0.909243 -0.414229 0.227628 0.962679 1 43 1.000000
  43 -20.524712 32.395103 7.535343 0.342335 -0.739290 -0.579877 0.230235 0.965784 1 43 1.000000
  43 -20.518511 32.314804 8.055444 0.173688 -0.955755 0.237412 0.214763 0.964526 1 43 1.000000
engineer_handR_red
  43 -20.518511 32.314804 8.055444 0.173688 -0.955755 0.237412 0.214763 0.964526 1 43 1.000000
  43 -20.524712 32.395103 7.535343 0.342335 -0.739290 -0.579877 0.230235 0.965784 1 43 1.000000
  43 -20.358311 32.385105 8.021354 0.602893 -0.775599 0.186993 0.213646 0.968943 1 43 1.000000
engineer_handR_red
  43 -20.518511 32.314804 8.055444 0.173688 -0.955755 0.237412 0.214763 0.964526 1 43 1.000000
  43 -20.358311 32.385105 8.021354 0.602893 -0.775599 0.186993 0.213646 0.968943 1 43 1.000000
  43 -20.539511 32.566605 8.426693 0.230695 -0.549701 0.802875 0.203287 0.958258 1 43 1.000000
engineer_handR_red
  43 -20.539511 32.566605 8.426693 0.230695 -0.549701 0.802875 0.203287 0.958258 1 43 1.000000
  43 -20.358311 32.385105 8.021354 0.602893 -0.775599 0.186993 0.213646 0.968943 1 43 1.000000
  43 -20.371511 32.640903 8.408934 0.507396 -0.324935 0.798102 0.200334 0.961194 1 43 1.000000
engineer_handR_red
  43 -20.507511 32.979305 8.509773 0.396788 0.054109 0.916314 0.197324 0.949971 1 43 1.000000
  43 -20.539511 32.566605 8.426693 0.230695 -0.549701 0.802875 0.203287 0.958258 1 43 1.000000
  43 -20.371511 32.640903 8.408934 0.507396 -0.324935 0.798102 0.200334 0.961194 1 43 1.000000
engineer_handR_red
  43 -20.719412 32.905106 8.535583 -0.028972 -0.187959 0.981749 0.201684 0.946236 1 43 1.000000
  43 -20.539511 32.566605 8.426693 0.230695 -0.549701 0.802875 0.203287 0.958258 1 43 1.000000
  43 -20.507511 32.979305 8.509773 0.396788 0.054109 0.916314 0.197324 0.949971 1 43 1.000000
engineer_handR_red
  43 -20.507511 32.979305 8.509773 0.396788 0.054109 0.916314 0.197324 0.949971 1 43 1.000000
  43 -20.986660 33.761993 8.546196 0.380249 0.211818 0.900302 0.192490 0.925534 2 43 0.583754 41 0.416246
  43 -20.719412 32.905106 8.535583 -0.028972 -0.187959 0.981749 0.201684 0.946236 1 43 1.000000
engineer_handR_red
  43 -20.719412 32.905106 8.535583 -0.028972 -0.187959 0.981749 0.201684 0.946236 1 43 1.000000
  43 -20.986660 33.761993 8.546196 0.380249 0.211818 0.900302 0.192490 0.925534 2 43 0.583754 41 0.416246
  43 -21.271416 33.659012 8.582977 -0.121019 -0.106334 0.986938 0.199552 0.921394 2 43 0.561069 41 0.438931
engineer_handR_red
  43 -21.271416 33.659012 8.582977 -0.121019 -0.106334 0.986938 0.199552 0.921394 2 43 0.561069 41 0.438931
  43 -20.903912 32.816902 8.450414 -0.497678 -0.457822 0.736693 0.205760 0.943870 1 43 1.000000
  43 -20.719412 32.905106 8.535583 -0.028972 -0.187959 0.981749 0.201684 0.946236 1 43 1.000000
engineer_handR_red
  43 -21.505838 33.522987 8.450142 -0.564942 -0.385914 0.729322 0.204651 0.920134 2 43 0.553953 41 0.446047
  43 -20.903912 32.816902 8.450414 -0.497678 -0.457822 0.736693 0.205760 0.943870 1 43 1.000000
  43 -21.271416 33.659012 8.582977 -0.121019 -0.106334 0.986938 0.199552 0.921394 2 43 0.561069 41 0.438931
engineer_handR_red
  43 -21.697475 33.344681 8.007166 -0.731561 -0.575340 0.365791 0.218798 0.922895 2 43 0.553424 41 0.446576
  43 -20.903912 32.816902 8.450414 -0.497678 -0.457822 0.736693 0.205760 0.943870 1 43 1.000000
  43 -21.505838 33.522987 8.450142 -0.564942 -0.385914 0.729322 0.204651 0.920134 2 43 0.553953 41 0.446047
engineer_handR_red
  43 -21.056812 32.653004 8.055304 -0.684485 -0.667975 0.292043 0.216723 0.947324 1 43 1.000000
  43 -20.903912 32.816902 8.450414 -0.497678 -0.457822 0.736693 0.205760 0.943870 1 43 1.000000
  43 -21.697475 33.344681 8.007166 -0.731561 -0.575340 0.365791 0.218798 0.922895 2 43 0.553424 41 0.446576
engineer_handR_red
  43 -21.715385 33.250164 7.514295 -0.754886 -0.646172 -0.112286 0.232941 0.924953 2 43 0.529389 41 0.470611
  43 -21.056812 32.653004 8.055304 -0.684485 -0.667975 0.292043 0.216723 0.947324 1 43 1.000000
  43 -21.697475 33.344681 8.007166 -0.731561 -0.575340 0.365791 0.218798 0.922895 2 43 0.553424 41 0.446576
engineer_handR_red
  43 -21.060913 32.571709 7.589644 -0.661903 -0.703292 -0.259354 0.227945 0.947240 2 43 0.925447 41 0.074553
  43 -21.056812 32.653004 8.055304 -0.684485 -0.667975 0.292043 0.216723 0.947324 1 43 1.000000
  43 -21.715385 33.250164 7.514295 -0.754886 -0.646172 -0.112286 0.232941 0.924953 2 43 0.529389 41 0.470611
engineer_handR_red
  67 -21.139803 32.533291 1.759857 0.680288 0.156180 -0.716112 0.622672 0.882674 2 67 0.651104 65 0.348896
  67 -20.882303 31.643991 1.977896 0.341794 -0.451155 -0.824400 0.616035 0.902256 1 67 1.000000
  67 -21.560604 32.364391 1.539087 0.257829 -0.260205 -0.930493 0.611983 0.877593 2 67 0.522592 65 0.477408
engineer_handR_red
  67 -21.139803 32.533291 1.759857 0.680288 0.156180 -0.716112 0.622672 0.882674 2 67 0.651104 65 0.348896
  67 -20.963404 32.698997 2.182197 0.824913 0.552793 -0.118057 0.631820 0.884951 2 67 0.728561 65 0.271439
  67 -20.552803 31.872692 2.122286 0.711023 0.033959 -0.702348 0.623464 0.903717 1 67 1.000000
engineer_handR_red
  67 -20.552803 31.872692 2.122286 0.711023 0.033959 -0.702348 0.623464 0.903717 1 67 1.000000
  67 -20.882303 31.643991 1.977896 0.341794 -0.451155 -0.824400 0.616035 0.902256 1 67 1.000000
  67 -21.139803 32.533291 1.759857 0.680288 0.156180 -0.716112 0.622672 0.882674 2 67 0.651104 65 0.348896
engineer_handR_red
  67 -20.552803 31.872692 2.122286 0.711023 0.033959 -0.702348 0.623464 0.903717 1 67 1.000000
  67 -20.598204 31.433092 2.319326 0.520574 -0.728068 -0.446004 0.622621 0.913900 1 67 1.000000
  67 -20.882303 31.643991 1.977896 0.341794 -0.451155 -0.824400 0.616035 0.902256 1 67 1.000000
engineer_handR_red
  67 -20.393501 31.650890 2.322116 0.870538 -0.286779 -0.399901 0.626830 0.912282 1 67 1.000000
  67 -20.598204 31.433092 2.319326 0.520574 -0.728068 -0.446004 0.622621 0.913900 1 67 1.000000
  67 -20.552803 31.872692 2.122286 0.711023 0.033959 -0.702348 0.623464 0.903717 1 67 1.000000
engineer_handR_red
  67 -20.598204 31.433092 2.319326 0.520574 -0.728068 -0.446004 0.622621 0.913900 1 67 1.000000
  67 -20.393501 31.650890 2.322116 0.870538 -0.286779 -0.399901 0.626830 0.912282 1 67 1.000000
  67 -20.513704 31.456593 2.644006 0.606041 -0.734114 0.306252 0.629940 0.918734 1 67 1.000000
engineer_handR_red
  67 -20.513704 31.456593 2.644006 0.606041 -0.734114 0.306252 0.629940 0.918734 1 67 1.000000
  67 -20.393501 31.650890 2.322116 0.870538 -0.286779 -0.399901 0.626830 0.912282 1 67 1.000000
  67 -20.319103 31.738592 2.591146 0.950917 -0.257268 0.171958 0.631677 0.913575 1 67 1.000000
engineer_handR_red
  67 -20.513704 31.456593 2.644006 0.606041 -0.734114 0.306252 0.629940 0.918734 1 67 1.000000
  67 -20.319103 31.738592 2.591146 0.950917 -0.257268 0.171958 0.631677 0.913575 1 67 1.000000
  67 -20.600601 31.631290 2.877646 0.395737 -0.303502 0.866763 0.638485 0.917315 1 67 1.000000
engineer_handR_red
  67 -20.600601 31.631290 2.877646 0.395737 -0.303502 0.866763 0.638485 0.917315 1 67 1.000000
  67 -20.319103 31.738592 2.591146 0.950917 -0.257268 0.171958 0.631677 0.913575 1 67 1.000000
  67 -20.384304 31.814392 2.831346 0.809583 0.143976 0.569075 0.635104 0.914148 1 67 1.000000
engineer_handR_red
  67 -20.384304 31.814392 2.831346 0.809583 0.143976 0.569075 0.635104 0.914148 1 67 1.000000
  67 -20.560802 32.078789 2.803466 0.492502 0.528612 0.691383 0.638196 0.906928 1 67 1.000000
  67 -20.600601 31.631290 2.877646 0.395737 -0.303502 0.866763 0.638485 0.917315 1 67 1.000000
engineer_handR_red
  67 -20.384304 31.814392 2.831346 0.809583 0.143976 0.569075 0.635104 0.914148 1 67 1.000000
  67 -20.418003 32.042591 2.475096 0.894353 0.434017 -0.108451 0.632107 0.905286 1 67 1.000000
  67 -20.560802 32.078789 2.803466 0.492502 0.528612 0.691383 0.638196 0.906928 1 67 1.000000
engineer_handR_red
  67 -20.418003 32.042591 2.475096 0.894353 0.434017 -0.108451 0.632107 0.905286 1 67 1.000000
  67 -20.963404 32.698997 2.182197 0.824913 0.552793 -0.118057 0.631820 0.884951 2 67 0.728561 65 0.271439
  67 -20.560802 32.078789 2.803466 0.492502 0.528612 0.691383 0.638196 0.906928 1 67 1.000000
engineer_handR_red
  67 -20.552803 31.872692 2.122286 0.711023 0.033959 -0.702348 0.623464 0.903717 1 67 1.000000
  67 -20.963404 32.698997 2.182197 0.824913 0.552793 -0.118057 0.631820 0.884951 2 67 0.728561 65 0.271439
  67 -20.418003 32.042591 2.475096 0.894353 0.434017 -0.108451 0.632107 0.905286 1 67 1.000000
engineer_handR_red
  67 -20.418003 32.042591 2.475096 0.894353 0.434017 -0.108451 0.632107 0.905286 1 67 1.000000
  67 -20.393501 31.650890 2.322116 0.870538 -0.286779 -0.399901 0.626830 0.912282 1 67 1.000000
  67 -20.552803 31.872692 2.122286 0.711023 0.033959 -0.702348 0.623464 0.903717 1 67 1.000000
engineer_handR_red
  67 -20.319103 31.738592 2.591146 0.950917 -0.257268 0.171958 0.631677 0.913575 1 67 1.000000
  67 -20.393501 31.650890 2.322116 0.870538 -0.286779 -0.399901 0.626830 0.912282 1 67 1.000000
  67 -20.418003 32.042591 2.475096 0.894353 0.434017 -0.108451 0.632107 0.905286 1 67 1.000000
engineer_handR_red
  67 -20.319103 31.738592 2.591146 0.950917 -0.257268 0.171958 0.631677 0.913575 1 67 1.000000
  67 -20.418003 32.042591 2.475096 0.894353 0.434017 -0.108451 0.632107 0.905286 1 67 1.000000
  67 -20.384304 31.814392 2.831346 0.809583 0.143976 0.569075 0.635104 0.914148 1 67 1.000000
engineer_handR_red
  67 -20.600601 31.631290 2.877646 0.395737 -0.303502 0.866763 0.638485 0.917315 1 67 1.000000
  67 -20.560802 32.078789 2.803466 0.492502 0.528612 0.691383 0.638196 0.906928 1 67 1.000000
  67 -20.900204 31.959093 2.893776 0.017486 0.161203 0.986766 0.645232 0.906664 1 67 1.000000
engineer_handR_red
  67 -21.147404 32.744392 2.562987 0.492502 0.528612 0.691383 0.643119 0.886979 2 67 0.694235 65 0.305766
  67 -20.900204 31.959093 2.893776 0.017486 0.161203 0.986766 0.645232 0.906664 1 67 1.000000
  67 -20.560802 32.078789 2.803466 0.492502 0.528612 0.691383 0.638196 0.906928 1 67 1.000000
engineer_handR_red
  67 -20.560802 32.078789 2.803466 0.492502 0.528612 0.691383 0.638196 0.906928 1 67 1.000000
  67 -20.963404 32.698997 2.182197 0.824913 0.552793 -0.118057 0.631820 0.884951 2 67 0.728561 65 0.271439
  67 -21.147404 32.744392 2.562987 0.492502 0.528612 0.691383 0.643119 0.886979 2 67 0.694235 65 0.305766
engineer_handR_red
  67 -21.618504 32.685993 2.645357 -0.024296 0.222283 0.974679 0.650137 0.886679 2 67 0.548503 65 0.451497
  67 -20.900204 31.959093 2.893776 0.017486 0.161203 0.986766 0.645232 0.906664 1 67 1.000000
  67 -21.147404 32.744392 2.562987 0.492502 0.528612 0.691383 0.643119 0.886979 2 67 0.694235 65 0.305766
engineer_handR_red
  31 -19.574312 39.263302 6.808158 -0.108834 0.520930 0.846632 0.130105 0.637751 3 31 0.615661 33 0.274302 37 0.110037
  37 -20.395508 38.639305 6.991457 -0.116874 0.328193 0.937352 0.158348 0.670470 3 37 0.435412 39 0.381795 31 0.182793
  31 -19.542112 38.482800 7.167139 -0.213701 0.232544 0.948818 0.122893 0.675026 3 31 0.500612 33 0.445014 37 0.054374
engineer_handR_red
  33 -18.659309 38.128601 7.581949 -0.210004 0.430696 0.877724 0.095374 0.681334 2 33 0.519231 31 0.480769
  31 -18.837809 38.752701 7.247629 -0.114513 0.487617 0.865515 0.104307 0.652441 2 31 0.548172 33 0.451828
  33 -19.127108 37.907696 7.445289 -0.459726 0.152603 0.874851 0.104458 0.692356 3 33 0.493286 31 0.449008 35 0.057706
engineer_handR_red
  33 -19.127108 37.907696 7.445289 -0.459726 0.152603 0.874851 0.104458 0.692356 3 33 0.493286 31 0.449008 35 0.057706
  31 -18.837809 38.752701 7.247629 -0.114513 0.487617 0.865515 0.104307 0.652441 2 31 0.548172 33 0.451828
  31 -19.542112 38.482800 7.167139 -0.213701 0.232544 0.948818 0.122893 0.675026 3 31 0.500612 33 0.445014 37 0.054374
engineer_handR_red
  31 -19.542112 38.482800 7.167139 -0.213701 0.232544 0.948818 0.122893 0.675026 3 31 0.500612 33 0.445014 37 0.054374
  31 -18.837809 38.752701 7.247629 -0.114513 0.487617 0.865515 0.104307 0.652441 2 31 0.548172 33 0.451828
  31 -19.574312 39.263302 6.808158 -0.108834 0.520930 0.846632 0.130105 0.637751 3 31 0.615661 33 0.274302 37 0.110037
engineer_handR_red
  31 -19.574312 39.263302 6.808158 -0.108834 0.520930 0.846632 0.130105 0.637751 3 31 0.615661 33 0.274302 37 0.110037
  31 -18.837809 38.752701 7.247629 -0.114513 0.487617 0.865515 0.104307 0.652441 2 31 0.548172 33 0.451828
  31 -18.929609 39.298302 6.861418 0.056139 0.653794 0.754587 0.115662 0.630142 3 31 0.686312 33 0.261297 8 0.052392
engineer_handR_red
  31 -18.986910 39.802200 6.399898 0.124914 0.693660 0.709388 0.125625 0.608614 3 31 0.722137 8 0.167672 33 0.110191
  31 -19.574312 39.263302 6.808158 -0.108834 0.520930 0.846632 0.130105 0.637751 3 31 0.615661 33 0.274302 37 0.110037
  31 -18.929609 39.298302 6.861418 0.056139 0.653794 0.754587 0.115662 0.630142 3 31 0.686312 33 0.261297 8 0.052392
engineer_handR_red
  31 -19.596209 39.841000 6.402748 0.006310 0.625722 0.780020 0.140157 0.615702 3 31 0.613312 8 0.240673 37 0.146015
  31 -19.574312 39.263302 6.808158 -0.108834 0.520930 0.846632 0.130105 0.637751 3 31 0.615661 33 0.274302 37 0.110037
  31 -18.986910 39.802200 6.399898 0.124914 0.693660 0.709388 0.125625 0.608614 3 31 0.722137 8 0.167672 33 0.110191
engineer_handR_red
  31 -19.596209 39.841000 6.402748 0.006310 0.625722 0.780020 0.140157 0.615702 3 31 0.613312 8 0.240673 37 0.146015
  37 -20.452606 39.321396 6.652555 -0.150025 0.510749 0.846538 0.168908 0.645071 3 37 0.520692 39 0.274895 31 0.204413
  31 -19.574312 39.263302 6.808158 -0.108834 0.520930 0.846632 0.130105 0.637751 3 31 0.615661 33 0.274302 37 0.110037
engineer_handR_red
  37 -20.452606 39.321396 6.652555 -0.150025 0.510749 0.846538 0.168908 0.645071 3 37 0.520692 39 0.274895 31 0.204413
  37 -20.395508 38.639305 6.991457 -0.116874 0.328193 0.937352 0.158348 0.670470 3 37 0.435412 39 0.381795 31 0.182793
  31 -19.574312 39.263302 6.808158 -0.108834 0.520930 0.846632 0.130105 0.637751 3 31 0.615661 33 0.274302 37 0.110037
engineer_handR_red
  37 -20.395508 38.639305 6.991457 -0.116874 0.328193 0.937352 0.158348 0.670470 3 37 0.435412 39 0.381795 31 0.182793
  37 -20.452606 39.321396 6.652555 -0.150025 0.510749 0.846538 0.168908 0.645071 3 37 0.520692 39 0.274895 31 0.204413
  37 -21.496807 38.635403 6.832826 -0.230440 0.529882 0.816163 0.202586 0.690015 2 37 0.523879 39 0.476121
engineer_handR_red
  37 -22.478104 38.816700 6.034165 -0.663638 0.508486 0.548658 0.255941 0.680455 2 37 0.638021 39 0.361979
  37 -22.674208 38.317200 6.352495 -0.662638 0.595352 0.454386 0.254277 0.713786 2 37 0.500402 39 0.499598
  37 -21.496807 38.635403 6.832826 -0.230440 0.529882 0.816163 0.202586 0.690015 2 37 0.523879 39 0.476121
engineer_handR_red
  37 -21.496807 38.635403 6.832826 -0.230440 0.529882 0.816163 0.202586 0.690015 2 37 0.523879 39 0.476121
  37 -21.571005 39.346100 6.330135 -0.382672 0.542377 0.747923 0.218614 0.660755 2 37 0.734527 39 0.265473
  37 -22.478104 38.816700 6.034165 -0.663638 0.508486 0.548658 0.255941 0.680455 2 37 0.638021 39 0.361979
engineer_handR_red
  37 -21.496807 38.635403 6.832826 -0.230440 0.529882 0.816163 0.202586 0.690015 2 37 0.523879 39 0.476121
  37 -20.452606 39.321396 6.652555 -0.150025 0.510749 0.846538 0.168908 0.645071 3 37 0.520692 39 0.274895 31 0.204413
  37 -21.571005 39.346100 6.330135 -0.382672 0.542377 0.747923 0.218614 0.660755 2 37 0.734527 39 0.265473
engineer_handR_red
  37 -20.452606 39.321396 6.652555 -0.150025 0.510749 0.846538 0.168908 0.645071 3 37 0.520692 39 0.274895 31 0.204413
  37 -20.462206 39.893696 6.279636 -0.164464 0.596340 0.785703 0.178700 0.624259 3 37 0.570403 31 0.245264 8 0.184333
  37 -21.571005 39.346100 6.330135 -0.382672 0.542377 0.747923 0.218614 0.660755 2 37 0.734527 39 0.265473
engineer_handR_red
  37 -20.462206 39.893696 6.279636 -0.164464 0.596340 0.785703 0.178700 0.624259 3 37 0.570403 31 0.245264 8 0.184333
  37 -20.452606 39.321396 6.652555 -0.150025 0.510749 0.846538 0.168908 0.645071 3 37 0.520692 39 0.274895 31 0.204413
  31 -19.596209 39.841000 6.402748 0.006310 0.625722 0.780020 0.140157 0.615702 3 31 0.613312 8 0.240673 37 0.146015
engineer_handR_red
  31 -19.566908 40.576309 5.763439 0.056139 0.653795 0.754587 0.160869 0.569461 3 31 0.454656 8 0.419099 37 0.126245
  37 -20.462206 39.893696 6.279636 -0.164464 0.596340 0.785703 0.178700 0.624259 3 37 0.570403 31 0.245264 8 0.184333
  31 -19.596209 39.841000 6.402748 0.006310 0.625722 0.780020 0.140157 0.615702 3 31 0.613312 8 0.240673 37 0.146015
engineer_handR_red
  31 -19.566908 40.576309 5.763439 0.056139 0.653795 0.754587 0.160869 0.569461 3 31 0.454656 8 0.419099 37 0.126245
  31 -19.596209 39.841000 6.402748 0.006310 0.625722 0.780020 0.140157 0.615702 3 31 0.613312 8 0.240673 37 0.146015
  31 -18.927807 40.409199 5.729158 0.250414 0.683354 0.685798 0.149259 0.566334 2 31 0.569947 8 0.430053
engineer_handR_red
  31 -18.927807 40.409199 5.729158 0.250414 0.683354 0.685798 0.149259 0.566334 2 31 0.569947 8 0.430053
  31 -19.596209 39.841000 6.402748 0.006310 0.625722 0.780020 0.140157 0.615702 3 31 0.613312 8 0.240673 37 0.146015
  31 -18.986910 39.802200 6.399898 0.124914 0.693660 0.709388 0.125625 0.608614 3 31 0.722137 8 0.167672 33 0.110191
engineer_handR_red
  31 -18.986910 39.802200 6.399898 0.124914 0.693660 0.709388 0.125625 0.608614 3 31 0.722137 8 0.167672 33 0.110191
  31 -18.412407 40.134602 5.773899 0.374782 0.718887 0.585441 0.115696 0.565112 2 31 0.688191 8 0.311809
  31 -18.927807 40.409199 5.729158 0.250414 0.683354 0.685798 0.149259 0.566334 2 31 0.569947 8 0.430053
engineer_handR_red
  31 -18.289711 39.653400 6.331978 0.374781 0.718886 0.585441 0.100663 0.602420 3 31 0.799703 8 0.100191 33 0.100106
  31 -18.412407 40.134602 5.773899 0.374782 0.718887 0.585441 0.115696 0.565112 2 31 0.688191 8 0.311809
  31 -18.986910 39.802200 6.399898 0.124914 0.693660 0.709388 0.125625 0.608614 3 31 0.722137 8 0.167672 33 0.110191
engineer_handR_red
  31 -18.929609 39.298302 6.861418 0.056139 0.653794 0.754587 0.115662 0.630142 3 31 0.686312 33 0.261297 8 0.052392
  31 -18.289711 39.653400 6.331978 0.374781 0.718886 0.585441 0.100663 0.602420 3 31 0.799703 8 0.100191 33 0.100106
  31 -18.986910 39.802200 6.399898 0.124914 0.693660 0.709388 0.125625 0.608614 3 31 0.722137 8 0.167672 33 0.110191
engineer_handR_red
  31 -18.200611 39.204601 6.816578 0.329076 0.677662 0.657634 0.091823 0.624861 2 31 0.726178 33 0.273822
  31 -18.289711 39.653400 6.331978 0.374781 0.718886 0.585441 0.100663 0.602420 3 31 0.799703 8 0.100191 33 0.100106
  31 -18.929609 39.298302 6.861418 0.056139 0.653794 0.754587 0.115662 0.630142 3 31 0.686312 33 0.261297 8 0.052392
engineer_handR_red
  31 -18.837809 38.752701 7.247629 -0.114513 0.487617 0.865515 0.104307 0.652441 2 31 0.548172 33 0.451828
  31 -18.200611 39.204601 6.816578 0.329076 0.677662 0.657634 0.091823 0.624861 2 31 0.726178 33 0.273822
  31 -18.929609 39.298302 6.861418 0.056139 0.653794 0.754587 0.115662 0.630142 3 31 0.686312 33 0.261297 8 0.052392
engineer_handR_red
  31 -18.132710 38.764599 7.208179 0.291911 0.580911 0.759822 0.082812 0.646978 2 31 0.540033 33 0.459967
  31 -18.200611 39.204601 6.816578 0.329076 0.677662 0.657634 0.091823 0.624861 2 31 0.726178 33 0.273822
  31 -18.837809 38.752701 7.247629 -0.114513 0.487617 0.865515 0.104307 0.652441 2 31 0.548172 33 0.451828
engineer_handR_red
  33 -18.659309 38.128601 7.581949 -0.210004 0.430696 0.877724 0.095374 0.681334 2 33 0.519231 31 0.480769
  31 -18.132710 38.764599 7.208179 0.291911 0.580911 0.759822 0.082812 0.646978 2 31 0.540033 33 0.459967
  31 -18.837809 38.752701 7.247629 -0.114513 0.487617 0.865515 0.104307 0.652441 2 31 0.548172 33 0.451828
engineer_handR_red
  33 -18.067907 38.120895 7.583548 0.273249 0.493105 0.825943 0.070079 0.672511 2 33 0.538240 31 0.461760
  31 -18.132710 38.764599 7.208179 0.291911 0.580911 0.759822 0.082812 0.646978 2 31 0.540033 33 0.459967
  33 -18.659309 38.128601 7.581949 -0.210004 0.430696 0.877724 0.095374 0.681334 2 33 0.519231 31 0.480769
engineer_handR_red
  31 -17.264009 38.167099 6.523559 0.961377 0.189620 0.199494 0.041467 0.631180 2 31 0.538195 33 0.461805
  31 -17.572010 38.530800 6.942058 0.717580 0.441537 0.538631 0.061903 0.639755 2 31 0.533886 33 0.466114
  33 -17.301449 37.644588 7.042165 0.928064 0.236617 0.287592 0.035840 0.660645 3 33 0.520396 31 0.412399 35 0.067206
engineer_handR_red
  33 -17.301449 37.644588 7.042165 0.928064 0.236617 0.287592 0.035840 0.660645 3 33 0.520396 31 0.412399 35 0.067206
  31 -17.572010 38.530800 6.942058 0.717580 0.441537 0.538631 0.061903 0.639755 2 31 0.533886 33 0.466114
  33 -17.567007 37.910397 7.367558 0.649895 0.417947 0.634789 0.049442 0.665876 2 33 0.559790 31 0.440210
engineer_handR_red
  31 -17.572010 38.530800 6.942058 0.717580 0.441537 0.538631 0.061903 0.639755 2 31 0.533886 33 0.466114
  33 -18.067907 38.120895 7.583548 0.273249 0.493105 0.825943 0.070079 0.672511 2 33 0.538240 31 0.461760
  33 -17.567007 37.910397 7.367558 0.649895 0.417947 0.634789 0.049442 0.665876 2 33 0.559790 31 0.440210
engineer_handR_red
  31 -18.132710 38.764599 7.208179 0.291911 0.580911 0.759822 0.082812 0.646978 2 31 0.540033 33 0.459967
  33 -18.067907 38.120895 7.583548 0.273249 0.493105 0.825943 0.070079 0.672511 2 33 0.538240 31 0.461760
  31 -17.572010 38.530800 6.942058 0.717580 0.441537 0.538631 0.061903 0.639755 2 31 0.533886 33 0.466114
engineer_handR_red
  31 -17.605209 38.918900 6.565808 0.746846 0.519874 0.414672 0.068522 0.618304 2 31 0.706604 33 0.293396
  31 -18.132710 38.764599 7.208179 0.291911 0.580911 0.759822 0.082812 0.646978 2 31 0.540033 33 0.459967
  31 -17.572010 38.530800 6.942058 0.717580 0.441537 0.538631 0.061903 0.639755 2 31 0.533886 33 0.466114
engineer_handR_red
  31 -18.200611 39.204601 6.816578 0.329076 0.677662 0.657634 0.091823 0.624861 2 31 0.726178 33 0.273822
  31 -18.132710 38.764599 7.208179 0.291911 0.580911 0.759822 0.082812 0.646978 2 31 0.540033 33 0.459967
  31 -17.605209 38.918900 6.565808 0.746846 0.519874 0.414672 0.068522 0.618304 2 31 0.706604 33 0.293396
engineer_handR_red
  31 -17.706612 39.395199 6.047839 0.706063 0.605062 0.367933 0.075647 0.594587 3 31 0.814175 33 0.098124 8 0.087701
  31 -18.200611 39.204601 6.816578 0.329076 0.677662 0.657634 0.091823 0.624861 2 31 0.726178 33 0.273822
  31 -17.605209 38.918900 6.565808 0.746846 0.519874 0.414672 0.068522 0.618304 2 31 0.706604 33 0.293396
engineer_handR_red
  31 -18.289711 39.653400 6.331978 0.374781 0.718886 0.585441 0.100663 0.602420 3 31 0.799703 8 0.100191 33 0.100106
  31 -18.200611 39.204601 6.816578 0.329076 0.677662 0.657634 0.091823 0.624861 2 31 0.726178 33 0.273822
  31 -17.706612 39.395199 6.047839 0.706063 0.605062 0.367933 0.075647 0.594587 3 31 0.814175 33 0.098124 8 0.087701
engineer_handR_red
  31 -18.016407 40.074501 5.403568 0.675333 0.629603 0.384090 0.089906 0.548247 2 31 0.640913 8 0.359087
  31 -18.289711 39.653400 6.331978 0.374781 0.718886 0.585441 0.100663 0.602420 3 31 0.799703 8 0.100191 33 0.100106
  31 -17.706612 39.395199 6.047839 0.706063 0.605062 0.367933 0.075647 0.594587 3 31 0.814175 33 0.098124 8 0.087701
engineer_handR_red
  31 -18.412407 40.134602 5.773899 0.374782 0.718887 0.585441 0.115696 0.565112 2 31 0.688191 8 0.311809
  31 -18.289711 39.653400 6.331978 0.374781 0.718886 0.585441 0.100663 0.602420 3 31 0.799703 8 0.100191 33 0.100106
  31 -18.016407 40.074501 5.403568 0.675333 0.629603 0.384090 0.089906 0.548247 2 31 0.640913 8 0.359087
engineer_handR_red
  31 -18.016407 40.074501 5.403568 0.675333 0.629603 0.384090 0.089906 0.548247 2 31 0.640913 8 0.359087
  31 -18.553104 40.796394 5.087408 0.544393 0.524819 0.654371 0.132875 0.522658 2 31 0.500001 8 0.499999
  31 -18.412407 40.134602 5.773899 0.374782 0.718887 0.585441 0.115696 0.565112 2 31 0.688191 8 0.311809
engineer_handR_red
  31 -18.412407 40.134602 5.773899 0.374782 0.718887 0.585441 0.115696 0.565112 2 31 0.688191 8 0.311809
  31 -18.553104 40.796394 5.087408 0.544393 0.524819 0.654371 0.132875 0.522658 2 31 0.500001 8 0.499999
  31 -18.927807 40.409199 5.729158 0.250414 0.683354 0.685798 0.149259 0.566334 2 31 0.569947 8 0.430053
engineer_handR_red
  8 -19.473707 41.213501 5.219678 0.154804 0.530729 0.833284 0.167374 0.533284 3 8 0.432576 31 0.432462 37 0.134961
  31 -18.927807 40.409199 5.729158 0.250414 0.683354 0.685798 0.149259 0.566334 2 31 0.569947 8 0.430053
  31 -18.553104 40.796394 5.087408 0.544393 0.524819 0.654371 0.132875 0.522658 2 31 0.500001 8 0.499999
engineer_handR_red
  31 -19.566908 40.576309 5.763439 0.056139 0.653795 0.754587 0.160869 0.569461 3 31 0.454656 8 0.419099 37 0.126245
  31 -18.927807 40.409199 5.729158 0.250414 0.683354 0.685798 0.149259 0.566334 2 31 0.569947 8 0.430053
  8 -19.473707 41.213501 5.219678 0.154804 0.530729 0.833284 0.167374 0.533284 3 8 0.432576 31 0.432462 37 0.134961
engineer_handR_red
  8 -19.473707 41.213501 5.219678 0.154804 0.530729 0.833284 0.167374 0.533284 3 8 0.432576 31 0.432462 37 0.134961
  37 -20.451103 40.665901 5.660157 -0.112573 0.632079 0.766684 0.192208 0.577755 3 37 0.432565 8 0.341335 31 0.226100
  31 -19.566908 40.576309 5.763439 0.056139 0.653795 0.754587 0.160869 0.569461 3 31 0.454656 8 0.419099 37 0.126245
engineer_handR_red
  37 -20.451103 40.665901 5.660157 -0.112573 0.632079 0.766684 0.192208 0.577755 3 37 0.432565 8 0.341335 31 0.226100
  37 -20.462206 39.893696 6.279636 -0.164464 0.596340 0.785703 0.178700 0.624259 3 37 0.570403 31 0.245264 8 0.184333
  31 -19.566908 40.576309 5.763439 0.056139 0.653795 0.754587 0.160869 0.569461 3 31 0.454656 8 0.419099 37 0.126245
engineer_handR_red
  37 -20.451103 40.665901 5.660157 -0.112573 0.632079 0.766684 0.192208 0.577755 3 37 0.432565 8 0.341335 31 0.226100
  37 -21.249903 40.570702 5.479917 -0.359933 0.613006 0.703329 0.229562 0.587954 3 37 0.564397 8 0.352632 45 0.082971
  37 -20.462206 39.893696 6.279636 -0.164464 0.596340 0.785703 0.178700 0.624259 3 37 0.570403 31 0.245264 8 0.184333
engineer_handR_red
  37 -20.462206 39.893696 6.279636 -0.164464 0.596340 0.785703 0.178700 0.624259 3 37 0.570403 31 0.245264 8 0.184333
  37 -21.249903 40.570702 5.479917 -0.359933 0.613006 0.703329 0.229562 0.587954 3 37 0.564397 8 0.352632 45 0.082971
  37 -21.475006 39.895004 5.949276 -0.423221 0.585470 0.691454 0.224134 0.632966 3 37 0.734094 39 0.136863 8 0.129043
engineer_handR_red
  31 -18.553104 40.796394 5.087408 0.544393 0.524819 0.654371 0.132875 0.522658 2 31 0.500001 8 0.499999
  31 -18.016407 40.074501 5.403568 0.675333 0.629603 0.384090 0.089906 0.548247 2 31 0.640913 8 0.359087
  8 -17.802803 40.331596 4.394168 0.888534 0.223181 0.400871 0.092423 0.504125 2 8 0.500019 31 0.499981
engineer_handR_red
  8 -17.802803 40.331596 4.394168 0.888534 0.223181 0.400871 0.092423 0.504125 2 8 0.500019 31 0.499981
  31 -18.016407 40.074501 5.403568 0.675333 0.629603 0.384090 0.089906 0.548247 2 31 0.640913 8 0.359087
  31 -17.543007 39.604698 4.825318 0.937153 0.344171 0.057358 0.067659 0.538340 2 31 0.602047 8 0.397953
engineer_handR_red
  31 -17.706612 39.395199 6.047839 0.706063 0.605062 0.367933 0.075647 0.594587 3 31 0.814175 33 0.098124 8 0.087701
  31 -17.543007 39.604698 4.825318 0.937153 0.344171 0.057358 0.067659 0.538340 2 31 0.602047 8 0.397953
  31 -18.016407 40.074501 5.403568 0.675333 0.629603 0.384090 0.089906 0.548247 2 31 0.640913 8 0.359087
engineer_handR_red
  31 -17.303410 38.895599 5.571178 0.956118 0.282984 0.075883 0.048902 0.584385 3 31 0.770582 33 0.123620 8 0.105798
  31 -17.543007 39.604698 4.825318 0.937153 0.344171 0.057358 0.067659 0.538340 2 31 0.602047 8 0.397953
  31 -17.706612 39.395199 6.047839 0.706063 0.605062 0.367933 0.075647 0.594587 3 31 0.814175 33 0.098124 8 0.087701
engineer_handR_red
  31 -17.706612 39.395199 6.047839 0.706063 0.605062 0.367933 0.075647 0.594587 3 31 0.814175 33 0.098124 8 0.087701
  31 -17.605209 38.918900 6.565808 0.746846 0.519874 0.414672 0.068522 0.618304 2 31 0.706604 33 0.293396
  31 -17.303410 38.895599 5.571178 0.956118 0.282984 0.075883 0.048902 0.584385 3 31 0.770582 33 0.123620 8 0.105798
engineer_handR_red
  31 -17.303410 38.895599 5.571178 0.956118 0.282984 0.075883 0.048902 0.584385 3 31 0.770582 33 0.123620 8 0.105798
  31 -17.605209 38.918900 6.565808 0.746846 0.519874 0.414672 0.068522 0.618304 2 31 0.706604 33 0.293396
  31 -17.253109 38.460098 6.146148 0.976766 0.180519 0.115502 0.045164 0.609582 2 31 0.674954 33 0.325047
engineer_handR_red
  31 -17.253109 38.460098 6.146148 0.976766 0.180519 0.115502 0.045164 0.609582 2 31 0.674954 33 0.325047
  31 -17.605209 38.918900 6.565808 0.746846 0.519874 0.414672 0.068522 0.618304 2 31 0.706604 33 0.293396
  31 -17.264009 38.167099 6.523559 0.961377 0.189620 0.199494 0.041467 0.631180 2 31 0.538195 33 0.461805
engineer_handR_red
  31 -17.264009 38.167099 6.523559 0.961377 0.189620 0.199494 0.041467 0.631180 2 31 0.538195 33 0.461805
  31 -17.605209 38.918900 6.565808 0.746846 0.519874 0.414672 0.068522 0.618304 2 31 0.706604 33 0.293396
  31 -17.572010 38.530800 6.942058 0.717580 0.441537 0.538631 0.061903 0.639755 2 31 0.533886 33 0.466114
engineer_handR_red
  33 -17.301449 37.644588 7.042165 0.928064 0.236617 0.287592 0.035840 0.660645 3 33 0.520396 31 0.412399 35 0.067206
  33 -17.259308 37.347301 6.687629 0.958480 -0.181670 -0.219798 0.020861 0.656982 3 33 0.505403 31 0.409102 35 0.085495
  31 -17.264009 38.167099 6.523559 0.961377 0.189620 0.199494 0.041467 0.631180 2 31 0.538195 33 0.461805
engineer_handR_red
  31 -17.264009 38.167099 6.523559 0.961377 0.189620 0.199494 0.041467 0.631180 2 31 0.538195 33 0.461805
  33 -17.259308 37.347301 6.687629 0.958480 -0.181670 -0.219798 0.020861 0.656982 3 33 0.505403 31 0.409102 35 0.085495
  31 -17.248608 37.791695 6.128037 0.958089 -0.234493 -0.164552 0.028394 0.625090 2 31 0.544879 33 0.455121
engineer_handR_red
  31 -17.264009 38.167099 6.523559 0.961377 0.189620 0.199494 0.041467 0.631180 2 31 0.538195 33 0.461805
  31 -17.248608 37.791695 6.128037 0.958089 -0.234493 -0.164552 0.028394 0.625090 2 31 0.544879 33 0.455121
  31 -17.253109 38.460098 6.146148 0.976766 0.180519 0.115502 0.045164 0.609582 2 31 0.674954 33 0.325047
engineer_handR_red
  31 -17.253109 38.460098 6.146148 0.976766 0.180519 0.115502 0.045164 0.609582 2 31 0.674954 33 0.325047
  31 -17.248608 37.791695 6.128037 0.958089 -0.234493 -0.164552 0.028394 0.625090 2 31 0.544879 33 0.455121
  31 -17.248608 38.012096 5.753868 0.958089 -0.234493 -0.164552 0.029450 0.600873 2 31 0.655997 33 0.344003
engineer_handR_red
  31 -17.253109 38.460098 6.146148 0.976766 0.180519 0.115502 0.045164 0.609582 2 31 0.674954 33 0.325047
  31 -17.248608 38.012096 5.753868 0.958089 -0.234493 -0.164552 0.029450 0.600873 2 31 0.655997 33 0.344003
  31 -17.303410 38.895599 5.571178 0.956118 0.282984 0.075883 0.048902 0.584385 3 31 0.770582 33 0.123620 8 0.105798
engineer_handR_red
  31 -17.303410 38.895599 5.571178 0.956118 0.282984 0.075883 0.048902 0.584385 3 31 0.770582 33 0.123620 8 0.105798
  31 -17.248608 38.012096 5.753868 0.958089 -0.234493 -0.164552 0.029450 0.600873 2 31 0.655997 33 0.344003
  31 -17.296009 38.384399 5.143058 0.962095 -0.137800 -0.235338 0.031517 0.575646 3 31 0.719103 33 0.151004 8 0.129893
engineer_handR_red
  31 -17.303410 38.895599 5.571178 0.956118 0.282984 0.075883 0.048902 0.584385 3 31 0.770582 33 0.123620 8 0.105798
  31 -17.296009 38.384399 5.143058 0.962095 -0.137800 -0.235338 0.031517 0.575646 3 31 0.719103 33 0.151004 8 0.129893
  31 -17.543007 39.604698 4.825318 0.937153 0.344171 0.057358 0.067659 0.538340 2 31 0.602047 8 0.397953
engineer_handR_red
  31 -17.543007 39.604698 4.825318 0.937153 0.344171 0.057358 0.067659 0.538340 2 31 0.602047 8 0.397953
  31 -17.296009 38.384399 5.143058 0.962095 -0.137800 -0.235338 0.031517 0.575646 3 31 0.719103 33 0.151004 8 0.129893
  31 -17.493208 39.084599 4.305139 0.962065 -0.099004 -0.254221 0.046186 0.527999 2 31 0.562690 8 0.437310
engineer_handR_red
  8 -17.632105 39.840302 3.815508 0.992895 -0.091007 0.076660 0.067777 0.496884 2 8 0.500029 31 0.499971
  31 -17.543007 39.604698 4.825318 0.937153 0.344171 0.057358 0.067659 0.538340 2 31 0.602047 8 0.397953
  31 -17.493208 39.084599 4.305139 0.962065 -0.099004 -0.254221 0.046186 0.527999 2 31 0.562690 8 0.437310
engineer_handR_red
  8 -17.802803 40.331596 4.394168 0.888534 0.223181 0.400871 0.092423 0.504125 2 8 0.500019 31 0.499981
  31 -17.543007 39.604698 4.825318 0.937153 0.344171 0.057358 0.067659 0.538340 2 31 0.602047 8 0.397953
  8 -17.632105 39.840302 3.815508 0.992895 -0.091007 0.076660 0.067777 0.496884 2 8 0.500029 31 0.499971
engineer_handR_red
  8 -17.409100 40.506802 3.670450 0.911466 -0.179816 0.369995 0.071836 0.455034 2 8 0.556939 4 0.443061
  8 -17.802803 40.331596 4.394168 0.888534 0.223181 0.400871 0.092423 0.504125 2 8 0.500019 31 0.499981
  8 -17.632105 39.840302 3.815508 0.992895 -0.091007 0.076660 0.067777 0.496884 2 8 0.500029 31 0.499971
engineer_handR_red
  8 -17.695101 40.863899 4.260480 0.762107 0.061522 0.644521 0.096486 0.462998 2 8 0.560248 4 0.439752
  8 -17.802803 40.331596 4.394168 0.888534 0.223181 0.400871 0.092423 0.504125 2 8 0.500019 31 0.499981
  8 -17.409100 40.506802 3.670450 0.911466 -0.179816 0.369995 0.071836 0.455034 2 8 0.556939 4 0.443061
engineer_handR_red
  8 -17.695101 40.863899 4.260480 0.762107 0.061522 0.644521 0.096486 0.462998 2 8 0.560248 4 0.439752
  31 -18.553104 40.796394 5.087408 0.544393 0.524819 0.654371 0.132875 0.522658 2 31 0.500001 8 0.499999
  8 -17.802803 40.331596 4.394168 0.888534 0.223181 0.400871 0.092423 0.504125 2 8 0.500019 31 0.499981
engineer_handR_red
  8 -18.479200 41.331402 4.866330 0.416267 0.309608 0.854906 0.136950 0.478191 2 8 0.572824 4 0.427176
  31 -18.553104 40.796394 5.087408 0.544393 0.524819 0.654371 0.132875 0.522658 2 31 0.500001 8 0.499999
  8 -17.695101 40.863899 4.260480 0.762107 0.061522 0.644521 0.096486 0.462998 2 8 0.560248 4 0.439752
engineer_handR_red
  8 -18.479200 41.331402 4.866330 0.416267 0.309608 0.854906 0.136950 0.478191 2 8 0.572824 4 0.427176
  8 -19.473707 41.213501 5.219678 0.154804 0.530729 0.833284 0.167374 0.533284 3 8 0.432576 31 0.432462 37 0.134961
  31 -18.553104 40.796394 5.087408 0.544393 0.524819 0.654371 0.132875 0.522658 2 31 0.500001 8 0.499999
engineer_handR_red
  8 -19.388201 41.708199 5.027910 0.043535 0.374464 0.926219 0.171888 0.486706 2 8 0.584396 4 0.415604
  8 -19.473707 41.213501 5.219678 0.154804 0.530729 0.833284 0.167374 0.533284 3 8 0.432576 31 0.432462 37 0.134961
  8 -18.479200 41.331402 4.866330 0.416267 0.309608 0.854906 0.136950 0.478191 2 8 0.572824 4 0.427176
engineer_handR_red
  8 -19.388201 41.708199 5.027910 0.043535 0.374464 0.926219 0.171888 0.486706 2 8 0.584396 4 0.415604
  8 -20.590406 41.320599 5.093838 -0.230440 0.529882 0.816163 0.206105 0.549010 3 8 0.413241 37 0.413109 31 0.173650
  8 -19.473707 41.213501 5.219678 0.154804 0.530729 0.833284 0.167374 0.533284 3 8 0.432576 31 0.432462 37 0.134961
engineer_handR_red
  8 -20.552650 41.921753 4.808872 -0.274493 0.404489 0.872377 0.220145 0.504794 2 8 0.604895 4 0.395106
  8 -20.590406 41.320599 5.093838 -0.230440 0.529882 0.816163 0.206105 0.549010 3 8 0.413241 37 0.413109 31 0.173650
  8 -19.388201 41.708199 5.027910 0.043535 0.374464 0.926219 0.171888 0.486706 2 8 0.584396 4 0.415604
engineer_handR_red
  8 -20.590406 41.320599 5.093838 -0.230440 0.529882 0.816163 0.206105 0.549010 3 8 0.413241 37 0.413109 31 0.173650
  37 -20.451103 40.665901 5.660157 -0.112573 0.632079 0.766684 0.192208 0.577755 3 37 0.432565 8 0.341335 31 0.226100
  8 -19.473707 41.213501 5.219678 0.154804 0.530729 0.833284 0.167374 0.533284 3 8 0.432576 31 0.432462 37 0.134961
engineer_handR_red
  37 -20.451103 40.665901 5.660157 -0.112573 0.632079 0.766684 0.192208 0.577755 3 37 0.432565 8 0.341335 31 0.226100
  8 -20.590406 41.320599 5.093838 -0.230440 0.529882 0.816163 0.206105 0.549010 3 8 0.413241 37 0.413109 31 0.173650
  37 -21.249903 40.570702 5.479917 -0.359933 0.613006 0.703329 0.229562 0.587954 3 37 0.564397 8 0.352632 45 0.082971
engineer_handR_red
  37 -21.249903 40.570702 5.479917 -0.359933 0.613006 0.703329 0.229562 0.587954 3 37 0.564397 8 0.352632 45 0.082971
  8 -20.590406 41.320599 5.093838 -0.230440 0.529882 0.816163 0.206105 0.549010 3 8 0.413241 37 0.413109 31 0.173650
  37 -21.665203 40.917801 4.871477 -0.565949 0.522655 0.637600 0.262267 0.582290 2 37 0.517370 8 0.482630
engineer_handR_red
  37 -21.665203 40.917801 4.871477 -0.565949 0.522655 0.637600 0.262267 0.582290 2 37 0.517370 8 0.482630
  37 -22.170904 39.868198 5.376166 -0.681437 0.516265 0.518763 0.259958 0.635145 3 37 0.731579 8 0.165922 39 0.102499
  37 -21.249903 40.570702 5.479917 -0.359933 0.613006 0.703329 0.229562 0.587954 3 37 0.564397 8 0.352632 45 0.082971
engineer_handR_red
  37 -21.665203 40.917801 4.871477 -0.565949 0.522655 0.637600 0.262267 0.582290 2 37 0.517370 8 0.482630
  37 -22.356003 40.639397 4.172027 -0.815171 0.435400 0.381999 0.296281 0.582515 3 37 0.474078 8 0.464211 4 0.061712
  37 -22.170904 39.868198 5.376166 -0.681437 0.516265 0.518763 0.259958 0.635145 3 37 0.731579 8 0.165922 39 0.102499
engineer_handR_red
  37 -22.170904 39.868198 5.376166 -0.681437 0.516265 0.518763 0.259958 0.635145 3 37 0.731579 8 0.165922 39 0.102499
  37 -22.356003 40.639397 4.172027 -0.815171 0.435400 0.381999 0.296281 0.582515 3 37 0.474078 8 0.464211 4 0.061712
  37 -22.669104 39.640701 4.665156 -0.873952 0.389820 0.290255 0.295105 0.632962 3 37 0.560842 8 0.222016 45 0.217142
engineer_handR_red
  8 -22.744202 40.331398 3.388367 -0.920209 0.336792 0.199466 0.333164 0.582583 3 8 0.474863 37 0.441435 4 0.083702
  37 -22.669104 39.640701 4.665156 -0.873952 0.389820 0.290255 0.295105 0.632962 3 37 0.560842 8 0.222016 45 0.217142
  37 -22.356003 40.639397 4.172027 -0.815171 0.435400 0.381999 0.296281 0.582515 3 37 0.474078 8 0.464211 4 0.061712
engineer_handR_red
  45 -22.988304 39.335999 3.848217 -0.951199 0.282182 0.124871 0.333359 0.631584 3 45 0.431247 37 0.323637 8 0.245116
  37 -22.669104 39.640701 4.665156 -0.873952 0.389820 0.290255 0.295105 0.632962 3 37 0.560842 8 0.222016 45 0.217142
  8 -22.744202 40.331398 3.388367 -0.920209 0.336792 0.199466 0.333164 0.582583 3 8 0.474863 37 0.441435 4 0.083702
engineer_handR_red
  45 -23.118902 38.745605 4.115678 -0.951200 0.282182 0.124871 0.333650 0.658013 3 45 0.553481 37 0.296845 47 0.149674
  37 -22.669104 39.640701 4.665156 -0.873952 0.389820 0.290255 0.295105 0.632962 3 37 0.560842 8 0.222016 45 0.217142
  45 -22.988304 39.335999 3.848217 -0.951199 0.282182 0.124871 0.333359 0.631584 3 45 0.431247 37 0.323637 8 0.245116
engineer_handR_red
  45 -23.118902 38.745605 4.115678 -0.951200 0.282182 0.124871 0.333650 0.658013 3 45 0.553481 37 0.296845 47 0.149674
  45 -22.988304 39.335999 3.848217 -0.951199 0.282182 0.124871 0.333359 0.631584 3 45 0.431247 37 0.323637 8 0.245116
  45 -23.248701 38.401398 3.182668 -0.984526 0.174946 0.010153 0.375201 0.657501 3 45 0.431459 53 0.405342 8 0.163199
engineer_handR_red
  45 -23.326506 37.936802 3.367059 -0.984526 0.174946 0.010153 0.375804 0.678045 3 45 0.421815 53 0.401603 47 0.176581
  45 -23.118902 38.745605 4.115678 -0.951200 0.282182 0.124871 0.333650 0.658013 3 45 0.553481 37 0.296845 47 0.149674
  45 -23.248701 38.401398 3.182668 -0.984526 0.174946 0.010153 0.375201 0.657501 3 45 0.431459 53 0.405342 8 0.163199
engineer_handR_red
  45 -23.248701 38.401398 3.182668 -0.984526 0.174946 0.010153 0.375201 0.657501 3 45 0.431459 53 0.405342 8 0.163199
  53 -23.253807 38.014999 2.275979 -0.983876 0.126425 -0.126508 0.417685 0.652461 3 53 0.564597 61 0.269026 8 0.166377
  45 -23.326506 37.936802 3.367059 -0.984526 0.174946 0.010153 0.375804 0.678045 3 45 0.421815 53 0.401603 47 0.176581
engineer_handR_red
  45 -23.326506 37.936802 3.367059 -0.984526 0.174946 0.010153 0.375804 0.678045 3 45 0.421815 53 0.401603 47 0.176581
  53 -23.253807 38.014999 2.275979 -0.983876 0.126425 -0.126508 0.417685 0.652461 3 53 0.564597 61 0.269026 8 0.166377
  53 -23.323408 37.513802 2.442739 -0.983876 0.126425 -0.126508 0.419873 0.677113 3 53 0.585298 55 0.211076 61 0.203626
engineer_handR_red
  53 -23.253807 38.014999 2.275979 -0.983876 0.126425 -0.126508 0.417685 0.652461 3 53 0.564597 61 0.269026 8 0.166377
  61 -23.146303 37.538097 1.492998 -0.955475 0.056237 -0.289664 0.456486 0.652194 2 61 0.657082 53 0.342918
  53 -23.323408 37.513802 2.442739 -0.983876 0.126425 -0.126508 0.419873 0.677113 3 53 0.585298 55 0.211076 61 0.203626
engineer_handR_red
  8 -20.552650 41.921753 4.808872 -0.274493 0.404489 0.872377 0.220145 0.504794 2 8 0.604895 4 0.395106
  8 -21.461399 41.942299 4.325830 -0.514677 0.478317 0.711562 0.262793 0.525961 2 8 0.622096 4 0.377905
  8 -20.590406 41.320599 5.093838 -0.230440 0.529882 0.816163 0.206105 0.549010 3 8 0.413241 37 0.413109 31 0.173650
engineer_handR_red
  8 -20.590406 41.320599 5.093838 -0.230440 0.529882 0.816163 0.206105 0.549010 3 8 0.413241 37 0.413109 31 0.173650
  8 -21.461399 41.942299 4.325830 -0.514677 0.478317 0.711562 0.262793 0.525961 2 8 0.622096 4 0.377905
  37 -21.665203 40.917801 4.871477 -0.565949 0.522655 0.637600 0.262267 0.582290 2 37 0.517370 8 0.482630
engineer_handR_red
  8 -21.461399 41.942299 4.325830 -0.514677 0.478317 0.711562 0.262793 0.525961 2 8 0.622096 4 0.377905
  8 -22.054302 41.809799 3.618350 -0.795140 0.406263 0.450226 0.297523 0.525756 2 8 0.655764 4 0.344236
  37 -21.665203 40.917801 4.871477 -0.565949 0.522655 0.637600 0.262267 0.582290 2 37 0.517370 8 0.482630
engineer_handR_red
  37 -21.665203 40.917801 4.871477 -0.565949 0.522655 0.637600 0.262267 0.582290 2 37 0.517370 8 0.482630
  8 -22.054302 41.809799 3.618350 -0.795140 0.406263 0.450226 0.297523 0.525756 2 8 0.655764 4 0.344236
  37 -22.356003 40.639397 4.172027 -0.815171 0.435400 0.381999 0.296281 0.582515 3 37 0.474078 8 0.464211 4 0.061712
engineer_handR_red
  8 -22.054302 41.809799 3.618350 -0.795140 0.406263 0.450226 0.297523 0.525756 2 8 0.655764 4 0.344236
  8 -22.428699 41.556297 2.811219 -0.920209 0.336792 0.199466 0.334014 0.524918 2 8 0.679251 4 0.320749
  37 -22.356003 40.639397 4.172027 -0.815171 0.435400 0.381999 0.296281 0.582515 3 37 0.474078 8 0.464211 4 0.061712
engineer_handR_red
  37 -22.356003 40.639397 4.172027 -0.815171 0.435400 0.381999 0.296281 0.582515 3 37 0.474078 8 0.464211 4 0.061712
  8 -22.428699 41.556297 2.811219 -0.920209 0.336792 0.199466 0.334014 0.524918 2 8 0.679251 4 0.320749
  8 -22.744202 40.331398 3.388367 -0.920209 0.336792 0.199466 0.333164 0.582583 3 8 0.474863 37 0.441435 4 0.083702
engineer_handR_red
  8 -22.428699 41.556297 2.811219 -0.920209 0.336792 0.199466 0.334014 0.524918 2 8 0.679251 4 0.320749
  8 -22.938103 39.977604 2.517459 -0.963937 0.265844 0.012319 0.372637 0.583103 3 8 0.470313 45 0.432874 4 0.096814
  8 -22.744202 40.331398 3.388367 -0.920209 0.336792 0.199466 0.333164 0.582583 3 8 0.474863 37 0.441435 4 0.083702
engineer_handR_red
  8 -22.744202 40.331398 3.388367 -0.920209 0.336792 0.199466 0.333164 0.582583 3 8 0.474863 37 0.441435 4 0.083702
  8 -22.938103 39.977604 2.517459 -0.963937 0.265844 0.012319 0.372637 0.583103 3 8 0.470313 45 0.432874 4 0.096814
  45 -22.988304 39.335999 3.848217 -0.951199 0.282182 0.124871 0.333359 0.631584 3 45 0.431247 37 0.323637 8 0.245116
engineer_handR_red
  45 -22.988304 39.335999 3.848217 -0.951199 0.282182 0.124871 0.333359 0.631584 3 45 0.431247 37 0.323637 8 0.245116
  8 -22.938103 39.977604 2.517459 -0.963937 0.265844 0.012319 0.372637 0.583103 3 8 0.470313 45 0.432874 4 0.096814
  45 -23.153502 38.971001 2.950329 -0.984526 0.174946 0.010153 0.374407 0.633387 2 45 0.514621 53 0.485379
engineer_handR_red
  45 -23.248701 38.401398 3.182668 -0.984526 0.174946 0.010153 0.375201 0.657501 3 45 0.431459 53 0.405342 8 0.163199
  45 -22.988304 39.335999 3.848217 -0.951199 0.282182 0.124871 0.333359 0.631584 3 45 0.431247 37 0.323637 8 0.245116
  45 -23.153502 38.971001 2.950329 -0.984526 0.174946 0.010153 0.374407 0.633387 2 45 0.514621 53 0.485379
engineer_handR_red
  53 -23.169605 38.586998 2.066438 -0.983876 0.126425 -0.126508 0.415847 0.632431 2 53 0.602328 61 0.397672
  45 -23.248701 38.401398 3.182668 -0.984526 0.174946 0.010153 0.375201 0.657501 3 45 0.431459 53 0.405342 8 0.163199
  45 -23.153502 38.971001 2.950329 -0.984526 0.174946 0.010153 0.374407 0.633387 2 45 0.514621 53 0.485379
engineer_handR_red
  53 -23.253807 38.014999 2.275979 -0.983876 0.126425 -0.126508 0.417685 0.652461 3 53 0.564597 61 0.269026 8 0.166377
  45 -23.248701 38.401398 3.182668 -0.984526 0.174946 0.010153 0.375201 0.657501 3 45 0.431459 53 0.405342 8 0.163199
  53 -23.169605 38.586998 2.066438 -0.983876 0.126425 -0.126508 0.415847 0.632431 2 53 0.602328 61 0.397672
engineer_handR_red
  61 -23.042200 38.181793 1.236508 -0.955475 0.056237 -0.289664 0.453563 0.629119 2 61 0.661828 8 0.338172
  53 -23.253807 38.014999 2.275979 -0.983876 0.126425 -0.126508 0.417685 0.652461 3 53 0.564597 61 0.269026 8 0.166377
  53 -23.169605 38.586998 2.066438 -0.983876 0.126425 -0.126508 0.415847 0.632431 2 53 0.602328 61 0.397672
engineer_handR_red
  61 -23.146303 37.538097 1.492998 -0.955475 0.056237 -0.289664 0.456486 0.652194 2 61 0.657082 53 0.342918
  53 -23.253807 38.014999 2.275979 -0.983876 0.126425 -0.126508 0.417685 0.652461 3 53 0.564597 61 0.269026 8 0.166377
  61 -23.042200 38.181793 1.236508 -0.955475 0.056237 -0.289664 0.453563 0.629119 2 61 0.661828 8 0.338172
engineer_handR_red
  61 -22.738003 37.719097 0.489376 -0.851359 -0.042470 -0.522861 0.491794 0.627245 2 61 0.777131 8 0.222869
  61 -23.146303 37.538097 1.492998 -0.955475 0.056237 -0.289664 0.456486 0.652194 2 61 0.657082 53 0.342918
  61 -23.042200 38.181793 1.236508 -0.955475 0.056237 -0.289664 0.453563 0.629119 2 61 0.661828 8 0.338172
engineer_handR_red
  61 -22.902302 36.832096 0.861393 -0.830942 -0.043744 -0.554636 0.499230 0.676949 3 61 0.714115 63 0.218998 53 0.066887
  61 -23.146303 37.538097 1.492998 -0.955475 0.056237 -0.289664 0.456486 0.652194 2 61 0.657082 53 0.342918
  61 -22.738003 37.719097 0.489376 -0.851359 -0.042470 -0.522861 0.491794 0.627245 2 61 0.777131 8 0.222869
engineer_handR_red
  61 -22.033602 37.246696 -0.185938 -0.591672 -0.215333 -0.776889 0.537226 0.624987 3 61 0.709177 8 0.175127 63 0.115696
  61 -22.902302 36.832096 0.861393 -0.830942 -0.043744 -0.554636 0.499230 0.676949 3 61 0.714115 63 0.218998 53 0.066887
  61 -22.738003 37.719097 0.489376 -0.851359 -0.042470 -0.522861 0.491794 0.627245 2 61 0.777131 8 0.222869
engineer_handR_red
  61 -22.239204 36.335495 0.223255 -0.457521 -0.262112 -0.849689 0.542456 0.675187 2 61 0.702670 63 0.297330
  61 -22.902302 36.832096 0.861393 -0.830942 -0.043744 -0.554636 0.499230 0.676949 3 61 0.714115 63 0.218998 53 0.066887
  61 -22.033602 37.246696 -0.185938 -0.591672 -0.215333 -0.776889 0.537226 0.624987 3 61 0.709177 8 0.175127 63 0.115696
engineer_handR_red
  8 -20.409800 38.980202 -1.510391 0.062619 -0.611417 -0.788827 0.568837 0.511186 2 8 0.567498 4 0.432502
  61 -20.940399 37.990303 -0.802656 0.008822 -0.530594 -0.847580 0.562352 0.571975 3 61 0.487648 8 0.450021 4 0.062330
  8 -21.335400 39.320400 -1.362300 -0.449140 -0.360708 -0.817412 0.534887 0.513766 2 8 0.581895 4 0.418105
engineer_handR_red
  8 -21.335400 39.320400 -1.362300 -0.449140 -0.360708 -0.817412 0.534887 0.513766 2 8 0.581895 4 0.418105
  61 -20.940399 37.990303 -0.802656 0.008822 -0.530594 -0.847580 0.562352 0.571975 3 61 0.487648 8 0.450021 4 0.062330
  61 -21.726702 38.299995 -0.702152 -0.499260 -0.304736 -0.811095 0.531643 0.574323 3 61 0.465868 8 0.434619 4 0.099513
engineer_handR_red
  61 -21.335804 37.004299 -0.279776 0.004956 -0.462171 -0.886777 0.565388 0.622970 3 61 0.685673 8 0.185440 63 0.128887
  61 -21.726702 38.299995 -0.702152 -0.499260 -0.304736 -0.811095 0.531643 0.574323 3 61 0.465868 8 0.434619 4 0.099513
  61 -20.940399 37.990303 -0.802656 0.008822 -0.530594 -0.847580 0.562352 0.571975 3 61 0.487648 8 0.450021 4 0.062330
engineer_handR_red
  61 -22.033602 37.246696 -0.185938 -0.591672 -0.215333 -0.776889 0.537226 0.624987 3 61 0.709177 8 0.175127 63 0.115696
  61 -21.726702 38.299995 -0.702152 -0.499260 -0.304736 -0.811095 0.531643 0.574323 3 61 0.465868 8 0.434619 4 0.099513
  61 -21.335804 37.004299 -0.279776 0.004956 -0.462171 -0.886777 0.565388 0.622970 3 61 0.685673 8 0.185440 63 0.128887
engineer_handR_red
  61 -22.033602 37.246696 -0.185938 -0.591672 -0.215333 -0.776889 0.537226 0.624987 3 61 0.709177 8 0.175127 63 0.115696
  61 -22.496799 38.823601 0.020252 -0.851359 -0.042470 -0.522861 0.483653 0.577079 3 61 0.444075 8 0.437112 4 0.118814
  61 -21.726702 38.299995 -0.702152 -0.499260 -0.304736 -0.811095 0.531643 0.574323 3 61 0.465868 8 0.434619 4 0.099513
engineer_handR_red
  61 -22.738003 37.719097 0.489376 -0.851359 -0.042470 -0.522861 0.491794 0.627245 2 61 0.777131 8 0.222869
  61 -22.496799 38.823601 0.020252 -0.851359 -0.042470 -0.522861 0.483653 0.577079 3 61 0.444075 8 0.437112 4 0.118814
  61 -22.033602 37.246696 -0.185938 -0.591672 -0.215333 -0.776889 0.537226 0.624987 3 61 0.709177 8 0.175127 63 0.115696
engineer_handR_red
  61 -22.738003 37.719097 0.489376 -0.851359 -0.042470 -0.522861 0.491794 0.627245 2 61 0.777131 8 0.222869
  61 -23.042200 38.181793 1.236508 -0.955475 0.056237 -0.289664 0.453563 0.629119 2 61 0.661828 8 0.338172
  61 -22.496799 38.823601 0.020252 -0.851359 -0.042470 -0.522861 0.483653 0.577079 3 61 0.444075 8 0.437112 4 0.118814
engineer_handR_red
  61 -22.496799 38.823601 0.020252 -0.851359 -0.042470 -0.522861 0.483653 0.577079 3 61 0.444075 8 0.437112 4 0.118814
  61 -23.042200 38.181793 1.236508 -0.955475 0.056237 -0.289664 0.453563 0.629119 2 61 0.661828 8 0.338172
  8 -22.822702 39.233795 0.803463 -0.956993 0.093519 -0.274623 0.448363 0.580202 3 8 0.441055 61 0.441018 4 0.117927
engineer_handR_red
  53 -23.169605 38.586998 2.066438 -0.983876 0.126425 -0.126508 0.415847 0.632431 2 53 0.602328 61 0.397672
  8 -22.822702 39.233795 0.803463 -0.956993 0.093519 -0.274623 0.448363 0.580202 3 8 0.441055 61 0.441018 4 0.117927
  61 -23.042200 38.181793 1.236508 -0.955475 0.056237 -0.289664 0.453563 0.629119 2 61 0.661828 8 0.338172
engineer_handR_red
  8 -22.961302 39.608097 1.646628 -0.978560 0.174007 -0.110193 0.412115 0.582323 3 8 0.463911 61 0.421776 4 0.114313
  8 -22.822702 39.233795 0.803463 -0.956993 0.093519 -0.274623 0.448363 0.580202 3 8 0.441055 61 0.441018 4 0.117927
  53 -23.169605 38.586998 2.066438 -0.983876 0.126425 -0.126508 0.415847 0.632431 2 53 0.602328 61 0.397672
engineer_handR_red
  53 -23.169605 38.586998 2.066438 -0.983876 0.126425 -0.126508 0.415847 0.632431 2 53 0.602328 61 0.397672
  45 -23.153502 38.971001 2.950329 -0.984526 0.174946 0.010153 0.374407 0.633387 2 45 0.514621 53 0.485379
  8 -22.961302 39.608097 1.646628 -0.978560 0.174007 -0.110193 0.412115 0.582323 3 8 0.463911 61 0.421776 4 0.114313
engineer_handR_red
  8 -22.961302 39.608097 1.646628 -0.978560 0.174007 -0.110193 0.412115 0.582323 3 8 0.463911 61 0.421776 4 0.114313
  45 -23.153502 38.971001 2.950329 -0.984526 0.174946 0.010153 0.374407 0.633387 2 45 0.514621 53 0.485379
  8 -22.938103 39.977604 2.517459 -0.963937 0.265844 0.012319 0.372637 0.583103 3 8 0.470313 45 0.432874 4 0.096814
engineer_handR_red
  8 -22.625999 41.212898 1.944240 -0.963937 0.265844 0.012319 0.372481 0.524476 2 8 0.679619 4 0.320381
  8 -22.961302 39.608097 1.646628 -0.978560 0.174007 -0.110193 0.412115 0.582323 3 8 0.463911 61 0.421776 4 0.114313
  8 -22.938103 39.977604 2.517459 -0.963937 0.265844 0.012319 0.372637 0.583103 3 8 0.470313 45 0.432874 4 0.096814
engineer_handR_red
  8 -22.625999 41.212898 1.944240 -0.963937 0.265844 0.012319 0.372481 0.524476 2 8 0.679619 4 0.320381
  8 -22.938103 39.977604 2.517459 -0.963937 0.265844 0.012319 0.372637 0.583103 3 8 0.470313 45 0.432874 4 0.096814
  8 -22.428699 41.556297 2.811219 -0.920209 0.336792 0.199466 0.334014 0.524918 2 8 0.679251 4 0.320749
engineer_handR_red
  61 -21.726702 38.299995 -0.702152 -0.499260 -0.304736 -0.811095 0.531643 0.574323 3 61 0.465868 8 0.434619 4 0.099513
  8 -22.206902 39.926598 -0.573915 -0.793462 -0.074506 -0.604042 0.484918 0.516662 2 8 0.622280 4 0.377720
  8 -21.335400 39.320400 -1.362300 -0.449140 -0.360708 -0.817412 0.534887 0.513766 2 8 0.581895 4 0.418105
engineer_handR_red
  61 -22.496799 38.823601 0.020252 -0.851359 -0.042470 -0.522861 0.483653 0.577079 3 61 0.444075 8 0.437112 4 0.118814
  8 -22.206902 39.926598 -0.573915 -0.793462 -0.074506 -0.604042 0.484918 0.516662 2 8 0.622280 4 0.377720
  61 -21.726702 38.299995 -0.702152 -0.499260 -0.304736 -0.811095 0.531643 0.574323 3 61 0.465868 8 0.434619 4 0.099513
engineer_handR_red
  8 -22.206902 39.926598 -0.573915 -0.793462 -0.074506 -0.604042 0.484918 0.516662 2 8 0.622280 4 0.377720
  61 -22.496799 38.823601 0.020252 -0.851359 -0.042470 -0.522861 0.483653 0.577079 3 61 0.444075 8 0.437112 4 0.118814
  8 -22.537102 40.402401 0.233722 -0.933845 0.095941 -0.344570 0.447423 0.520501 2 8 0.629498 4 0.370502
engineer_handR_red
  8 -22.537102 40.402401 0.233722 -0.933845 0.095941 -0.344570 0.447423 0.520501 2 8 0.629498 4 0.370502
  61 -22.496799 38.823601 0.020252 -0.851359 -0.042470 -0.522861 0.483653 0.577079 3 61 0.444075 8 0.437112 4 0.118814
  8 -22.822702 39.233795 0.803463 -0.956993 0.093519 -0.274623 0.448363 0.580202 3 8 0.441055 61 0.441018 4 0.117927
engineer_handR_red
  8 -22.537102 40.402401 0.233722 -0.933845 0.095941 -0.344570 0.447423 0.520501 2 8 0.629498 4 0.370502
  8 -22.822702 39.233795 0.803463 -0.956993 0.093519 -0.274623 0.448363 0.580202 3 8 0.441055 61 0.441018 4 0.117927
  8 -22.663700 40.829399 1.090370 -0.976796 0.146751 -0.155992 0.410253 0.523208 2 8 0.652376 4 0.347624
engineer_handR_red
  8 -22.663700 40.829399 1.090370 -0.976796 0.146751 -0.155992 0.410253 0.523208 2 8 0.652376 4 0.347624
  8 -22.822702 39.233795 0.803463 -0.956993 0.093519 -0.274623 0.448363 0.580202 3 8 0.441055 61 0.441018 4 0.117927
  8 -22.961302 39.608097 1.646628 -0.978560 0.174007 -0.110193 0.412115 0.582323 3 8 0.463911 61 0.421776 4 0.114313
engineer_handR_red
  8 -22.663700 40.829399 1.090370 -0.976796 0.146751 -0.155992 0.410253 0.523208 2 8 0.652376 4 0.347624
  8 -22.961302 39.608097 1.646628 -0.978560 0.174007 -0.110193 0.412115 0.582323 3 8 0.463911 61 0.421776 4 0.114313
  8 -22.625999 41.212898 1.944240 -0.963937 0.265844 0.012319 0.372481 0.524476 2 8 0.679619 4 0.320381
engineer_handR_red
  33 -18.859409 37.260300 7.846749 -0.687045 0.260582 0.678281 0.085262 0.708318 3 33 0.652312 35 0.244909 31 0.102779
  33 -19.340109 37.541500 7.222779 -0.639153 -0.311144 0.703330 0.110510 0.707639 3 33 0.502761 31 0.410890 35 0.086349
  33 -19.061308 37.022495 7.578409 -0.940010 -0.167158 0.297387 0.096090 0.717351 3 33 0.628182 35 0.258536 31 0.113283
engineer_handR_red
  37 -21.496807 38.635403 6.832826 -0.230440 0.529882 0.816163 0.202586 0.690015 2 37 0.523879 39 0.476121
  39 -21.238007 37.776497 7.325075 0.326855 0.332007 0.884837 0.179951 0.728863 2 39 0.543535 37 0.456465
  39 -20.861504 38.039597 7.106006 0.157557 0.097396 0.982695 0.170190 0.702178 2 39 0.500000 37 0.500000
engineer_handR_red
  37 -21.496807 38.635403 6.832826 -0.230440 0.529882 0.816163 0.202586 0.690015 2 37 0.523879 39 0.476121
  39 -20.861504 38.039597 7.106006 0.157557 0.097396 0.982695 0.170190 0.702178 2 39 0.500000 37 0.500000
  37 -20.395508 38.639305 6.991457 -0.116874 0.328193 0.937352 0.158348 0.670470 3 37 0.435412 39 0.381795 31 0.182793
engineer_handR_red
  37 -20.395508 38.639305 6.991457 -0.116874 0.328193 0.937352 0.158348 0.670470 3 37 0.435412 39 0.381795 31 0.182793
  39 -20.861504 38.039597 7.106006 0.157557 0.097396 0.982695 0.170190 0.702178 2 39 0.500000 37 0.500000
  37 -20.340504 38.175594 7.089846 -0.091288 -0.074903 0.993003 0.152454 0.693105 3 37 0.406715 39 0.402565 31 0.190719
engineer_handR_red
  37 -20.340504 38.175594 7.089846 -0.091288 -0.074903 0.993003 0.152454 0.693105 3 37 0.406715 39 0.402565 31 0.190719
  31 -19.542112 38.482800 7.167139 -0.213701 0.232544 0.948818 0.122893 0.675026 3 31 0.500612 33 0.445014 37 0.054374
  37 -20.395508 38.639305 6.991457 -0.116874 0.328193 0.937352 0.158348 0.670470 3 37 0.435412 39 0.381795 31 0.182793
engineer_handR_red
  31 -19.819407 37.868195 7.118917 -0.325219 -0.189222 0.926514 0.131509 0.699810 3 31 0.441514 33 0.441049 37 0.117437
  31 -19.542112 38.482800 7.167139 -0.213701 0.232544 0.948818 0.122893 0.675026 3 31 0.500612 33 0.445014 37 0.054374
  37 -20.340504 38.175594 7.089846 -0.091288 -0.074903 0.993003 0.152454 0.693105 3 37 0.406715 39 0.402565 31 0.190719
engineer_handR_red
  31 -19.542112 38.482800 7.167139 -0.213701 0.232544 0.948818 0.122893 0.675026 3 31 0.500612 33 0.445014 37 0.054374
  31 -19.819407 37.868195 7.118917 -0.325219 -0.189222 0.926514 0.131509 0.699810 3 31 0.441514 33 0.441049 37 0.117437
  33 -19.127108 37.907696 7.445289 -0.459726 0.152603 0.874851 0.104458 0.692356 3 33 0.493286 31 0.449008 35 0.057706
engineer_handR_red
  33 -19.127108 37.907696 7.445289 -0.459726 0.152603 0.874851 0.104458 0.692356 3 33 0.493286 31 0.449008 35 0.057706
  31 -19.819407 37.868195 7.118917 -0.325219 -0.189222 0.926514 0.131509 0.699810 3 31 0.441514 33 0.441049 37 0.117437
  33 -19.340109 37.541500 7.222779 -0.639153 -0.311144 0.703330 0.110510 0.707639 3 33 0.502761 31 0.410890 35 0.086349
engineer_handR_red
  33 -19.127108 37.907696 7.445289 -0.459726 0.152603 0.874851 0.104458 0.692356 3 33 0.493286 31 0.449008 35 0.057706
  33 -19.340109 37.541500 7.222779 -0.639153 -0.311144 0.703330 0.110510 0.707639 3 33 0.502761 31 0.410890 35 0.086349
  33 -18.859409 37.260300 7.846749 -0.687045 0.260582 0.678281 0.085262 0.708318 3 33 0.652312 35 0.244909 31 0.102779
engineer_handR_red
  33 -18.859409 37.260300 7.846749 -0.687045 0.260582 0.678281 0.085262 0.708318 3 33 0.652312 35 0.244909 31 0.102779
  33 -18.659309 38.128601 7.581949 -0.210004 0.430696 0.877724 0.095374 0.681334 2 33 0.519231 31 0.480769
  33 -19.127108 37.907696 7.445289 -0.459726 0.152603 0.874851 0.104458 0.692356 3 33 0.493286 31 0.449008 35 0.057706
engineer_handR_red
  33 -18.502506 37.396992 7.986379 -0.211995 0.487256 0.847136 0.075402 0.699731 3 33 0.686608 35 0.229404 31 0.083987
  33 -18.659309 38.128601 7.581949 -0.210004 0.430696 0.877724 0.095374 0.681334 2 33 0.519231 31 0.480769
  33 -18.859409 37.260300 7.846749 -0.687045 0.260582 0.678281 0.085262 0.708318 3 33 0.652312 35 0.244909 31 0.102779
engineer_handR_red
  33 -18.659309 38.128601 7.581949 -0.210004 0.430696 0.877724 0.095374 0.681334 2 33 0.519231 31 0.480769
  33 -18.502506 37.396992 7.986379 -0.211995 0.487256 0.847136 0.075402 0.699731 3 33 0.686608 35 0.229404 31 0.083987
  33 -18.067907 38.120895 7.583548 0.273249 0.493105 0.825943 0.070079 0.672511 2 33 0.538240 31 0.461760
engineer_handR_red
  33 -18.067907 38.120895 7.583548 0.273249 0.493105 0.825943 0.070079 0.672511 2 33 0.538240 31 0.461760
  33 -18.502506 37.396992 7.986379 -0.211995 0.487256 0.847136 0.075402 0.699731 3 33 0.686608 35 0.229404 31 0.083987
  33 -18.014107 37.386200 7.976950 0.262547 0.533446 0.804055 0.059352 0.692804 3 33 0.698748 35 0.237535 31 0.063717
engineer_handR_red
  33 -18.067907 38.120895 7.583548 0.273249 0.493105 0.825943 0.070079 0.672511 2 33 0.538240 31 0.461760
  33 -18.014107 37.386200 7.976950 0.262547 0.533446 0.804055 0.059352 0.692804 3 33 0.698748 35 0.237535 31 0.063717
  33 -17.567007 37.910397 7.367558 0.649895 0.417947 0.634789 0.049442 0.665876 2 33 0.559790 31 0.440210
engineer_handR_red
  33 -17.567007 37.910397 7.367558 0.649895 0.417947 0.634789 0.049442 0.665876 2 33 0.559790 31 0.440210
  33 -18.014107 37.386200 7.976950 0.262547 0.533446 0.804055 0.059352 0.692804 3 33 0.698748 35 0.237535 31 0.063717
  33 -17.544508 37.232994 7.796110 0.637184 0.468299 0.612121 0.041372 0.686436 3 33 0.633856 35 0.294425 31 0.071719
engineer_handR_red
  33 -17.544508 37.232994 7.796110 0.637184 0.468299 0.612121 0.041372 0.686436 3 33 0.633856 35 0.294425 31 0.071719
  33 -17.301449 37.644588 7.042165 0.928064 0.236617 0.287592 0.035840 0.660645 3 33 0.520396 31 0.412399 35 0.067206
  33 -17.567007 37.910397 7.367558 0.649895 0.417947 0.634789 0.049442 0.665876 2 33 0.559790 31 0.440210
engineer_handR_red
  33 -17.276405 37.038597 7.533169 0.882419 0.325942 0.339260 0.029976 0.680763 3 33 0.573585 35 0.330209 31 0.096206
  33 -17.301449 37.644588 7.042165 0.928064 0.236617 0.287592 0.035840 0.660645 3 33 0.520396 31 0.412399 35 0.067206
  33 -17.544508 37.232994 7.796110 0.637184 0.468299 0.612121 0.041372 0.686436 3 33 0.633856 35 0.294425 31 0.071719
engineer_handR_red
  33 -17.276405 37.038597 7.533169 0.882419 0.325942 0.339260 0.029976 0.680763 3 33 0.573585 35 0.330209 31 0.096206
  33 -17.202305 36.762596 7.177080 0.980373 -0.073413 -0.182973 0.016540 0.674052 3 33 0.535707 35 0.345502 31 0.118792
  33 -17.301449 37.644588 7.042165 0.928064 0.236617 0.287592 0.035840 0.660645 3 33 0.520396 31 0.412399 35 0.067206
engineer_handR_red
  33 -17.301449 37.644588 7.042165 0.928064 0.236617 0.287592 0.035840 0.660645 3 33 0.520396 31 0.412399 35 0.067206
  33 -17.202305 36.762596 7.177080 0.980373 -0.073413 -0.182973 0.016540 0.674052 3 33 0.535707 35 0.345502 31 0.118792
  33 -17.259308 37.347301 6.687629 0.958480 -0.181670 -0.219798 0.020861 0.656982 3 33 0.505403 31 0.409102 35 0.085495
engineer_handR_red
  35 -17.931805 35.313389 9.028330 0.010961 -0.757813 0.652380 0.024520 0.763495 1 35 1.000000
  35 -18.365206 35.683594 9.073750 -0.432474 -0.014475 0.901530 0.036718 0.761845 1 35 1.000000
  35 -18.459805 35.504387 8.972540 -0.613122 -0.490892 0.618955 0.038069 0.765925 1 35 1.000000
engineer_handR_red
  35 -18.365206 35.683594 9.073750 -0.432474 -0.014475 0.901530 0.036718 0.761845 1 35 1.000000
  35 -18.736506 35.840393 8.664950 -0.886086 -0.181805 0.426378 0.048509 0.757689 2 35 0.889957 33 0.110043
  35 -18.459805 35.504387 8.972540 -0.613122 -0.490892 0.618955 0.038069 0.765925 1 35 1.000000
engineer_handR_red
  35 -18.594547 36.035622 8.786314 -0.562147 0.376663 0.736285 0.045480 0.752986 2 35 0.905856 33 0.094144
  35 -18.736506 35.840393 8.664950 -0.886086 -0.181805 0.426378 0.048509 0.757689 2 35 0.889957 33 0.110043
  35 -18.365206 35.683594 9.073750 -0.432474 -0.014475 0.901530 0.036718 0.761845 1 35 1.000000
engineer_handR_red
  35 -18.736506 35.840393 8.664950 -0.886086 -0.181805 0.426378 0.048509 0.757689 2 35 0.889957 33 0.110043
  35 -18.594547 36.035622 8.786314 -0.562147 0.376663 0.736285 0.045480 0.752986 2 35 0.905856 33 0.094144
  33 -18.987606 36.554295 7.988081 -0.965093 -0.017428 0.261328 0.068687 0.740258 2 33 0.500227 35 0.499773
engineer_handR_red
  33 -18.987606 36.554295 7.988081 -0.965093 -0.017428 0.261328 0.068687 0.740258 2 33 0.500227 35 0.499773
  35 -18.594547 36.035622 8.786314 -0.562147 0.376663 0.736285 0.045480 0.752986 2 35 0.905856 33 0.094144
  33 -18.783405 36.771996 8.223621 -0.556454 0.416573 0.718906 0.061421 0.734333 2 33 0.500282 35 0.499718
engineer_handR_red
  35 -17.896006 35.508194 9.130121 0.182667 -0.006085 0.983156 0.026421 0.758177 1 35 1.000000
  35 -18.365206 35.683594 9.073750 -0.432474 -0.014475 0.901530 0.036718 0.761845 1 35 1.000000
  35 -17.931805 35.313389 9.028330 0.010961 -0.757813 0.652380 0.024520 0.763495 1 35 1.000000
engineer_handR_red
  35 -17.896006 35.508194 9.130121 0.182667 -0.006085 0.983156 0.026421 0.758177 1 35 1.000000
  35 -18.218079 35.852917 9.050899 -0.064185 0.497210 0.865253 0.035291 0.754650 1 35 1.000000
  35 -18.365206 35.683594 9.073750 -0.432474 -0.014475 0.901530 0.036718 0.761845 1 35 1.000000
engineer_handR_red
  35 -18.365206 35.683594 9.073750 -0.432474 -0.014475 0.901530 0.036718 0.761845 1 35 1.000000
  35 -18.218079 35.852917 9.050899 -0.064185 0.497210 0.865253 0.035291 0.754650 1 35 1.000000
  35 -18.594547 36.035622 8.786314 -0.562147 0.376663 0.736285 0.045480 0.752986 2 35 0.905856 33 0.094144
engineer_handR_red
  35 -18.594547 36.035622 8.786314 -0.562147 0.376663 0.736285 0.045480 0.752986 2 35 0.905856 33 0.094144
  35 -18.218079 35.852917 9.050899 -0.064185 0.497210 0.865253 0.035291 0.754650 1 35 1.000000
  35 -18.313501 36.127377 8.800826 -0.099186 0.563120 0.820401 0.041325 0.747181 1 35 1.000000
engineer_handR_red
  35 -18.594547 36.035622 8.786314 -0.562147 0.376663 0.736285 0.045480 0.752986 2 35 0.905856 33 0.094144
  35 -18.313501 36.127377 8.800826 -0.099186 0.563120 0.820401 0.041325 0.747181 1 35 1.000000
  33 -18.783405 36.771996 8.223621 -0.556454 0.416573 0.718906 0.061421 0.734333 2 33 0.500282 35 0.499718
engineer_handR_red
  33 -18.783405 36.771996 8.223621 -0.556454 0.416573 0.718906 0.061421 0.734333 2 33 0.500282 35 0.499718
  35 -18.313501 36.127377 8.800826 -0.099186 0.563120 0.820401 0.041325 0.747181 1 35 1.000000
  35 -18.430603 36.903492 8.337290 -0.150025 0.510749 0.846538 0.054676 0.728896 2 35 0.501989 33 0.498011
engineer_handR_red
  35 -18.313501 36.127377 8.800826 -0.099186 0.563120 0.820401 0.041325 0.747181 1 35 1.000000
  35 -17.947927 36.901398 8.301664 0.262547 0.533446 0.804055 0.043684 0.722838 2 35 0.509281 33 0.490719
  35 -18.430603 36.903492 8.337290 -0.150025 0.510749 0.846538 0.054676 0.728896 2 35 0.501989 33 0.498011
engineer_handR_red
  35 -17.915636 36.107410 8.757265 0.263325 0.604495 0.751828 0.033346 0.743322 1 35 1.000000
  35 -17.947927 36.901398 8.301664 0.262547 0.533446 0.804055 0.043684 0.722838 2 35 0.509281 33 0.490719
  35 -18.313501 36.127377 8.800826 -0.099186 0.563120 0.820401 0.041325 0.747181 1 35 1.000000
engineer_handR_red
  35 -17.915636 36.107410 8.757265 0.263325 0.604495 0.751828 0.033346 0.743322 1 35 1.000000
  35 -17.511406 36.770298 8.142910 0.591472 0.473303 0.652798 0.031320 0.718456 2 35 0.512518 33 0.487482
  35 -17.947927 36.901398 8.301664 0.262547 0.533446 0.804055 0.043684 0.722838 2 35 0.509281 33 0.490719
engineer_handR_red
  35 -17.540802 36.012177 8.650517 0.544393 0.524819 0.654371 0.026213 0.740060 1 35 1.000000
  35 -17.511406 36.770298 8.142910 0.591472 0.473303 0.652798 0.031320 0.718456 2 35 0.512518 33 0.487482
  35 -17.915636 36.107410 8.757265 0.263325 0.604495 0.751828 0.033346 0.743322 1 35 1.000000
engineer_handR_red
  35 -17.511406 36.770298 8.142910 0.591472 0.473303 0.652798 0.031320 0.718456 2 35 0.512518 33 0.487482
  35 -17.540802 36.012177 8.650517 0.544393 0.524819 0.654371 0.026213 0.740060 1 35 1.000000
  35 -17.234205 36.558990 7.918110 0.882419 0.325943 0.339260 0.022957 0.715210 2 35 0.511415 33 0.488585
engineer_handR_red
  35 -17.234205 36.558990 7.918110 0.882419 0.325943 0.339260 0.022957 0.715210 2 35 0.511415 33 0.488585
  35 -17.540802 36.012177 8.650517 0.544393 0.524819 0.654371 0.026213 0.740060 1 35 1.000000
  35 -17.307945 35.854420 8.549114 0.846646 0.267361 0.460118 0.018991 0.740158 2 35 0.911092 33 0.088908
engineer_handR_red
  35 -17.587780 35.766922 8.929939 0.489193 0.455276 0.743918 0.025380 0.749807 1 35 1.000000
  35 -17.307945 35.854420 8.549114 0.846646 0.267361 0.460118 0.018991 0.740158 2 35 0.911092 33 0.088908
  35 -17.540802 36.012177 8.650517 0.544393 0.524819 0.654371 0.026213 0.740060 1 35 1.000000
engineer_handR_red
  35 -17.476606 35.561993 8.916331 0.706206 -0.103689 0.700372 0.019271 0.753272 1 35 1.000000
  35 -17.307945 35.854420 8.549114 0.846646 0.267361 0.460118 0.018991 0.740158 2 35 0.911092 33 0.088908
  35 -17.587780 35.766922 8.929939 0.489193 0.455276 0.743918 0.025380 0.749807 1 35 1.000000
engineer_handR_red
  35 -17.476606 35.561993 8.916331 0.706206 -0.103689 0.700372 0.019271 0.753272 1 35 1.000000
  35 -17.587780 35.766922 8.929939 0.489193 0.455276 0.743918 0.025380 0.749807 1 35 1.000000
  35 -17.896006 35.508194 9.130121 0.182667 -0.006085 0.983156 0.026421 0.758177 1 35 1.000000
engineer_handR_red
  35 -17.896006 35.508194 9.130121 0.182667 -0.006085 0.983156 0.026421 0.758177 1 35 1.000000
  35 -17.587780 35.766922 8.929939 0.489193 0.455276 0.743918 0.025380 0.749807 1 35 1.000000
  35 -17.887980 35.788124 9.052519 0.229653 0.478249 0.847666 0.029035 0.752169 1 35 1.000000
engineer_handR_red
  35 -17.887980 35.788124 9.052519 0.229653 0.478249 0.847666 0.029035 0.752169 1 35 1.000000
  35 -18.218079 35.852917 9.050899 -0.064185 0.497210 0.865253 0.035291 0.754650 1 35 1.000000
  35 -17.896006 35.508194 9.130121 0.182667 -0.006085 0.983156 0.026421 0.758177 1 35 1.000000
engineer_handR_red
  35 -17.887980 35.788124 9.052519 0.229653 0.478249 0.847666 0.029035 0.752169 1 35 1.000000
  35 -17.915636 36.107410 8.757265 0.263325 0.604495 0.751828 0.033346 0.743322 1 35 1.000000
  35 -18.218079 35.852917 9.050899 -0.064185 0.497210 0.865253 0.035291 0.754650 1 35 1.000000
engineer_handR_red
  35 -18.218079 35.852917 9.050899 -0.064185 0.497210 0.865253 0.035291 0.754650 1 35 1.000000
  35 -17.915636 36.107410 8.757265 0.263325 0.604495 0.751828 0.033346 0.743322 1 35 1.000000
  35 -18.313501 36.127377 8.800826 -0.099186 0.563120 0.820401 0.041325 0.747181 1 35 1.000000
engineer_handR_red
  35 -17.887980 35.788124 9.052519 0.229653 0.478249 0.847666 0.029035 0.752169 1 35 1.000000
  35 -17.587780 35.766922 8.929939 0.489193 0.455276 0.743918 0.025380 0.749807 1 35 1.000000
  35 -17.915636 36.107410 8.757265 0.263325 0.604495 0.751828 0.033346 0.743322 1 35 1.000000
engineer_handR_red
  35 -17.915636 36.107410 8.757265 0.263325 0.604495 0.751828 0.033346 0.743322 1 35 1.000000
  35 -17.587780 35.766922 8.929939 0.489193 0.455276 0.743918 0.025380 0.749807 1 35 1.000000
  35 -17.540802 36.012177 8.650517 0.544393 0.524819 0.654371 0.026213 0.740060 1 35 1.000000
engineer_handR_red
  33 -18.987606 36.554295 7.988081 -0.965093 -0.017428 0.261328 0.068687 0.740258 2 33 0.500227 35 0.499773
  33 -18.859409 37.260300 7.846749 -0.687045 0.260582 0.678281 0.068219 0.725487 3 33 0.652312 35 0.244909 31 0.102779
  33 -19.061308 37.022495 7.578409 -0.940010 -0.167158 0.297387 0.076464 0.732365 3 33 0.628182 35 0.258536 31 0.113283
engineer_handR_red
  33 -18.783405 36.771996 8.223621 -0.556454 0.416573 0.718906 0.061421 0.734333 2 33 0.500282 35 0.499718
  33 -18.859409 37.260300 7.846749 -0.687045 0.260582 0.678281 0.068219 0.725487 3 33 0.652312 35 0.244909 31 0.102779
  33 -18.987606 36.554295 7.988081 -0.965093 -0.017428 0.261328 0.068687 0.740258 2 33 0.500227 35 0.499773
engineer_handR_red
  33 -18.859409 37.260300 7.846749 -0.687045 0.260582 0.678281 0.068219 0.725487 3 33 0.652312 35 0.244909 31 0.102779
  33 -18.783405 36.771996 8.223621 -0.556454 0.416573 0.718906 0.061421 0.734333 2 33 0.500282 35 0.499718
  33 -18.502506 37.396992 7.986379 -0.211995 0.487256 0.847136 0.060712 0.718949 3 33 0.686608 35 0.229404 31 0.083987
engineer_handR_red
  33 -18.502506 37.396992 7.986379 -0.211995 0.487256 0.847136 0.060712 0.718949 3 33 0.686608 35 0.229404 31 0.083987
  33 -18.783405 36.771996 8.223621 -0.556454 0.416573 0.718906 0.061421 0.734333 2 33 0.500282 35 0.499718
  35 -18.430603 36.903492 8.337290 -0.150025 0.510749 0.846538 0.054676 0.728896 2 35 0.501989 33 0.498011
engineer_handR_red
  33 -18.502506 37.396992 7.986379 -0.211995 0.487256 0.847136 0.060712 0.718949 3 33 0.686608 35 0.229404 31 0.083987
  35 -18.430603 36.903492 8.337290 -0.150025 0.510749 0.846538 0.054676 0.728896 2 35 0.501989 33 0.498011
  33 -18.014107 37.386200 7.976950 0.262547 0.533446 0.804055 0.048491 0.713675 3 33 0.698748 35 0.237535 31 0.063717
engineer_handR_red
  33 -18.014107 37.386200 7.976950 0.262547 0.533446 0.804055 0.048491 0.713675 3 33 0.698748 35 0.237535 31 0.063717
  35 -18.430603 36.903492 8.337290 -0.150025 0.510749 0.846538 0.054676 0.728896 2 35 0.501989 33 0.498011
  35 -17.947927 36.901398 8.301664 0.262547 0.533446 0.804055 0.043684 0.722838 2 35 0.509281 33 0.490719
engineer_handR_red
  33 -18.014107 37.386200 7.976950 0.262547 0.533446 0.804055 0.048491 0.713675 3 33 0.698748 35 0.237535 31 0.063717
  35 -17.947927 36.901398 8.301664 0.262547 0.533446 0.804055 0.043684 0.722838 2 35 0.509281 33 0.490719
  33 -17.544508 37.232994 7.796110 0.637184 0.468299 0.612121 0.034800 0.708826 3 33 0.633856 35 0.294425 31 0.071719
engineer_handR_red
  33 -17.544508 37.232994 7.796110 0.637184 0.468299 0.612121 0.034800 0.708826 3 33 0.633856 35 0.294425 31 0.071719
  35 -17.947927 36.901398 8.301664 0.262547 0.533446 0.804055 0.043684 0.722838 2 35 0.509281 33 0.490719
  35 -17.511406 36.770298 8.142910 0.591472 0.473303 0.652798 0.031320 0.718456 2 35 0.512518 33 0.487482
engineer_handR_red
  33 -17.544508 37.232994 7.796110 0.637184 0.468299 0.612121 0.034800 0.708826 3 33 0.633856 35 0.294425 31 0.071719
  35 -17.511406 36.770298 8.142910 0.591472 0.473303 0.652798 0.031320 0.718456 2 35 0.512518 33 0.487482
  33 -17.276405 37.038597 7.533169 0.882419 0.325942 0.339260 0.026123 0.704506 3 33 0.573585 35 0.330209 31 0.096206
engineer_handR_red
  33 -17.276405 37.038597 7.533169 0.882419 0.325942 0.339260 0.026123 0.704506 3 33 0.573585 35 0.330209 31 0.096206
  35 -17.511406 36.770298 8.142910 0.591472 0.473303 0.652798 0.031320 0.718456 2 35 0.512518 33 0.487482
  35 -17.234205 36.558990 7.918110 0.882419 0.325943 0.339260 0.022957 0.715210 2 35 0.511415 33 0.488585
engineer_handR_red
  33 -17.276405 37.038597 7.533169 0.882419 0.325942 0.339260 0.026123 0.704506 3 33 0.573585 35 0.330209 31 0.096206
  35 -17.234205 36.558990 7.918110 0.882419 0.325943 0.339260 0.022957 0.715210 2 35 0.511415 33 0.488585
  33 -17.202305 36.762596 7.177080 0.980373 -0.073413 -0.182973 0.015892 0.699396 3 33 0.535707 35 0.345502 31 0.118792
engineer_handR_red
  33 -17.202305 36.762596 7.177080 0.980373 -0.073413 -0.182973 0.015892 0.699396 3 33 0.535707 35 0.345502 31 0.118792
  35 -17.234205 36.558990 7.918110 0.882419 0.325943 0.339260 0.022957 0.715210 2 35 0.511415 33 0.488585
  35 -17.146105 36.280693 7.610770 0.972285 -0.196884 -0.126091 0.012763 0.711945 2 35 0.506616 33 0.493384
engineer_handR_red
  35 -17.307945 35.854420 8.549114 0.846646 0.267361 0.460118 0.018991 0.740158 2 35 0.911092 33 0.088908
  35 -17.146105 36.280693 7.610770 0.972285 -0.196884 -0.126091 0.012763 0.711945 2 35 0.506616 33 0.493384
  35 -17.234205 36.558990 7.918110 0.882419 0.325943 0.339260 0.022957 0.715210 2 35 0.511415 33 0.488585
engineer_handR_red
  35 -17.249907 35.617992 8.388050 0.917064 -0.390206 0.082047 0.012259 0.740100 2 35 0.894986 33 0.105014
  35 -17.146105 36.280693 7.610770 0.972285 -0.196884 -0.126091 0.012763 0.711945 2 35 0.506616 33 0.493384
  35 -17.307945 35.854420 8.549114 0.846646 0.267361 0.460118 0.018991 0.740158 2 35 0.911092 33 0.088908
engineer_handR_red
  35 -17.307945 35.854420 8.549114 0.846646 0.267361 0.460118 0.018991 0.740158 2 35 0.911092 33 0.088908
  35 -17.476606 35.561993 8.916331 0.706206 -0.103689 0.700372 0.019271 0.753272 1 35 1.000000
  35 -17.249907 35.617992 8.388050 0.917064 -0.390206 0.082047 0.012259 0.740100 2 35 0.894986 33 0.105014
engineer_handR_red
  35 -17.249907 35.617992 8.388050 0.917064 -0.390206 0.082047 0.012259 0.740100 2 35 0.894986 33 0.105014
  35 -17.476606 35.561993 8.916331 0.706206 -0.103689 0.700372 0.019271 0.753272 1 35 1.000000
  35 -17.465006 35.358791 8.805031 0.652855 -0.641098 0.403452 0.014011 0.754140 1 35 1.000000
engineer_handR_red
  35 -17.465006 35.358791 8.805031 0.652855 -0.641098 0.403452 0.014011 0.754140 1 35 1.000000
  35 -17.476606 35.561993 8.916331 0.706206 -0.103689 0.700372 0.019271 0.753272 1 35 1.000000
  35 -17.931805 35.313389 9.028330 0.010961 -0.757813 0.652380 0.024520 0.763495 1 35 1.000000
engineer_handR_red
  35 -17.931805 35.313389 9.028330 0.010961 -0.757813 0.652380 0.024520 0.763495 1 35 1.000000
  35 -17.476606 35.561993 8.916331 0.706206 -0.103689 0.700372 0.019271 0.753272 1 35 1.000000
  35 -17.896006 35.508194 9.130121 0.182667 -0.006085 0.983156 0.026421 0.758177 1 35 1.000000
engineer_handR_red
  51 -20.027805 31.363590 6.571777 0.918766 -0.394795 0.002314 0.753962 0.976137 1 51 1.000000
  51 -20.032408 31.604893 6.479377 0.962408 0.180972 -0.202535 0.755033 0.971894 1 51 1.000000
  51 -20.042908 31.485493 6.879377 0.869584 -0.201288 0.450895 0.759324 0.977070 1 51 1.000000
engineer_handR_red
  51 -20.032408 31.604893 6.479377 0.962408 0.180972 -0.202535 0.755033 0.971894 1 51 1.000000
  51 -20.171707 31.844093 6.393007 0.834560 0.471831 -0.284403 0.756103 0.967650 1 51 1.000000
  51 -20.098207 31.690990 6.857767 0.761160 0.374967 0.529184 0.761015 0.974401 1 51 1.000000
engineer_handR_red
  51 -20.042908 31.485493 6.879377 0.869584 -0.201288 0.450895 0.759324 0.977070 1 51 1.000000
  51 -20.032408 31.604893 6.479377 0.962408 0.180972 -0.202535 0.755033 0.971894 1 51 1.000000
  51 -20.098207 31.690990 6.857767 0.761160 0.374967 0.529184 0.761015 0.974401 1 51 1.000000
engineer_handR_red
  51 -20.098207 31.690990 6.857767 0.761160 0.374967 0.529184 0.761015 0.974401 1 51 1.000000
  51 -20.284805 31.365290 6.990327 0.380881 -0.337726 0.860738 0.761575 0.980143 1 51 1.000000
  51 -20.042908 31.485493 6.879377 0.869584 -0.201288 0.450895 0.759324 0.977070 1 51 1.000000
engineer_handR_red
  51 -20.261908 31.143593 6.660327 0.502882 -0.819078 0.276081 0.752530 0.979605 1 51 1.000000
  51 -20.042908 31.485493 6.879377 0.869584 -0.201288 0.450895 0.759324 0.977070 1 51 1.000000
  51 -20.284805 31.365290 6.990327 0.380881 -0.337726 0.860738 0.761575 0.980143 1 51 1.000000
engineer_handR_red
  51 -20.027805 31.363590 6.571777 0.918766 -0.394795 0.002314 0.753962 0.976137 1 51 1.000000
  51 -20.042908 31.485493 6.879377 0.869584 -0.201288 0.450895 0.759324 0.977070 1 51 1.000000
  51 -20.261908 31.143593 6.660327 0.502882 -0.819078 0.276081 0.752530 0.979605 1 51 1.000000
engineer_handR_red
  51 -20.261908 31.143593 6.660327 0.502882 -0.819078 0.276081 0.752530 0.979605 1 51 1.000000
  51 -20.124807 31.281092 6.287667 0.786055 -0.476850 -0.393360 0.748776 0.972616 1 51 1.000000
  51 -20.027805 31.363590 6.571777 0.918766 -0.394795 0.002314 0.753962 0.976137 1 51 1.000000
engineer_handR_red
  51 -20.124807 31.281092 6.287667 0.786055 -0.476850 -0.393360 0.748776 0.972616 1 51 1.000000
  51 -20.032408 31.604893 6.479377 0.962408 0.180972 -0.202535 0.755033 0.971894 1 51 1.000000
  51 -20.027805 31.363590 6.571777 0.918766 -0.394795 0.002314 0.753962 0.976137 1 51 1.000000
engineer_handR_red
  51 -20.188707 31.458092 6.170897 0.657380 -0.102423 -0.746566 0.748919 0.968175 1 51 1.000000
  51 -20.032408 31.604893 6.479377 0.962408 0.180972 -0.202535 0.755033 0.971894 1 51 1.000000
  51 -20.124807 31.281092 6.287667 0.786055 -0.476850 -0.393360 0.748776 0.972616 1 51 1.000000
engineer_handR_red
  51 -20.032408 31.604893 6.479377 0.962408 0.180972 -0.202535 0.755033 0.971894 1 51 1.000000
  51 -20.188707 31.458092 6.170897 0.657380 -0.102423 -0.746566 0.748919 0.968175 1 51 1.000000
  51 -20.171707 31.844093 6.393007 0.834560 0.471831 -0.284403 0.756103 0.967650 1 51 1.000000
engineer_handR_red
  51 -20.171707 31.844093 6.393007 0.834560 0.471831 -0.284403 0.756103 0.967650 1 51 1.000000
  51 -20.188707 31.458092 6.170897 0.657380 -0.102423 -0.746566 0.748919 0.968175 1 51 1.000000
  51 -20.339308 31.672993 6.066757 0.569308 0.117482 -0.813687 0.749061 0.963734 1 51 1.000000
engineer_handR_red
  51 -20.171707 31.844093 6.393007 0.834560 0.471831 -0.284403 0.756103 0.967650 1 51 1.000000
  51 -20.339308 31.672993 6.066757 0.569308 0.117482 -0.813687 0.749061 0.963734 1 51 1.000000
  51 -20.592110 32.314693 6.243808 0.754540 0.572995 -0.319915 0.758325 0.955895 2 51 0.905491 49 0.094509
engineer_handR_red
  51 -20.592110 32.314693 6.243808 0.754540 0.572995 -0.319915 0.758325 0.955895 2 51 0.905491 49 0.094509
  51 -20.339308 31.672993 6.066757 0.569308 0.117482 -0.813687 0.749061 0.963734 1 51 1.000000
  51 -20.789007 32.145992 5.876287 0.538355 0.191499 -0.820672 0.750258 0.950206 2 51 0.868679 49 0.131321
engineer_handR_red
  51 -20.592110 32.314693 6.243808 0.754540 0.572995 -0.319915 0.758325 0.955895 2 51 0.905491 49 0.094509
  51 -20.789007 32.145992 5.876287 0.538355 0.191499 -0.820672 0.750258 0.950206 2 51 0.868679 49 0.131321
  51 -20.925508 32.679096 6.135567 0.754540 0.572995 -0.319915 0.759928 0.949311 2 51 0.652024 49 0.347976
engineer_handR_red
  51 -20.925508 32.679096 6.135567 0.754540 0.572995 -0.319915 0.759928 0.949311 2 51 0.652024 49 0.347976
  51 -20.789007 32.145992 5.876287 0.538355 0.191499 -0.820672 0.750258 0.950206 2 51 0.868679 49 0.131321
  51 -21.115507 32.494694 5.746527 0.577063 0.173649 -0.798025 0.750465 0.942886 2 51 0.595112 49 0.404888
engineer_handR_red
  51 -20.789007 32.145992 5.876287 0.538355 0.191499 -0.820672 0.750258 0.950206 2 51 0.868679 49 0.131321
  51 -21.284208 31.988394 5.731927 0.136568 -0.289277 -0.947453 0.742503 0.942380 3 51 0.696006 49 0.249105 59 0.054889
  51 -21.115507 32.494694 5.746527 0.577063 0.173649 -0.798025 0.750465 0.942886 2 51 0.595112 49 0.404888
engineer_handR_red
  51 -21.115507 32.494694 5.746527 0.577063 0.173649 -0.798025 0.750465 0.942886 2 51 0.595112 49 0.404888
  51 -21.284208 31.988394 5.731927 0.136568 -0.289277 -0.947453 0.742503 0.942380 3 51 0.696006 49 0.249105 59 0.054889
  51 -21.620510 32.339294 5.590338 0.136568 -0.289277 -0.947453 0.742457 0.933341 2 51 0.501639 49 0.498361
engineer_handR_red
  51 -20.789007 32.145992 5.876287 0.538355 0.191499 -0.820672 0.750258 0.950206 2 51 0.868679 49 0.131321
  51 -20.749208 31.486792 5.958977 0.124624 -0.342680 -0.931149 0.742616 0.958707 1 51 1.000000
  51 -21.284208 31.988394 5.731927 0.136568 -0.289277 -0.947453 0.742503 0.942380 3 51 0.696006 49 0.249105 59 0.054889
engineer_handR_red
  51 -20.339308 31.672993 6.066757 0.569308 0.117482 -0.813687 0.749061 0.963734 1 51 1.000000
  51 -20.749208 31.486792 5.958977 0.124624 -0.342680 -0.931149 0.742616 0.958707 1 51 1.000000
  51 -20.789007 32.145992 5.876287 0.538355 0.191499 -0.820672 0.750258 0.950206 2 51 0.868679 49 0.131321
engineer_handR_red
  51 -20.339308 31.672993 6.066757 0.569308 0.117482 -0.813687 0.749061 0.963734 1 51 1.000000
  51 -20.542507 31.278593 6.077147 0.199220 -0.517856 -0.831948 0.743615 0.965616 1 51 1.000000
  51 -20.749208 31.486792 5.958977 0.124624 -0.342680 -0.931149 0.742616 0.958707 1 51 1.000000
engineer_handR_red
  51 -20.188707 31.458092 6.170897 0.657380 -0.102423 -0.746566 0.748919 0.968175 1 51 1.000000
  51 -20.542507 31.278593 6.077147 0.199220 -0.517856 -0.831948 0.743615 0.965616 1 51 1.000000
  51 -20.339308 31.672993 6.066757 0.569308 0.117482 -0.813687 0.749061 0.963734 1 51 1.000000
engineer_handR_red
  51 -20.188707 31.458092 6.170897 0.657380 -0.102423 -0.746566 0.748919 0.968175 1 51 1.000000
  51 -20.368107 31.107893 6.289887 0.361029 -0.827134 -0.430706 0.744615 0.972526 1 51 1.000000
  51 -20.542507 31.278593 6.077147 0.199220 -0.517856 -0.831948 0.743615 0.965616 1 51 1.000000
engineer_handR_red
  51 -20.124807 31.281092 6.287667 0.786055 -0.476850 -0.393360 0.748776 0.972616 1 51 1.000000
  51 -20.368107 31.107893 6.289887 0.361029 -0.827134 -0.430706 0.744615 0.972526 1 51 1.000000
  51 -20.188707 31.458092 6.170897 0.657380 -0.102423 -0.746566 0.748919 0.968175 1 51 1.000000
engineer_handR_red
  51 -20.368107 31.107893 6.289887 0.361029 -0.827134 -0.430706 0.744615 0.972526 1 51 1.000000
  51 -20.124807 31.281092 6.287667 0.786055 -0.476850 -0.393360 0.748776 0.972616 1 51 1.000000
  51 -20.261908 31.143593 6.660327 0.502882 -0.819078 0.276081 0.752530 0.979605 1 51 1.000000
engineer_handR_red
  51 -20.424007 31.629490 7.062517 0.247814 0.078369 0.965633 0.765484 0.977283 1 51 1.000000
  51 -20.284805 31.365290 6.990327 0.380881 -0.337726 0.860738 0.761575 0.980143 1 51 1.000000
  51 -20.098207 31.690990 6.857767 0.761160 0.374967 0.529184 0.761015 0.974401 1 51 1.000000
engineer_handR_red
  51 -20.239908 31.929792 6.807497 0.676100 0.591547 0.439272 0.762707 0.971732 1 51 1.000000
  51 -20.424007 31.629490 7.062517 0.247814 0.078369 0.965633 0.765484 0.977283 1 51 1.000000
  51 -20.098207 31.690990 6.857767 0.761160 0.374967 0.529184 0.761015 0.974401 1 51 1.000000
engineer_handR_red
  51 -20.098207 31.690990 6.857767 0.761160 0.374967 0.529184 0.761015 0.974401 1 51 1.000000
  51 -20.171707 31.844093 6.393007 0.834560 0.471831 -0.284403 0.756103 0.967650 1 51 1.000000
  51 -20.239908 31.929792 6.807497 0.676100 0.591547 0.439272 0.762707 0.971732 1 51 1.000000
engineer_handR_red
  51 -20.171707 31.844093 6.393007 0.834560 0.471831 -0.284403 0.756103 0.967650 1 51 1.000000
  51 -20.592110 32.314693 6.243808 0.754540 0.572995 -0.319915 0.758325 0.955895 2 51 0.905491 49 0.094509
  51 -20.239908 31.929792 6.807497 0.676100 0.591547 0.439272 0.762707 0.971732 1 51 1.000000
engineer_handR_red
  51 -20.239908 31.929792 6.807497 0.676100 0.591547 0.439272 0.762707 0.971732 1 51 1.000000
  51 -20.592110 32.314693 6.243808 0.754540 0.572995 -0.319915 0.758325 0.955895 2 51 0.905491 49 0.094509
  51 -20.656206 32.421787 6.697227 0.646257 0.650080 0.399686 0.767730 0.961976 3 51 0.829860 49 0.119661 43 0.050479
engineer_handR_red
  51 -20.592110 32.314693 6.243808 0.754540 0.572995 -0.319915 0.758325 0.955895 2 51 0.905491 49 0.094509
  51 -20.925508 32.679096 6.135567 0.754540 0.572995 -0.319915 0.759928 0.949311 2 51 0.652024 49 0.347976
  51 -20.656206 32.421787 6.697227 0.646257 0.650080 0.399686 0.767730 0.961976 3 51 0.829860 49 0.119661 43 0.050479
engineer_handR_red
  51 -20.656206 32.421787 6.697227 0.646257 0.650080 0.399686 0.767730 0.961976 3 51 0.829860 49 0.119661 43 0.050479
  51 -20.925508 32.679096 6.135567 0.754540 0.572995 -0.319915 0.759928 0.949311 2 51 0.652024 49 0.347976
  51 -21.001705 32.819992 6.606776 0.675333 0.629602 0.384091 0.770608 0.955189 2 51 0.596517 49 0.403483
engineer_handR_red
  51 -20.656206 32.421787 6.697227 0.646257 0.650080 0.399686 0.767730 0.961976 3 51 0.829860 49 0.119661 43 0.050479
  51 -21.001705 32.819992 6.606776 0.675333 0.629602 0.384091 0.770608 0.955189 2 51 0.596517 49 0.403483
  51 -21.116308 32.400692 6.947536 0.166218 0.337694 0.926463 0.776489 0.962471 3 51 0.737080 49 0.207527 43 0.055394
engineer_handR_red
  51 -21.116308 32.400692 6.947536 0.166218 0.337694 0.926463 0.776489 0.962471 3 51 0.737080 49 0.207527 43 0.055394
  51 -21.001705 32.819992 6.606776 0.675333 0.629602 0.384091 0.770608 0.955189 2 51 0.596517 49 0.403483
  51 -21.476908 32.810295 6.855166 0.166218 0.337694 0.926463 0.778784 0.955926 2 51 0.503388 49 0.496612
engineer_handR_red
  51 -20.622408 31.872091 7.041187 0.180568 0.285307 0.941273 0.769393 0.974421 1 51 1.000000
  51 -20.424007 31.629490 7.062517 0.247814 0.078369 0.965633 0.765484 0.977283 1 51 1.000000
  51 -20.239908 31.929792 6.807497 0.676100 0.591547 0.439272 0.762707 0.971732 1 51 1.000000
engineer_handR_red
  51 -20.656206 32.421787 6.697227 0.646257 0.650080 0.399686 0.767730 0.961976 3 51 0.829860 49 0.119661 43 0.050479
  51 -20.622408 31.872091 7.041187 0.180568 0.285307 0.941273 0.769393 0.974421 1 51 1.000000
  51 -20.239908 31.929792 6.807497 0.676100 0.591547 0.439272 0.762707 0.971732 1 51 1.000000
engineer_handR_red
  51 -21.116308 32.400692 6.947536 0.166218 0.337694 0.926463 0.776489 0.962471 3 51 0.737080 49 0.207527 43 0.055394
  51 -20.622408 31.872091 7.041187 0.180568 0.285307 0.941273 0.769393 0.974421 1 51 1.000000
  51 -20.656206 32.421787 6.697227 0.646257 0.650080 0.399686 0.767730 0.961976 3 51 0.829860 49 0.119661 43 0.050479
engineer_handR_red
  59 -21.199303 32.730400 4.191840 0.816800 0.519687 -0.250528 0.703935 0.912987 2 59 0.645460 57 0.354540
  59 -21.019402 32.166306 3.971580 0.584783 0.222303 -0.780135 0.693707 0.922010 2 59 0.905351 57 0.094649
  59 -21.351603 32.543900 3.835499 0.639852 0.154274 -0.752854 0.693154 0.913090 2 59 0.591940 57 0.408060
engineer_handR_red
  59 -20.876104 32.367004 4.329440 0.770156 0.586460 -0.250848 0.704218 0.921608 2 59 0.928223 57 0.071777
  59 -21.019402 32.166306 3.971580 0.584783 0.222303 -0.780135 0.693707 0.922010 2 59 0.905351 57 0.094649
  59 -21.199303 32.730400 4.191840 0.816800 0.519687 -0.250528 0.703935 0.912987 2 59 0.645460 57 0.354540
engineer_handR_red
  59 -20.876104 32.367004 4.329440 0.770156 0.586460 -0.250848 0.704218 0.921608 2 59 0.928223 57 0.071777
  59 -20.592503 31.726700 4.164589 0.635987 0.112605 -0.763440 0.696357 0.939382 1 59 1.000000
  59 -21.019402 32.166306 3.971580 0.584783 0.222303 -0.780135 0.693707 0.922010 2 59 0.905351 57 0.094649
engineer_handR_red
  59 -20.474600 31.907299 4.514689 0.862989 0.473329 -0.176659 0.704994 0.939425 1 59 1.000000
  59 -20.592503 31.726700 4.164589 0.635987 0.112605 -0.763440 0.696357 0.939382 1 59 1.000000
  59 -20.876104 32.367004 4.329440 0.770156 0.586460 -0.250848 0.704218 0.921608 2 59 0.928223 57 0.071777
engineer_handR_red
  59 -20.474600 31.907299 4.514689 0.862989 0.473329 -0.176659 0.704994 0.939425 1 59 1.000000
  59 -20.329203 31.380501 4.379580 0.876413 -0.223815 -0.426390 0.699089 0.951153 1 59 1.000000
  59 -20.592503 31.726700 4.164589 0.635987 0.112605 -0.763440 0.696357 0.939382 1 59 1.000000
engineer_handR_red
  59 -20.277802 31.468500 4.676869 0.968024 -0.155840 0.196579 0.705317 0.952802 1 59 1.000000
  59 -20.329203 31.380501 4.379580 0.876413 -0.223815 -0.426390 0.699089 0.951153 1 59 1.000000
  59 -20.474600 31.907299 4.514689 0.862989 0.473329 -0.176659 0.704994 0.939425 1 59 1.000000
engineer_handR_red
  59 -21.351603 32.543900 3.835499 0.639852 0.154274 -0.752854 0.693154 0.913090 2 59 0.591940 57 0.408060
  59 -21.411701 31.994900 3.814899 0.219526 -0.200501 -0.954781 0.685588 0.917534 2 59 0.791454 57 0.208546
  59 -21.759007 32.387405 3.664690 0.219526 -0.200501 -0.954781 0.684225 0.909455 2 59 0.501443 57 0.498558
engineer_handR_red
  59 -21.019402 32.166306 3.971580 0.584783 0.222303 -0.780135 0.693707 0.922010 2 59 0.905351 57 0.094649
  59 -21.411701 31.994900 3.814899 0.219526 -0.200501 -0.954781 0.685588 0.917534 2 59 0.791454 57 0.208546
  59 -21.351603 32.543900 3.835499 0.639852 0.154274 -0.752854 0.693154 0.913090 2 59 0.591940 57 0.408060
engineer_handR_red
  59 -21.019402 32.166306 3.971580 0.584783 0.222303 -0.780135 0.693707 0.922010 2 59 0.905351 57 0.094649
  59 -20.933001 31.534098 4.033249 0.253319 -0.365479 -0.895687 0.689669 0.936817 1 59 1.000000
  59 -21.411701 31.994900 3.814899 0.219526 -0.200501 -0.954781 0.685588 0.917534 2 59 0.791454 57 0.208546
engineer_handR_red
  59 -20.592503 31.726700 4.164589 0.635987 0.112605 -0.763440 0.696357 0.939382 1 59 1.000000
  59 -20.933001 31.534098 4.033249 0.253319 -0.365479 -0.895687 0.689669 0.936817 1 59 1.000000
  59 -21.019402 32.166306 3.971580 0.584783 0.222303 -0.780135 0.693707 0.922010 2 59 0.905351 57 0.094649
engineer_handR_red
  59 -20.592503 31.726700 4.164589 0.635987 0.112605 -0.763440 0.696357 0.939382 1 59 1.000000
  59 -20.535603 31.189100 4.378540 0.402486 -0.755194 -0.517385 0.695591 0.951733 1 59 1.000000
  59 -20.933001 31.534098 4.033249 0.253319 -0.365479 -0.895687 0.689669 0.936817 1 59 1.000000
engineer_handR_red
  59 -20.329203 31.380501 4.379580 0.876413 -0.223815 -0.426390 0.699089 0.951153 1 59 1.000000
  59 -20.535603 31.189100 4.378540 0.402486 -0.755194 -0.517385 0.695591 0.951733 1 59 1.000000
  59 -20.592503 31.726700 4.164589 0.635987 0.112605 -0.763440 0.696357 0.939382 1 59 1.000000
engineer_handR_red
  59 -20.329203 31.380501 4.379580 0.876413 -0.223815 -0.426390 0.699089 0.951153 1 59 1.000000
  59 -20.440302 31.204000 4.755690 0.642473 -0.724770 0.248872 0.705236 0.958222 1 59 1.000000
  59 -20.535603 31.189100 4.378540 0.402486 -0.755194 -0.517385 0.695591 0.951733 1 59 1.000000
engineer_handR_red
  59 -20.277802 31.468500 4.676869 0.968024 -0.155840 0.196579 0.705317 0.952802 1 59 1.000000
  59 -20.440302 31.204000 4.755690 0.642473 -0.724770 0.248872 0.705236 0.958222 1 59 1.000000
  59 -20.329203 31.380501 4.379580 0.876413 -0.223815 -0.426390 0.699089 0.951153 1 59 1.000000
engineer_handR_red
  59 -20.440302 31.204000 4.755690 0.642473 -0.724770 0.248872 0.705236 0.958222 1 59 1.000000
  59 -20.277802 31.468500 4.676869 0.968024 -0.155840 0.196579 0.705317 0.952802 1 59 1.000000
  59 -20.559799 31.458399 5.048729 0.395737 -0.303502 0.866764 0.715699 0.955403 1 59 1.000000
engineer_handR_red
  59 -20.559799 31.458399 5.048729 0.395737 -0.303502 0.866764 0.715699 0.955403 1 59 1.000000
  59 -20.277802 31.468500 4.676869 0.968024 -0.155840 0.196579 0.705317 0.952802 1 59 1.000000
  59 -20.356503 31.626200 4.969520 0.838434 0.196039 0.508524 0.711443 0.951930 1 59 1.000000
engineer_handR_red
  59 -20.277802 31.468500 4.676869 0.968024 -0.155840 0.196579 0.705317 0.952802 1 59 1.000000
  59 -20.474600 31.907299 4.514689 0.862989 0.473329 -0.176659 0.704994 0.939425 1 59 1.000000
  59 -20.356503 31.626200 4.969520 0.838434 0.196039 0.508524 0.711443 0.951930 1 59 1.000000
engineer_handR_red
  59 -20.356503 31.626200 4.969520 0.838434 0.196039 0.508524 0.711443 0.951930 1 59 1.000000
  59 -20.474600 31.907299 4.514689 0.862989 0.473329 -0.176659 0.704994 0.939425 1 59 1.000000
  59 -20.598402 32.019299 4.920239 0.616213 0.553051 0.560728 0.713690 0.940543 1 59 1.000000
engineer_handR_red
  59 -20.474600 31.907299 4.514689 0.862989 0.473329 -0.176659 0.704994 0.939425 1 59 1.000000
  59 -20.876104 32.367004 4.329440 0.770156 0.586460 -0.250848 0.704218 0.921608 2 59 0.928223 57 0.071777
  59 -20.598402 32.019299 4.920239 0.616213 0.553051 0.560728 0.713690 0.940543 1 59 1.000000
engineer_handR_red
  59 -20.598402 32.019299 4.920239 0.616213 0.553051 0.560728 0.713690 0.940543 1 59 1.000000
  59 -20.876104 32.367004 4.329440 0.770156 0.586460 -0.250848 0.704218 0.921608 2 59 0.928223 57 0.071777
  59 -21.011503 32.489899 4.768840 0.580308 0.659327 0.478049 0.714837 0.922507 2 59 0.868278 57 0.131722
engineer_handR_red
  59 -20.876104 32.367004 4.329440 0.770156 0.586460 -0.250848 0.704218 0.921608 2 59 0.928223 57 0.071777
  59 -21.199303 32.730400 4.191840 0.816800 0.519687 -0.250528 0.703935 0.912987 2 59 0.645460 57 0.354540
  59 -21.011503 32.489899 4.768840 0.580308 0.659327 0.478049 0.714837 0.922507 2 59 0.868278 57 0.131722
engineer_handR_red
  59 -21.011503 32.489899 4.768840 0.580308 0.659327 0.478049 0.714837 0.922507 2 59 0.868278 57 0.131722
  59 -21.199303 32.730400 4.191840 0.816800 0.519687 -0.250528 0.703935 0.912987 2 59 0.645460 57 0.354540
  59 -21.312801 32.853401 4.638590 0.645235 0.577405 0.500275 0.714564 0.913453 2 59 0.582609 57 0.417391
engineer_handR_red
  59 -21.312801 32.853401 4.638590 0.645235 0.577405 0.500275 0.714564 0.913453 2 59 0.582609 57 0.417391
  59 -21.433603 32.445099 4.943960 0.099637 0.356233 0.929070 0.723284 0.918720 2 59 0.762997 57 0.237003
  59 -21.011503 32.489899 4.768840 0.580308 0.659327 0.478049 0.714837 0.922507 2 59 0.868278 57 0.131722
engineer_handR_red
  59 -21.750605 32.822205 4.810400 0.099637 0.356233 0.929070 0.723247 0.910642 2 59 0.502826 57 0.497174
  59 -21.433603 32.445099 4.943960 0.099637 0.356233 0.929070 0.723284 0.918720 2 59 0.762997 57 0.237003
  59 -21.312801 32.853401 4.638590 0.645235 0.577405 0.500275 0.714564 0.913453 2 59 0.582609 57 0.417391
engineer_handR_red
  59 -21.433603 32.445099 4.943960 0.099637 0.356233 0.929070 0.723284 0.918720 2 59 0.762997 57 0.237003
  59 -20.947802 31.940001 5.085189 0.119409 0.222863 0.967509 0.721093 0.939394 1 59 1.000000
  59 -21.011503 32.489899 4.768840 0.580308 0.659327 0.478049 0.714837 0.922507 2 59 0.868278 57 0.131722
engineer_handR_red
  59 -21.011503 32.489899 4.768840 0.580308 0.659327 0.478049 0.714837 0.922507 2 59 0.868278 57 0.131722
  59 -20.947802 31.940001 5.085189 0.119409 0.222863 0.967509 0.721093 0.939394 1 59 1.000000
  59 -20.598402 32.019299 4.920239 0.616213 0.553051 0.560728 0.713690 0.940543 1 59 1.000000
engineer_handR_red
  59 -20.947802 31.940001 5.085189 0.119409 0.222863 0.967509 0.721093 0.939394 1 59 1.000000
  59 -20.559799 31.458399 5.048729 0.395737 -0.303502 0.866764 0.715699 0.955403 1 59 1.000000
  59 -20.598402 32.019299 4.920239 0.616213 0.553051 0.560728 0.713690 0.940543 1 59 1.000000
engineer_handR_red
  59 -20.598402 32.019299 4.920239 0.616213 0.553051 0.560728 0.713690 0.940543 1 59 1.000000
  59 -20.559799 31.458399 5.048729 0.395737 -0.303502 0.866764 0.715699 0.955403 1 59 1.000000
  59 -20.356503 31.626200 4.969520 0.838434 0.196039 0.508524 0.711443 0.951930 1 59 1.000000
engineer_handR_red
  8 -20.384300 39.022499 -1.542390 -0.255966 -0.960277 0.111125 0.563291 0.459499 2 8 0.563475 4 0.436526
  8 -20.387501 39.035400 -1.438280 -0.255966 -0.960277 0.111125 0.563127 0.461544 2 8 0.567583 4 0.432417
  8 -21.315300 39.367401 -1.394320 -0.385287 -0.916575 0.106973 0.534984 0.461625 2 8 0.577492 4 0.422509
engineer_handR_red
  8 -21.315300 39.367401 -1.394320 -0.385287 -0.916575 0.106973 0.534984 0.461625 2 8 0.577492 4 0.422509
  8 -20.387501 39.035400 -1.438280 -0.255966 -0.960277 0.111125 0.563127 0.461544 2 8 0.567583 4 0.432417
  8 -21.292400 39.368896 -1.293751 -0.439826 -0.891201 0.110964 0.534903 0.463688 2 8 0.582080 4 0.417920
engineer_handR_red
  8 -21.315300 39.367401 -1.394320 -0.385287 -0.916575 0.106973 0.534984 0.461625 2 8 0.577492 4 0.422509
  8 -21.292400 39.368896 -1.293751 -0.439826 -0.891201 0.110964 0.534903 0.463688 2 8 0.582080 4 0.417920
  8 -22.191000 39.977798 -0.604007 -0.538727 -0.824106 0.174995 0.484958 0.464528 2 8 0.604008 4 0.395992
engineer_handR_red
  8 -22.191000 39.977798 -0.604007 -0.538727 -0.824106 0.174995 0.484958 0.464528 2 8 0.604008 4 0.395992
  8 -21.292400 39.368896 -1.293751 -0.439826 -0.891201 0.110964 0.534903 0.463688 2 8 0.582080 4 0.417920
  8 -22.143999 39.961800 -0.524172 -0.570429 -0.802188 0.176366 0.484924 0.466585 2 8 0.618742 4 0.381258
engineer_handR_red
  8 -22.191000 39.977798 -0.604007 -0.538727 -0.824106 0.174995 0.484958 0.464528 2 8 0.604008 4 0.395992
  8 -22.143999 39.961800 -0.524172 -0.570429 -0.802188 0.176366 0.484924 0.466585 2 8 0.618742 4 0.381258
  8 -22.522900 40.455200 0.206135 -0.618077 -0.753309 0.224736 0.447393 0.468385 2 8 0.624506 4 0.375494
engineer_handR_red
  8 -22.522900 40.455200 0.206135 -0.618077 -0.753309 0.224736 0.447393 0.468385 2 8 0.624506 4 0.375494
  8 -22.143999 39.961800 -0.524172 -0.570429 -0.802188 0.176366 0.484924 0.466585 2 8 0.618742 4 0.381258
  8 -22.466499 40.426399 0.264268 -0.643016 -0.718468 0.265205 0.447418 0.470428 2 8 0.629482 4 0.370518
engineer_handR_red
  8 -22.522900 40.455200 0.206135 -0.618077 -0.753309 0.224736 0.447393 0.468385 2 8 0.624506 4 0.375494
  8 -22.466499 40.426399 0.264268 -0.643016 -0.718468 0.265205 0.447418 0.470428 2 8 0.629482 4 0.370518
  8 -22.649799 40.882599 1.064910 -0.643016 -0.718468 0.265205 0.410195 0.471109 2 8 0.641211 4 0.358789
engineer_handR_red
  8 -22.649799 40.882599 1.064910 -0.643016 -0.718468 0.265205 0.410195 0.471109 2 8 0.641211 4 0.358789
  8 -22.466499 40.426399 0.264268 -0.643016 -0.718468 0.265205 0.447418 0.470428 2 8 0.629482 4 0.370518
  8 -22.590000 40.842999 1.100320 -0.624648 -0.711836 0.321098 0.410244 0.473137 2 8 0.647775 4 0.352225
engineer_handR_red
  8 -22.649799 40.882599 1.064910 -0.643016 -0.718468 0.265205 0.410195 0.471109 2 8 0.641211 4 0.358789
  8 -22.590000 40.842999 1.100320 -0.624648 -0.711836 0.321098 0.410244 0.473137 2 8 0.647775 4 0.352225
  8 -22.612301 41.265099 1.919260 -0.638946 -0.673813 0.371110 0.372476 0.472391 2 8 0.660305 4 0.339695
engineer_handR_red
  8 -22.612301 41.265099 1.919260 -0.638946 -0.673813 0.371110 0.372476 0.472391 2 8 0.660305 4 0.339695
  8 -22.590000 40.842999 1.100320 -0.624648 -0.711836 0.321098 0.410244 0.473137 2 8 0.647775 4 0.352225
  8 -22.553301 41.216698 1.932970 -0.638946 -0.673813 0.371110 0.372480 0.474408 2 8 0.662990 4 0.337010
engineer_handR_red
  8 -22.553301 41.216698 1.932970 -0.638946 -0.673813 0.371110 0.372480 0.474408 2 8 0.662990 4 0.337010
  8 -22.361099 41.550999 2.778540 -0.618978 -0.657656 0.429365 0.334018 0.474855 2 8 0.669585 4 0.330415
  8 -22.612301 41.265099 1.919260 -0.638946 -0.673813 0.371110 0.372476 0.472391 2 8 0.660305 4 0.339695
engineer_handR_red
  8 -22.612301 41.265099 1.919260 -0.638946 -0.673813 0.371110 0.372476 0.472391 2 8 0.660305 4 0.339695
  8 -22.361099 41.550999 2.778540 -0.618978 -0.657656 0.429365 0.334018 0.474855 2 8 0.669585 4 0.330415
  8 -22.415401 41.607201 2.787000 -0.618978 -0.657656 0.429365 0.334042 0.472858 2 8 0.666302 4 0.333698
engineer_handR_red
  8 -22.361099 41.550999 2.778540 -0.618978 -0.657656 0.429365 0.334018 0.474855 2 8 0.669585 4 0.330415
  8 -21.996300 41.797401 3.566130 -0.567298 -0.651818 0.503295 0.297529 0.475697 2 8 0.648682 4 0.351318
  8 -22.415401 41.607201 2.787000 -0.618978 -0.657656 0.429365 0.334042 0.472858 2 8 0.666302 4 0.333698
engineer_handR_red
  8 -22.415401 41.607201 2.787000 -0.618978 -0.657656 0.429365 0.334042 0.472858 2 8 0.666302 4 0.333698
  8 -21.996300 41.797401 3.566130 -0.567298 -0.651818 0.503295 0.297529 0.475697 2 8 0.648682 4 0.351318
  8 -22.041702 41.859100 3.595670 -0.539570 -0.656720 0.526861 0.297563 0.473718 2 8 0.645297 4 0.354703
engineer_handR_red
  8 -21.996300 41.797401 3.566130 -0.567298 -0.651818 0.503295 0.297529 0.475697 2 8 0.648682 4 0.351318
  8 -21.419001 41.925301 4.256580 -0.467570 -0.661307 0.586560 0.262796 0.475905 2 8 0.622579 4 0.377421
  8 -22.041702 41.859100 3.595670 -0.539570 -0.656720 0.526861 0.297563 0.473718 2 8 0.645297 4 0.354703
engineer_handR_red
  8 -22.041702 41.859100 3.595670 -0.539570 -0.656720 0.526861 0.297563 0.473718 2 8 0.645297 4 0.354703
  8 -21.419001 41.925301 4.256580 -0.467570 -0.661307 0.586560 0.262796 0.475905 2 8 0.622579 4 0.377421
  8 -21.450100 41.989399 4.304860 -0.387592 -0.681807 0.620412 0.262830 0.473949 2 8 0.618495 4 0.381505
engineer_handR_red
  8 -21.419001 41.925301 4.256580 -0.467570 -0.661307 0.586560 0.262796 0.475905 2 8 0.622579 4 0.377421
  8 -20.534351 41.901653 4.730092 -0.327848 -0.681525 0.654246 0.220216 0.454798 2 8 0.605679 4 0.394322
  8 -21.450100 41.989399 4.304860 -0.387592 -0.681807 0.620412 0.262830 0.473949 2 8 0.618495 4 0.381505
engineer_handR_red
  8 -21.450100 41.989399 4.304860 -0.387592 -0.681807 0.620412 0.262830 0.473949 2 8 0.618495 4 0.381505
  8 -20.534351 41.901653 4.730092 -0.327848 -0.681525 0.654246 0.220216 0.454798 2 8 0.605679 4 0.394322
  8 -20.543350 41.964554 4.791862 -0.291585 -0.698743 0.653250 0.220305 0.452992 2 8 0.601783 4 0.398217
engineer_handR_red
  8 -20.534351 41.901653 4.730092 -0.327848 -0.681525 0.654246 0.220216 0.454798 2 8 0.605679 4 0.394322
  8 -19.398500 41.692799 4.944820 -0.225516 -0.729056 0.646235 0.171911 0.436698 2 8 0.585279 4 0.414721
  8 -20.543350 41.964554 4.791862 -0.291585 -0.698743 0.653250 0.220305 0.452992 2 8 0.601783 4 0.398217
engineer_handR_red
  8 -20.543350 41.964554 4.791862 -0.291585 -0.698743 0.653250 0.220305 0.452992 2 8 0.601783 4 0.398217
  8 -19.398500 41.692799 4.944820 -0.225516 -0.729056 0.646235 0.171911 0.436698 2 8 0.585279 4 0.414721
  8 -19.378401 41.748001 5.014111 -0.225516 -0.729056 0.646235 0.172023 0.434974 2 8 0.581668 4 0.418333
engineer_handR_red
  8 -19.378401 41.748001 5.014111 -0.225516 -0.729056 0.646235 0.172023 0.434974 2 8 0.581668 4 0.418333
  8 -19.398500 41.692799 4.944820 -0.225516 -0.729056 0.646235 0.171911 0.436698 2 8 0.585279 4 0.414721
  8 -18.468300 41.369995 4.854570 -0.145859 -0.770057 0.621077 0.137088 0.426521 2 8 0.570158 4 0.429842
engineer_handR_red
  8 -18.468300 41.369995 4.854570 -0.145859 -0.770057 0.621077 0.137088 0.426521 2 8 0.570158 4 0.429842
  8 -19.398500 41.692799 4.944820 -0.225516 -0.729056 0.646235 0.171911 0.436698 2 8 0.585279 4 0.414721
  8 -18.511898 41.325096 4.787930 -0.100535 -0.798487 0.593558 0.136970 0.428194 2 8 0.573682 4 0.426318
engineer_handR_red
  8 -18.468300 41.369995 4.854570 -0.145859 -0.770057 0.621077 0.137088 0.426521 2 8 0.570158 4 0.429842
  8 -18.511898 41.325096 4.787930 -0.100535 -0.798487 0.593558 0.136970 0.428194 2 8 0.573682 4 0.426318
  8 -17.680901 40.900200 4.252050 -0.036113 -0.832278 0.553181 0.096631 0.411427 2 8 0.557452 4 0.442548
engineer_handR_red
  8 -17.680901 40.900200 4.252050 -0.036113 -0.832278 0.553181 0.096631 0.411427 2 8 0.557452 4 0.442548
  8 -18.511898 41.325096 4.787930 -0.100535 -0.798487 0.593558 0.136970 0.428194 2 8 0.573682 4 0.426318
  8 -17.746098 40.868401 4.198720 -0.036113 -0.832278 0.553181 0.096506 0.413018 2 8 0.560983 4 0.439017
engineer_handR_red
  8 -17.680901 40.900200 4.252050 -0.036113 -0.832278 0.553181 0.096631 0.411427 2 8 0.557452 4 0.442548
  8 -17.746098 40.868401 4.198720 -0.036113 -0.832278 0.553181 0.096506 0.413018 2 8 0.560983 4 0.439017
  8 -17.390400 40.542603 3.663760 -0.005181 -0.865274 0.501272 0.081528 0.407668 2 8 0.553948 4 0.446052
engineer_handR_red
  8 -17.390400 40.542603 3.663760 -0.005181 -0.865274 0.501272 0.081528 0.407668 2 8 0.553948 4 0.446052
  8 -17.746098 40.868401 4.198720 -0.036113 -0.832278 0.553181 0.096506 0.413018 2 8 0.560983 4 0.439017
  8 -17.465298 40.520500 3.624040 -0.005181 -0.865274 0.501272 0.081422 0.409228 2 8 0.557583 4 0.442417
engineer_handR_red
  8 -20.409800 38.980202 -1.510391 0.239279 0.731850 -0.638076 0.618361 0.531540 2 8 0.567498 4 0.432502
  8 -20.387501 39.035400 -1.438280 0.302613 0.711861 -0.633781 0.618352 0.531124 2 8 0.567583 4 0.432417
  8 -18.852600 38.777695 -0.833910 0.407004 0.679664 -0.610250 0.666122 0.532982 2 8 0.558107 4 0.441893
engineer_handR_red
  8 -18.852600 38.777695 -0.833910 0.407004 0.679664 -0.610250 0.666122 0.532982 2 8 0.558107 4 0.441893
  8 -20.387501 39.035400 -1.438280 0.302613 0.711861 -0.633781 0.618352 0.531124 2 8 0.567583 4 0.432417
  8 -18.866699 38.836296 -0.777514 0.447733 0.675292 -0.586102 0.666139 0.532575 2 8 0.558186 4 0.441814
engineer_handR_red
  8 -18.852600 38.777695 -0.833910 0.407004 0.679664 -0.610250 0.666122 0.532982 2 8 0.558107 4 0.441893
  8 -18.866699 38.836296 -0.777514 0.447733 0.675292 -0.586102 0.666139 0.532575 2 8 0.558186 4 0.441814
  8 -18.327297 38.957901 -0.166359 0.539206 0.660232 -0.522829 0.703119 0.534726 2 8 0.557709 4 0.442291
engineer_handR_red
  8 -18.327297 38.957901 -0.166359 0.539206 0.660232 -0.522829 0.703119 0.534726 2 8 0.557709 4 0.442291
  8 -18.866699 38.836296 -0.777514 0.447733 0.675292 -0.586102 0.666139 0.532575 2 8 0.558186 4 0.441814
  8 -18.353199 39.011398 -0.125126 0.585305 0.654395 -0.478732 0.703147 0.534329 2 8 0.557785 4 0.442215
engineer_handR_red
  8 -18.327297 38.957901 -0.166359 0.539206 0.660232 -0.522829 0.703119 0.534726 2 8 0.557709 4 0.442291
  8 -18.353199 39.011398 -0.125126 0.585305 0.654395 -0.478732 0.703147 0.534329 2 8 0.557785 4 0.442215
  8 -18.112000 39.219006 0.533368 0.611592 0.649520 -0.451750 0.728659 0.536213 2 8 0.564809 4 0.435191
engineer_handR_red
  8 -18.112000 39.219006 0.533368 0.611592 0.649520 -0.451750 0.728659 0.536213 2 8 0.564809 4 0.435191
  8 -18.353199 39.011398 -0.125126 0.585305 0.654395 -0.478732 0.703147 0.534329 2 8 0.557785 4 0.442215
  8 -18.142500 39.265499 0.558279 0.611592 0.649520 -0.451750 0.728698 0.535819 2 8 0.564682 4 0.435319
engineer_handR_red
  8 -18.112000 39.219006 0.533368 0.611592 0.649520 -0.451750 0.728659 0.536213 2 8 0.564809 4 0.435191
  8 -18.142500 39.265499 0.558279 0.611592 0.649520 -0.451750 0.728698 0.535819 2 8 0.564682 4 0.435319
  8 -17.868702 39.501202 1.314600 0.611592 0.649520 -0.451750 0.760535 0.537792 2 8 0.569210 4 0.430791
engineer_handR_red
  8 -17.868702 39.501202 1.314600 0.611592 0.649520 -0.451750 0.760535 0.537792 2 8 0.569210 4 0.430791
  8 -18.142500 39.265499 0.558279 0.611592 0.649520 -0.451750 0.728698 0.535819 2 8 0.564682 4 0.435319
  8 -17.905199 39.540298 1.321400 0.611592 0.649520 -0.451750 0.760590 0.537411 2 8 0.569079 4 0.430921
engineer_handR_red
  8 -17.905199 39.540298 1.321400 0.611592 0.649520 -0.451750 0.760590 0.537411 2 8 0.569079 4 0.430921
  8 -17.607599 39.787300 2.034240 0.611592 0.649520 -0.451750 0.800227 0.535546 2 8 0.564680 4 0.435320
  8 -17.868702 39.501202 1.314600 0.611592 0.649520 -0.451750 0.760535 0.537792 2 8 0.569210 4 0.430791
engineer_handR_red
  8 -17.868702 39.501202 1.314600 0.611592 0.649520 -0.451750 0.760535 0.537792 2 8 0.569210 4 0.430791
  8 -17.607599 39.787300 2.034240 0.611592 0.649520 -0.451750 0.800227 0.535546 2 8 0.564680 4 0.435320
  8 -17.562000 39.754601 2.043310 0.568660 0.693626 -0.442164 0.800163 0.535915 2 8 0.564614 4 0.435386
engineer_handR_red
  8 -17.607599 39.787300 2.034240 0.611592 0.649520 -0.451750 0.800227 0.535546 2 8 0.564680 4 0.435320
  8 -17.404499 40.011200 2.677540 0.558494 0.722293 -0.407894 0.833028 0.529521 2 8 0.560782 4 0.439218
  8 -17.562000 39.754601 2.043310 0.568660 0.693626 -0.442164 0.800163 0.535915 2 8 0.564614 4 0.435386
engineer_handR_red
  8 -17.562000 39.754601 2.043310 0.568660 0.693626 -0.442164 0.800163 0.535915 2 8 0.564614 4 0.435386
  8 -17.404499 40.011200 2.677540 0.558494 0.722293 -0.407894 0.833028 0.529521 2 8 0.560782 4 0.439218
  8 -17.351200 39.984497 2.701270 0.533291 0.748228 -0.394660 0.832954 0.529872 2 8 0.560426 4 0.439574
engineer_handR_red
  8 -17.404499 40.011200 2.677540 0.558494 0.722293 -0.407894 0.833028 0.529521 2 8 0.560782 4 0.439218
  8 -17.465298 40.520500 3.624040 0.500076 0.791893 -0.350471 0.875722 0.520354 2 8 0.557583 4 0.442417
  8 -17.351200 39.984497 2.701270 0.533291 0.748228 -0.394660 0.832954 0.529872 2 8 0.560426 4 0.439574
engineer_handR_red
  8 -17.351200 39.984497 2.701270 0.533291 0.748228 -0.394660 0.832954 0.529872 2 8 0.560426 4 0.439574
  8 -17.465298 40.520500 3.624040 0.500076 0.791893 -0.350471 0.875722 0.520354 2 8 0.557583 4 0.442417
  8 -17.409100 40.506802 3.670450 0.465051 0.822765 -0.326781 0.875625 0.520686 2 8 0.556939 4 0.443061
engineer_handR_red
  8 -18.821898 38.815300 -0.862619 -0.118852 -0.978501 0.168550 0.666215 0.481217 2 8 0.554060 4 0.445940
  8 -20.387501 39.035400 -1.438280 -0.255966 -0.960277 0.111125 0.627497 0.481876 2 8 0.567583 4 0.432417
  8 -20.384300 39.022499 -1.542390 -0.255966 -0.960277 0.111125 0.627450 0.479746 2 8 0.563475 4 0.436526
engineer_handR_red
  8 -18.866699 38.836296 -0.777514 -0.059039 -0.974379 0.217027 0.666139 0.483327 2 8 0.558186 4 0.441814
  8 -20.387501 39.035400 -1.438280 -0.255966 -0.960277 0.111125 0.627497 0.481876 2 8 0.567583 4 0.432417
  8 -18.821898 38.815300 -0.862619 -0.118852 -0.978501 0.168550 0.666215 0.481217 2 8 0.554060 4 0.445940
engineer_handR_red
  8 -18.293999 38.993500 -0.191168 0.029859 -0.960269 0.277475 0.703293 0.483010 2 8 0.553353 4 0.446647
  8 -18.866699 38.836296 -0.777514 -0.059039 -0.974379 0.217027 0.666139 0.483327 2 8 0.558186 4 0.441814
  8 -18.821898 38.815300 -0.862619 -0.118852 -0.978501 0.168550 0.666215 0.481217 2 8 0.554060 4 0.445940
engineer_handR_red
  8 -18.353199 39.011398 -0.125126 0.052498 -0.944225 0.325088 0.703147 0.485081 2 8 0.557785 4 0.442215
  8 -18.866699 38.836296 -0.777514 -0.059039 -0.974379 0.217027 0.666139 0.483327 2 8 0.558186 4 0.441814
  8 -18.293999 38.993500 -0.191168 0.029859 -0.960269 0.277475 0.703293 0.483010 2 8 0.553353 4 0.446647
engineer_handR_red
  8 -18.077000 39.253296 0.511514 0.052498 -0.944225 0.325088 0.728905 0.484519 2 8 0.560050 4 0.439950
  8 -18.353199 39.011398 -0.125126 0.052498 -0.944225 0.325088 0.703147 0.485081 2 8 0.557785 4 0.442215
  8 -18.293999 38.993500 -0.191168 0.029859 -0.960269 0.277475 0.703293 0.483010 2 8 0.553353 4 0.446647
engineer_handR_red
  8 -18.142500 39.265499 0.558279 0.052498 -0.944225 0.325088 0.728698 0.486571 2 8 0.564682 4 0.435319
  8 -18.353199 39.011398 -0.125126 0.052498 -0.944225 0.325088 0.703147 0.485081 2 8 0.557785 4 0.442215
  8 -18.077000 39.253296 0.511514 0.052498 -0.944225 0.325088 0.728905 0.484519 2 8 0.560050 4 0.439950
engineer_handR_red
  8 -17.833599 39.534904 1.296230 0.052498 -0.944226 0.325088 0.760865 0.486161 2 8 0.564348 4 0.435652
  8 -18.142500 39.265499 0.558279 0.052498 -0.944225 0.325088 0.728698 0.486571 2 8 0.564682 4 0.435319
  8 -18.077000 39.253296 0.511514 0.052498 -0.944225 0.325088 0.728905 0.484519 2 8 0.560050 4 0.439950
engineer_handR_red
  8 -17.905199 39.540298 1.321400 0.052498 -0.944225 0.325088 0.760590 0.488163 2 8 0.569079 4 0.430921
  8 -18.142500 39.265499 0.558279 0.052498 -0.944225 0.325088 0.728698 0.486571 2 8 0.564682 4 0.435319
  8 -17.833599 39.534904 1.296230 0.052498 -0.944226 0.325088 0.760865 0.486161 2 8 0.564348 4 0.435652
engineer_handR_red
  8 -17.833599 39.534904 1.296230 0.052498 -0.944226 0.325088 0.760865 0.486161 2 8 0.564348 4 0.435652
  8 -17.607599 39.787300 2.034240 0.052498 -0.944226 0.325088 0.800227 0.486298 2 8 0.564680 4 0.435320
  8 -17.905199 39.540298 1.321400 0.052498 -0.944225 0.325088 0.760590 0.488163 2 8 0.569079 4 0.430921
engineer_handR_red
  8 -17.529602 39.788399 2.029990 0.052498 -0.944225 0.325088 0.800565 0.484355 2 8 0.560248 4 0.439752
  8 -17.607599 39.787300 2.034240 0.052498 -0.944226 0.325088 0.800227 0.486298 2 8 0.564680 4 0.435320
  8 -17.833599 39.534904 1.296230 0.052498 -0.944226 0.325088 0.760865 0.486161 2 8 0.564348 4 0.435652
engineer_handR_red
  8 -17.529602 39.788399 2.029990 0.052498 -0.944225 0.325088 0.800565 0.484355 2 8 0.560248 4 0.439752
  8 -17.404499 40.011200 2.677540 0.022683 -0.927879 0.372191 0.833028 0.480273 2 8 0.560782 4 0.439218
  8 -17.607599 39.787300 2.034240 0.052498 -0.944226 0.325088 0.800227 0.486298 2 8 0.564680 4 0.435320
engineer_handR_red
  8 -17.323402 40.018906 2.691500 0.015063 -0.905556 0.423959 0.833422 0.478420 2 8 0.556747 4 0.443253
  8 -17.404499 40.011200 2.677540 0.022683 -0.927879 0.372191 0.833028 0.480273 2 8 0.560782 4 0.439218
  8 -17.529602 39.788399 2.029990 0.052498 -0.944225 0.325088 0.800565 0.484355 2 8 0.560248 4 0.439752
engineer_handR_red
  8 -17.323402 40.018906 2.691500 0.015063 -0.905556 0.423959 0.833422 0.478420 2 8 0.556747 4 0.443253
  8 -17.465298 40.520500 3.624040 -0.005181 -0.865274 0.501272 0.866069 0.471106 2 8 0.557583 4 0.442417
  8 -17.404499 40.011200 2.677540 0.022683 -0.927879 0.372191 0.833028 0.480273 2 8 0.560782 4 0.439218
engineer_handR_red
  8 -17.390400 40.542603 3.663760 -0.005181 -0.865274 0.501272 0.866567 0.469407 2 8 0.553948 4 0.446052
  8 -17.465298 40.520500 3.624040 -0.005181 -0.865274 0.501272 0.866069 0.471106 2 8 0.557583 4 0.442417
  8 -17.323402 40.018906 2.691500 0.015063 -0.905556 0.423959 0.833422 0.478420 2 8 0.556747 4 0.443253
engineer_handR_red
  4 -15.930997 43.168999 3.164490 0.636647 -0.137992 0.758708 0.902474 0.370734 3 4 0.760101 10 0.140740 8 0.099159
  4 -16.639750 41.893349 3.406985 0.726943 -0.284845 0.624834 0.887967 0.414273 3 4 0.619441 8 0.199287 10 0.181272
  4 -15.269727 42.382980 1.950954 0.757805 -0.459057 0.463679 0.869004 0.364667 3 4 0.760102 10 0.140740 8 0.099159
engineer_handR_red
  4 -15.269727 42.382980 1.950954 0.757805 -0.459057 0.463679 0.869004 0.364667 3 4 0.760102 10 0.140740 8 0.099159
  4 -16.639750 41.893349 3.406985 0.726943 -0.284845 0.624834 0.887967 0.414273 3 4 0.619441 8 0.199287 10 0.181272
  4 -16.267199 41.234749 2.310631 0.770412 -0.550439 0.321687 0.853172 0.415532 3 4 0.619414 8 0.199315 10 0.181271
engineer_handR_red
  4 -15.269727 42.382980 1.950954 0.757805 -0.459057 0.463679 0.869004 0.364667 3 4 0.760102 10 0.140740 8 0.099159
  4 -16.267199 41.234749 2.310631 0.770412 -0.550439 0.321687 0.853172 0.415532 3 4 0.619414 8 0.199315 10 0.181271
  4 -15.286100 42.022007 1.131310 0.728189 -0.660583 0.182675 0.830682 0.361870 3 4 0.760102 10 0.140740 8 0.099159
engineer_handR_red
  4 -15.286100 42.022007 1.131310 0.728189 -0.660583 0.182675 0.830682 0.361870 3 4 0.760102 10 0.140740 8 0.099159
  4 -16.267199 41.234749 2.310631 0.770412 -0.550439 0.321687 0.853172 0.415532 3 4 0.619414 8 0.199315 10 0.181271
  4 -16.375799 40.937149 1.567790 0.698722 -0.710275 0.085423 0.817504 0.416977 3 4 0.621787 8 0.196942 10 0.181271
engineer_handR_red
  4 -15.286100 42.022007 1.131310 0.728189 -0.660583 0.182675 0.830682 0.361870 3 4 0.760102 10 0.140740 8 0.099159
  4 -16.375799 40.937149 1.567790 0.698722 -0.710275 0.085423 0.817504 0.416977 3 4 0.621787 8 0.196942 10 0.181271
  4 -15.495800 41.662407 0.157371 0.698722 -0.710275 0.085423 0.784908 0.357844 3 4 0.760102 10 0.140740 8 0.099159
engineer_handR_red
  4 -15.495800 41.662407 0.157371 0.698722 -0.710275 0.085423 0.784908 0.357844 3 4 0.760102 10 0.140740 8 0.099159
  4 -16.375799 40.937149 1.567790 0.698722 -0.710275 0.085423 0.817504 0.416977 3 4 0.621787 8 0.196942 10 0.181271
  4 -16.631197 40.629051 0.710505 0.687639 -0.725039 0.038367 0.774680 0.415783 3 4 0.624393 8 0.194336 10 0.181271
engineer_handR_red
  4 -15.495800 41.662407 0.157371 0.698722 -0.710275 0.085423 0.784908 0.357844 3 4 0.760102 10 0.140740 8 0.099159
  4 -16.631197 40.629051 0.710505 0.687639 -0.725039 0.038367 0.774680 0.415783 3 4 0.624393 8 0.194336 10 0.181271
  4 -15.773101 41.330406 -0.807136 0.675676 -0.737193 0.002812 0.746297 0.351418 3 4 0.760102 10 0.140740 8 0.099159
engineer_handR_red
  4 -15.773101 41.330406 -0.807136 0.675676 -0.737193 0.002812 0.746297 0.351418 3 4 0.760102 10 0.140740 8 0.099159
  4 -16.631197 40.629051 0.710505 0.687639 -0.725039 0.038367 0.774680 0.415783 3 4 0.624393 8 0.194336 10 0.181271
  4 -16.892048 40.321548 -0.166679 0.675676 -0.737194 0.002812 0.739300 0.411681 3 4 0.623071 8 0.195659 10 0.181271
engineer_handR_red
  4 -15.773101 41.330406 -0.807136 0.675676 -0.737193 0.002812 0.746297 0.351418 3 4 0.760102 10 0.140740 8 0.099159
  4 -16.892048 40.321548 -0.166679 0.675676 -0.737194 0.002812 0.739300 0.411681 3 4 0.623071 8 0.195659 10 0.181271
  4 -16.160101 41.090408 -1.650500 0.614115 -0.761622 -0.206869 0.714698 0.347989 3 4 0.760102 10 0.140740 8 0.099159
engineer_handR_red
  4 -16.160101 41.090408 -1.650500 0.614115 -0.761622 -0.206869 0.714698 0.347989 3 4 0.760102 10 0.140740 8 0.099159
  4 -16.892048 40.321548 -0.166679 0.675676 -0.737194 0.002812 0.739300 0.411681 3 4 0.623071 8 0.195659 10 0.181271
  4 -17.196499 40.071903 -0.941717 0.614115 -0.761622 -0.206869 0.710609 0.409184 3 4 0.623225 8 0.195504 10 0.181271
engineer_handR_red
  4 -16.160101 41.090408 -1.650500 0.614115 -0.761622 -0.206869 0.714698 0.347989 3 4 0.760102 10 0.140740 8 0.099159
  4 -17.196499 40.071903 -0.941717 0.614115 -0.761622 -0.206869 0.710609 0.409184 3 4 0.623225 8 0.195504 10 0.181271
  4 -17.083799 41.023003 -2.531470 0.402486 -0.755194 -0.517385 0.670820 0.342428 3 4 0.760102 10 0.140740 8 0.099159
engineer_handR_red
  4 -17.083799 41.023003 -2.531470 0.402486 -0.755194 -0.517385 0.670820 0.342428 3 4 0.760102 10 0.140740 8 0.099159
  4 -17.196499 40.071903 -0.941717 0.614115 -0.761622 -0.206869 0.710609 0.409184 3 4 0.623225 8 0.195504 10 0.181271
  4 -17.927950 39.950752 -1.720925 0.393516 -0.737669 -0.548626 0.670033 0.405453 3 4 0.623142 8 0.195585 10 0.181273
engineer_handR_red
  4 -17.083799 41.023003 -2.531470 0.402486 -0.755194 -0.517385 0.670820 0.342428 3 4 0.760102 10 0.140740 8 0.099159
  4 -17.927950 39.950752 -1.720925 0.393516 -0.737669 -0.548626 0.670033 0.405453 3 4 0.623142 8 0.195585 10 0.181273
  4 -18.959999 41.345203 -3.346150 0.018956 -0.624418 -0.780860 0.620064 0.339005 3 4 0.760102 10 0.140740 8 0.099159
engineer_handR_red
  4 -18.959999 41.345203 -3.346150 0.018956 -0.624418 -0.780860 0.620064 0.339005 3 4 0.760102 10 0.140740 8 0.099159
  4 -17.927950 39.950752 -1.720925 0.393516 -0.737669 -0.548626 0.670033 0.405453 3 4 0.623142 8 0.195585 10 0.181273
  4 -19.651751 40.217102 -2.470075 -0.063893 -0.587392 -0.806776 0.625101 0.402978 3 4 0.622841 8 0.195794 10 0.181365
engineer_handR_red
  8 -17.390400 40.542603 3.663760 0.780995 -0.409943 0.471161 0.866567 0.469407 2 8 0.553948 4 0.446052
  4 -16.267199 41.234749 2.310631 0.770412 -0.550439 0.321687 0.853172 0.415532 3 4 0.619414 8 0.199315 10 0.181271
  4 -16.639750 41.893349 3.406985 0.726943 -0.284845 0.624834 0.887959 0.414278 3 4 0.619441 8 0.199287 10 0.181272
engineer_handR_red
  8 -17.323402 40.018906 2.691500 0.754517 -0.633327 0.172048 0.833422 0.478420 2 8 0.556747 4 0.443253
  4 -16.267199 41.234749 2.310631 0.770412 -0.550439 0.321687 0.853172 0.415532 3 4 0.619414 8 0.199315 10 0.181271
  8 -17.390400 40.542603 3.663760 0.780995 -0.409943 0.471161 0.866567 0.469407 2 8 0.553948 4 0.446052
engineer_handR_red
  8 -17.323402 40.018906 2.691500 0.754517 -0.633327 0.172048 0.833422 0.478420 2 8 0.556747 4 0.443253
  4 -16.375799 40.937149 1.567790 0.698722 -0.710275 0.085423 0.817504 0.416977 3 4 0.621787 8 0.196942 10 0.181271
  4 -16.267199 41.234749 2.310631 0.770412 -0.550439 0.321687 0.853172 0.415532 3 4 0.619414 8 0.199315 10 0.181271
engineer_handR_red
  8 -17.529602 39.788399 2.029990 0.687639 -0.725039 0.038367 0.800565 0.484355 2 8 0.560248 4 0.439752
  4 -16.375799 40.937149 1.567790 0.698722 -0.710275 0.085423 0.817504 0.416977 3 4 0.621787 8 0.196942 10 0.181271
  8 -17.323402 40.018906 2.691500 0.754517 -0.633327 0.172048 0.833422 0.478420 2 8 0.556747 4 0.443253
engineer_handR_red
  8 -17.529602 39.788399 2.029990 0.687639 -0.725039 0.038367 0.800565 0.484355 2 8 0.560248 4 0.439752
  4 -16.631197 40.629051 0.710505 0.687639 -0.725039 0.038367 0.774680 0.415783 3 4 0.624393 8 0.194336 10 0.181271
  4 -16.375799 40.937149 1.567790 0.698722 -0.710275 0.085423 0.817504 0.416977 3 4 0.621787 8 0.196942 10 0.181271
engineer_handR_red
  8 -17.833599 39.534904 1.296230 0.687639 -0.725039 0.038367 0.760865 0.486161 2 8 0.564348 4 0.435652
  4 -16.631197 40.629051 0.710505 0.687639 -0.725039 0.038367 0.774680 0.415783 3 4 0.624393 8 0.194336 10 0.181271
  8 -17.529602 39.788399 2.029990 0.687639 -0.725039 0.038367 0.800565 0.484355 2 8 0.560248 4 0.439752
engineer_handR_red
  8 -17.833599 39.534904 1.296230 0.687639 -0.725039 0.038367 0.760865 0.486161 2 8 0.564348 4 0.435652
  4 -16.892048 40.321548 -0.166679 0.675676 -0.737194 0.002812 0.739300 0.411681 3 4 0.623071 8 0.195659 10 0.181271
  4 -16.631197 40.629051 0.710505 0.687639 -0.725039 0.038367 0.774680 0.415783 3 4 0.624393 8 0.194336 10 0.181271
engineer_handR_red
  8 -18.077000 39.253296 0.511514 0.687639 -0.725038 0.038367 0.728905 0.484519 2 8 0.560050 4 0.439950
  4 -16.892048 40.321548 -0.166679 0.675676 -0.737194 0.002812 0.739300 0.411681 3 4 0.623071 8 0.195659 10 0.181271
  8 -17.833599 39.534904 1.296230 0.687639 -0.725039 0.038367 0.760865 0.486161 2 8 0.564348 4 0.435652
engineer_handR_red
  8 -18.077000 39.253296 0.511514 0.687639 -0.725038 0.038367 0.728905 0.484519 2 8 0.560050 4 0.439950
  4 -17.196499 40.071903 -0.941717 0.614115 -0.761622 -0.206869 0.710609 0.409184 3 4 0.623225 8 0.195504 10 0.181271
  4 -16.892048 40.321548 -0.166679 0.675676 -0.737194 0.002812 0.739300 0.411681 3 4 0.623071 8 0.195659 10 0.181271
engineer_handR_red
  8 -18.293999 38.993500 -0.191168 0.614115 -0.761622 -0.206869 0.703293 0.483010 2 8 0.553353 4 0.446647
  4 -17.196499 40.071903 -0.941717 0.614115 -0.761622 -0.206869 0.710609 0.409184 3 4 0.623225 8 0.195504 10 0.181271
  8 -18.077000 39.253296 0.511514 0.687639 -0.725038 0.038367 0.728905 0.484519 2 8 0.560050 4 0.439950
engineer_handR_red
  8 -18.293999 38.993500 -0.191168 0.614115 -0.761622 -0.206869 0.703293 0.483010 2 8 0.553353 4 0.446647
  4 -17.927950 39.950752 -1.720925 0.393516 -0.737669 -0.548626 0.670033 0.405453 3 4 0.623142 8 0.195585 10 0.181273
  4 -17.196499 40.071903 -0.941717 0.614115 -0.761622 -0.206869 0.710609 0.409184 3 4 0.623225 8 0.195504 10 0.181271
engineer_handR_red
  8 -18.821898 38.815300 -0.862619 0.342336 -0.739290 -0.579877 0.666215 0.481217 2 8 0.554060 4 0.445940
  4 -17.927950 39.950752 -1.720925 0.393516 -0.737669 -0.548626 0.670033 0.405453 3 4 0.623142 8 0.195585 10 0.181273
  8 -18.293999 38.993500 -0.191168 0.614115 -0.761622 -0.206869 0.703293 0.483010 2 8 0.553353 4 0.446647
engineer_handR_red
  8 -18.821898 38.815300 -0.862619 0.342336 -0.739290 -0.579877 0.666215 0.481217 2 8 0.554060 4 0.445940
  4 -19.651751 40.217102 -2.470075 -0.063893 -0.587392 -0.806776 0.625101 0.402978 3 4 0.622841 8 0.195794 10 0.181365
  4 -17.927950 39.950752 -1.720925 0.393516 -0.737669 -0.548626 0.670033 0.405453 3 4 0.623142 8 0.195585 10 0.181273
engineer_handR_red
  8 -20.384300 39.022499 -1.542390 -0.153219 -0.524551 -0.837478 0.627450 0.479746 2 8 0.563475 4 0.436526
  4 -19.651751 40.217102 -2.470075 -0.063893 -0.587392 -0.806776 0.625101 0.402978 3 4 0.622841 8 0.195794 10 0.181365
  8 -18.821898 38.815300 -0.862619 0.342336 -0.739290 -0.579877 0.666215 0.481217 2 8 0.554060 4 0.445940
engineer_handR_red
  4 -18.959999 41.345203 -3.346150 0.289079 0.596927 -0.748406 0.620064 0.339005 3 4 0.760102 10 0.140740 8 0.099159
  4 -18.930799 41.423603 -3.272300 0.289079 0.596927 -0.748406 0.619994 0.335842 3 4 0.760102 10 0.140740 8 0.099159
  4 -17.083799 41.023003 -2.531470 0.467798 0.532159 -0.705671 0.670820 0.342428 3 4 0.760102 10 0.140740 8 0.099159
engineer_handR_red
  4 -17.083799 41.023003 -2.531470 0.467798 0.532159 -0.705671 0.670820 0.342428 3 4 0.760102 10 0.140740 8 0.099159
  4 -18.930799 41.423603 -3.272300 0.289079 0.596927 -0.748406 0.619994 0.335842 3 4 0.760102 10 0.140740 8 0.099159
  4 -17.096800 41.107708 -2.475990 0.522943 0.520363 -0.675095 0.670933 0.339295 3 4 0.760102 10 0.140740 8 0.099159
engineer_handR_red
  4 -17.083799 41.023003 -2.531470 0.467798 0.532159 -0.705671 0.670820 0.342428 3 4 0.760102 10 0.140740 8 0.099159
  4 -17.096800 41.107708 -2.475990 0.522943 0.520363 -0.675095 0.670933 0.339295 3 4 0.760102 10 0.140740 8 0.099159
  4 -16.160101 41.090408 -1.650500 0.631911 0.502439 -0.590121 0.714698 0.347989 3 4 0.760102 10 0.140740 8 0.099159
engineer_handR_red
  4 -16.160101 41.090408 -1.650500 0.631911 0.502439 -0.590121 0.714698 0.347989 3 4 0.760102 10 0.140740 8 0.099159
  4 -17.096800 41.107708 -2.475990 0.522943 0.520363 -0.675095 0.670933 0.339295 3 4 0.760102 10 0.140740 8 0.099159
  4 -16.190397 41.171799 -1.613930 0.686688 0.492574 -0.534630 0.714916 0.344913 3 4 0.760101 10 0.140740 8 0.099159
engineer_handR_red
  4 -16.160101 41.090408 -1.650500 0.631911 0.502439 -0.590121 0.714698 0.347989 3 4 0.760102 10 0.140740 8 0.099159
  4 -16.190397 41.171799 -1.613930 0.686688 0.492574 -0.534630 0.714916 0.344913 3 4 0.760101 10 0.140740 8 0.099159
  4 -15.773101 41.330406 -0.807136 0.752519 0.482885 -0.447815 0.746297 0.351418 3 4 0.760102 10 0.140740 8 0.099159
engineer_handR_red
  4 -15.773101 41.330406 -0.807136 0.752519 0.482885 -0.447815 0.746297 0.351418 3 4 0.760102 10 0.140740 8 0.099159
  4 -16.190397 41.171799 -1.613930 0.686688 0.492574 -0.534630 0.714916 0.344913 3 4 0.760101 10 0.140740 8 0.099159
  4 -15.810499 41.405495 -0.789562 0.752518 0.482884 -0.447815 0.746605 0.348371 3 4 0.760101 10 0.140740 8 0.099159
engineer_handR_red
  4 -15.773101 41.330406 -0.807136 0.752519 0.482885 -0.447815 0.746297 0.351418 3 4 0.760102 10 0.140740 8 0.099159
  4 -15.810499 41.405495 -0.789562 0.752518 0.482884 -0.447815 0.746605 0.348371 3 4 0.760101 10 0.140740 8 0.099159
  4 -15.495800 41.662407 0.157371 0.788638 0.489709 -0.371800 0.784908 0.357844 3 4 0.760102 10 0.140740 8 0.099159
engineer_handR_red
  4 -15.495800 41.662407 0.157371 0.788638 0.489709 -0.371800 0.784908 0.357844 3 4 0.760102 10 0.140740 8 0.099159
  4 -15.810499 41.405495 -0.789562 0.752518 0.482884 -0.447815 0.746605 0.348371 3 4 0.760101 10 0.140740 8 0.099159
  4 -15.539598 41.730003 0.153503 0.788638 0.489709 -0.371800 0.785317 0.354870 3 4 0.760101 10 0.140740 8 0.099159
engineer_handR_red
  4 -15.539598 41.730003 0.153503 0.788638 0.489709 -0.371800 0.785317 0.354870 3 4 0.760101 10 0.140740 8 0.099159
  4 -15.336598 42.082199 1.106661 0.789972 0.521192 -0.322959 0.831183 0.358985 3 4 0.760101 10 0.140740 8 0.099159
  4 -15.495800 41.662407 0.157371 0.788638 0.489709 -0.371800 0.784908 0.357844 3 4 0.760102 10 0.140740 8 0.099159
engineer_handR_red
  4 -15.495800 41.662407 0.157371 0.788638 0.489709 -0.371800 0.784908 0.357844 3 4 0.760102 10 0.140740 8 0.099159
  4 -15.336598 42.082199 1.106661 0.789972 0.521192 -0.322959 0.831183 0.358985 3 4 0.760101 10 0.140740 8 0.099159
  4 -15.286100 42.022007 1.131310 0.783937 0.546536 -0.294518 0.830682 0.361870 3 4 0.760102 10 0.140740 8 0.099159
engineer_handR_red
  4 -15.336598 42.082199 1.106661 0.789972 0.521192 -0.322959 0.831183 0.358985 3 4 0.760101 10 0.140740 8 0.099159
  4 -15.323399 42.436001 1.908161 0.752554 0.637389 -0.165522 0.869588 0.361915 3 4 0.760101 10 0.140740 8 0.099159
  4 -15.286100 42.022007 1.131310 0.783937 0.546536 -0.294518 0.830682 0.361870 3 4 0.760102 10 0.140740 8 0.099159
engineer_handR_red
  4 -15.286100 42.022007 1.131310 0.783937 0.546536 -0.294518 0.830682 0.361870 3 4 0.760102 10 0.140740 8 0.099159
  4 -15.323399 42.436001 1.908161 0.752554 0.637389 -0.165522 0.869588 0.361915 3 4 0.760101 10 0.140740 8 0.099159
  4 -15.269727 42.382980 1.950954 0.752554 0.637389 -0.165522 0.869004 0.364667 3 4 0.760102 10 0.140740 8 0.099159
engineer_handR_red
  4 -15.269727 42.382980 1.950954 0.752554 0.637389 -0.165522 0.869004 0.364667 3 4 0.760102 10 0.140740 8 0.099159
  4 -15.323399 42.436001 1.908161 0.752554 0.637389 -0.165522 0.869588 0.361915 3 4 0.760101 10 0.140740 8 0.099159
  4 -15.930997 43.168999 3.164490 0.661950 0.749351 -0.017172 0.902474 0.370734 3 4 0.760101 10 0.140740 8 0.099159
engineer_handR_red
  4 -15.930997 43.168999 3.164490 0.661950 0.749351 -0.017172 0.902474 0.370734 3 4 0.760101 10 0.140740 8 0.099159
  4 -15.323399 42.436001 1.908161 0.752554 0.637389 -0.165522 0.869588 0.361915 3 4 0.760101 10 0.140740 8 0.099159
  4 -15.976998 43.206299 3.094940 0.600352 0.799511 0.018991 0.903213 0.368212 3 4 0.760101 10 0.140740 8 0.099159
engineer_handR_red
  4 -19.824499 44.824409 3.670571 0.158965 0.985632 0.057087 0.228968 0.345647 3 4 0.760102 10 0.140740 8 0.099159
  4 -18.600201 44.545807 3.929951 0.290496 0.953018 0.085835 0.183068 0.333034 3 4 0.760102 10 0.140740 8 0.099159
  4 -19.784300 44.823303 3.579341 0.109877 0.993115 0.040620 0.229100 0.342965 3 4 0.760102 10 0.140740 8 0.099159
engineer_handR_red
  4 -18.610901 44.540405 4.028321 0.290496 0.953018 0.085835 0.182902 0.335594 3 4 0.760102 10 0.140740 8 0.099159
  4 -18.600201 44.545807 3.929951 0.290496 0.953018 0.085835 0.183068 0.333034 3 4 0.760102 10 0.140740 8 0.099159
  4 -19.824499 44.824409 3.670571 0.158965 0.985632 0.057087 0.228968 0.345647 3 4 0.760102 10 0.140740 8 0.099159
engineer_handR_red
  4 -17.612200 44.142506 3.968681 0.418630 0.904141 0.085313 0.148552 0.332128 3 4 0.760102 10 0.140740 8 0.099159
  4 -18.600201 44.545807 3.929951 0.290496 0.953018 0.085835 0.183068 0.333034 3 4 0.760102 10 0.140740 8 0.099159
  4 -18.610901 44.540405 4.028321 0.290496 0.953018 0.085835 0.182902 0.335594 3 4 0.760102 10 0.140740 8 0.099159
engineer_handR_red
  4 -17.625198 44.157700 3.873291 0.463650 0.882409 0.079897 0.148727 0.329644 3 4 0.760101 10 0.140740 8 0.099159
  4 -18.600201 44.545807 3.929951 0.290496 0.953018 0.085835 0.183068 0.333034 3 4 0.760102 10 0.140740 8 0.099159
  4 -17.612200 44.142506 3.968681 0.418630 0.904141 0.085313 0.148552 0.332128 3 4 0.760102 10 0.140740 8 0.099159
engineer_handR_red
  4 -16.634800 43.599209 3.555051 0.526803 0.847137 0.069560 0.107017 0.325030 3 4 0.760102 10 0.140740 8 0.099159
  4 -17.625198 44.157700 3.873291 0.463650 0.882409 0.079897 0.148727 0.329644 3 4 0.760101 10 0.140740 8 0.099159
  4 -17.612200 44.142506 3.968681 0.418630 0.904141 0.085313 0.148552 0.332128 3 4 0.760102 10 0.140740 8 0.099159
engineer_handR_red
  4 -16.669296 43.626801 3.472800 0.526803 0.847137 0.069560 0.107202 0.322667 3 4 0.760101 10 0.140740 8 0.099159
  4 -17.625198 44.157700 3.873291 0.463650 0.882409 0.079897 0.148727 0.329644 3 4 0.760101 10 0.140740 8 0.099159
  4 -16.634800 43.599209 3.555051 0.526803 0.847137 0.069560 0.107017 0.325030 3 4 0.760102 10 0.140740 8 0.099159
engineer_handR_red
  4 -16.634800 43.599209 3.555051 0.526803 0.847137 0.069560 0.107017 0.325030 3 4 0.760102 10 0.140740 8 0.099159
  4 -15.976998 43.206299 3.094940 0.600352 0.799511 0.018991 0.090188 0.321988 3 4 0.760101 10 0.140740 8 0.099159
  4 -16.669296 43.626801 3.472800 0.526803 0.847137 0.069560 0.107202 0.322667 3 4 0.760101 10 0.140740 8 0.099159
engineer_handR_red
  4 -15.930997 43.168999 3.164490 0.661950 0.749351 -0.017172 0.090032 0.324305 3 4 0.760101 10 0.140740 8 0.099159
  4 -15.976998 43.206299 3.094940 0.600352 0.799511 0.018991 0.090188 0.321988 3 4 0.760101 10 0.140740 8 0.099159
  4 -16.634800 43.599209 3.555051 0.526803 0.847137 0.069560 0.107017 0.325030 3 4 0.760102 10 0.140740 8 0.099159
engineer_handR_red
  4 -20.212601 41.907707 -3.133480 0.098939 0.674023 -0.732054 0.542907 0.329191 3 4 0.760102 10 0.140740 8 0.099159
  4 -18.930799 41.423603 -3.272300 0.289079 0.596927 -0.748406 0.579566 0.325787 3 4 0.760102 10 0.140740 8 0.099159
  4 -18.959999 41.345203 -3.346150 0.289079 0.596927 -0.748406 0.579322 0.328824 3 4 0.760102 10 0.140740 8 0.099159
engineer_handR_red
  4 -20.156900 41.975307 -3.063990 0.033014 0.700301 -0.713084 0.543028 0.326127 3 4 0.760102 10 0.140740 8 0.099159
  4 -18.930799 41.423603 -3.272300 0.289079 0.596927 -0.748406 0.579566 0.325787 3 4 0.760102 10 0.140740 8 0.099159
  4 -20.212601 41.907707 -3.133480 0.098939 0.674023 -0.732054 0.542907 0.329191 3 4 0.760102 10 0.140740 8 0.099159
engineer_handR_red
  4 -21.319799 42.728706 -2.218400 -0.075545 0.755751 -0.650487 0.488250 0.332726 3 4 0.760102 10 0.140740 8 0.099159
  4 -20.156900 41.975307 -3.063990 0.033014 0.700301 -0.713084 0.543028 0.326127 3 4 0.760102 10 0.140740 8 0.099159
  4 -20.212601 41.907707 -3.133480 0.098939 0.674023 -0.732054 0.542907 0.329191 3 4 0.760102 10 0.140740 8 0.099159
engineer_handR_red
  4 -21.239799 42.778908 -2.169930 -0.121944 0.782355 -0.610778 0.488300 0.329672 3 4 0.760102 10 0.140740 8 0.099159
  4 -20.156900 41.975307 -3.063990 0.033014 0.700301 -0.713084 0.543028 0.326127 3 4 0.760102 10 0.140740 8 0.099159
  4 -21.319799 42.728706 -2.218400 -0.075545 0.755751 -0.650487 0.488250 0.332726 3 4 0.760102 10 0.140740 8 0.099159
engineer_handR_red
  4 -21.739100 43.317005 -1.258080 -0.183662 0.826555 -0.532048 0.444923 0.337906 3 4 0.760102 10 0.140740 8 0.099159
  4 -21.239799 42.778908 -2.169930 -0.121944 0.782355 -0.610778 0.488300 0.329672 3 4 0.760102 10 0.140740 8 0.099159
  4 -21.319799 42.728706 -2.218400 -0.075545 0.755751 -0.650487 0.488250 0.332726 3 4 0.760102 10 0.140740 8 0.099159
engineer_handR_red
  4 -21.649902 43.354103 -1.231390 -0.202635 0.844082 -0.496451 0.444885 0.334872 3 4 0.760102 10 0.140740 8 0.099159
  4 -21.239799 42.778908 -2.169930 -0.121944 0.782355 -0.610778 0.488300 0.329672 3 4 0.760102 10 0.140740 8 0.099159
  4 -21.739100 43.317005 -1.258080 -0.183662 0.826555 -0.532048 0.444923 0.337906 3 4 0.760102 10 0.140740 8 0.099159
engineer_handR_red
  4 -21.871502 43.806107 -0.279332 -0.229439 0.886144 -0.402623 0.405438 0.342120 3 4 0.760102 10 0.140740 8 0.099159
  4 -21.649902 43.354103 -1.231390 -0.202635 0.844082 -0.496451 0.444885 0.334872 3 4 0.760102 10 0.140740 8 0.099159
  4 -21.739100 43.317005 -1.258080 -0.183662 0.826555 -0.532048 0.444923 0.337906 3 4 0.760102 10 0.140740 8 0.099159
engineer_handR_red
  4 -21.779200 43.831905 -0.275332 -0.229439 0.886144 -0.402623 0.405366 0.339109 3 4 0.760102 10 0.140740 8 0.099159
  4 -21.649902 43.354103 -1.231390 -0.202635 0.844082 -0.496451 0.444885 0.334872 3 4 0.760102 10 0.140740 8 0.099159
  4 -21.871502 43.806107 -0.279332 -0.229439 0.886144 -0.402623 0.405438 0.342120 3 4 0.760102 10 0.140740 8 0.099159
engineer_handR_red
  4 -21.823999 44.184105 0.599338 -0.227799 0.913976 -0.335791 0.372131 0.344483 3 4 0.760102 10 0.140740 8 0.099159
  4 -21.779200 43.831905 -0.275332 -0.229439 0.886144 -0.402623 0.405366 0.339109 3 4 0.760102 10 0.140740 8 0.099159
  4 -21.871502 43.806107 -0.279332 -0.229439 0.886144 -0.402623 0.405438 0.342120 3 4 0.760102 10 0.140740 8 0.099159
engineer_handR_red
  4 -21.732700 44.200409 0.581733 -0.227799 0.913976 -0.335791 0.372126 0.341488 3 4 0.760102 10 0.140740 8 0.099159
  4 -21.779200 43.831905 -0.275332 -0.229439 0.886144 -0.402623 0.405366 0.339109 3 4 0.760102 10 0.140740 8 0.099159
  4 -21.823999 44.184105 0.599338 -0.227799 0.913976 -0.335791 0.372131 0.344483 3 4 0.760102 10 0.140740 8 0.099159
engineer_handR_red
  4 -21.823999 44.184105 0.599338 -0.227799 0.913976 -0.335791 0.372131 0.344483 3 4 0.760102 10 0.140740 8 0.099159
  4 -21.544701 44.526707 1.460480 -0.206354 0.942601 -0.262530 0.336406 0.343860 3 4 0.760102 10 0.140740 8 0.099159
  4 -21.732700 44.200409 0.581733 -0.227799 0.913976 -0.335791 0.372126 0.341488 3 4 0.760102 10 0.140740 8 0.099159
engineer_handR_red
  4 -21.631203 44.518906 1.500120 -0.189223 0.955147 -0.227791 0.336371 0.346826 3 4 0.760102 10 0.140740 8 0.099159
  4 -21.544701 44.526707 1.460480 -0.206354 0.942601 -0.262530 0.336406 0.343860 3 4 0.760102 10 0.140740 8 0.099159
  4 -21.823999 44.184105 0.599338 -0.227799 0.913976 -0.335791 0.372131 0.344483 3 4 0.760102 10 0.140740 8 0.099159
engineer_handR_red
  4 -21.631203 44.518906 1.500120 -0.189223 0.955147 -0.227791 0.336371 0.346826 3 4 0.760102 10 0.140740 8 0.099159
  4 -21.179001 44.753807 2.273431 -0.148777 0.975605 -0.161429 0.300891 0.346522 3 4 0.760102 10 0.140740 8 0.099159
  4 -21.544701 44.526707 1.460480 -0.206354 0.942601 -0.262530 0.336406 0.343860 3 4 0.760102 10 0.140740 8 0.099159
engineer_handR_red
  4 -21.256100 44.752110 2.333530 -0.123635 0.983688 -0.130658 0.300841 0.349461 3 4 0.760102 10 0.140740 8 0.099159
  4 -21.179001 44.753807 2.273431 -0.148777 0.975605 -0.161429 0.300891 0.346522 3 4 0.760102 10 0.140740 8 0.099159
  4 -21.631203 44.518906 1.500120 -0.189223 0.955147 -0.227791 0.336371 0.346826 3 4 0.760102 10 0.140740 8 0.099159
engineer_handR_red
  4 -21.256100 44.752110 2.333530 -0.123635 0.983688 -0.130658 0.300841 0.349461 3 4 0.760102 10 0.140740 8 0.099159
  4 -20.615499 44.886909 3.038161 -0.046719 0.997253 -0.057481 0.266177 0.349010 3 4 0.760102 10 0.140740 8 0.099159
  4 -21.179001 44.753807 2.273431 -0.148777 0.975605 -0.161429 0.300891 0.346522 3 4 0.760102 10 0.140740 8 0.099159
engineer_handR_red
  4 -20.677900 44.888504 3.116751 0.008043 0.999791 -0.018810 0.266127 0.351915 3 4 0.760102 10 0.140740 8 0.099159
  4 -20.615499 44.886909 3.038161 -0.046719 0.997253 -0.057481 0.266177 0.349010 3 4 0.760102 10 0.140740 8 0.099159
  4 -21.256100 44.752110 2.333530 -0.123635 0.983688 -0.130658 0.300841 0.349461 3 4 0.760102 10 0.140740 8 0.099159
engineer_handR_red
  4 -20.677900 44.888504 3.116751 0.008043 0.999791 -0.018810 0.266127 0.351915 3 4 0.760102 10 0.140740 8 0.099159
  4 -19.784300 44.823303 3.579341 0.109877 0.993115 0.040620 0.229100 0.342965 3 4 0.760102 10 0.140740 8 0.099159
  4 -20.615499 44.886909 3.038161 -0.046719 0.997253 -0.057481 0.266177 0.349010 3 4 0.760102 10 0.140740 8 0.099159
engineer_handR_red
  4 -19.824499 44.824409 3.670571 0.158965 0.985632 0.057087 0.228968 0.345647 3 4 0.760102 10 0.140740 8 0.099159
  4 -19.784300 44.823303 3.579341 0.109877 0.993115 0.040620 0.229100 0.342965 3 4 0.760102 10 0.140740 8 0.099159
  4 -20.677900 44.888504 3.116751 0.008043 0.999791 -0.018810 0.266127 0.351915 3 4 0.760102 10 0.140740 8 0.099159
engineer_handR_red
  8 -22.590000 40.842999 1.100320 -0.108325 0.900724 -0.420667 0.410244 0.522814 2 8 0.647775 4 0.352225
  8 -22.466499 40.426399 0.264268 -0.088801 0.873124 -0.479343 0.447418 0.520105 2 8 0.629482 4 0.370518
  8 -22.663700 40.829399 1.090370 -0.108325 0.900724 -0.420667 0.410253 0.523208 2 8 0.652376 4 0.347624
engineer_handR_red
  8 -22.663700 40.829399 1.090370 -0.108325 0.900724 -0.420667 0.410253 0.523208 2 8 0.652376 4 0.347624
  8 -22.466499 40.426399 0.264268 -0.088801 0.873124 -0.479343 0.447418 0.520105 2 8 0.629482 4 0.370518
  8 -22.537102 40.402401 0.233722 -0.088801 0.873124 -0.479343 0.447423 0.520501 2 8 0.629498 4 0.370502
engineer_handR_red
  8 -22.466499 40.426399 0.264268 -0.088801 0.873124 -0.479343 0.447418 0.520105 2 8 0.629482 4 0.370518
  8 -22.143999 39.961800 -0.524172 -0.033420 0.834970 -0.549280 0.484924 0.516262 2 8 0.618742 4 0.381258
  8 -22.537102 40.402401 0.233722 -0.088801 0.873124 -0.479343 0.447423 0.520501 2 8 0.629498 4 0.370502
engineer_handR_red
  8 -22.537102 40.402401 0.233722 -0.088801 0.873124 -0.479343 0.447423 0.520501 2 8 0.629498 4 0.370502
  8 -22.143999 39.961800 -0.524172 -0.033420 0.834970 -0.549280 0.484924 0.516262 2 8 0.618742 4 0.381258
  8 -22.206902 39.926598 -0.573915 -0.003413 0.821188 -0.570648 0.484918 0.516662 2 8 0.622280 4 0.377720
engineer_handR_red
  8 -22.143999 39.961800 -0.524172 -0.033420 0.834970 -0.549280 0.484924 0.516262 2 8 0.618742 4 0.381258
  8 -21.292400 39.368896 -1.293751 0.101262 0.781066 -0.616183 0.534903 0.513365 2 8 0.582080 4 0.417920
  8 -22.206902 39.926598 -0.573915 -0.003413 0.821188 -0.570648 0.484918 0.516662 2 8 0.622280 4 0.377720
engineer_handR_red
  8 -22.206902 39.926598 -0.573915 -0.003413 0.821188 -0.570648 0.484918 0.516662 2 8 0.622280 4 0.377720
  8 -21.292400 39.368896 -1.293751 0.101262 0.781066 -0.616183 0.534903 0.513365 2 8 0.582080 4 0.417920
  8 -21.335400 39.320400 -1.362300 0.101262 0.781066 -0.616183 0.534887 0.513766 2 8 0.581895 4 0.418105
engineer_handR_red
  8 -21.335400 39.320400 -1.362300 0.101262 0.781066 -0.616183 0.534887 0.513766 2 8 0.581895 4 0.418105
  8 -21.292400 39.368896 -1.293751 0.101262 0.781066 -0.616183 0.534903 0.513365 2 8 0.582080 4 0.417920
  8 -20.409800 38.980202 -1.510391 0.239279 0.731850 -0.638076 0.568747 0.511621 2 8 0.567498 4 0.432502
engineer_handR_red
  8 -20.409800 38.980202 -1.510391 0.239279 0.731850 -0.638076 0.568747 0.511621 2 8 0.567498 4 0.432502
  8 -21.292400 39.368896 -1.293751 0.101262 0.781066 -0.616183 0.534903 0.513365 2 8 0.582080 4 0.417920
  8 -20.387501 39.035400 -1.438280 0.302613 0.711861 -0.633781 0.568779 0.511221 2 8 0.567583 4 0.432417
engineer_handR_red
  8 -17.465298 40.520500 3.624040 0.500076 0.791893 -0.350471 0.071902 0.455097 2 8 0.557583 4 0.442417
  8 -17.746098 40.868401 4.198720 0.416176 0.866582 -0.275377 0.096506 0.462695 2 8 0.560983 4 0.439017
  8 -17.409100 40.506802 3.670450 0.465051 0.822765 -0.326781 0.071881 0.455402 2 8 0.556939 4 0.443061
engineer_handR_red
  8 -17.409100 40.506802 3.670450 0.465051 0.822765 -0.326781 0.071881 0.455402 2 8 0.556939 4 0.443061
  8 -17.746098 40.868401 4.198720 0.416176 0.866582 -0.275377 0.096506 0.462695 2 8 0.560983 4 0.439017
  8 -17.695101 40.863899 4.260480 0.388544 0.886103 -0.252696 0.096486 0.462998 2 8 0.560248 4 0.439752
engineer_handR_red
  8 -17.746098 40.868401 4.198720 0.416176 0.866582 -0.275377 0.096506 0.462695 2 8 0.560983 4 0.439017
  8 -18.511898 41.325096 4.787930 0.352981 0.909334 -0.220265 0.136970 0.477871 2 8 0.573682 4 0.426318
  8 -17.695101 40.863899 4.260480 0.388544 0.886103 -0.252696 0.096486 0.462998 2 8 0.560248 4 0.439752
engineer_handR_red
  8 -17.695101 40.863899 4.260480 0.388544 0.886103 -0.252696 0.096486 0.462998 2 8 0.560248 4 0.439752
  8 -18.511898 41.325096 4.787930 0.352981 0.909334 -0.220265 0.136970 0.477871 2 8 0.573682 4 0.426318
  8 -18.479200 41.331402 4.866330 0.352981 0.909334 -0.220265 0.136950 0.478191 2 8 0.572824 4 0.427176
engineer_handR_red
  8 -18.479200 41.331402 4.866330 0.352981 0.909334 -0.220265 0.136950 0.478191 2 8 0.572824 4 0.427176
  8 -18.511898 41.325096 4.787930 0.352981 0.909334 -0.220265 0.136970 0.477871 2 8 0.573682 4 0.426318
  8 -19.388201 41.708199 5.027910 0.299463 0.930506 -0.210903 0.171888 0.486706 2 8 0.584396 4 0.415604
engineer_handR_red
  8 -19.388201 41.708199 5.027910 0.299463 0.930506 -0.210903 0.171888 0.486706 2 8 0.584396 4 0.415604
  8 -18.511898 41.325096 4.787930 0.352981 0.909334 -0.220265 0.136970 0.477871 2 8 0.573682 4 0.426318
  8 -19.398500 41.692799 4.944820 0.256705 0.944730 -0.203929 0.171911 0.486375 2 8 0.585279 4 0.414721
engineer_handR_red
  8 -19.388201 41.708199 5.027910 0.299463 0.930506 -0.210903 0.171888 0.486706 2 8 0.584396 4 0.415604
  8 -19.398500 41.692799 4.944820 0.256705 0.944730 -0.203929 0.171911 0.486375 2 8 0.585279 4 0.414721
  8 -20.552650 41.921753 4.808872 0.187669 0.960675 -0.204655 0.220145 0.504794 2 8 0.604895 4 0.395106
engineer_handR_red
  8 -20.552650 41.921753 4.808872 0.187669 0.960675 -0.204655 0.220145 0.504794 2 8 0.604895 4 0.395106
  8 -19.398500 41.692799 4.944820 0.256705 0.944730 -0.203929 0.171911 0.486375 2 8 0.585279 4 0.414721
  8 -20.534351 41.901653 4.730092 0.155381 0.968791 -0.193133 0.220216 0.504475 2 8 0.605679 4 0.394322
engineer_handR_red
  8 -20.552650 41.921753 4.808872 0.187669 0.960675 -0.204655 0.220145 0.504794 2 8 0.604895 4 0.395106
  8 -20.534351 41.901653 4.730092 0.155381 0.968791 -0.193133 0.220216 0.504475 2 8 0.605679 4 0.394322
  8 -21.461399 41.942299 4.325830 0.097407 0.974929 -0.200062 0.262793 0.525961 2 8 0.622096 4 0.377905
engineer_handR_red
  8 -21.461399 41.942299 4.325830 0.097407 0.974929 -0.200062 0.262793 0.525961 2 8 0.622096 4 0.377905
  8 -20.534351 41.901653 4.730092 0.155381 0.968791 -0.193133 0.220216 0.504475 2 8 0.605679 4 0.394322
  8 -21.419001 41.925301 4.256580 0.060702 0.978707 -0.196083 0.262796 0.525582 2 8 0.622579 4 0.377421
engineer_handR_red
  8 -21.461399 41.942299 4.325830 0.097407 0.974929 -0.200062 0.262793 0.525961 2 8 0.622096 4 0.377905
  8 -21.419001 41.925301 4.256580 0.060702 0.978707 -0.196083 0.262796 0.525582 2 8 0.622579 4 0.377421
  8 -22.054302 41.809799 3.618350 0.006235 0.972435 -0.233092 0.297523 0.525756 2 8 0.655764 4 0.344236
engineer_handR_red
  8 -22.054302 41.809799 3.618350 0.006235 0.972435 -0.233092 0.297523 0.525756 2 8 0.655764 4 0.344236
  8 -21.419001 41.925301 4.256580 0.060702 0.978707 -0.196083 0.262796 0.525582 2 8 0.622579 4 0.377421
  8 -21.996300 41.797401 3.566130 -0.025891 0.967233 -0.252568 0.297529 0.525374 2 8 0.648682 4 0.351318
engineer_handR_red
  8 -22.054302 41.809799 3.618350 0.006235 0.972435 -0.233092 0.297523 0.525756 2 8 0.655764 4 0.344236
  8 -21.996300 41.797401 3.566130 -0.025891 0.967233 -0.252568 0.297529 0.525374 2 8 0.648682 4 0.351318
  8 -22.428699 41.556297 2.811219 -0.066322 0.951418 -0.300674 0.334014 0.524918 2 8 0.679251 4 0.320749
engineer_handR_red
  8 -22.428699 41.556297 2.811219 -0.066322 0.951418 -0.300674 0.334014 0.524918 2 8 0.679251 4 0.320749
  8 -21.996300 41.797401 3.566130 -0.025891 0.967233 -0.252568 0.297529 0.525374 2 8 0.648682 4 0.351318
  8 -22.361099 41.550999 2.778540 -0.066322 0.951418 -0.300674 0.334018 0.524532 2 8 0.669585 4 0.330415
engineer_handR_red
  8 -22.428699 41.556297 2.811219 -0.066322 0.951418 -0.300674 0.334014 0.524918 2 8 0.679251 4 0.320749
  8 -22.361099 41.550999 2.778540 -0.066322 0.951418 -0.300674 0.334018 0.524532 2 8 0.669585 4 0.330415
  8 -22.625999 41.212898 1.944240 -0.106230 0.921155 -0.374416 0.372481 0.524476 2 8 0.679619 4 0.320381
engineer_handR_red
  8 -22.625999 41.212898 1.944240 -0.106230 0.921155 -0.374416 0.372481 0.524476 2 8 0.679619 4 0.320381
  8 -22.361099 41.550999 2.778540 -0.066322 0.951418 -0.300674 0.334018 0.524532 2 8 0.669585 4 0.330415
  8 -22.553301 41.216698 1.932970 -0.106230 0.921155 -0.374416 0.372480 0.524085 2 8 0.662990 4 0.337010
engineer_handR_red
  8 -22.553301 41.216698 1.932970 -0.106230 0.921155 -0.374416 0.372480 0.524085 2 8 0.662990 4 0.337010
  8 -22.590000 40.842999 1.100320 -0.108325 0.900724 -0.420667 0.410244 0.522814 2 8 0.647775 4 0.352225
  8 -22.625999 41.212898 1.944240 -0.106230 0.921155 -0.374416 0.372481 0.524476 2 8 0.679619 4 0.320381
engineer_handR_red
  8 -22.625999 41.212898 1.944240 -0.106230 0.921155 -0.374416 0.372481 0.524476 2 8 0.679619 4 0.320381
  8 -22.590000 40.842999 1.100320 -0.108325 0.900724 -0.420667 0.410244 0.522814 2 8 0.647775 4 0.352225
  8 -22.663700 40.829399 1.090370 -0.108325 0.900724 -0.420667 0.410253 0.523208 2 8 0.652376 4 0.347624
engineer_handR_red
  4 -15.219898 42.441700 1.935001 0.724601 -0.468983 0.504983 0.872938 0.312880 3 4 0.760089 10 0.140768 8 0.099144
  4 -14.100298 43.163506 0.725111 0.738149 -0.616517 0.273940 0.856657 0.192855 2 4 0.711899 10 0.288101
  4 -14.312397 43.557800 1.705840 0.706394 -0.380302 0.596975 0.898892 0.201273 2 4 0.711899 10 0.288101
engineer_handR_red
  4 -15.228898 42.078201 1.109781 0.728189 -0.660583 0.182675 0.834456 0.309840 3 4 0.760089 10 0.140767 8 0.099144
  4 -14.100298 43.163506 0.725111 0.738149 -0.616517 0.273940 0.856657 0.192855 2 4 0.711899 10 0.288101
  4 -15.219898 42.441700 1.935001 0.724601 -0.468983 0.504983 0.872938 0.312880 3 4 0.760089 10 0.140768 8 0.099144
engineer_handR_red
  4 -15.228898 42.078201 1.109781 0.728189 -0.660583 0.182675 0.834456 0.309840 3 4 0.760089 10 0.140767 8 0.099144
  4 -15.434499 41.717602 0.127101 0.698722 -0.710275 0.085423 0.788498 0.305644 3 4 0.760091 10 0.140763 8 0.099146
  4 -14.100298 43.163506 0.725111 0.738149 -0.616517 0.273940 0.856657 0.192855 2 4 0.711899 10 0.288101
engineer_handR_red
  4 -14.100298 43.163506 0.725111 0.738149 -0.616517 0.273940 0.856657 0.192855 2 4 0.711899 10 0.288101
  4 -15.434499 41.717602 0.127101 0.698722 -0.710275 0.085423 0.788498 0.305644 3 4 0.760091 10 0.140763 8 0.099146
  4 -14.177099 42.836102 -0.506378 0.698722 -0.710275 0.085423 0.806259 0.184684 2 4 0.711899 10 0.288101
engineer_handR_red
  4 -15.434499 41.717602 0.127101 0.698722 -0.710275 0.085423 0.788498 0.305644 3 4 0.760091 10 0.140763 8 0.099146
  4 -15.711998 41.386803 -0.844102 0.675676 -0.737194 0.002812 0.749703 0.299082 3 4 0.760092 10 0.140762 8 0.099147
  4 -14.177099 42.836102 -0.506378 0.698722 -0.710275 0.085423 0.806259 0.184684 2 4 0.711899 10 0.288101
engineer_handR_red
  4 -14.177099 42.836102 -0.506378 0.698722 -0.710275 0.085423 0.806259 0.184684 2 4 0.711899 10 0.288101
  4 -15.711998 41.386803 -0.844102 0.675676 -0.737194 0.002812 0.749703 0.299082 3 4 0.760092 10 0.140762 8 0.099147
  4 -14.438799 42.602600 -1.671429 0.661872 -0.746341 -0.070007 0.763381 0.175037 2 4 0.711899 10 0.288101
engineer_handR_red
  4 -15.711998 41.386803 -0.844102 0.675676 -0.737194 0.002812 0.749703 0.299082 3 4 0.760092 10 0.140762 8 0.099147
  4 -16.101799 41.149303 -1.693359 0.576628 -0.771086 -0.270048 0.717931 0.295602 3 4 0.760093 10 0.140759 8 0.099148
  4 -14.438799 42.602600 -1.671429 0.661872 -0.746341 -0.070007 0.763381 0.175037 2 4 0.711899 10 0.288101
engineer_handR_red
  4 -14.438799 42.602600 -1.671429 0.661872 -0.746341 -0.070007 0.763381 0.175037 2 4 0.711899 10 0.288101
  4 -16.101799 41.149303 -1.693359 0.576628 -0.771086 -0.270048 0.717931 0.295602 3 4 0.760093 10 0.140759 8 0.099148
  4 -14.837599 42.471603 -2.704359 0.576628 -0.771086 -0.270048 0.727534 0.170457 2 4 0.711899 10 0.288101
engineer_handR_red
  4 -16.101799 41.149303 -1.693359 0.576628 -0.771086 -0.270048 0.717931 0.295602 3 4 0.760093 10 0.140759 8 0.099148
  4 -15.646497 42.538700 -3.766900 0.342336 -0.739290 -0.579877 0.678567 0.162180 2 4 0.711899 10 0.288101
  4 -14.837599 42.471603 -2.704359 0.576628 -0.771086 -0.270048 0.727534 0.170457 2 4 0.711899 10 0.288101
engineer_handR_red
  4 -17.029100 41.086296 -2.581089 0.292289 -0.714978 -0.635116 0.673848 0.289931 3 4 0.760095 10 0.140754 8 0.099151
  4 -15.646497 42.538700 -3.766900 0.342336 -0.739290 -0.579877 0.678567 0.162180 2 4 0.711899 10 0.288101
  4 -16.101799 41.149303 -1.693359 0.576628 -0.771086 -0.270048 0.717931 0.295602 3 4 0.760093 10 0.140759 8 0.099148
engineer_handR_red
  4 -15.895797 43.231796 3.152110 0.572893 -0.147862 0.806182 0.926162 0.319439 3 4 0.760089 10 0.140767 8 0.099144
  4 -15.219898 42.441700 1.935001 0.724601 -0.468983 0.504983 0.872938 0.312880 3 4 0.760089 10 0.140768 8 0.099144
  4 -15.262397 44.347801 2.917721 0.572893 -0.147862 0.806182 0.958479 0.218787 2 4 0.711899 10 0.288101
engineer_handR_red
  4 -15.262397 44.347801 2.917721 0.572893 -0.147862 0.806182 0.958479 0.218787 2 4 0.711899 10 0.288101
  4 -15.219898 42.441700 1.935001 0.724601 -0.468983 0.504983 0.872938 0.312880 3 4 0.760089 10 0.140768 8 0.099144
  4 -14.312397 43.557800 1.705840 0.706394 -0.380302 0.596975 0.898892 0.201273 2 4 0.711899 10 0.288101
engineer_handR_red
  4 -15.262397 44.347801 2.917721 0.572893 -0.147862 0.806182 0.958479 0.218787 2 4 0.711899 10 0.288101
  4 -14.312397 43.557800 1.705840 0.706394 -0.380302 0.596975 0.898892 0.201273 2 4 0.711899 10 0.288101
  4 -14.419146 45.859573 2.533148 0.572893 -0.147862 0.806182 0.987962 0.118191 2 4 0.716525 10 0.283475
engineer_handR_red
  4 -14.419146 45.859573 2.533148 0.572893 -0.147862 0.806182 0.987962 0.118191 2 4 0.716525 10 0.283475
  4 -14.312397 43.557800 1.705840 0.706394 -0.380302 0.596975 0.898892 0.201273 2 4 0.711899 10 0.288101
  4 -13.203059 44.973206 1.294975 0.714469 -0.429217 0.552546 0.921627 0.094109 2 4 0.716525 10 0.283475
engineer_handR_red
  4 -14.312397 43.557800 1.705840 0.706394 -0.380302 0.596975 0.898892 0.201273 2 4 0.711899 10 0.288101
  4 -14.100298 43.163506 0.725111 0.738149 -0.616517 0.273940 0.856657 0.192855 2 4 0.711899 10 0.288101
  4 -13.203059 44.973206 1.294975 0.714469 -0.429217 0.552546 0.921627 0.094109 2 4 0.716525 10 0.283475
engineer_handR_red
  4 -13.203059 44.973206 1.294975 0.714469 -0.429217 0.552546 0.921627 0.094109 2 4 0.716525 10 0.283475
  4 -14.100298 43.163506 0.725111 0.738149 -0.616517 0.273940 0.856657 0.192855 2 4 0.711899 10 0.288101
  4 -12.812581 44.466385 0.186803 0.738149 -0.616517 0.273940 0.876021 0.079274 2 4 0.716525 10 0.283475
engineer_handR_red
  4 -14.100298 43.163506 0.725111 0.738149 -0.616517 0.273940 0.856657 0.192855 2 4 0.711899 10 0.288101
  4 -14.177099 42.836102 -0.506378 0.698722 -0.710275 0.085423 0.806259 0.184684 2 4 0.711899 10 0.288101
  4 -12.812581 44.466385 0.186803 0.738149 -0.616517 0.273940 0.876021 0.079274 2 4 0.716525 10 0.283475
engineer_handR_red
  4 -12.812581 44.466385 0.186803 0.738149 -0.616517 0.273940 0.876021 0.079274 2 4 0.716525 10 0.283475
  4 -14.177099 42.836102 -0.506378 0.698722 -0.710275 0.085423 0.806259 0.184684 2 4 0.711899 10 0.288101
  4 -12.779224 44.104328 -1.218409 0.698722 -0.710275 0.085423 0.821916 0.067519 2 4 0.716525 10 0.283475
engineer_handR_red
  4 -14.177099 42.836102 -0.506378 0.698722 -0.710275 0.085423 0.806259 0.184684 2 4 0.711899 10 0.288101
  4 -14.438799 42.602600 -1.671429 0.661872 -0.746341 -0.070007 0.763381 0.175037 2 4 0.711899 10 0.288101
  4 -12.779224 44.104328 -1.218409 0.698722 -0.710275 0.085423 0.821916 0.067519 2 4 0.716525 10 0.283475
engineer_handR_red
  4 -12.779224 44.104328 -1.218409 0.698722 -0.710275 0.085423 0.821916 0.067519 2 4 0.716525 10 0.283475
  4 -14.438799 42.602600 -1.671429 0.661872 -0.746341 -0.070007 0.763381 0.175037 2 4 0.711899 10 0.288101
  4 -13.052877 43.883972 -2.529838 0.640772 -0.757861 -0.122712 0.775508 0.055091 2 4 0.716525 10 0.283475
engineer_handR_red
  4 -14.438799 42.602600 -1.671429 0.661872 -0.746341 -0.070007 0.763381 0.175037 2 4 0.711899 10 0.288101
  4 -14.837599 42.471603 -2.704359 0.576628 -0.771086 -0.270048 0.727534 0.170457 2 4 0.711899 10 0.288101
  4 -13.052877 43.883972 -2.529838 0.640772 -0.757861 -0.122712 0.775508 0.055091 2 4 0.716525 10 0.283475
engineer_handR_red
  4 -13.052877 43.883972 -2.529838 0.640772 -0.757861 -0.122712 0.775508 0.055091 2 4 0.716525 10 0.283475
  4 -14.837599 42.471603 -2.704359 0.576628 -0.771086 -0.270048 0.727534 0.170457 2 4 0.711899 10 0.288101
  4 -13.523194 43.814861 -3.680820 0.526860 -0.764167 -0.372111 0.735587 0.048829 2 4 0.716525 10 0.283475
engineer_handR_red
  4 -14.837599 42.471603 -2.704359 0.576628 -0.771086 -0.270048 0.727534 0.170457 2 4 0.711899 10 0.288101
  4 -15.646497 42.538700 -3.766900 0.342336 -0.739290 -0.579877 0.678567 0.162180 2 4 0.711899 10 0.288101
  4 -13.523194 43.814861 -3.680820 0.526860 -0.764167 -0.372111 0.735587 0.048829 2 4 0.716525 10 0.283475
engineer_handR_red
  4 -13.523194 43.814861 -3.680820 0.526860 -0.764167 -0.372111 0.735587 0.048829 2 4 0.716525 10 0.283475
  4 -15.646497 42.538700 -3.766900 0.342336 -0.739290 -0.579877 0.678567 0.162180 2 4 0.711899 10 0.288101
  4 -14.464014 43.992485 -4.859289 0.292289 -0.714979 -0.635116 0.682591 0.038730 2 4 0.716525 10 0.283475
engineer_handR_red
  4 -15.646497 42.538700 -3.766900 0.342336 -0.739290 -0.579877 0.678567 0.162180 2 4 0.711899 10 0.288101
  4 -16.628542 44.792461 -5.847685 -0.015733 -0.581631 -0.813300 0.607792 0.031696 2 4 0.716525 10 0.283475
  4 -14.464014 43.992485 -4.859289 0.292289 -0.714979 -0.635116 0.682591 0.038730 2 4 0.716525 10 0.283475
engineer_handR_red
  4 -17.711697 43.197800 -4.717120 -0.077685 -0.559902 -0.824909 0.610565 0.157841 2 4 0.711899 10 0.288101
  4 -16.628542 44.792461 -5.847685 -0.015733 -0.581631 -0.813300 0.607792 0.031696 2 4 0.716525 10 0.283475
  4 -15.646497 42.538700 -3.766900 0.342336 -0.739290 -0.579877 0.678567 0.162180 2 4 0.711899 10 0.288101
engineer_handR_red
  4 -15.646497 42.538700 -3.766900 0.342336 -0.739290 -0.579877 0.678567 0.162180 2 4 0.711899 10 0.288101
  4 -17.029100 41.086296 -2.581089 0.292289 -0.714978 -0.635116 0.673848 0.289931 3 4 0.760095 10 0.140754 8 0.099151
  4 -17.711697 43.197800 -4.717120 -0.077685 -0.559902 -0.824909 0.610565 0.157841 2 4 0.711899 10 0.288101
engineer_handR_red
  4 -17.711697 43.197800 -4.717120 -0.077685 -0.559902 -0.824909 0.610565 0.157841 2 4 0.711899 10 0.288101
  4 -17.029100 41.086296 -2.581089 0.292289 -0.714978 -0.635116 0.673848 0.289931 3 4 0.760095 10 0.140754 8 0.099151
  4 -18.913797 41.416901 -3.400490 -0.153220 -0.524551 -0.837478 0.613606 0.286460 3 4 0.760098 10 0.140748 8 0.099154
engineer_handR_red
  4 -17.029100 41.086296 -2.581089 -0.133528 -0.986732 0.092358 0.673848 0.289931 3 4 0.760095 10 0.140754 8 0.099151
  4 -18.930799 41.423603 -3.272300 -0.300149 -0.953840 0.010026 0.613668 0.289282 3 4 0.760102 10 0.140740 8 0.099159
  4 -18.913797 41.416901 -3.400490 -0.300149 -0.953839 0.010026 0.613606 0.286460 3 4 0.760098 10 0.140748 8 0.099154
engineer_handR_red
  4 -17.096800 41.107708 -2.475990 -0.123976 -0.983521 0.131595 0.673752 0.292735 3 4 0.760102 10 0.140740 8 0.099159
  4 -18.930799 41.423603 -3.272300 -0.300149 -0.953840 0.010026 0.613668 0.289282 3 4 0.760102 10 0.140740 8 0.099159
  4 -17.029100 41.086296 -2.581089 -0.133528 -0.986732 0.092358 0.673848 0.289931 3 4 0.760095 10 0.140754 8 0.099151
engineer_handR_red
  4 -16.101799 41.149303 -1.693359 -0.059039 -0.974378 0.217027 0.717931 0.295602 3 4 0.760093 10 0.140759 8 0.099148
  4 -17.096800 41.107708 -2.475990 -0.123976 -0.983521 0.131595 0.673752 0.292735 3 4 0.760102 10 0.140740 8 0.099159
  4 -17.029100 41.086296 -2.581089 -0.133528 -0.986732 0.092358 0.673848 0.289931 3 4 0.760095 10 0.140754 8 0.099151
engineer_handR_red
  4 -16.190397 41.171799 -1.613930 -0.059039 -0.974378 0.217027 0.717735 0.298353 3 4 0.760101 10 0.140740 8 0.099159
  4 -17.096800 41.107708 -2.475990 -0.123976 -0.983521 0.131595 0.673752 0.292735 3 4 0.760102 10 0.140740 8 0.099159
  4 -16.101799 41.149303 -1.693359 -0.059039 -0.974378 0.217027 0.717931 0.295602 3 4 0.760093 10 0.140759 8 0.099148
engineer_handR_red
  4 -15.711998 41.386803 -0.844102 -0.017954 -0.949616 0.312902 0.749703 0.299082 3 4 0.760092 10 0.140762 8 0.099147
  4 -16.190397 41.171799 -1.613930 -0.059039 -0.974378 0.217027 0.717735 0.298353 3 4 0.760101 10 0.140740 8 0.099159
  4 -16.101799 41.149303 -1.693359 -0.059039 -0.974378 0.217027 0.717931 0.295602 3 4 0.760093 10 0.140759 8 0.099148
engineer_handR_red
  4 -15.810499 41.405495 -0.789562 -0.017954 -0.949616 0.312902 0.749424 0.301811 3 4 0.760101 10 0.140740 8 0.099159
  4 -16.190397 41.171799 -1.613930 -0.059039 -0.974378 0.217027 0.717735 0.298353 3 4 0.760101 10 0.140740 8 0.099159
  4 -15.711998 41.386803 -0.844102 -0.017954 -0.949616 0.312902 0.749703 0.299082 3 4 0.760092 10 0.140762 8 0.099147
engineer_handR_red
  4 -15.434499 41.717602 0.127101 -0.017954 -0.949616 0.312902 0.788498 0.305644 3 4 0.760091 10 0.140763 8 0.099146
  4 -15.810499 41.405495 -0.789562 -0.017954 -0.949616 0.312902 0.749424 0.301811 3 4 0.760101 10 0.140740 8 0.099159
  4 -15.711998 41.386803 -0.844102 -0.017954 -0.949616 0.312902 0.749703 0.299082 3 4 0.760092 10 0.140762 8 0.099147
engineer_handR_red
  4 -15.539598 41.730003 0.153503 -0.017954 -0.949616 0.312902 0.788136 0.308310 3 4 0.760101 10 0.140740 8 0.099159
  4 -15.810499 41.405495 -0.789562 -0.017954 -0.949616 0.312902 0.749424 0.301811 3 4 0.760101 10 0.140740 8 0.099159
  4 -15.434499 41.717602 0.127101 -0.017954 -0.949616 0.312902 0.788498 0.305644 3 4 0.760091 10 0.140763 8 0.099146
engineer_handR_red
  4 -15.434499 41.717602 0.127101 -0.017954 -0.949616 0.312902 0.788498 0.305644 3 4 0.760091 10 0.140763 8 0.099146
  4 -15.336598 42.082199 1.106661 -0.048260 -0.920973 0.386625 0.834003 0.312425 3 4 0.760101 10 0.140740 8 0.099159
  4 -15.539598 41.730003 0.153503 -0.017954 -0.949616 0.312902 0.788136 0.308310 3 4 0.760101 10 0.140740 8 0.099159
engineer_handR_red
  4 -15.228898 42.078201 1.109781 -0.048260 -0.920973 0.386625 0.834456 0.309840 3 4 0.760089 10 0.140767 8 0.099144
  4 -15.336598 42.082199 1.106661 -0.048260 -0.920973 0.386625 0.834003 0.312425 3 4 0.760101 10 0.140740 8 0.099159
  4 -15.434499 41.717602 0.127101 -0.017954 -0.949616 0.312902 0.788498 0.305644 3 4 0.760091 10 0.140763 8 0.099146
engineer_handR_red
  4 -15.228898 42.078201 1.109781 -0.048260 -0.920973 0.386625 0.834456 0.309840 3 4 0.760089 10 0.140767 8 0.099144
  4 -15.323399 42.436001 1.908161 -0.061675 -0.896122 0.439502 0.872408 0.315355 3 4 0.760101 10 0.140740 8 0.099159
  4 -15.336598 42.082199 1.106661 -0.048260 -0.920973 0.386625 0.834003 0.312425 3 4 0.760101 10 0.140740 8 0.099159
engineer_handR_red
  4 -15.219898 42.441700 1.935001 -0.075862 -0.877236 0.474027 0.872938 0.312880 3 4 0.760089 10 0.140768 8 0.099144
  4 -15.323399 42.436001 1.908161 -0.061675 -0.896122 0.439502 0.872408 0.315355 3 4 0.760101 10 0.140740 8 0.099159
  4 -15.228898 42.078201 1.109781 -0.048260 -0.920973 0.386625 0.834456 0.309840 3 4 0.760089 10 0.140767 8 0.099144
engineer_handR_red
  4 -15.219898 42.441700 1.935001 -0.075862 -0.877236 0.474027 0.872938 0.312880 3 4 0.760089 10 0.140768 8 0.099144
  4 -15.976998 43.206299 3.094940 -0.124836 -0.827060 0.548077 0.925502 0.321652 3 4 0.760101 10 0.140740 8 0.099159
  4 -15.323399 42.436001 1.908161 -0.061675 -0.896122 0.439502 0.872408 0.315355 3 4 0.760101 10 0.140740 8 0.099159
engineer_handR_red
  4 -15.895797 43.231796 3.152110 -0.124836 -0.827060 0.548077 0.926162 0.319402 3 4 0.760089 10 0.140767 8 0.099144
  4 -15.976998 43.206299 3.094940 -0.124836 -0.827060 0.548077 0.925502 0.321652 3 4 0.760101 10 0.140740 8 0.099159
  4 -15.219898 42.441700 1.935001 -0.075862 -0.877236 0.474027 0.872938 0.312880 3 4 0.760089 10 0.140768 8 0.099144
engineer_handR_red
  4 -21.155197 45.391499 -2.405830 -0.933845 0.095941 -0.344570 0.443045 0.161523 2 4 0.711899 10 0.288101
  4 -20.559723 47.250374 -3.387058 -0.916740 0.067622 -0.393719 0.442163 0.040227 2 4 0.716525 10 0.283475
  4 -20.591997 44.826000 -3.521860 -0.793462 -0.074506 -0.604042 0.490599 0.155557 2 4 0.711899 10 0.288101
engineer_handR_red
  4 -20.591997 44.826000 -3.521860 -0.793462 -0.074506 -0.604042 0.490599 0.155557 2 4 0.711899 10 0.288101
  4 -20.559723 47.250374 -3.387058 -0.916740 0.067622 -0.393719 0.442163 0.040227 2 4 0.716525 10 0.283475
  4 -19.880558 46.629253 -4.605319 -0.737222 -0.102079 -0.667895 0.492778 0.033359 2 4 0.716525 10 0.283475
engineer_handR_red
  4 -20.591997 44.826000 -3.521860 -0.793462 -0.074506 -0.604042 0.490599 0.155557 2 4 0.711899 10 0.288101
  4 -19.880558 46.629253 -4.605319 -0.737222 -0.102079 -0.667895 0.492778 0.033359 2 4 0.716525 10 0.283475
  4 -19.267597 43.940498 -4.529260 -0.499260 -0.304736 -0.811095 0.548413 0.151224 2 4 0.711899 10 0.288101
engineer_handR_red
  4 -19.267597 43.940498 -4.529260 -0.499260 -0.304736 -0.811095 0.548413 0.151224 2 4 0.711899 10 0.288101
  4 -19.880558 46.629253 -4.605319 -0.737222 -0.102079 -0.667895 0.492778 0.033359 2 4 0.716525 10 0.283475
  4 -18.423359 45.668251 -5.650994 -0.422890 -0.337703 -0.840905 0.554209 0.028425 2 4 0.716525 10 0.283475
engineer_handR_red
  4 -17.711697 43.197800 -4.717120 -0.077685 -0.559902 -0.824909 0.596108 0.152036 2 4 0.711899 10 0.288101
  4 -18.423359 45.668251 -5.650994 -0.422890 -0.337703 -0.840905 0.554209 0.028425 2 4 0.716525 10 0.283475
  4 -16.628542 44.792461 -5.847685 -0.015733 -0.581631 -0.813300 0.605844 0.030914 2 4 0.716525 10 0.283475
engineer_handR_red
  4 -19.267597 43.940498 -4.529260 -0.499260 -0.304736 -0.811095 0.548413 0.151224 2 4 0.711899 10 0.288101
  4 -18.423359 45.668251 -5.650994 -0.422890 -0.337703 -0.840905 0.554209 0.028425 2 4 0.716525 10 0.283475
  4 -17.711697 43.197800 -4.717120 -0.077685 -0.559902 -0.824909 0.596108 0.152036 2 4 0.711899 10 0.288101
engineer_handR_red
  4 -18.913797 41.416901 -3.400490 -0.153220 -0.524551 -0.837478 0.585436 0.275203 3 4 0.760098 10 0.140748 8 0.099154
  4 -19.267597 43.940498 -4.529260 -0.499260 -0.304736 -0.811095 0.548413 0.151224 2 4 0.711899 10 0.288101
  4 -17.711697 43.197800 -4.717120 -0.077685 -0.559902 -0.824909 0.596108 0.152036 2 4 0.711899 10 0.288101
engineer_handR_red
  4 -20.177198 41.986305 -3.187350 -0.581681 -0.269402 -0.767509 0.543136 0.275467 3 4 0.760101 10 0.140742 8 0.099158
  4 -19.267597 43.940498 -4.529260 -0.499260 -0.304736 -0.811095 0.548413 0.151224 2 4 0.711899 10 0.288101
  4 -18.913797 41.416901 -3.400490 -0.153220 -0.524551 -0.837478 0.585436 0.275203 3 4 0.760098 10 0.140748 8 0.099154
engineer_handR_red
  4 -20.177198 41.986305 -3.187350 -0.581681 -0.269402 -0.767509 0.543136 0.275467 3 4 0.760101 10 0.140742 8 0.099158
  4 -20.591997 44.826000 -3.521860 -0.793462 -0.074506 -0.604042 0.490599 0.155557 2 4 0.711899 10 0.288101
  4 -19.267597 43.940498 -4.529260 -0.499260 -0.304736 -0.811095 0.548413 0.151224 2 4 0.711899 10 0.288101
engineer_handR_red
  4 -21.292202 42.811707 -2.268560 -0.851359 -0.042470 -0.522861 0.488346 0.279028 3 4 0.760102 10 0.140740 8 0.099159
  4 -20.591997 44.826000 -3.521860 -0.793462 -0.074506 -0.604042 0.490599 0.155557 2 4 0.711899 10 0.288101
  4 -20.177198 41.986305 -3.187350 -0.581681 -0.269402 -0.767509 0.543136 0.275467 3 4 0.760101 10 0.140742 8 0.099158
engineer_handR_red
  4 -21.292202 42.811707 -2.268560 -0.851359 -0.042470 -0.522861 0.488346 0.279028 3 4 0.760102 10 0.140740 8 0.099159
  4 -21.155197 45.391499 -2.405830 -0.933845 0.095941 -0.344570 0.443045 0.161523 2 4 0.711899 10 0.288101
  4 -20.591997 44.826000 -3.521860 -0.793462 -0.074506 -0.604042 0.490599 0.155557 2 4 0.711899 10 0.288101
engineer_handR_red
  4 -21.715702 43.401207 -1.302890 -0.956993 0.093519 -0.274623 0.444848 0.284243 3 4 0.760102 10 0.140740 8 0.099159
  4 -21.155197 45.391499 -2.405830 -0.933845 0.095941 -0.344570 0.443045 0.161523 2 4 0.711899 10 0.288101
  4 -21.292202 42.811707 -2.268560 -0.851359 -0.042470 -0.522861 0.488346 0.279028 3 4 0.760102 10 0.140740 8 0.099159
engineer_handR_red
  4 -21.715702 43.401207 -1.302890 -0.956993 0.093519 -0.274623 0.444848 0.284243 3 4 0.760102 10 0.140740 8 0.099159
  4 -21.351097 45.792999 -1.294510 -0.970009 0.197119 -0.142220 0.401986 0.166427 2 4 0.711899 10 0.288101
  4 -21.155197 45.391499 -2.405830 -0.933845 0.095941 -0.344570 0.443045 0.161523 2 4 0.711899 10 0.288101
engineer_handR_red
  4 -21.849503 43.889404 -0.319696 -0.978560 0.174007 -0.110193 0.405298 0.288494 3 4 0.760102 10 0.140740 8 0.099159
  4 -21.351097 45.792999 -1.294510 -0.970009 0.197119 -0.142220 0.401986 0.166427 2 4 0.711899 10 0.288101
  4 -21.715702 43.401207 -1.302890 -0.956993 0.093519 -0.274623 0.444848 0.284243 3 4 0.760102 10 0.140740 8 0.099159
engineer_handR_red
  4 -21.849503 43.889404 -0.319696 -0.978560 0.174007 -0.110193 0.405298 0.288494 3 4 0.760102 10 0.140740 8 0.099159
  4 -21.342710 46.049828 -0.385885 -0.963937 0.265844 0.012319 0.371812 0.169275 2 4 0.711899 10 0.288101
  4 -21.351097 45.792999 -1.294510 -0.970009 0.197119 -0.142220 0.401986 0.166427 2 4 0.711899 10 0.288101
engineer_handR_red
  4 -21.802603 44.265007 0.559935 -0.963937 0.265844 0.012319 0.372120 0.290882 3 4 0.760102 10 0.140740 8 0.099159
  4 -21.342710 46.049828 -0.385885 -0.963937 0.265844 0.012319 0.371812 0.169275 2 4 0.711899 10 0.288101
  4 -21.849503 43.889404 -0.319696 -0.978560 0.174007 -0.110193 0.405298 0.288494 3 4 0.760102 10 0.140740 8 0.099159
engineer_handR_red
  4 -21.802603 44.265007 0.559935 -0.963937 0.265844 0.012319 0.372120 0.290882 3 4 0.760102 10 0.140740 8 0.099159
  4 -21.196796 46.260696 0.561357 -0.929571 0.329036 0.166234 0.337905 0.172893 2 4 0.711899 10 0.288101
  4 -21.342710 46.049828 -0.385885 -0.963937 0.265844 0.012319 0.371812 0.169275 2 4 0.711899 10 0.288101
engineer_handR_red
  4 -21.610800 44.597202 1.462140 -0.920209 0.336791 0.199466 0.336436 0.293279 3 4 0.760102 10 0.140740 8 0.099159
  4 -21.196796 46.260696 0.561357 -0.929571 0.329036 0.166234 0.337905 0.172893 2 4 0.711899 10 0.288101
  4 -21.802603 44.265007 0.559935 -0.963937 0.265844 0.012319 0.372120 0.290882 3 4 0.760102 10 0.140740 8 0.099159
engineer_handR_red
  4 -21.610800 44.597202 1.462140 -0.920209 0.336791 0.199466 0.336436 0.293279 3 4 0.760102 10 0.140740 8 0.099159
  4 -20.879799 46.396500 1.519040 -0.847224 0.386560 0.364393 0.302981 0.176595 2 4 0.711899 10 0.288101
  4 -21.196796 46.260696 0.561357 -0.929571 0.329036 0.166234 0.337905 0.172893 2 4 0.711899 10 0.288101
engineer_handR_red
  4 -21.236900 44.828209 2.298401 -0.825060 0.396632 0.402441 0.300933 0.295962 3 4 0.760102 10 0.140740 8 0.099159
  4 -20.879799 46.396500 1.519040 -0.847224 0.386560 0.364393 0.302981 0.176595 2 4 0.711899 10 0.288101
  4 -21.610800 44.597202 1.462140 -0.920209 0.336791 0.199466 0.336436 0.293279 3 4 0.760102 10 0.140740 8 0.099159
engineer_handR_red
  4 -21.236900 44.828209 2.298401 -0.825060 0.396632 0.402441 0.300933 0.295962 3 4 0.760102 10 0.140740 8 0.099159
  4 -20.320400 46.403305 2.403200 -0.655515 0.445167 0.610022 0.269105 0.180429 2 4 0.711899 10 0.288101
  4 -20.879799 46.396500 1.519040 -0.847224 0.386560 0.364393 0.302981 0.176595 2 4 0.711899 10 0.288101
engineer_handR_red
  4 -20.659197 44.962101 3.084740 -0.584627 0.433308 0.685898 0.266236 0.298477 3 4 0.760101 10 0.140740 8 0.099158
  4 -20.320400 46.403305 2.403200 -0.655515 0.445167 0.610022 0.269105 0.180429 2 4 0.711899 10 0.288101
  4 -21.236900 44.828209 2.298401 -0.825060 0.396632 0.402441 0.300933 0.295962 3 4 0.760102 10 0.140740 8 0.099159
engineer_handR_red
  4 -16.048496 44.815800 3.328220 0.396788 0.054109 0.916314 0.117972 0.176571 2 4 0.711899 10 0.288101
  4 -15.403112 46.397659 2.920612 0.351798 0.101223 0.930587 0.125504 0.082163 2 4 0.716525 10 0.283475
  4 -17.213196 45.421501 3.617350 0.189079 0.244270 0.951095 0.156887 0.178232 2 4 0.711899 10 0.288101
engineer_handR_red
  4 -17.213196 45.421501 3.617350 0.189079 0.244270 0.951095 0.156887 0.178232 2 4 0.711899 10 0.288101
  4 -15.403112 46.397659 2.920612 0.351798 0.101223 0.930587 0.125504 0.082163 2 4 0.716525 10 0.283475
  4 -16.649223 47.055435 3.085361 0.135367 0.262843 0.955295 0.164597 0.079200 2 4 0.716525 10 0.283475
engineer_handR_red
  4 -17.213196 45.421501 3.617350 0.189079 0.244270 0.951095 0.156887 0.178232 2 4 0.711899 10 0.288101
  4 -16.649223 47.055435 3.085361 0.135367 0.262843 0.955295 0.164597 0.079200 2 4 0.716525 10 0.283475
  4 -18.275997 45.866402 3.572800 -0.077965 0.360227 0.929601 0.190025 0.177597 2 4 0.711899 10 0.288101
engineer_handR_red
  4 -18.275997 45.866402 3.572800 -0.077965 0.360227 0.929601 0.190025 0.177597 2 4 0.711899 10 0.288101
  4 -16.649223 47.055435 3.085361 0.135367 0.262843 0.955295 0.164597 0.079200 2 4 0.716525 10 0.283475
  4 -17.758486 47.553593 2.953090 -0.117122 0.364180 0.923935 0.197075 0.075598 2 4 0.716525 10 0.283475
engineer_handR_red
  4 -18.275997 45.866402 3.572800 -0.077965 0.360227 0.929601 0.190025 0.177597 2 4 0.711899 10 0.288101
  4 -17.758486 47.553593 2.953090 -0.117122 0.364180 0.923935 0.197075 0.075598 2 4 0.716525 10 0.283475
  4 -19.467798 46.244598 3.119620 -0.368357 0.430190 0.824166 0.233352 0.178990 2 4 0.711899 10 0.288101
engineer_handR_red
  4 -19.467798 46.244598 3.119620 -0.368357 0.430190 0.824166 0.233352 0.178990 2 4 0.711899 10 0.288101
  4 -17.758486 47.553593 2.953090 -0.117122 0.364180 0.923935 0.197075 0.075598 2 4 0.716525 10 0.283475
  4 -18.920658 47.980030 2.434042 -0.421054 0.452938 0.785850 0.235402 0.070481 2 4 0.716525 10 0.283475
engineer_handR_red
  4 -19.467798 46.244598 3.119620 -0.368357 0.430190 0.824166 0.233352 0.178990 2 4 0.711899 10 0.288101
  4 -18.920658 47.980030 2.434042 -0.421054 0.452938 0.785850 0.235402 0.070481 2 4 0.716525 10 0.283475
  4 -20.320400 46.403305 2.403200 -0.655515 0.445167 0.610022 0.269105 0.180429 2 4 0.711899 10 0.288101
engineer_handR_red
  4 -20.320400 46.403305 2.403200 -0.655515 0.445167 0.610022 0.269105 0.180429 2 4 0.711899 10 0.288101
  4 -18.920658 47.980030 2.434042 -0.421054 0.452938 0.785850 0.235402 0.070481 2 4 0.716525 10 0.283475
  4 -19.794817 48.186371 1.640739 -0.696233 0.446150 0.562326 0.271035 0.066190 2 4 0.716525 10 0.283475
engineer_handR_red
  4 -20.320400 46.403305 2.403200 -0.655515 0.445167 0.610022 0.269105 0.180429 2 4 0.711899 10 0.288101
  4 -19.794817 48.186371 1.640739 -0.696233 0.446150 0.562326 0.271035 0.066190 2 4 0.716525 10 0.283475
  4 -20.879799 46.396500 1.519040 -0.847224 0.386560 0.364393 0.302981 0.176595 2 4 0.711899 10 0.288101
engineer_handR_red
  4 -20.879799 46.396500 1.519040 -0.847224 0.386560 0.364393 0.302981 0.176595 2 4 0.711899 10 0.288101
  4 -19.794817 48.186371 1.640739 -0.696233 0.446150 0.562326 0.271035 0.066190 2 4 0.716525 10 0.283475
  4 -20.367702 48.219738 0.693533 -0.861708 0.389754 0.324886 0.305049 0.060769 2 4 0.716525 10 0.283475
engineer_handR_red
  4 -20.879799 46.396500 1.519040 -0.847224 0.386560 0.364393 0.302981 0.176595 2 4 0.711899 10 0.288101
  4 -20.367702 48.219738 0.693533 -0.861708 0.389754 0.324886 0.305049 0.060769 2 4 0.716525 10 0.283475
  4 -21.196796 46.260696 0.561357 -0.929571 0.329036 0.166234 0.337905 0.172893 2 4 0.711899 10 0.288101
engineer_handR_red
  4 -21.196796 46.260696 0.561357 -0.929571 0.329036 0.166234 0.337905 0.172893 2 4 0.711899 10 0.288101
  4 -20.367702 48.219738 0.693533 -0.861708 0.389754 0.324886 0.305049 0.060769 2 4 0.716525 10 0.283475
  4 -20.681849 48.110321 -0.307227 -0.936868 0.323911 0.131759 0.339453 0.055520 2 4 0.716525 10 0.283475
engineer_handR_red
  4 -21.196796 46.260696 0.561357 -0.929571 0.329036 0.166234 0.337905 0.172893 2 4 0.711899 10 0.288101
  4 -20.681849 48.110321 -0.307227 -0.936868 0.323911 0.131759 0.339453 0.055520 2 4 0.716525 10 0.283475
  4 -21.342710 46.049828 -0.385885 -0.963937 0.265844 0.012319 0.371812 0.169275 2 4 0.711899 10 0.288101
engineer_handR_red
  4 -21.342710 46.049828 -0.385885 -0.963937 0.265844 0.012319 0.371812 0.169275 2 4 0.711899 10 0.288101
  4 -20.681849 48.110321 -0.307227 -0.936868 0.323911 0.131759 0.339453 0.055520 2 4 0.716525 10 0.283475
  4 -20.819088 47.908386 -1.269956 -0.963937 0.265844 0.012319 0.371753 0.050643 2 4 0.716525 10 0.283475
engineer_handR_red
  4 -21.342710 46.049828 -0.385885 -0.963937 0.265844 0.012319 0.371812 0.169275 2 4 0.711899 10 0.288101
  4 -20.819088 47.908386 -1.269956 -0.963937 0.265844 0.012319 0.371753 0.050643 2 4 0.716525 10 0.283475
  4 -21.351097 45.792999 -1.294510 -0.970009 0.197119 -0.142220 0.401986 0.166427 2 4 0.711899 10 0.288101
engineer_handR_red
  4 -21.351097 45.792999 -1.294510 -0.970009 0.197119 -0.142220 0.401986 0.166427 2 4 0.711899 10 0.288101
  4 -20.819088 47.908386 -1.269956 -0.963937 0.265844 0.012319 0.371753 0.050643 2 4 0.716525 10 0.283475
  4 -20.808092 47.658962 -2.200401 -0.962646 0.194256 -0.188619 0.399620 0.046546 2 4 0.716525 10 0.283475
engineer_handR_red
  4 -21.351097 45.792999 -1.294510 -0.970009 0.197119 -0.142220 0.401986 0.166427 2 4 0.711899 10 0.288101
  4 -20.808092 47.658962 -2.200401 -0.962646 0.194256 -0.188619 0.399620 0.046546 2 4 0.716525 10 0.283475
  4 -21.155197 45.391499 -2.405830 -0.933845 0.095941 -0.344570 0.443045 0.161523 2 4 0.711899 10 0.288101
engineer_handR_red
  4 -21.155197 45.391499 -2.405830 -0.933845 0.095941 -0.344570 0.443045 0.161523 2 4 0.711899 10 0.288101
  4 -20.808092 47.658962 -2.200401 -0.962646 0.194256 -0.188619 0.399620 0.046546 2 4 0.716525 10 0.283475
  4 -20.559723 47.250374 -3.387058 -0.916740 0.067622 -0.393719 0.442163 0.040227 2 4 0.716525 10 0.283475
engineer_handR_red
  4 -20.659197 44.962101 3.084740 -0.584627 0.433308 0.685898 0.266236 0.298477 3 4 0.760101 10 0.140740 8 0.099158
  4 -19.467798 46.244598 3.119620 -0.368357 0.430190 0.824166 0.233352 0.178990 2 4 0.711899 10 0.288101
  4 -20.320400 46.403305 2.403200 -0.655515 0.445167 0.610022 0.269105 0.180429 2 4 0.711899 10 0.288101
engineer_handR_red
  4 -19.806799 44.895000 3.643030 -0.274493 0.404489 0.872377 0.229185 0.292524 3 4 0.760099 10 0.140746 8 0.099156
  4 -19.467798 46.244598 3.119620 -0.368357 0.430190 0.824166 0.233352 0.178990 2 4 0.711899 10 0.288101
  4 -20.659197 44.962101 3.084740 -0.584627 0.433308 0.685898 0.266236 0.298477 3 4 0.760101 10 0.140740 8 0.099158
engineer_handR_red
  4 -19.806799 44.895000 3.643030 -0.274493 0.404489 0.872377 0.229185 0.292524 3 4 0.760099 10 0.140746 8 0.099156
  4 -18.275997 45.866402 3.572800 -0.077965 0.360227 0.929601 0.190025 0.177597 2 4 0.711899 10 0.288101
  4 -19.467798 46.244598 3.119620 -0.368357 0.430190 0.824166 0.233352 0.178990 2 4 0.711899 10 0.288101
engineer_handR_red
  4 -18.592798 44.608501 4.004500 0.032524 0.323769 0.945577 0.183207 0.282764 3 4 0.760095 10 0.140754 8 0.099151
  4 -18.275997 45.866402 3.572800 -0.077965 0.360227 0.929601 0.190025 0.177597 2 4 0.711899 10 0.288101
  4 -19.806799 44.895000 3.643030 -0.274493 0.404489 0.872377 0.229185 0.292524 3 4 0.760099 10 0.140746 8 0.099156
engineer_handR_red
  4 -18.592798 44.608501 4.004500 0.032524 0.323769 0.945577 0.183207 0.282764 3 4 0.760095 10 0.140754 8 0.099151
  4 -17.213196 45.421501 3.617350 0.189079 0.244270 0.951095 0.156887 0.178232 2 4 0.711899 10 0.288101
  4 -18.275997 45.866402 3.572800 -0.077965 0.360227 0.929601 0.190025 0.177597 2 4 0.711899 10 0.288101
engineer_handR_red
  4 -17.591398 44.209503 3.948441 0.280500 0.122719 0.951977 0.148890 0.279454 3 4 0.760092 10 0.140760 8 0.099148
  4 -17.213196 45.421501 3.617350 0.189079 0.244270 0.951095 0.156887 0.178232 2 4 0.711899 10 0.288101
  4 -18.592798 44.608501 4.004500 0.032524 0.323769 0.945577 0.183207 0.282764 3 4 0.760095 10 0.140754 8 0.099151
engineer_handR_red
  4 -17.213196 45.421501 3.617350 0.189079 0.244270 0.951095 0.156887 0.178232 2 4 0.711899 10 0.288101
  4 -17.591398 44.209503 3.948441 0.280500 0.122719 0.951977 0.148890 0.279454 3 4 0.760092 10 0.140760 8 0.099148
  4 -16.048496 44.815800 3.328220 0.396788 0.054109 0.916314 0.117972 0.176571 2 4 0.711899 10 0.288101
engineer_handR_red
  4 -16.048496 44.815800 3.328220 0.396788 0.054109 0.916314 0.117972 0.176571 2 4 0.711899 10 0.288101
  4 -17.591398 44.209503 3.948441 0.280500 0.122719 0.951977 0.148890 0.279454 3 4 0.760092 10 0.140760 8 0.099148
  4 -16.607399 43.663799 3.540120 0.414984 -0.034095 0.909190 0.109167 0.272584 3 4 0.760091 10 0.140762 8 0.099147
engineer_handR_red
  4 -16.607399 43.663799 3.540120 0.414984 -0.034095 0.909190 0.109167 0.272584 3 4 0.760091 10 0.140762 8 0.099147
  4 -15.895797 43.231796 3.152110 0.572893 -0.147862 0.806182 0.082593 0.268186 3 4 0.760089 10 0.140767 8 0.099144
  4 -16.048496 44.815800 3.328220 0.396788 0.054109 0.916314 0.117972 0.176571 2 4 0.711899 10 0.288101
engineer_handR_red
  4 -16.048496 44.815800 3.328220 0.396788 0.054109 0.916314 0.117972 0.176571 2 4 0.711899 10 0.288101
  4 -15.895797 43.231796 3.152110 0.572893 -0.147862 0.806182 0.082593 0.268186 3 4 0.760089 10 0.140767 8 0.099144
  4 -15.262397 44.347801 2.917721 0.572893 -0.147862 0.806182 0.089443 0.176570 2 4 0.711899 10 0.288101
engineer_handR_red
  4 -16.048496 44.815800 3.328220 0.396788 0.054109 0.916314 0.117972 0.176571 2 4 0.711899 10 0.288101
  4 -15.262397 44.347801 2.917721 0.572893 -0.147862 0.806182 0.089443 0.176570 2 4 0.711899 10 0.288101
  4 -15.403112 46.397659 2.920612 0.351798 0.101223 0.930587 0.125504 0.082163 2 4 0.716525 10 0.283475
engineer_handR_red
  4 -15.403112 46.397659 2.920612 0.351798 0.101223 0.930587 0.125504 0.082163 2 4 0.716525 10 0.283475
  4 -15.262397 44.347801 2.917721 0.572893 -0.147862 0.806182 0.089443 0.176570 2 4 0.711899 10 0.288101
  4 -14.419146 45.859573 2.533148 0.572893 -0.147862 0.806182 0.095691 0.084182 2 4 0.716525 10 0.283475
engineer_handR_red
  4 -16.607399 43.663799 3.540120 -0.172888 -0.787370 0.591742 0.109167 0.272584 3 4 0.760091 10 0.140762 8 0.099147
  4 -15.976998 43.206299 3.094940 -0.124836 -0.827060 0.548077 0.082453 0.270253 3 4 0.760101 10 0.140740 8 0.099159
  4 -15.895797 43.231796 3.152110 -0.124836 -0.827060 0.548077 0.082593 0.268186 3 4 0.760089 10 0.140767 8 0.099144
engineer_handR_red
  4 -16.669296 43.626801 3.472800 -0.172888 -0.787370 0.591742 0.108987 0.274740 3 4 0.760101 10 0.140740 8 0.099159
  4 -15.976998 43.206299 3.094940 -0.124836 -0.827060 0.548077 0.082453 0.270253 3 4 0.760101 10 0.140740 8 0.099159
  4 -16.607399 43.663799 3.540120 -0.172888 -0.787370 0.591742 0.109167 0.272584 3 4 0.760091 10 0.140762 8 0.099147
engineer_handR_red
  4 -16.607399 43.663799 3.540120 -0.172888 -0.787370 0.591742 0.109167 0.272584 3 4 0.760091 10 0.140762 8 0.099147
  4 -17.625198 44.157700 3.873291 -0.205304 -0.764217 0.611410 0.148727 0.281717 3 4 0.760101 10 0.140740 8 0.099159
  4 -16.669296 43.626801 3.472800 -0.172888 -0.787370 0.591742 0.108987 0.274740 3 4 0.760101 10 0.140740 8 0.099159
engineer_handR_red
  4 -17.591398 44.209503 3.948441 -0.225516 -0.729056 0.646235 0.148890 0.279454 3 4 0.760092 10 0.140760 8 0.099148
  4 -17.625198 44.157700 3.873291 -0.205304 -0.764217 0.611410 0.148727 0.281717 3 4 0.760101 10 0.140740 8 0.099159
  4 -16.607399 43.663799 3.540120 -0.172888 -0.787370 0.591742 0.109167 0.272584 3 4 0.760091 10 0.140762 8 0.099147
engineer_handR_red
  4 -17.591398 44.209503 3.948441 -0.225516 -0.729056 0.646235 0.148890 0.279454 3 4 0.760092 10 0.140760 8 0.099148
  4 -18.600201 44.545807 3.929951 -0.291585 -0.698743 0.653250 0.183068 0.285107 3 4 0.760102 10 0.140740 8 0.099159
  4 -17.625198 44.157700 3.873291 -0.205304 -0.764217 0.611410 0.148727 0.281717 3 4 0.760101 10 0.140740 8 0.099159
engineer_handR_red
  4 -18.592798 44.608501 4.004500 -0.327848 -0.681525 0.654246 0.183207 0.282764 3 4 0.760095 10 0.140754 8 0.099151
  4 -18.600201 44.545807 3.929951 -0.291585 -0.698743 0.653250 0.183068 0.285107 3 4 0.760102 10 0.140740 8 0.099159
  4 -17.591398 44.209503 3.948441 -0.225516 -0.729056 0.646235 0.148890 0.279454 3 4 0.760092 10 0.140760 8 0.099148
engineer_handR_red
  4 -18.592798 44.608501 4.004500 -0.327848 -0.681525 0.654246 0.183207 0.282764 3 4 0.760095 10 0.140754 8 0.099151
  4 -19.784300 44.823303 3.579341 -0.387592 -0.681807 0.620412 0.229100 0.295038 3 4 0.760102 10 0.140740 8 0.099159
  4 -18.600201 44.545807 3.929951 -0.291585 -0.698743 0.653250 0.183068 0.285107 3 4 0.760102 10 0.140740 8 0.099159
engineer_handR_red
  4 -19.806799 44.895000 3.643030 -0.387592 -0.681807 0.620412 0.229185 0.292524 3 4 0.760099 10 0.140746 8 0.099156
  4 -19.784300 44.823303 3.579341 -0.387592 -0.681807 0.620412 0.229100 0.295038 3 4 0.760102 10 0.140740 8 0.099159
  4 -18.592798 44.608501 4.004500 -0.327848 -0.681525 0.654246 0.183207 0.282764 3 4 0.760095 10 0.140754 8 0.099151
engineer_handR_red
  4 -19.806799 44.895000 3.643030 -0.387592 -0.681807 0.620412 0.229185 0.292524 3 4 0.760099 10 0.140746 8 0.099156
  4 -20.615499 44.886909 3.038161 -0.507178 -0.647240 0.569079 0.266177 0.301083 3 4 0.760102 10 0.140740 8 0.099159
  4 -19.784300 44.823303 3.579341 -0.387592 -0.681807 0.620412 0.229100 0.295038 3 4 0.760102 10 0.140740 8 0.099159
engineer_handR_red
  4 -20.659197 44.962101 3.084740 -0.507178 -0.647240 0.569079 0.266236 0.298477 3 4 0.760101 10 0.140740 8 0.099158
  4 -20.615499 44.886909 3.038161 -0.507178 -0.647240 0.569079 0.266177 0.301083 3 4 0.760102 10 0.140740 8 0.099159
  4 -19.806799 44.895000 3.643030 -0.387592 -0.681807 0.620412 0.229185 0.292524 3 4 0.760099 10 0.140746 8 0.099156
engineer_handR_red
  4 -21.236900 44.828209 2.298401 -0.567298 -0.651818 0.503295 0.300933 0.295962 3 4 0.760102 10 0.140740 8 0.099159
  4 -20.615499 44.886909 3.038161 -0.507178 -0.647240 0.569079 0.266177 0.301083 3 4 0.760102 10 0.140740 8 0.099159
  4 -20.659197 44.962101 3.084740 -0.507178 -0.647240 0.569079 0.266236 0.298477 3 4 0.760101 10 0.140740 8 0.099158
engineer_handR_red
  4 -21.179001 44.753807 2.273431 -0.613341 -0.625434 0.482333 0.300891 0.298595 3 4 0.760102 10 0.140740 8 0.099159
  4 -20.615499 44.886909 3.038161 -0.507178 -0.647240 0.569079 0.266177 0.301083 3 4 0.760102 10 0.140740 8 0.099159
  4 -21.236900 44.828209 2.298401 -0.567298 -0.651818 0.503295 0.300933 0.295962 3 4 0.760102 10 0.140740 8 0.099159
engineer_handR_red
  4 -21.610800 44.597202 1.462140 -0.668193 -0.623855 0.405369 0.336436 0.293279 3 4 0.760102 10 0.140740 8 0.099159
  4 -21.179001 44.753807 2.273431 -0.613341 -0.625434 0.482333 0.300891 0.298595 3 4 0.760102 10 0.140740 8 0.099159
  4 -21.236900 44.828209 2.298401 -0.567298 -0.651818 0.503295 0.300933 0.295962 3 4 0.760102 10 0.140740 8 0.099159
engineer_handR_red
  4 -21.544701 44.526707 1.460480 -0.668193 -0.623855 0.405369 0.336406 0.295933 3 4 0.760102 10 0.140740 8 0.099159
  4 -21.179001 44.753807 2.273431 -0.613341 -0.625434 0.482333 0.300891 0.298595 3 4 0.760102 10 0.140740 8 0.099159
  4 -21.610800 44.597202 1.462140 -0.668193 -0.623855 0.405369 0.336436 0.293279 3 4 0.760102 10 0.140740 8 0.099159
engineer_handR_red
  4 -21.802603 44.265007 0.559935 -0.692653 -0.632593 0.346493 0.372120 0.290882 3 4 0.760102 10 0.140740 8 0.099159
  4 -21.544701 44.526707 1.460480 -0.668193 -0.623855 0.405369 0.336406 0.295933 3 4 0.760102 10 0.140740 8 0.099159
  4 -21.610800 44.597202 1.462140 -0.668193 -0.623855 0.405369 0.336436 0.293279 3 4 0.760102 10 0.140740 8 0.099159
engineer_handR_red
  4 -21.732700 44.200409 0.581733 -0.692653 -0.632593 0.346493 0.372126 0.293561 3 4 0.760102 10 0.140740 8 0.099159
  4 -21.544701 44.526707 1.460480 -0.668193 -0.623855 0.405369 0.336406 0.295933 3 4 0.760102 10 0.140740 8 0.099159
  4 -21.802603 44.265007 0.559935 -0.692653 -0.632593 0.346493 0.372120 0.290882 3 4 0.760102 10 0.140740 8 0.099159
engineer_handR_red
  4 -21.802603 44.265007 0.559935 -0.692653 -0.632593 0.346493 0.372120 0.290882 3 4 0.760102 10 0.140740 8 0.099159
  4 -21.779200 43.831905 -0.275332 -0.684485 -0.667976 0.292043 0.405366 0.291182 3 4 0.760102 10 0.140740 8 0.099159
  4 -21.732700 44.200409 0.581733 -0.692653 -0.632593 0.346493 0.372126 0.293561 3 4 0.760102 10 0.140740 8 0.099159
engineer_handR_red
  4 -21.849503 43.889404 -0.319696 -0.720872 -0.640221 0.265446 0.405298 0.288494 3 4 0.760102 10 0.140740 8 0.099159
  4 -21.779200 43.831905 -0.275332 -0.684485 -0.667976 0.292043 0.405366 0.291182 3 4 0.760102 10 0.140740 8 0.099159
  4 -21.802603 44.265007 0.559935 -0.692653 -0.632593 0.346493 0.372120 0.290882 3 4 0.760102 10 0.140740 8 0.099159
engineer_handR_red
  4 -21.849503 43.889404 -0.319696 -0.720872 -0.640221 0.265446 0.405298 0.288494 3 4 0.760102 10 0.140740 8 0.099159
  4 -21.649902 43.354103 -1.231390 -0.699577 -0.684330 0.205631 0.444885 0.286945 3 4 0.760102 10 0.140740 8 0.099159
  4 -21.779200 43.831905 -0.275332 -0.684485 -0.667976 0.292043 0.405366 0.291182 3 4 0.760102 10 0.140740 8 0.099159
engineer_handR_red
  4 -21.715702 43.401207 -1.302890 -0.696334 -0.697548 0.168956 0.444848 0.284243 3 4 0.760102 10 0.140740 8 0.099159
  4 -21.649902 43.354103 -1.231390 -0.699577 -0.684330 0.205631 0.444885 0.286945 3 4 0.760102 10 0.140740 8 0.099159
  4 -21.849503 43.889404 -0.319696 -0.720872 -0.640221 0.265446 0.405298 0.288494 3 4 0.760102 10 0.140740 8 0.099159
engineer_handR_red
  4 -21.715702 43.401207 -1.302890 -0.696334 -0.697548 0.168956 0.444848 0.284243 3 4 0.760102 10 0.140740 8 0.099159
  4 -21.239799 42.778908 -2.169930 -0.650429 -0.752331 0.104593 0.488300 0.281745 3 4 0.760102 10 0.140740 8 0.099159
  4 -21.649902 43.354103 -1.231390 -0.699577 -0.684330 0.205631 0.444885 0.286945 3 4 0.760102 10 0.140740 8 0.099159
engineer_handR_red
  4 -21.292202 42.811707 -2.268560 -0.619053 -0.782797 0.063270 0.488346 0.279028 3 4 0.760102 10 0.140740 8 0.099159
  4 -21.239799 42.778908 -2.169930 -0.650429 -0.752331 0.104593 0.488300 0.281745 3 4 0.760102 10 0.140740 8 0.099159
  4 -21.715702 43.401207 -1.302890 -0.696334 -0.697548 0.168956 0.444848 0.284243 3 4 0.760102 10 0.140740 8 0.099159
engineer_handR_red
  4 -21.292202 42.811707 -2.268560 -0.619053 -0.782797 0.063270 0.488346 0.279028 3 4 0.760102 10 0.140740 8 0.099159
  4 -20.156900 41.975307 -3.063990 -0.526059 -0.850315 0.015025 0.543028 0.278200 3 4 0.760102 10 0.140740 8 0.099159
  4 -21.239799 42.778908 -2.169930 -0.650429 -0.752331 0.104593 0.488300 0.281745 3 4 0.760102 10 0.140740 8 0.099159
engineer_handR_red
  4 -20.177198 41.986305 -3.187350 -0.470880 -0.882197 0.000969 0.543136 0.275467 3 4 0.760101 10 0.140742 8 0.099158
  4 -20.156900 41.975307 -3.063990 -0.526059 -0.850315 0.015025 0.543028 0.278200 3 4 0.760102 10 0.140740 8 0.099159
  4 -21.292202 42.811707 -2.268560 -0.619053 -0.782797 0.063270 0.488346 0.279028 3 4 0.760102 10 0.140740 8 0.099159
engineer_handR_red
  4 -20.177198 41.986305 -3.187350 -0.470880 -0.882197 0.000969 0.543136 0.275467 3 4 0.760101 10 0.140742 8 0.099158
  4 -18.930799 41.423603 -3.272300 -0.300149 -0.953840 0.010026 0.585218 0.277860 3 4 0.760102 10 0.140740 8 0.099159
  4 -20.156900 41.975307 -3.063990 -0.526059 -0.850315 0.015025 0.543028 0.278200 3 4 0.760102 10 0.140740 8 0.099159
engineer_handR_red
  4 -18.913797 41.416901 -3.400490 -0.300149 -0.953839 0.010026 0.585436 0.275150 3 4 0.760098 10 0.140748 8 0.099154
  4 -18.930799 41.423603 -3.272300 -0.300149 -0.953840 0.010026 0.585218 0.277860 3 4 0.760102 10 0.140740 8 0.099159
  4 -20.177198 41.986305 -3.187350 -0.470880 -0.882197 0.000969 0.543136 0.275467 3 4 0.760101 10 0.140742 8 0.099158
end
