// Created by Crowbar 0.68
version 1
nodes
  0 "root" -1
  1 "bip_collar_L" 0
  2 "bip_collar_R" 0
  3 "bip_upperArm_L" 1
  4 "bip_upperArm_R" 2
  5 "bip_lowerArm_L" 3
  6 "bip_lowerArm_R" 4
  7 "bip_hand_L" 5
  8 "bip_hand_R" 6
  9 "effect_hand_L" 7
  10 "effect_hand_R" 8
  11 "vm_weapon_bone" 8
  12 "vm_weapon_bone_1" 8
  13 "vm_weapon_bone_2" 8
  14 "vm_weapon_bone_3" 8
  15 "vm_weapon_bone_4" 8
  16 "vm_weapon_bone_5" 8
  17 "vm_weapon_bone_6" 8
  18 "vm_weapon_bone_7" 8
  19 "vm_weapon_bone_L" 7
  20 "vm_weapon_bone_L_1" 7
  21 "vm_weapon_bone_L_2" 7
  22 "weapon_bone" 8
  23 "weapon_bone_1" 8
  24 "weapon_bone_2" 8
  25 "weapon_bone_3" 8
  26 "weapon_bone_4" 8
  27 "weapon_bone_L" 7
  28 "bip_thumb_0_L" 7
  29 "bip_thumb_0_R" 8
  30 "bip_thumb_1_L" 28
  31 "bip_thumb_1_R" 29
  32 "bip_thumb_2_L" 30
  33 "bip_thumb_2_R" 31
  34 "bip_index_0_L" 7
  35 "bip_index_0_R" 8
  36 "bip_index_1_L" 34
  37 "bip_index_1_R" 35
  38 "bip_index_2_L" 36
  39 "bip_index_2_R" 37
  40 "bip_middle_0_L" 7
  41 "bip_middle_0_R" 8
  42 "bip_middle_1_L" 40
  43 "bip_middle_1_R" 41
  44 "bip_middle_2_L" 42
  45 "bip_middle_2_R" 43
  46 "bip_ring_0_L" 7
  47 "bip_ring_0_R" 8
  48 "bip_ring_1_L" 46
  49 "bip_ring_1_R" 47
  50 "bip_ring_2_L" 48
  51 "bip_ring_2_R" 49
  52 "bip_pinky_0_L" 7
  53 "bip_pinky_0_R" 8
  54 "bip_pinky_1_L" 52
  55 "bip_pinky_1_R" 53
  56 "bip_pinky_2_L" 54
  57 "bip_pinky_2_R" 55
end
skeleton
  time 0
    0 0.000000 70.574600 1.210840 0.000000 0.000000 0.000000
    1 1.305631 0.000000 0.654511 0.498109 0.064955 1.290696
    2 -1.305630 0.000000 0.654510 -2.643484 -0.064955 -1.290696
    3 -0.000015 -8.747574 0.000000 -0.279509 -0.330711 -0.821869
    4 -0.000015 8.747572 0.000000 -0.279510 -0.330711 -0.821869
    5 0.000004 -12.789986 -0.000001 -0.312765 0.000000 0.000000
    6 0.000031 12.789986 0.000000 -0.312765 0.000000 0.000000
    7 0.000000 -11.535656 -0.000005 0.000000 0.000000 0.000000
    8 -0.000019 11.535679 0.000011 0.000000 0.000000 0.000000
    9 -1.973114 -3.060043 -0.496675 0.082356 -0.062431 2.920741
    10 1.973125 3.060036 0.496675 -0.082354 0.062439 -0.220853
    11 2.988033 5.244392 0.161969 -1.252075 0.047682 -0.423161
    12 3.320210 5.952023 0.419589 -1.252075 0.047682 -0.423161
    13 3.786766 6.945927 0.781427 -1.252075 0.047682 -0.423161
    14 4.215763 7.859806 1.114133 -1.252075 0.047682 -0.423161
    15 4.801836 9.108303 1.568659 -1.252075 0.047682 -0.423161
    16 5.491838 10.578205 2.103789 -1.252075 0.047682 -0.423161
    17 6.138348 11.955448 2.605187 -1.252075 0.047682 -0.423161
    18 6.642494 13.029421 2.996177 -1.252075 0.047682 -0.423161
    19 -4.215206 -4.691710 -0.097744 1.889518 0.047682 -0.423161
    20 -4.829796 -6.000950 -0.574386 1.889518 0.047682 -0.423161
    21 -5.357635 -7.125397 -0.983751 1.889518 0.047682 -0.423161
    22 2.227039 5.587126 0.201796 -1.252075 0.047682 -0.423161
    23 2.227039 5.587126 0.201796 -1.252075 0.047682 -0.423161
    24 2.227039 5.587126 0.201796 -1.252075 0.047682 -0.423161
    25 2.227039 5.587126 0.201796 -1.252075 0.047682 -0.423161
    26 2.227039 5.587126 0.201796 -1.252075 0.047682 -0.423161
    27 -2.227024 -5.587128 -0.201794 1.889518 0.047682 -0.423161
    28 -1.533504 -2.157135 2.270475 -0.195815 0.068457 -0.467592
    29 1.533531 2.157104 -2.270484 -0.195815 0.068457 -0.467592
    30 0.000003 -2.788845 0.000000 0.036810 0.000000 0.000000
    31 -0.000025 2.788849 -0.000006 0.036809 0.000000 0.000000
    32 -0.000003 -1.626434 0.000002 -0.306075 0.000000 0.000000
    33 -0.000021 1.626461 0.000015 -0.306075 0.000000 0.000000
    34 -0.224178 -6.146786 2.425699 1.548564 1.409217 1.120112
    35 0.224171 6.146811 -2.425689 1.548564 1.409218 1.120113
    36 -0.000002 -2.470013 0.000004 0.742416 0.000000 0.000000
    37 0.000023 2.469940 0.000065 0.742417 0.000000 0.000000
    38 0.000001 -1.775543 0.000000 -0.033990 0.000000 0.000000
    39 -0.000003 1.775558 -0.000022 -0.033990 0.000000 0.000000
    40 -0.335812 -5.901419 0.441528 2.100668 1.382335 1.766289
    41 0.335846 5.901382 -0.441533 2.100669 1.382335 1.766291
    42 0.000001 -2.973972 0.000000 0.922890 0.000000 0.000000
    43 0.000002 2.974030 -0.000013 0.922891 0.000000 0.000000
    44 -0.000004 -2.194397 -0.000001 0.230223 0.000000 0.000000
    45 0.000010 2.194370 0.000061 0.230221 0.000000 0.000000
    46 -0.681835 -5.259802 -1.236480 2.261887 1.309134 1.986278
    47 0.681850 5.259848 1.236489 2.261887 1.309134 1.986278
    48 -0.000001 -2.601486 0.000002 0.923005 0.000000 0.000000
    49 0.000008 2.601433 -0.000053 0.923006 0.000000 0.000000
    50 0.000001 -1.651787 0.000004 0.068782 0.000000 0.000000
    51 -0.000015 1.651848 -0.000021 0.068781 0.000000 0.000000
    52 -0.761402 -4.822300 -2.782144 2.391388 1.155843 1.980822
    53 0.761452 4.822269 2.782139 2.391387 1.155843 1.980821
    54 -0.000001 -2.219696 0.000006 0.839391 0.000000 0.000000
    55 0.000008 2.219704 -0.000032 0.839391 0.000000 0.000000
    56 0.000000 -1.372696 0.000000 -0.013618 0.000000 0.000000
    57 0.000003 1.372696 -0.000017 -0.013618 0.000000 0.000000
end
triangles
pyro_red
  3 7.740132 62.395687 -3.716098 -0.765128 -0.535829 -0.357024 -0.513841 0.516524 1 3 1.000000
  3 8.511683 61.405762 -1.271715 -0.809548 -0.542181 0.225103 -0.467396 0.450570 1 3 1.000000
  3 8.052010 62.156044 -1.187147 -0.744456 -0.624830 0.235315 -0.466722 0.452219 1 3 1.000000
pyro_red
  3 8.525849 63.027863 1.352282 -0.231878 -0.611768 0.756289 -0.609176 0.519285 1 3 1.000000
  3 9.188185 62.520836 1.074947 -0.373757 -0.469609 0.799858 -0.607878 0.506784 1 3 1.000000
  3 9.785571 63.443211 1.234362 0.253239 -0.137031 0.957649 -0.595848 0.522634 1 3 1.000000
pyro_red
  3 8.525849 63.027863 1.352282 -0.231878 -0.611768 0.756289 -0.609176 0.519285 1 3 1.000000
  3 9.785571 63.443211 1.234362 0.253239 -0.137031 0.957649 -0.595848 0.522634 1 3 1.000000
  3 9.149137 64.322197 1.873487 0.378701 -0.242725 0.893124 -0.599377 0.540170 1 3 1.000000
pyro_red
  3 10.719604 64.534081 0.919326 0.602223 0.147403 0.784601 -0.591628 0.528737 1 3 1.000000
  3 9.149137 64.322197 1.873487 0.378701 -0.242725 0.893124 -0.599377 0.540170 1 3 1.000000
  3 9.785571 63.443211 1.234362 0.253239 -0.137031 0.957649 -0.595848 0.522634 1 3 1.000000
pyro_red
  3 10.719604 64.534081 0.919326 0.602223 0.147403 0.784601 -0.591628 0.528737 1 3 1.000000
  3 9.855797 66.520920 1.486160 0.683739 0.083092 0.724981 -0.592546 0.559026 1 3 1.000000
  3 9.149137 64.322197 1.873487 0.378701 -0.242725 0.893124 -0.599377 0.540170 1 3 1.000000
pyro_red
  3 9.855797 66.520920 1.486160 0.683739 0.083092 0.724981 -0.592546 0.559026 1 3 1.000000
  3 10.719604 64.534081 0.919326 0.602223 0.147403 0.784601 -0.591628 0.528737 1 3 1.000000
  3 11.420276 65.732254 -0.416058 0.821953 0.368288 0.434462 -0.578131 0.537939 1 3 1.000000
pyro_red
  3 9.855797 66.520920 1.486160 0.683739 0.083092 0.724981 -0.592546 0.559026 1 3 1.000000
  3 11.420276 65.732254 -0.416058 0.821953 0.368288 0.434462 -0.578131 0.537939 1 3 1.000000
  3 10.489952 68.045105 -0.282490 0.851988 0.356773 0.383183 -0.578219 0.572713 1 3 1.000000
pyro_red
  3 10.489952 68.045105 -0.282490 0.851988 0.356773 0.383183 -0.578219 0.572713 1 3 1.000000
  3 11.420276 65.732254 -0.416058 0.821953 0.368288 0.434462 -0.578131 0.537939 1 3 1.000000
  3 12.020726 65.994858 -2.322658 0.891411 0.453028 -0.012334 -0.563639 0.537571 1 3 1.000000
pyro_red
  3 10.489952 68.045105 -0.282490 0.851988 0.356773 0.383183 -0.578219 0.572713 1 3 1.000000
  3 12.020726 65.994858 -2.322658 0.891411 0.453028 -0.012334 -0.563639 0.537571 1 3 1.000000
  3 10.464094 68.379166 -2.343305 0.874247 0.482340 -0.055130 -0.563789 0.570363 1 3 1.000000
pyro_red
  3 12.020726 65.994858 -2.322658 0.891411 0.453028 -0.012334 -0.563639 0.537571 1 3 1.000000
  3 10.144867 67.735306 -4.691335 0.755465 0.344152 -0.557523 -0.547562 0.576988 1 3 1.000000
  3 10.464094 68.379166 -2.343305 0.874247 0.482340 -0.055130 -0.563789 0.570363 1 3 1.000000
pyro_red
  3 12.020726 65.994858 -2.322658 0.891411 0.453028 -0.012334 -0.563639 0.537571 1 3 1.000000
  3 11.919595 64.600937 -4.367248 0.755465 0.344152 -0.557523 -0.548796 0.525407 1 3 1.000000
  3 10.144867 67.735306 -4.691335 0.755465 0.344152 -0.557523 -0.547562 0.576988 1 3 1.000000
pyro_red
  3 11.919595 64.600937 -4.367248 0.755465 0.344152 -0.557523 -0.548796 0.525407 1 3 1.000000
  3 9.396674 66.204071 -6.050419 0.346619 -0.013028 -0.937915 -0.536493 0.569087 1 3 1.000000
  3 10.144867 67.735306 -4.691335 0.755465 0.344152 -0.557523 -0.547562 0.576988 1 3 1.000000
pyro_red
  3 11.919595 64.600937 -4.367248 0.755465 0.344152 -0.557523 -0.548796 0.525407 1 3 1.000000
  3 10.637003 63.234089 -5.598184 0.261189 -0.033428 -0.964709 -0.534020 0.522778 1 3 1.000000
  3 9.396674 66.204071 -6.050419 0.346619 -0.013028 -0.937915 -0.536493 0.569087 1 3 1.000000
pyro_red
  3 8.527635 64.206635 -5.838640 -0.314699 -0.378292 -0.870551 -0.527562 0.548958 1 3 1.000000
  3 9.396674 66.204071 -6.050419 0.346619 -0.013028 -0.937915 -0.536493 0.569087 1 3 1.000000
  3 10.637003 63.234089 -5.598184 0.261189 -0.033428 -0.964709 -0.534020 0.522778 1 3 1.000000
pyro_red
  3 8.527635 64.206635 -5.838640 -0.314699 -0.378292 -0.870551 -0.527562 0.548958 1 3 1.000000
  3 10.637003 63.234089 -5.598184 0.261189 -0.033428 -0.964709 -0.534020 0.522778 1 3 1.000000
  3 9.487692 62.014366 -5.003089 -0.351040 -0.387656 -0.852346 -0.526227 0.512621 1 3 1.000000
pyro_red
  3 9.487692 62.014366 -5.003089 -0.351040 -0.387656 -0.852346 -0.526227 0.512621 1 3 1.000000
  3 7.740132 62.395687 -3.716098 -0.765128 -0.535829 -0.357024 -0.513841 0.516524 1 3 1.000000
  3 8.527635 64.206635 -5.838640 -0.314699 -0.378292 -0.870551 -0.527562 0.548958 1 3 1.000000
pyro_red
  3 9.487692 62.014366 -5.003089 -0.351040 -0.387656 -0.852346 -0.526227 0.512621 1 3 1.000000
  3 8.753561 60.896648 -3.704632 -0.765128 -0.535829 -0.357024 -0.512301 0.503077 1 3 1.000000
  3 7.740132 62.395687 -3.716098 -0.765128 -0.535829 -0.357024 -0.513841 0.516524 1 3 1.000000
pyro_red
  3 7.740132 62.395687 -3.716098 -0.765128 -0.535829 -0.357024 -0.513841 0.516524 1 3 1.000000
  3 8.753561 60.896648 -3.704632 -0.765128 -0.535829 -0.357024 -0.512301 0.503077 1 3 1.000000
  3 8.511683 61.405762 -1.271715 -0.809548 -0.542181 0.225103 -0.467396 0.450570 1 3 1.000000
pyro_red
  3 8.753561 60.896648 -3.704632 -0.765128 -0.535829 -0.357024 -0.512301 0.503077 1 3 1.000000
  3 9.177787 60.255154 -1.280113 -0.881940 -0.425995 0.201765 -0.470914 0.443714 1 3 1.000000
  3 8.511683 61.405762 -1.271715 -0.809548 -0.542181 0.225103 -0.467396 0.450570 1 3 1.000000
pyro_red
  3 11.604233 57.834026 -4.520841 -0.490601 -0.236328 -0.838725 -0.525923 0.458466 1 3 1.000000
  3 12.913717 58.504135 -5.159360 0.085427 -0.007653 -0.996315 -0.533547 0.458859 1 3 1.000000
  5 13.571440 56.878334 -5.057423 0.085427 -0.007653 -0.996315 -0.532995 0.441232 2 5 0.500001 3 0.499999
pyro_red
  3 11.604233 57.834026 -4.520841 -0.490601 -0.236328 -0.838725 -0.525923 0.458466 1 3 1.000000
  5 13.571440 56.878334 -5.057423 0.085427 -0.007653 -0.996315 -0.532995 0.441232 2 5 0.500001 3 0.499999
  3 12.303226 56.251160 -4.491547 -0.436625 -0.230370 -0.869648 -0.525761 0.441542 2 3 0.500000 5 0.500000
pyro_red
  3 11.256777 55.867760 -3.501606 -0.837500 -0.355706 -0.414809 -0.512394 0.442464 2 3 0.500001 5 0.499999
  3 11.604233 57.834026 -4.520841 -0.490601 -0.236328 -0.838725 -0.525923 0.458466 1 3 1.000000
  3 12.303226 56.251160 -4.491547 -0.436625 -0.230370 -0.869648 -0.525761 0.441542 2 3 0.500000 5 0.500000
pyro_red
  3 11.256777 55.867760 -3.501606 -0.837500 -0.355706 -0.414809 -0.512394 0.442464 2 3 0.500001 5 0.499999
  3 10.516510 57.407692 -3.458257 -0.835758 -0.397676 -0.378632 -0.512168 0.458687 1 3 1.000000
  3 11.604233 57.834026 -4.520841 -0.490601 -0.236328 -0.838725 -0.525923 0.458466 1 3 1.000000
pyro_red
  3 11.604233 57.834026 -4.520841 -0.490601 -0.236328 -0.838725 -0.525923 0.458466 1 3 1.000000
  3 10.516510 57.407692 -3.458257 -0.835758 -0.397676 -0.378632 -0.512168 0.458687 1 3 1.000000
  3 9.479364 59.565208 -3.397525 -0.798538 -0.466487 -0.380431 -0.511852 0.481415 1 3 1.000000
pyro_red
  3 11.604233 57.834026 -4.520841 -0.490601 -0.236328 -0.838725 -0.525923 0.458466 1 3 1.000000
  3 9.479364 59.565208 -3.397525 -0.798538 -0.466487 -0.380431 -0.511852 0.481415 1 3 1.000000
  3 10.557750 60.232124 -4.568350 -0.444650 -0.319175 -0.836907 -0.526210 0.484071 1 3 1.000000
pyro_red
  3 10.557750 60.232124 -4.568350 -0.444650 -0.319175 -0.836907 -0.526210 0.484071 1 3 1.000000
  3 9.479364 59.565208 -3.397525 -0.798538 -0.466487 -0.380431 -0.511852 0.481415 1 3 1.000000
  3 8.753561 60.896648 -3.704632 -0.765128 -0.535829 -0.357024 -0.512301 0.503077 1 3 1.000000
pyro_red
  3 10.557750 60.232124 -4.568350 -0.444650 -0.319175 -0.836907 -0.526210 0.484071 1 3 1.000000
  3 8.753561 60.896648 -3.704632 -0.765128 -0.535829 -0.357024 -0.512301 0.503077 1 3 1.000000
  3 9.487692 62.014366 -5.003089 -0.351040 -0.387656 -0.852346 -0.526227 0.512621 1 3 1.000000
pyro_red
  3 11.850956 61.131142 -5.324073 0.128868 -0.030622 -0.991189 -0.534437 0.487341 1 3 1.000000
  3 10.557750 60.232124 -4.568350 -0.444650 -0.319175 -0.836907 -0.526210 0.484071 1 3 1.000000
  3 9.487692 62.014366 -5.003089 -0.351040 -0.387656 -0.852346 -0.526227 0.512621 1 3 1.000000
pyro_red
  3 11.850956 61.131142 -5.324073 0.128868 -0.030622 -0.991189 -0.534437 0.487341 1 3 1.000000
  3 9.487692 62.014366 -5.003089 -0.351040 -0.387656 -0.852346 -0.526227 0.512621 1 3 1.000000
  3 10.637003 63.234089 -5.598184 0.261189 -0.033428 -0.964709 -0.534020 0.522778 1 3 1.000000
pyro_red
  3 10.637003 63.234089 -5.598184 0.261189 -0.033428 -0.964709 -0.534020 0.522778 1 3 1.000000
  3 13.304017 61.944141 -4.164348 0.729178 0.339051 -0.594427 -0.548853 0.483435 1 3 1.000000
  3 11.850956 61.131142 -5.324073 0.128868 -0.030622 -0.991189 -0.534437 0.487341 1 3 1.000000
pyro_red
  3 10.637003 63.234089 -5.598184 0.261189 -0.033428 -0.964709 -0.534020 0.522778 1 3 1.000000
  3 11.919595 64.600937 -4.367248 0.755465 0.344152 -0.557523 -0.548796 0.525407 1 3 1.000000
  3 13.304017 61.944141 -4.164348 0.729178 0.339051 -0.594427 -0.548853 0.483435 1 3 1.000000
pyro_red
  3 13.609200 62.440426 -2.038947 0.870882 0.491368 0.011032 -0.563851 0.483335 1 3 1.000000
  3 13.304017 61.944141 -4.164348 0.729178 0.339051 -0.594427 -0.548853 0.483435 1 3 1.000000
  3 11.919595 64.600937 -4.367248 0.755465 0.344152 -0.557523 -0.548796 0.525407 1 3 1.000000
pyro_red
  3 13.609200 62.440426 -2.038947 0.870882 0.491368 0.011032 -0.563851 0.483335 1 3 1.000000
  3 11.919595 64.600937 -4.367248 0.755465 0.344152 -0.557523 -0.548796 0.525407 1 3 1.000000
  3 12.020726 65.994858 -2.322658 0.891411 0.453028 -0.012334 -0.563639 0.537571 1 3 1.000000
pyro_red
  3 12.890512 62.744865 -0.542273 0.732388 0.446629 0.513936 -0.576395 0.490839 1 3 1.000000
  3 13.609200 62.440426 -2.038947 0.870882 0.491368 0.011032 -0.563851 0.483335 1 3 1.000000
  3 12.020726 65.994858 -2.322658 0.891411 0.453028 -0.012334 -0.563639 0.537571 1 3 1.000000
pyro_red
  3 12.890512 62.744865 -0.542273 0.732388 0.446629 0.513936 -0.576395 0.490839 1 3 1.000000
  3 12.020726 65.994858 -2.322658 0.891411 0.453028 -0.012334 -0.563639 0.537571 1 3 1.000000
  3 11.420276 65.732254 -0.416058 0.821953 0.368288 0.434462 -0.578131 0.537939 1 3 1.000000
pyro_red
  3 10.719604 64.534081 0.919326 0.602223 0.147403 0.784601 -0.591628 0.528737 1 3 1.000000
  3 12.890512 62.744865 -0.542273 0.732388 0.446629 0.513936 -0.576395 0.490839 1 3 1.000000
  3 11.420276 65.732254 -0.416058 0.821953 0.368288 0.434462 -0.578131 0.537939 1 3 1.000000
pyro_red
  3 10.719604 64.534081 0.919326 0.602223 0.147403 0.784601 -0.591628 0.528737 1 3 1.000000
  3 12.085131 62.371712 0.654461 0.470884 0.288499 0.833688 -0.584719 0.490816 1 3 1.000000
  3 12.890512 62.744865 -0.542273 0.732388 0.446629 0.513936 -0.576395 0.490839 1 3 1.000000
pyro_red
  5 13.571440 56.878334 -5.057423 0.085427 -0.007653 -0.996315 -0.532995 0.441232 2 5 0.500001 3 0.499999
  3 12.913717 58.504135 -5.159360 0.085427 -0.007653 -0.996315 -0.533547 0.458859 1 3 1.000000
  3 14.641077 59.414047 -3.952507 0.720003 0.306036 -0.622846 -0.549127 0.453987 1 3 1.000000
pyro_red
  3 9.785571 63.443211 1.234362 0.253239 -0.137031 0.957649 -0.595848 0.522634 1 3 1.000000
  3 12.085131 62.371712 0.654461 0.470884 0.288499 0.833688 -0.584719 0.490816 1 3 1.000000
  3 10.719604 64.534081 0.919326 0.602223 0.147403 0.784601 -0.591628 0.528737 1 3 1.000000
pyro_red
  3 9.785571 63.443211 1.234362 0.253239 -0.137031 0.957649 -0.595848 0.522634 1 3 1.000000
  3 11.009476 61.611374 1.027271 0.067512 0.056478 0.996119 -0.593043 0.490794 1 3 1.000000
  3 12.085131 62.371712 0.654461 0.470884 0.288499 0.833688 -0.584719 0.490816 1 3 1.000000
pyro_red
  3 9.188185 62.520836 1.074947 -0.373757 -0.469609 0.799858 -0.607878 0.506784 1 3 1.000000
  3 11.009476 61.611374 1.027271 0.067512 0.056478 0.996119 -0.593043 0.490794 1 3 1.000000
  3 9.785571 63.443211 1.234362 0.253239 -0.137031 0.957649 -0.595848 0.522634 1 3 1.000000
pyro_red
  3 9.188185 62.520836 1.074947 -0.373757 -0.469609 0.799858 -0.607878 0.506784 1 3 1.000000
  3 9.725187 61.092690 0.953628 -0.546350 -0.261950 0.795540 -0.608328 0.485678 1 3 1.000000
  3 11.009476 61.611374 1.027271 0.067512 0.056478 0.996119 -0.593043 0.490794 1 3 1.000000
pyro_red
  3 11.009476 61.611374 1.027271 0.067512 0.056478 0.996119 -0.593043 0.490794 1 3 1.000000
  3 9.725187 61.092690 0.953628 -0.546350 -0.261950 0.795540 -0.608328 0.485678 1 3 1.000000
  3 10.997047 58.403534 1.132555 -0.582685 -0.255154 0.771605 -0.609559 0.456338 1 3 1.000000
pyro_red
  3 11.009476 61.611374 1.027271 0.067512 0.056478 0.996119 -0.593043 0.490794 1 3 1.000000
  3 10.997047 58.403534 1.132555 -0.582685 -0.255154 0.771605 -0.609559 0.456338 1 3 1.000000
  3 12.411224 59.113892 1.425047 -0.001855 0.104506 0.994522 -0.592845 0.460522 1 3 1.000000
pyro_red
  3 13.574087 59.520752 1.090639 0.426904 0.341758 0.837230 -0.585305 0.459268 1 3 1.000000
  3 11.009476 61.611374 1.027271 0.067512 0.056478 0.996119 -0.593043 0.490794 1 3 1.000000
  3 12.411224 59.113892 1.425047 -0.001855 0.104506 0.994522 -0.592845 0.460522 1 3 1.000000
pyro_red
  3 13.574087 59.520752 1.090639 0.426904 0.341758 0.837230 -0.585305 0.459268 1 3 1.000000
  3 12.085131 62.371712 0.654461 0.470884 0.288499 0.833688 -0.584719 0.490816 1 3 1.000000
  3 11.009476 61.611374 1.027271 0.067512 0.056478 0.996119 -0.593043 0.490794 1 3 1.000000
pyro_red
  3 12.890512 62.744865 -0.542273 0.732388 0.446629 0.513936 -0.576395 0.490839 1 3 1.000000
  3 12.085131 62.371712 0.654461 0.470884 0.288499 0.833688 -0.584719 0.490816 1 3 1.000000
  3 13.574087 59.520752 1.090639 0.426904 0.341758 0.837230 -0.585305 0.459268 1 3 1.000000
pyro_red
  3 12.890512 62.744865 -0.542273 0.732388 0.446629 0.513936 -0.576395 0.490839 1 3 1.000000
  3 13.574087 59.520752 1.090639 0.426904 0.341758 0.837230 -0.585305 0.459268 1 3 1.000000
  3 14.685045 59.737110 -0.110263 0.732388 0.446629 0.513936 -0.577765 0.458014 1 3 1.000000
pyro_red
  3 13.609200 62.440426 -2.038947 0.870882 0.491368 0.011032 -0.563851 0.483335 1 3 1.000000
  3 12.890512 62.744865 -0.542273 0.732388 0.446629 0.513936 -0.576395 0.490839 1 3 1.000000
  3 14.685045 59.737110 -0.110263 0.732388 0.446629 0.513936 -0.577765 0.458014 1 3 1.000000
pyro_red
  3 13.609200 62.440426 -2.038947 0.870882 0.491368 0.011032 -0.563851 0.483335 1 3 1.000000
  3 14.685045 59.737110 -0.110263 0.732388 0.446629 0.513936 -0.577765 0.458014 1 3 1.000000
  3 15.522682 59.899883 -1.704455 0.887230 0.460756 0.022969 -0.564312 0.456044 1 3 1.000000
pyro_red
  3 13.609200 62.440426 -2.038947 0.870882 0.491368 0.011032 -0.563851 0.483335 1 3 1.000000
  3 15.522682 59.899883 -1.704455 0.887230 0.460756 0.022969 -0.564312 0.456044 1 3 1.000000
  3 14.641077 59.414047 -3.952507 0.720003 0.306036 -0.622846 -0.549127 0.453987 1 3 1.000000
pyro_red
  3 13.609200 62.440426 -2.038947 0.870882 0.491368 0.011032 -0.563851 0.483335 1 3 1.000000
  3 14.641077 59.414047 -3.952507 0.720003 0.306036 -0.622846 -0.549127 0.453987 1 3 1.000000
  3 13.304017 61.944141 -4.164348 0.729178 0.339051 -0.594427 -0.548853 0.483435 1 3 1.000000
pyro_red
  3 14.641077 59.414047 -3.952507 0.720003 0.306036 -0.622846 -0.549127 0.453987 1 3 1.000000
  3 11.850956 61.131142 -5.324073 0.128868 -0.030622 -0.991189 -0.534437 0.487341 1 3 1.000000
  3 13.304017 61.944141 -4.164348 0.729178 0.339051 -0.594427 -0.548853 0.483435 1 3 1.000000
pyro_red
  3 14.641077 59.414047 -3.952507 0.720003 0.306036 -0.622846 -0.549127 0.453987 1 3 1.000000
  3 12.913717 58.504135 -5.159360 0.085427 -0.007653 -0.996315 -0.533547 0.458859 1 3 1.000000
  3 11.850956 61.131142 -5.324073 0.128868 -0.030622 -0.991189 -0.534437 0.487341 1 3 1.000000
pyro_red
  3 12.913717 58.504135 -5.159360 0.085427 -0.007653 -0.996315 -0.533547 0.458859 1 3 1.000000
  3 10.557750 60.232124 -4.568350 -0.444650 -0.319175 -0.836907 -0.526210 0.484071 1 3 1.000000
  3 11.850956 61.131142 -5.324073 0.128868 -0.030622 -0.991189 -0.534437 0.487341 1 3 1.000000
pyro_red
  3 12.913717 58.504135 -5.159360 0.085427 -0.007653 -0.996315 -0.533547 0.458859 1 3 1.000000
  3 11.604233 57.834026 -4.520841 -0.490601 -0.236328 -0.838725 -0.525923 0.458466 1 3 1.000000
  3 10.557750 60.232124 -4.568350 -0.444650 -0.319175 -0.836907 -0.526210 0.484071 1 3 1.000000
pyro_red
  5 13.571440 56.878334 -5.057423 0.085427 -0.007653 -0.996315 -0.532995 0.441232 2 5 0.500001 3 0.499999
  3 14.641077 59.414047 -3.952507 0.720003 0.306036 -0.622846 -0.549127 0.453987 1 3 1.000000
  3 15.518120 57.754429 -3.813552 0.669909 0.343953 -0.657965 -0.549306 0.434670 2 3 0.500000 5 0.500000
pyro_red
  3 15.951042 58.262325 -1.522776 0.870882 0.491368 0.011032 -0.565123 0.433720 2 3 0.500000 5 0.500000
  3 15.518120 57.754429 -3.813552 0.669909 0.343953 -0.657965 -0.549306 0.434670 2 3 0.500000 5 0.500000
  3 14.641077 59.414047 -3.952507 0.720003 0.306036 -0.622846 -0.549127 0.453987 1 3 1.000000
pyro_red
  3 15.951042 58.262325 -1.522776 0.870882 0.491368 0.011032 -0.565123 0.433720 2 3 0.500000 5 0.500000
  3 14.641077 59.414047 -3.952507 0.720003 0.306036 -0.622846 -0.549127 0.453987 1 3 1.000000
  3 15.522682 59.899883 -1.704455 0.887230 0.460756 0.022969 -0.564312 0.456044 1 3 1.000000
pyro_red
  3 15.363775 58.407860 0.022962 0.732388 0.446629 0.513936 -0.579701 0.436360 2 3 0.500000 5 0.500000
  3 15.951042 58.262325 -1.522776 0.870882 0.491368 0.011032 -0.565123 0.433720 2 3 0.500000 5 0.500000
  3 15.522682 59.899883 -1.704455 0.887230 0.460756 0.022969 -0.564312 0.456044 1 3 1.000000
pyro_red
  3 15.363775 58.407860 0.022962 0.732388 0.446629 0.513936 -0.579701 0.436360 2 3 0.500000 5 0.500000
  3 15.522682 59.899883 -1.704455 0.887230 0.460756 0.022969 -0.564312 0.456044 1 3 1.000000
  3 14.685045 59.737110 -0.110263 0.732388 0.446629 0.513936 -0.577765 0.458014 1 3 1.000000
pyro_red
  3 14.685045 59.737110 -0.110263 0.732388 0.446629 0.513936 -0.577765 0.458014 1 3 1.000000
  3 14.308430 57.928570 1.342659 0.398013 0.266833 0.877716 -0.586205 0.437975 2 3 0.500000 5 0.500000
  3 15.363775 58.407860 0.022962 0.732388 0.446629 0.513936 -0.579701 0.436360 2 3 0.500000 5 0.500000
pyro_red
  3 14.685045 59.737110 -0.110263 0.732388 0.446629 0.513936 -0.577765 0.458014 1 3 1.000000
  3 13.574087 59.520752 1.090639 0.426904 0.341758 0.837230 -0.585305 0.459268 1 3 1.000000
  3 14.308430 57.928570 1.342659 0.398013 0.266833 0.877716 -0.586205 0.437975 2 3 0.500000 5 0.500000
pyro_red
  3 13.574087 59.520752 1.090639 0.426904 0.341758 0.837230 -0.585305 0.459268 1 3 1.000000
  3 13.498135 57.386917 1.580837 -0.013825 -0.019675 0.999711 -0.592709 0.439589 2 3 0.500000 5 0.500000
  3 14.308430 57.928570 1.342659 0.398013 0.266833 0.877716 -0.586205 0.437975 2 3 0.500000 5 0.500000
pyro_red
  3 13.574087 59.520752 1.090639 0.426904 0.341758 0.837230 -0.585305 0.459268 1 3 1.000000
  3 12.411224 59.113892 1.425047 -0.001855 0.104506 0.994522 -0.592845 0.460522 1 3 1.000000
  3 13.498135 57.386917 1.580837 -0.013825 -0.019675 0.999711 -0.592709 0.439589 2 3 0.500000 5 0.500000
pyro_red
  3 12.411224 59.113892 1.425047 -0.001855 0.104506 0.994522 -0.592845 0.460522 1 3 1.000000
  3 11.802555 56.949066 1.110071 -0.582685 -0.255154 0.771605 -0.610225 0.440469 2 3 0.500000 5 0.500000
  3 13.498135 57.386917 1.580837 -0.013825 -0.019675 0.999711 -0.592709 0.439589 2 3 0.500000 5 0.500000
pyro_red
  3 12.411224 59.113892 1.425047 -0.001855 0.104506 0.994522 -0.592845 0.460522 1 3 1.000000
  3 10.997047 58.403534 1.132555 -0.582685 -0.255154 0.771605 -0.609559 0.456338 1 3 1.000000
  3 11.802555 56.949066 1.110071 -0.582685 -0.255154 0.771605 -0.610225 0.440469 2 3 0.500000 5 0.500000
pyro_red
  3 11.802555 56.949066 1.110071 -0.582685 -0.255154 0.771605 -0.610225 0.440469 2 3 0.500000 5 0.500000
  3 10.997047 58.403534 1.132555 -0.582685 -0.255154 0.771605 -0.609559 0.456338 1 3 1.000000
  3 10.554406 57.732819 -0.974217 -0.881940 -0.425995 0.201765 -0.639535 0.425379 1 3 1.000000
pyro_red
  3 9.177787 60.255154 -1.280113 -0.881940 -0.425995 0.201765 -0.639851 0.453824 1 3 1.000000
  3 10.554406 57.732819 -0.974217 -0.881940 -0.425995 0.201765 -0.639535 0.425379 1 3 1.000000
  3 10.997047 58.403534 1.132555 -0.582685 -0.255154 0.771605 -0.609559 0.456338 1 3 1.000000
pyro_red
  3 9.177787 60.255154 -1.280113 -0.881940 -0.425995 0.201765 -0.639851 0.453824 1 3 1.000000
  3 10.997047 58.403534 1.132555 -0.582685 -0.255154 0.771605 -0.609559 0.456338 1 3 1.000000
  3 9.725187 61.092690 0.953628 -0.546350 -0.261950 0.795540 -0.608328 0.485678 1 3 1.000000
pyro_red
  3 8.511683 61.405762 -1.271715 -0.809548 -0.542181 0.225103 -0.638994 0.463921 1 3 1.000000
  3 9.177787 60.255154 -1.280113 -0.881940 -0.425995 0.201765 -0.639851 0.453824 1 3 1.000000
  3 9.725187 61.092690 0.953628 -0.546350 -0.261950 0.795540 -0.608328 0.485678 1 3 1.000000
pyro_red
  3 8.511683 61.405762 -1.271715 -0.809548 -0.542181 0.225103 -0.638994 0.463921 1 3 1.000000
  3 9.725187 61.092690 0.953628 -0.546350 -0.261950 0.795540 -0.608328 0.485678 1 3 1.000000
  3 9.188185 62.520836 1.074947 -0.373757 -0.469609 0.799858 -0.607878 0.506784 1 3 1.000000
pyro_red
  3 9.188185 62.520836 1.074947 -0.373757 -0.469609 0.799858 -0.607878 0.506784 1 3 1.000000
  3 8.052010 62.156044 -1.187147 -0.744456 -0.624830 0.235315 -0.639505 0.466046 1 3 1.000000
  3 8.511683 61.405762 -1.271715 -0.809548 -0.542181 0.225103 -0.638994 0.463921 1 3 1.000000
pyro_red
  3 9.188185 62.520836 1.074947 -0.373757 -0.469609 0.799858 -0.607878 0.506784 1 3 1.000000
  3 8.525849 63.027863 1.352282 -0.231878 -0.611768 0.756289 -0.609176 0.519285 1 3 1.000000
  3 8.052010 62.156044 -1.187147 -0.744456 -0.624830 0.235315 -0.639505 0.466046 1 3 1.000000
pyro_red
  3 11.802555 56.949066 1.110071 -0.582685 -0.255154 0.771605 -0.610225 0.440469 2 3 0.500000 5 0.500000
  3 10.554406 57.732819 -0.974217 -0.881940 -0.425995 0.201765 -0.639535 0.425379 1 3 1.000000
  3 11.368629 55.977642 -0.754706 -0.909337 -0.357211 0.213324 -0.639336 0.407421 2 3 0.500000 5 0.500000
pyro_red
  5 14.011907 51.612015 1.719487 -0.637885 -0.240441 0.731636 -0.617031 0.381028 1 5 1.000000
  5 11.982812 53.472103 -0.610200 -0.909337 -0.357211 0.213324 -0.640601 0.380831 1 5 1.000000
  5 13.679378 50.759079 0.123460 -0.820856 -0.543233 0.176334 -0.640265 0.362035 1 5 1.000000
pyro_red
  5 14.011907 51.612015 1.719487 -0.637885 -0.240441 0.731636 -0.617031 0.381028 1 5 1.000000
  5 12.700895 54.511784 0.987064 -0.614683 -0.176565 0.768758 -0.615246 0.405841 1 5 1.000000
  5 11.982812 53.472103 -0.610200 -0.909337 -0.357211 0.213324 -0.640601 0.380831 1 5 1.000000
pyro_red
  3 11.368629 55.977642 -0.754706 -0.909337 -0.357211 0.213324 -0.639336 0.407421 2 3 0.500000 5 0.500000
  5 11.982812 53.472103 -0.610200 -0.909337 -0.357211 0.213324 -0.640601 0.380831 1 5 1.000000
  5 12.700895 54.511784 0.987064 -0.614683 -0.176565 0.768758 -0.615246 0.405841 1 5 1.000000
pyro_red
  3 11.368629 55.977642 -0.754706 -0.909337 -0.357211 0.213324 -0.639336 0.407421 2 3 0.500000 5 0.500000
  5 12.700895 54.511784 0.987064 -0.614683 -0.176565 0.768758 -0.615246 0.405841 1 5 1.000000
  3 11.802555 56.949066 1.110071 -0.582685 -0.255154 0.771605 -0.610225 0.440469 2 3 0.500000 5 0.500000
pyro_red
  3 11.802555 56.949066 1.110071 -0.582685 -0.255154 0.771605 -0.610225 0.440469 2 3 0.500000 5 0.500000
  5 12.700895 54.511784 0.987064 -0.614683 -0.176565 0.768758 -0.615246 0.405841 1 5 1.000000
  5 14.015688 55.740456 1.271635 -0.140920 0.044913 0.989002 -0.596384 0.419196 1 5 1.000000
pyro_red
  3 11.802555 56.949066 1.110071 -0.582685 -0.255154 0.771605 -0.610225 0.440469 2 3 0.500000 5 0.500000
  5 14.015688 55.740456 1.271635 -0.140920 0.044913 0.989002 -0.596384 0.419196 1 5 1.000000
  3 13.498135 57.386917 1.580837 -0.013825 -0.019675 0.999711 -0.592709 0.439589 2 3 0.500000 5 0.500000
pyro_red
  5 14.015688 55.740456 1.271635 -0.140920 0.044913 0.989002 -0.596384 0.419196 1 5 1.000000
  3 14.308430 57.928570 1.342659 0.398013 0.266833 0.877716 -0.586205 0.437975 2 3 0.500000 5 0.500000
  3 13.498135 57.386917 1.580837 -0.013825 -0.019675 0.999711 -0.592709 0.439589 2 3 0.500000 5 0.500000
pyro_red
  5 14.015688 55.740456 1.271635 -0.140920 0.044913 0.989002 -0.596384 0.419196 1 5 1.000000
  5 15.469208 56.334564 1.256126 0.243868 0.321833 0.914851 -0.588614 0.412996 1 5 1.000000
  3 14.308430 57.928570 1.342659 0.398013 0.266833 0.877716 -0.586205 0.437975 2 3 0.500000 5 0.500000
pyro_red
  5 15.469208 56.334564 1.256126 0.243868 0.321833 0.914851 -0.588614 0.412996 1 5 1.000000
  3 15.363775 58.407860 0.022962 0.732388 0.446629 0.513936 -0.579701 0.436360 2 3 0.500000 5 0.500000
  3 14.308430 57.928570 1.342659 0.398013 0.266833 0.877716 -0.586205 0.437975 2 3 0.500000 5 0.500000
pyro_red
  5 15.469208 56.334564 1.256126 0.243868 0.321833 0.914851 -0.588614 0.412996 1 5 1.000000
  5 16.469976 56.451805 0.588159 0.622074 0.555553 0.551710 -0.580844 0.406797 1 5 1.000000
  3 15.363775 58.407860 0.022962 0.732388 0.446629 0.513936 -0.579701 0.436360 2 3 0.500000 5 0.500000
pyro_red
  5 16.469976 56.451805 0.588159 0.622074 0.555553 0.551710 -0.580844 0.406797 1 5 1.000000
  3 15.951042 58.262325 -1.522776 0.870882 0.491368 0.011032 -0.565123 0.433720 2 3 0.500000 5 0.500000
  3 15.363775 58.407860 0.022962 0.732388 0.446629 0.513936 -0.579701 0.436360 2 3 0.500000 5 0.500000
pyro_red
  5 16.469976 56.451805 0.588159 0.622074 0.555553 0.551710 -0.580844 0.406797 1 5 1.000000
  5 17.516645 56.422619 -1.583167 0.818605 0.574298 -0.008177 -0.565734 0.403288 1 5 1.000000
  3 15.951042 58.262325 -1.522776 0.870882 0.491368 0.011032 -0.565123 0.433720 2 3 0.500000 5 0.500000
pyro_red
  5 17.516645 56.422619 -1.583167 0.818605 0.574298 -0.008177 -0.565734 0.403288 1 5 1.000000
  3 15.518120 57.754429 -3.813552 0.669909 0.343953 -0.657965 -0.549306 0.434670 2 3 0.500000 5 0.500000
  3 15.951042 58.262325 -1.522776 0.870882 0.491368 0.011032 -0.565123 0.433720 2 3 0.500000 5 0.500000
pyro_red
  5 18.982944 54.132019 -0.717081 0.887230 0.460755 0.022969 -0.566157 0.384260 1 5 1.000000
  5 17.516645 56.422619 -1.583167 0.818605 0.574298 -0.008177 -0.565734 0.403288 1 5 1.000000
  5 16.469976 56.451805 0.588159 0.622074 0.555553 0.551710 -0.580844 0.406797 1 5 1.000000
pyro_red
  5 18.982944 54.132019 -0.717081 0.887230 0.460755 0.022969 -0.566157 0.384260 1 5 1.000000
  5 16.469976 56.451805 0.588159 0.622074 0.555553 0.551710 -0.580844 0.406797 1 5 1.000000
  5 17.872799 54.153877 1.613881 0.610929 0.479369 0.630056 -0.582061 0.385878 1 5 1.000000
pyro_red
  5 16.786192 53.773060 2.253408 0.146232 0.318427 0.936601 -0.590874 0.388800 1 5 1.000000
  5 17.872799 54.153877 1.613881 0.610929 0.479369 0.630056 -0.582061 0.385878 1 5 1.000000
  5 16.469976 56.451805 0.588159 0.622074 0.555553 0.551710 -0.580844 0.406797 1 5 1.000000
pyro_red
  5 16.786192 53.773060 2.253408 0.146232 0.318427 0.936601 -0.590874 0.388800 1 5 1.000000
  5 16.469976 56.451805 0.588159 0.622074 0.555553 0.551710 -0.580844 0.406797 1 5 1.000000
  5 15.469208 56.334564 1.256126 0.243868 0.321833 0.914851 -0.588614 0.412996 1 5 1.000000
pyro_red
  5 16.786192 53.773060 2.253408 0.146232 0.318427 0.936601 -0.590874 0.388800 1 5 1.000000
  5 15.469208 56.334564 1.256126 0.243868 0.321833 0.914851 -0.588614 0.412996 1 5 1.000000
  5 14.015688 55.740456 1.271635 -0.140920 0.044913 0.989002 -0.596384 0.419196 1 5 1.000000
pyro_red
  5 16.786192 53.773060 2.253408 0.146232 0.318427 0.936601 -0.590874 0.388800 1 5 1.000000
  5 14.015688 55.740456 1.271635 -0.140920 0.044913 0.989002 -0.596384 0.419196 1 5 1.000000
  5 15.246835 52.915375 2.240475 -0.252044 0.090704 0.963456 -0.599687 0.391722 1 5 1.000000
pyro_red
  5 12.700895 54.511784 0.987064 -0.614683 -0.176565 0.768758 -0.615246 0.405841 1 5 1.000000
  5 15.246835 52.915375 2.240475 -0.252044 0.090704 0.963456 -0.599687 0.391722 1 5 1.000000
  5 14.015688 55.740456 1.271635 -0.140920 0.044913 0.989002 -0.596384 0.419196 1 5 1.000000
pyro_red
  5 12.700895 54.511784 0.987064 -0.614683 -0.176565 0.768758 -0.615246 0.405841 1 5 1.000000
  5 14.011907 51.612015 1.719487 -0.637885 -0.240441 0.731636 -0.617031 0.381028 1 5 1.000000
  5 15.246835 52.915375 2.240475 -0.252044 0.090704 0.963456 -0.599687 0.391722 1 5 1.000000
pyro_red
  5 19.151886 50.904110 2.179433 0.646194 0.366130 0.669613 -0.583530 0.360645 1 5 1.000000
  5 17.872799 54.153877 1.613881 0.610929 0.479369 0.630056 -0.582061 0.385878 1 5 1.000000
  5 16.786192 53.773060 2.253408 0.146232 0.318427 0.936601 -0.590874 0.388800 1 5 1.000000
pyro_red
  5 19.151886 50.904110 2.179433 0.646194 0.366130 0.669613 -0.583530 0.360645 1 5 1.000000
  5 16.786192 53.773060 2.253408 0.146232 0.318427 0.936601 -0.590874 0.388800 1 5 1.000000
  5 18.324177 50.376289 2.698169 0.173638 0.213667 0.961351 -0.593601 0.359612 1 5 1.000000
pyro_red
  5 18.324177 50.376289 2.698169 0.173638 0.213667 0.961351 -0.593601 0.359612 1 5 1.000000
  5 16.786192 53.773060 2.253408 0.146232 0.318427 0.936601 -0.590874 0.388800 1 5 1.000000
  5 15.246835 52.915375 2.240475 -0.252044 0.090704 0.963456 -0.599687 0.391722 1 5 1.000000
pyro_red
  5 18.324177 50.376289 2.698169 0.173638 0.213667 0.961351 -0.593601 0.359612 1 5 1.000000
  5 15.246835 52.915375 2.240475 -0.252044 0.090704 0.963456 -0.599687 0.391722 1 5 1.000000
  5 17.123878 49.462749 2.781752 -0.235493 -0.014436 0.971769 -0.603671 0.358580 1 5 1.000000
pyro_red
  5 14.011907 51.612015 1.719487 -0.637885 -0.240441 0.731636 -0.617031 0.381028 1 5 1.000000
  5 17.123878 49.462749 2.781752 -0.235493 -0.014436 0.971769 -0.603671 0.358580 1 5 1.000000
  5 15.246835 52.915375 2.240475 -0.252044 0.090704 0.963456 -0.599687 0.391722 1 5 1.000000
pyro_red
  5 14.011907 51.612015 1.719487 -0.637885 -0.240441 0.731636 -0.617031 0.381028 1 5 1.000000
  5 16.382557 48.511196 2.042759 -0.610384 -0.355597 0.707801 -0.619185 0.351098 1 5 1.000000
  5 17.123878 49.462749 2.781752 -0.235493 -0.014436 0.971769 -0.603671 0.358580 1 5 1.000000
pyro_red
  5 13.679378 50.759079 0.123460 -0.820856 -0.543233 0.176334 -0.640265 0.362035 1 5 1.000000
  5 16.382557 48.511196 2.042759 -0.610384 -0.355597 0.707801 -0.619185 0.351098 1 5 1.000000
  5 14.011907 51.612015 1.719487 -0.637885 -0.240441 0.731636 -0.617031 0.381028 1 5 1.000000
pyro_red
  5 13.679378 50.759079 0.123460 -0.820856 -0.543233 0.176334 -0.640265 0.362035 1 5 1.000000
  5 16.126799 47.960018 0.911484 -0.769553 -0.616388 0.166898 -0.639859 0.339362 1 5 1.000000
  5 16.382557 48.511196 2.042759 -0.610384 -0.355597 0.707801 -0.619185 0.351098 1 5 1.000000
pyro_red
  3 8.753561 60.896648 -3.704632 -0.765128 -0.535829 -0.357024 -0.512301 0.503077 1 3 1.000000
  3 9.479364 59.565208 -3.397525 -0.798538 -0.466487 -0.380431 -0.511852 0.481415 1 3 1.000000
  3 9.177787 60.255154 -1.280113 -0.881940 -0.425995 0.201765 -0.470914 0.443714 1 3 1.000000
pyro_red
  3 9.479364 59.565208 -3.397525 -0.798538 -0.466487 -0.380431 -0.511852 0.481415 1 3 1.000000
  3 10.554406 57.732819 -0.974217 -0.881940 -0.425995 0.201765 -0.474679 0.424097 1 3 1.000000
  3 9.177787 60.255154 -1.280113 -0.881940 -0.425995 0.201765 -0.470914 0.443714 1 3 1.000000
pyro_red
  3 9.479364 59.565208 -3.397525 -0.798538 -0.466487 -0.380431 -0.511852 0.481415 1 3 1.000000
  3 10.516510 57.407692 -3.458257 -0.835758 -0.397676 -0.378632 -0.512168 0.458687 1 3 1.000000
  3 10.554406 57.732819 -0.974217 -0.881940 -0.425995 0.201765 -0.474679 0.424097 1 3 1.000000
pyro_red
  3 11.368629 55.977642 -0.754706 -0.909337 -0.357211 0.213324 -0.477056 0.411712 2 3 0.500000 5 0.500000
  3 10.554406 57.732819 -0.974217 -0.881940 -0.425995 0.201765 -0.474679 0.424097 1 3 1.000000
  3 10.516510 57.407692 -3.458257 -0.835758 -0.397676 -0.378632 -0.512168 0.458687 1 3 1.000000
pyro_red
  3 11.368629 55.977642 -0.754706 -0.909337 -0.357211 0.213324 -0.477056 0.411712 2 3 0.500000 5 0.500000
  3 10.516510 57.407692 -3.458257 -0.835758 -0.397676 -0.378632 -0.512168 0.458687 1 3 1.000000
  3 11.256777 55.867760 -3.501606 -0.837500 -0.355706 -0.414809 -0.512394 0.442464 2 3 0.500001 5 0.499999
pyro_red
  3 11.368629 55.977642 -0.754706 -0.909337 -0.357211 0.213324 -0.477056 0.411712 2 3 0.500000 5 0.500000
  3 11.256777 55.867760 -3.501606 -0.837500 -0.355706 -0.414809 -0.512394 0.442464 2 3 0.500001 5 0.499999
  5 12.158203 53.708130 -3.527416 -0.761325 -0.461475 -0.455439 -0.510543 0.412452 1 5 1.000000
pyro_red
  3 12.303226 56.251160 -4.491547 -0.436625 -0.230370 -0.869648 -0.525761 0.441542 2 3 0.500000 5 0.500000
  5 12.158203 53.708130 -3.527416 -0.761325 -0.461475 -0.455439 -0.510543 0.412452 1 5 1.000000
  3 11.256777 55.867760 -3.501606 -0.837500 -0.355706 -0.414809 -0.512394 0.442464 2 3 0.500001 5 0.499999
pyro_red
  3 12.303226 56.251160 -4.491547 -0.436625 -0.230370 -0.869648 -0.525761 0.441542 2 3 0.500000 5 0.500000
  5 13.660465 54.112030 -4.566669 -0.338708 -0.338840 -0.877761 -0.524854 0.409521 1 5 1.000000
  5 12.158203 53.708130 -3.527416 -0.761325 -0.461475 -0.455439 -0.510543 0.412452 1 5 1.000000
pyro_red
  5 13.571440 56.878334 -5.057423 0.085427 -0.007653 -0.996315 -0.532995 0.441232 2 5 0.500001 3 0.499999
  5 13.660465 54.112030 -4.566669 -0.338708 -0.338840 -0.877761 -0.524854 0.409521 1 5 1.000000
  3 12.303226 56.251160 -4.491547 -0.436625 -0.230370 -0.869648 -0.525761 0.441542 2 3 0.500000 5 0.500000
pyro_red
  5 13.571440 56.878334 -5.057423 0.085427 -0.007653 -0.996315 -0.532995 0.441232 2 5 0.500001 3 0.499999
  5 14.821159 54.631599 -4.767304 0.094768 -0.092619 -0.991181 -0.533033 0.407203 1 5 1.000000
  5 13.660465 54.112030 -4.566669 -0.338708 -0.338840 -0.877761 -0.524854 0.409521 1 5 1.000000
pyro_red
  3 15.518120 57.754429 -3.813552 0.669909 0.343953 -0.657965 -0.549306 0.434670 2 3 0.500000 5 0.500000
  5 14.821159 54.631599 -4.767304 0.094768 -0.092619 -0.991181 -0.533033 0.407203 1 5 1.000000
  5 13.571440 56.878334 -5.057423 0.085427 -0.007653 -0.996315 -0.532995 0.441232 2 5 0.500001 3 0.499999
pyro_red
  3 15.518120 57.754429 -3.813552 0.669909 0.343953 -0.657965 -0.549306 0.434670 2 3 0.500000 5 0.500000
  5 16.773708 55.739048 -4.114618 0.633544 0.320964 -0.703991 -0.548313 0.405177 1 5 1.000000
  5 14.821159 54.631599 -4.767304 0.094768 -0.092619 -0.991181 -0.533033 0.407203 1 5 1.000000
pyro_red
  5 17.516645 56.422619 -1.583167 0.818605 0.574298 -0.008177 -0.565734 0.403288 1 5 1.000000
  5 16.773708 55.739048 -4.114618 0.633544 0.320964 -0.703991 -0.548313 0.405177 1 5 1.000000
  3 15.518120 57.754429 -3.813552 0.669909 0.343953 -0.657965 -0.549306 0.434670 2 3 0.500000 5 0.500000
pyro_red
  5 18.443130 52.981926 -3.360598 0.723963 0.103602 -0.682015 -0.547519 0.381721 1 5 1.000000
  5 16.773708 55.739048 -4.114618 0.633544 0.320964 -0.703991 -0.548313 0.405177 1 5 1.000000
  5 17.516645 56.422619 -1.583167 0.818605 0.574298 -0.008177 -0.565734 0.403288 1 5 1.000000
pyro_red
  5 18.443130 52.981926 -3.360598 0.723963 0.103602 -0.682015 -0.547519 0.381721 1 5 1.000000
  5 17.516645 56.422619 -1.583167 0.818605 0.574298 -0.008177 -0.565734 0.403288 1 5 1.000000
  5 18.982944 54.132019 -0.717081 0.887230 0.460755 0.022969 -0.566157 0.384260 1 5 1.000000
pyro_red
  5 18.443130 52.981926 -3.360598 0.723963 0.103602 -0.682015 -0.547519 0.381721 1 5 1.000000
  5 18.982944 54.132019 -0.717081 0.887230 0.460755 0.022969 -0.566157 0.384260 1 5 1.000000
  5 20.032154 50.897121 0.299356 0.938814 0.338131 0.065538 -0.566667 0.361307 1 5 1.000000
pyro_red
  5 20.032154 50.897121 0.299356 0.938814 0.338131 0.065538 -0.566667 0.361307 1 5 1.000000
  5 18.982944 54.132019 -0.717081 0.887230 0.460755 0.022969 -0.566157 0.384260 1 5 1.000000
  5 17.872799 54.153877 1.613881 0.610929 0.479369 0.630056 -0.582061 0.385878 1 5 1.000000
pyro_red
  5 20.032154 50.897121 0.299356 0.938814 0.338131 0.065538 -0.566667 0.361307 1 5 1.000000
  5 17.872799 54.153877 1.613881 0.610929 0.479369 0.630056 -0.582061 0.385878 1 5 1.000000
  5 19.151886 50.904110 2.179433 0.646194 0.366130 0.669613 -0.583530 0.360645 1 5 1.000000
pyro_red
  5 14.821159 54.631599 -4.767304 0.094768 -0.092619 -0.991181 -0.533033 0.407203 1 5 1.000000
  5 16.773708 55.739048 -4.114618 0.633544 0.320964 -0.703991 -0.548313 0.405177 1 5 1.000000
  5 18.443130 52.981926 -3.360598 0.723963 0.103602 -0.682015 -0.547519 0.381721 1 5 1.000000
pyro_red
  3 11.368629 55.977642 -0.754706 -0.909337 -0.357211 0.213324 -0.477056 0.411712 2 3 0.500000 5 0.500000
  5 12.158203 53.708130 -3.527416 -0.761325 -0.461475 -0.455439 -0.510543 0.412452 1 5 1.000000
  5 11.982812 53.472103 -0.610200 -0.909337 -0.357211 0.213324 -0.479365 0.389576 1 5 1.000000
pyro_red
  5 11.982812 53.472103 -0.610200 -0.909337 -0.357211 0.213324 -0.479365 0.389576 1 5 1.000000
  5 12.158203 53.708130 -3.527416 -0.761325 -0.461475 -0.455439 -0.510543 0.412452 1 5 1.000000
  5 14.030290 50.840382 -2.401796 -0.636589 -0.645705 -0.421687 -0.509362 0.383947 1 5 1.000000
pyro_red
  5 13.660465 54.112030 -4.566669 -0.338708 -0.338840 -0.877761 -0.524854 0.409521 1 5 1.000000
  5 14.030290 50.840382 -2.401796 -0.636589 -0.645705 -0.421687 -0.509362 0.383947 1 5 1.000000
  5 12.158203 53.708130 -3.527416 -0.761325 -0.461475 -0.455439 -0.510543 0.412452 1 5 1.000000
pyro_red
  5 13.660465 54.112030 -4.566669 -0.338708 -0.338840 -0.877761 -0.524854 0.409521 1 5 1.000000
  5 15.347756 51.097992 -3.542036 -0.265446 -0.540652 -0.798270 -0.523896 0.382177 1 5 1.000000
  5 14.030290 50.840382 -2.401796 -0.636589 -0.645705 -0.421687 -0.509362 0.383947 1 5 1.000000
pyro_red
  5 14.821159 54.631599 -4.767304 0.094768 -0.092619 -0.991181 -0.533033 0.407203 1 5 1.000000
  5 15.347756 51.097992 -3.542036 -0.265446 -0.540652 -0.798270 -0.523896 0.382177 1 5 1.000000
  5 13.660465 54.112030 -4.566669 -0.338708 -0.338840 -0.877761 -0.524854 0.409521 1 5 1.000000
pyro_red
  5 14.821159 54.631599 -4.767304 0.094768 -0.092619 -0.991181 -0.533033 0.407203 1 5 1.000000
  5 16.687685 51.512482 -3.983718 0.154279 -0.315173 -0.936410 -0.532299 0.381020 1 5 1.000000
  5 15.347756 51.097992 -3.542036 -0.265446 -0.540652 -0.798270 -0.523896 0.382177 1 5 1.000000
pyro_red
  5 14.821159 54.631599 -4.767304 0.094768 -0.092619 -0.991181 -0.533033 0.407203 1 5 1.000000
  5 18.443130 52.981926 -3.360598 0.723963 0.103602 -0.682015 -0.547519 0.381721 1 5 1.000000
  5 16.687685 51.512482 -3.983718 0.154279 -0.315173 -0.936410 -0.532299 0.381020 1 5 1.000000
pyro_red
  5 16.687685 51.512482 -3.983718 0.154279 -0.315173 -0.936410 -0.532299 0.381020 1 5 1.000000
  5 18.443130 52.981926 -3.360598 0.723963 0.103602 -0.682015 -0.547519 0.381721 1 5 1.000000
  5 19.886364 49.501762 -1.749617 0.773931 -0.003192 -0.633262 -0.546562 0.353428 1 5 1.000000
pyro_red
  5 18.443130 52.981926 -3.360598 0.723963 0.103602 -0.682015 -0.547519 0.381721 1 5 1.000000
  5 20.032154 50.897121 0.299356 0.938814 0.338131 0.065538 -0.566667 0.361307 1 5 1.000000
  5 19.886364 49.501762 -1.749617 0.773931 -0.003192 -0.633262 -0.546562 0.353428 1 5 1.000000
pyro_red
  5 11.982812 53.472103 -0.610200 -0.909337 -0.357211 0.213324 -0.479365 0.389576 1 5 1.000000
  5 14.030290 50.840382 -2.401796 -0.636589 -0.645705 -0.421687 -0.509362 0.383947 1 5 1.000000
  5 13.679378 50.759079 0.123460 -0.820856 -0.543233 0.176334 -0.481358 0.375624 1 5 1.000000
pyro_red
  5 13.679378 50.759079 0.123460 -0.820856 -0.543233 0.176334 -0.481358 0.375624 1 5 1.000000
  5 14.030290 50.840382 -2.401796 -0.636589 -0.645705 -0.421687 -0.509362 0.383947 1 5 1.000000
  5 16.563051 47.664253 -0.683018 -0.595905 -0.701082 -0.391638 -0.507936 0.349563 1 5 1.000000
pyro_red
  5 15.347756 51.097992 -3.542036 -0.265446 -0.540652 -0.798270 -0.523896 0.382177 1 5 1.000000
  5 16.563051 47.664253 -0.683018 -0.595905 -0.701082 -0.391638 -0.507936 0.349563 1 5 1.000000
  5 14.030290 50.840382 -2.401796 -0.636589 -0.645705 -0.421687 -0.509362 0.383947 1 5 1.000000
pyro_red
  5 15.347756 51.097992 -3.542036 -0.265446 -0.540652 -0.798270 -0.523896 0.382177 1 5 1.000000
  5 17.720516 47.920784 -1.596630 -0.246432 -0.628540 -0.737705 -0.522741 0.349193 1 5 1.000000
  5 16.563051 47.664253 -0.683018 -0.595905 -0.701082 -0.391638 -0.507936 0.349563 1 5 1.000000
pyro_red
  5 16.687685 51.512482 -3.983718 0.154279 -0.315173 -0.936410 -0.532299 0.381020 1 5 1.000000
  5 17.720516 47.920784 -1.596630 -0.246432 -0.628540 -0.737705 -0.522741 0.349193 1 5 1.000000
  5 15.347756 51.097992 -3.542036 -0.265446 -0.540652 -0.798270 -0.523896 0.382177 1 5 1.000000
pyro_red
  5 16.687685 51.512482 -3.983718 0.154279 -0.315173 -0.936410 -0.532299 0.381020 1 5 1.000000
  5 18.541924 48.300514 -1.963913 0.184193 -0.430696 -0.883501 -0.531413 0.349437 1 5 1.000000
  5 17.720516 47.920784 -1.596630 -0.246432 -0.628540 -0.737705 -0.522741 0.349193 1 5 1.000000
pyro_red
  5 16.687685 51.512482 -3.983718 0.154279 -0.315173 -0.936410 -0.532299 0.381020 1 5 1.000000
  5 19.886364 49.501762 -1.749617 0.773931 -0.003192 -0.633262 -0.546562 0.353428 1 5 1.000000
  5 18.541924 48.300514 -1.963913 0.184193 -0.430696 -0.883501 -0.531413 0.349437 1 5 1.000000
pyro_red
  5 13.679378 50.759079 0.123460 -0.820856 -0.543233 0.176334 -0.481358 0.375624 1 5 1.000000
  5 16.563051 47.664253 -0.683018 -0.595905 -0.701082 -0.391638 -0.507936 0.349563 1 5 1.000000
  5 16.126799 47.960018 0.911484 -0.769553 -0.616388 0.166898 -0.483762 0.358796 1 5 1.000000
pyro_red
  4 -11.368626 55.977642 -0.754705 0.909336 -0.357211 0.213324 0.522944 0.411712 2 4 0.500000 6 0.500000
  6 -11.982802 53.472111 -0.610197 0.909336 -0.357211 0.213324 0.520635 0.389576 1 6 1.000000
  6 -12.158194 53.708134 -3.527414 0.761325 -0.461475 -0.455438 0.489457 0.412452 1 6 1.000000
pyro_red
  6 -14.030283 50.840389 -2.401787 0.636589 -0.645706 -0.421686 0.490638 0.383947 1 6 1.000000
  6 -12.158194 53.708134 -3.527414 0.761325 -0.461475 -0.455438 0.489457 0.412452 1 6 1.000000
  6 -11.982802 53.472111 -0.610197 0.909336 -0.357211 0.213324 0.520635 0.389576 1 6 1.000000
pyro_red
  6 -13.660456 54.112034 -4.566667 0.338708 -0.338841 -0.877761 0.475146 0.409521 1 6 1.000000
  6 -12.158194 53.708134 -3.527414 0.761325 -0.461475 -0.455438 0.489457 0.412452 1 6 1.000000
  6 -14.030283 50.840389 -2.401787 0.636589 -0.645706 -0.421686 0.490638 0.383947 1 6 1.000000
pyro_red
  6 -13.660456 54.112034 -4.566667 0.338708 -0.338841 -0.877761 0.475146 0.409521 1 6 1.000000
  6 -14.030283 50.840389 -2.401787 0.636589 -0.645706 -0.421686 0.490638 0.383947 1 6 1.000000
  6 -15.347750 51.097996 -3.542026 0.265447 -0.540653 -0.798268 0.476104 0.382177 1 6 1.000000
pyro_red
  6 -14.821151 54.631607 -4.767302 -0.094768 -0.092619 -0.991181 0.466967 0.407203 1 6 1.000000
  6 -13.660456 54.112034 -4.566667 0.338708 -0.338841 -0.877761 0.475146 0.409521 1 6 1.000000
  6 -15.347750 51.097996 -3.542026 0.265447 -0.540653 -0.798268 0.476104 0.382177 1 6 1.000000
pyro_red
  6 -14.821151 54.631607 -4.767302 -0.094768 -0.092619 -0.991181 0.466967 0.407203 1 6 1.000000
  6 -15.347750 51.097996 -3.542026 0.265447 -0.540653 -0.798268 0.476104 0.382177 1 6 1.000000
  6 -16.687677 51.512489 -3.983716 -0.154277 -0.315174 -0.936410 0.467701 0.381020 1 6 1.000000
pyro_red
  6 -18.443123 52.981934 -3.360595 -0.723963 0.103602 -0.682015 0.452481 0.381721 1 6 1.000000
  6 -14.821151 54.631607 -4.767302 -0.094768 -0.092619 -0.991181 0.466967 0.407203 1 6 1.000000
  6 -16.687677 51.512489 -3.983716 -0.154277 -0.315174 -0.936410 0.467701 0.381020 1 6 1.000000
pyro_red
  6 -18.443123 52.981934 -3.360595 -0.723963 0.103602 -0.682015 0.452481 0.381721 1 6 1.000000
  6 -16.773701 55.739056 -4.114615 -0.633544 0.320964 -0.703991 0.451687 0.405177 1 6 1.000000
  6 -14.821151 54.631607 -4.767302 -0.094768 -0.092619 -0.991181 0.466967 0.407203 1 6 1.000000
pyro_red
  6 -14.030283 50.840389 -2.401787 0.636589 -0.645706 -0.421686 0.490638 0.383947 1 6 1.000000
  6 -11.982802 53.472111 -0.610197 0.909336 -0.357211 0.213324 0.520635 0.389576 1 6 1.000000
  6 -13.679369 50.759087 0.123463 0.820855 -0.543234 0.176334 0.518642 0.375624 1 6 1.000000
pyro_red
  6 -16.563046 47.664257 -0.683000 0.595905 -0.701083 -0.391638 0.492064 0.349563 1 6 1.000000
  6 -14.030283 50.840389 -2.401787 0.636589 -0.645706 -0.421686 0.490638 0.383947 1 6 1.000000
  6 -13.679369 50.759087 0.123463 0.820855 -0.543234 0.176334 0.518642 0.375624 1 6 1.000000
pyro_red
  6 -15.347750 51.097996 -3.542026 0.265447 -0.540653 -0.798268 0.476104 0.382177 1 6 1.000000
  6 -14.030283 50.840389 -2.401787 0.636589 -0.645706 -0.421686 0.490638 0.383947 1 6 1.000000
  6 -16.563046 47.664257 -0.683000 0.595905 -0.701083 -0.391638 0.492064 0.349563 1 6 1.000000
pyro_red
  6 -15.347750 51.097996 -3.542026 0.265447 -0.540653 -0.798268 0.476104 0.382177 1 6 1.000000
  6 -16.563046 47.664257 -0.683000 0.595905 -0.701083 -0.391638 0.492064 0.349563 1 6 1.000000
  6 -17.720512 47.920788 -1.596611 0.246434 -0.628541 -0.737704 0.477259 0.349193 1 6 1.000000
pyro_red
  6 -16.687677 51.512489 -3.983716 -0.154277 -0.315174 -0.936410 0.467701 0.381020 1 6 1.000000
  6 -15.347750 51.097996 -3.542026 0.265447 -0.540653 -0.798268 0.476104 0.382177 1 6 1.000000
  6 -17.720512 47.920788 -1.596611 0.246434 -0.628541 -0.737704 0.477259 0.349193 1 6 1.000000
pyro_red
  6 -16.687677 51.512489 -3.983716 -0.154277 -0.315174 -0.936410 0.467701 0.381020 1 6 1.000000
  6 -17.720512 47.920788 -1.596611 0.246434 -0.628541 -0.737704 0.477259 0.349193 1 6 1.000000
  6 -18.541918 48.300522 -1.963910 -0.184190 -0.430698 -0.883501 0.468587 0.349437 1 6 1.000000
pyro_red
  6 -19.886356 49.501770 -1.749614 -0.773931 -0.003192 -0.633262 0.453438 0.353428 1 6 1.000000
  6 -16.687677 51.512489 -3.983716 -0.154277 -0.315174 -0.936410 0.467701 0.381020 1 6 1.000000
  6 -18.541918 48.300522 -1.963910 -0.184190 -0.430698 -0.883501 0.468587 0.349437 1 6 1.000000
pyro_red
  6 -19.886356 49.501770 -1.749614 -0.773931 -0.003192 -0.633262 0.453438 0.353428 1 6 1.000000
  6 -18.443123 52.981934 -3.360595 -0.723963 0.103602 -0.682015 0.452481 0.381721 1 6 1.000000
  6 -16.687677 51.512489 -3.983716 -0.154277 -0.315174 -0.936410 0.467701 0.381020 1 6 1.000000
pyro_red
  6 -20.032145 50.897129 0.299360 -0.938814 0.338131 0.065538 0.433333 0.361307 1 6 1.000000
  6 -18.443123 52.981934 -3.360595 -0.723963 0.103602 -0.682015 0.452481 0.381721 1 6 1.000000
  6 -19.886356 49.501770 -1.749614 -0.773931 -0.003192 -0.633262 0.453438 0.353428 1 6 1.000000
pyro_red
  6 -20.032145 50.897129 0.299360 -0.938814 0.338131 0.065538 0.433333 0.361307 1 6 1.000000
  6 -18.982937 54.132027 -0.717077 -0.887230 0.460755 0.022970 0.433843 0.384260 1 6 1.000000
  6 -18.443123 52.981934 -3.360595 -0.723963 0.103602 -0.682015 0.452481 0.381721 1 6 1.000000
pyro_red
  6 -20.032145 50.897129 0.299360 -0.938814 0.338131 0.065538 0.433333 0.361307 1 6 1.000000
  6 -17.872791 54.153885 1.613886 -0.610929 0.479369 0.630056 0.417939 0.385878 1 6 1.000000
  6 -18.982937 54.132027 -0.717077 -0.887230 0.460755 0.022970 0.433843 0.384260 1 6 1.000000
pyro_red
  6 -18.982937 54.132027 -0.717077 -0.887230 0.460755 0.022970 0.433843 0.384260 1 6 1.000000
  6 -17.872791 54.153885 1.613886 -0.610929 0.479369 0.630056 0.417939 0.385878 1 6 1.000000
  6 -16.469969 56.451813 0.588163 -0.622074 0.555553 0.551710 0.419156 0.406797 1 6 1.000000
pyro_red
  6 -16.786184 53.773067 2.253412 -0.146231 0.318427 0.936601 0.409126 0.388800 1 6 1.000000
  6 -16.469969 56.451813 0.588163 -0.622074 0.555553 0.551710 0.419156 0.406797 1 6 1.000000
  6 -17.872791 54.153885 1.613886 -0.610929 0.479369 0.630056 0.417939 0.385878 1 6 1.000000
pyro_red
  6 -16.786184 53.773067 2.253412 -0.146231 0.318427 0.936601 0.409126 0.388800 1 6 1.000000
  6 -15.469199 56.334568 1.256131 -0.243867 0.321833 0.914851 0.411386 0.412996 1 6 1.000000
  6 -16.469969 56.451813 0.588163 -0.622074 0.555553 0.551710 0.419156 0.406797 1 6 1.000000
pyro_red
  6 -14.015678 55.740459 1.271638 0.140920 0.044913 0.989002 0.403616 0.419196 1 6 1.000000
  6 -15.469199 56.334568 1.256131 -0.243867 0.321833 0.914851 0.411386 0.412996 1 6 1.000000
  6 -16.786184 53.773067 2.253412 -0.146231 0.318427 0.936601 0.409126 0.388800 1 6 1.000000
pyro_red
  4 -14.308425 57.928566 1.342661 -0.398012 0.266832 0.877717 0.413795 0.437975 2 4 0.500000 6 0.500000
  6 -15.469199 56.334568 1.256131 -0.243867 0.321833 0.914851 0.411386 0.412996 1 6 1.000000
  6 -14.015678 55.740459 1.271638 0.140920 0.044913 0.989002 0.403616 0.419196 1 6 1.000000
pyro_red
  4 -14.308425 57.928566 1.342661 -0.398012 0.266832 0.877717 0.413795 0.437975 2 4 0.500000 6 0.500000
  6 -14.015678 55.740459 1.271638 0.140920 0.044913 0.989002 0.403616 0.419196 1 6 1.000000
  4 -13.498131 57.386913 1.580839 -0.013825 -0.019675 0.999711 0.407291 0.439589 2 4 0.500000 6 0.500000
pyro_red
  4 -13.498131 57.386913 1.580839 -0.013825 -0.019675 0.999711 0.407291 0.439589 2 4 0.500000 6 0.500000
  4 -13.574088 59.520748 1.090638 -0.426904 0.341757 0.837230 0.414695 0.459268 1 4 1.000000
  4 -14.308425 57.928566 1.342661 -0.398012 0.266832 0.877717 0.413795 0.437975 2 4 0.500000 6 0.500000
pyro_red
  6 -16.563046 47.664257 -0.683000 0.595905 -0.701083 -0.391638 0.492064 0.349563 1 6 1.000000
  6 -13.679369 50.759087 0.123463 0.820855 -0.543234 0.176334 0.518642 0.375624 1 6 1.000000
  6 -16.126793 47.960026 0.911487 0.769552 -0.616388 0.166899 0.516238 0.358796 1 6 1.000000
pyro_red
  6 -14.015678 55.740459 1.271638 0.140920 0.044913 0.989002 0.403616 0.419196 1 6 1.000000
  6 -16.786184 53.773067 2.253412 -0.146231 0.318427 0.936601 0.409126 0.388800 1 6 1.000000
  6 -15.246826 52.915382 2.240479 0.252044 0.090703 0.963455 0.400313 0.391722 1 6 1.000000
pyro_red
  4 -15.363771 58.407860 0.022964 -0.732388 0.446628 0.513937 0.420299 0.436360 2 4 0.500000 6 0.500000
  6 -16.469969 56.451813 0.588163 -0.622074 0.555553 0.551710 0.419156 0.406797 1 6 1.000000
  6 -15.469199 56.334568 1.256131 -0.243867 0.321833 0.914851 0.411386 0.412996 1 6 1.000000
pyro_red
  4 -15.363771 58.407860 0.022964 -0.732388 0.446628 0.513937 0.420299 0.436360 2 4 0.500000 6 0.500000
  6 -15.469199 56.334568 1.256131 -0.243867 0.321833 0.914851 0.411386 0.412996 1 6 1.000000
  4 -14.308425 57.928566 1.342661 -0.398012 0.266832 0.877717 0.413795 0.437975 2 4 0.500000 6 0.500000
pyro_red
  4 -14.308425 57.928566 1.342661 -0.398012 0.266832 0.877717 0.413795 0.437975 2 4 0.500000 6 0.500000
  4 -14.685045 59.737106 -0.110263 -0.732388 0.446628 0.513937 0.422235 0.458014 1 4 1.000000
  4 -15.363771 58.407860 0.022964 -0.732388 0.446628 0.513937 0.420299 0.436360 2 4 0.500000 6 0.500000
pyro_red
  4 -14.308425 57.928566 1.342661 -0.398012 0.266832 0.877717 0.413795 0.437975 2 4 0.500000 6 0.500000
  4 -13.574088 59.520748 1.090638 -0.426904 0.341757 0.837230 0.414695 0.459268 1 4 1.000000
  4 -14.685045 59.737106 -0.110263 -0.732388 0.446628 0.513937 0.422235 0.458014 1 4 1.000000
pyro_red
  4 -13.574088 59.520748 1.090638 -0.426904 0.341757 0.837230 0.414695 0.459268 1 4 1.000000
  4 -12.890512 62.744862 -0.542273 -0.732388 0.446628 0.513937 0.423605 0.490839 1 4 1.000000
  4 -14.685045 59.737106 -0.110263 -0.732388 0.446628 0.513937 0.422235 0.458014 1 4 1.000000
pyro_red
  4 -13.574088 59.520748 1.090638 -0.426904 0.341757 0.837230 0.414695 0.459268 1 4 1.000000
  4 -12.085133 62.371704 0.654461 -0.470884 0.288499 0.833688 0.415281 0.490816 1 4 1.000000
  4 -12.890512 62.744862 -0.542273 -0.732388 0.446628 0.513937 0.423605 0.490839 1 4 1.000000
pyro_red
  4 -13.574088 59.520748 1.090638 -0.426904 0.341757 0.837230 0.414695 0.459268 1 4 1.000000
  4 -11.009476 61.611366 1.027271 -0.067512 0.056478 0.996119 0.406957 0.490794 1 4 1.000000
  4 -12.085133 62.371704 0.654461 -0.470884 0.288499 0.833688 0.415281 0.490816 1 4 1.000000
pyro_red
  6 -15.246826 52.915382 2.240479 0.252044 0.090703 0.963455 0.400313 0.391722 1 6 1.000000
  6 -14.011898 51.612022 1.719491 0.637885 -0.240441 0.731636 0.382969 0.381028 1 6 1.000000
  6 -12.700886 54.511787 0.987068 0.614684 -0.176565 0.768758 0.384754 0.405841 1 6 1.000000
pyro_red
  6 -15.246826 52.915382 2.240479 0.252044 0.090703 0.963455 0.400313 0.391722 1 6 1.000000
  6 -12.700886 54.511787 0.987068 0.614684 -0.176565 0.768758 0.384754 0.405841 1 6 1.000000
  6 -14.015678 55.740459 1.271638 0.140920 0.044913 0.989002 0.403616 0.419196 1 6 1.000000
pyro_red
  4 -11.802550 56.949062 1.110073 0.582685 -0.255154 0.771605 0.389775 0.440469 2 4 0.500000 6 0.500000
  6 -14.015678 55.740459 1.271638 0.140920 0.044913 0.989002 0.403616 0.419196 1 6 1.000000
  6 -12.700886 54.511787 0.987068 0.614684 -0.176565 0.768758 0.384754 0.405841 1 6 1.000000
pyro_red
  4 -11.802550 56.949062 1.110073 0.582685 -0.255154 0.771605 0.389775 0.440469 2 4 0.500000 6 0.500000
  4 -13.498131 57.386913 1.580839 -0.013825 -0.019675 0.999711 0.407291 0.439589 2 4 0.500000 6 0.500000
  6 -14.015678 55.740459 1.271638 0.140920 0.044913 0.989002 0.403616 0.419196 1 6 1.000000
pyro_red
  4 -11.802550 56.949062 1.110073 0.582685 -0.255154 0.771605 0.389775 0.440469 2 4 0.500000 6 0.500000
  4 -12.411223 59.113884 1.425046 -0.001855 0.104506 0.994522 0.407155 0.460522 1 4 1.000000
  4 -13.498131 57.386913 1.580839 -0.013825 -0.019675 0.999711 0.407291 0.439589 2 4 0.500000 6 0.500000
pyro_red
  4 -11.802550 56.949062 1.110073 0.582685 -0.255154 0.771605 0.389775 0.440469 2 4 0.500000 6 0.500000
  4 -10.997048 58.403526 1.132555 0.582685 -0.255154 0.771605 0.390441 0.456338 1 4 1.000000
  4 -12.411223 59.113884 1.425046 -0.001855 0.104506 0.994522 0.407155 0.460522 1 4 1.000000
pyro_red
  6 -20.032145 50.897129 0.299360 -0.938814 0.338131 0.065538 0.433333 0.361307 1 6 1.000000
  6 -19.151878 50.904118 2.179437 -0.646194 0.366130 0.669613 0.416470 0.360645 1 6 1.000000
  6 -17.872791 54.153885 1.613886 -0.610929 0.479369 0.630056 0.417939 0.385878 1 6 1.000000
pyro_red
  6 -16.786184 53.773067 2.253412 -0.146231 0.318427 0.936601 0.409126 0.388800 1 6 1.000000
  6 -17.872791 54.153885 1.613886 -0.610929 0.479369 0.630056 0.417939 0.385878 1 6 1.000000
  6 -19.151878 50.904118 2.179437 -0.646194 0.366130 0.669613 0.416470 0.360645 1 6 1.000000
pyro_red
  6 -16.786184 53.773067 2.253412 -0.146231 0.318427 0.936601 0.409126 0.388800 1 6 1.000000
  6 -19.151878 50.904118 2.179437 -0.646194 0.366130 0.669613 0.416470 0.360645 1 6 1.000000
  6 -18.324169 50.376297 2.698174 -0.173638 0.213667 0.961351 0.406399 0.359612 1 6 1.000000
pyro_red
  6 -15.246826 52.915382 2.240479 0.252044 0.090703 0.963455 0.400313 0.391722 1 6 1.000000
  6 -16.786184 53.773067 2.253412 -0.146231 0.318427 0.936601 0.409126 0.388800 1 6 1.000000
  6 -18.324169 50.376297 2.698174 -0.173638 0.213667 0.961351 0.406399 0.359612 1 6 1.000000
pyro_red
  6 -15.246826 52.915382 2.240479 0.252044 0.090703 0.963455 0.400313 0.391722 1 6 1.000000
  6 -18.324169 50.376297 2.698174 -0.173638 0.213667 0.961351 0.406399 0.359612 1 6 1.000000
  6 -17.123871 49.462757 2.781756 0.235493 -0.014436 0.971769 0.396329 0.358580 1 6 1.000000
pyro_red
  6 -14.011898 51.612022 1.719491 0.637885 -0.240441 0.731636 0.382969 0.381028 1 6 1.000000
  6 -15.246826 52.915382 2.240479 0.252044 0.090703 0.963455 0.400313 0.391722 1 6 1.000000
  6 -17.123871 49.462757 2.781756 0.235493 -0.014436 0.971769 0.396329 0.358580 1 6 1.000000
pyro_red
  6 -14.011898 51.612022 1.719491 0.637885 -0.240441 0.731636 0.382969 0.381028 1 6 1.000000
  6 -17.123871 49.462757 2.781756 0.235493 -0.014436 0.971769 0.396329 0.358580 1 6 1.000000
  6 -16.382551 48.511204 2.042762 0.610384 -0.355597 0.707801 0.380815 0.351098 1 6 1.000000
pyro_red
  6 -13.679369 50.759087 0.123463 0.820855 -0.543234 0.176334 0.359735 0.362035 1 6 1.000000
  6 -14.011898 51.612022 1.719491 0.637885 -0.240441 0.731636 0.382969 0.381028 1 6 1.000000
  6 -16.382551 48.511204 2.042762 0.610384 -0.355597 0.707801 0.380815 0.351098 1 6 1.000000
pyro_red
  6 -14.011898 51.612022 1.719491 0.637885 -0.240441 0.731636 0.382969 0.381028 1 6 1.000000
  6 -13.679369 50.759087 0.123463 0.820855 -0.543234 0.176334 0.359735 0.362035 1 6 1.000000
  6 -11.982802 53.472111 -0.610197 0.909336 -0.357211 0.213324 0.359399 0.380831 1 6 1.000000
pyro_red
  6 -14.011898 51.612022 1.719491 0.637885 -0.240441 0.731636 0.382969 0.381028 1 6 1.000000
  6 -11.982802 53.472111 -0.610197 0.909336 -0.357211 0.213324 0.359399 0.380831 1 6 1.000000
  6 -12.700886 54.511787 0.987068 0.614684 -0.176565 0.768758 0.384754 0.405841 1 6 1.000000
pyro_red
  6 -12.700886 54.511787 0.987068 0.614684 -0.176565 0.768758 0.384754 0.405841 1 6 1.000000
  6 -11.982802 53.472111 -0.610197 0.909336 -0.357211 0.213324 0.359399 0.380831 1 6 1.000000
  4 -11.368626 55.977642 -0.754705 0.909336 -0.357211 0.213324 0.360664 0.407421 2 4 0.500000 6 0.500000
pyro_red
  6 -12.700886 54.511787 0.987068 0.614684 -0.176565 0.768758 0.384754 0.405841 1 6 1.000000
  4 -11.368626 55.977642 -0.754705 0.909336 -0.357211 0.213324 0.360664 0.407421 2 4 0.500000 6 0.500000
  4 -11.802550 56.949062 1.110073 0.582685 -0.255154 0.771605 0.389775 0.440469 2 4 0.500000 6 0.500000
pyro_red
  4 -11.802550 56.949062 1.110073 0.582685 -0.255154 0.771605 0.389775 0.440469 2 4 0.500000 6 0.500000
  4 -11.368626 55.977642 -0.754705 0.909336 -0.357211 0.213324 0.360664 0.407421 2 4 0.500000 6 0.500000
  4 -10.554407 57.732807 -0.974217 0.881940 -0.425995 0.201765 0.360465 0.425379 1 4 1.000000
pyro_red
  4 -11.802550 56.949062 1.110073 0.582685 -0.255154 0.771605 0.389775 0.440469 2 4 0.500000 6 0.500000
  4 -10.554407 57.732807 -0.974217 0.881940 -0.425995 0.201765 0.360465 0.425379 1 4 1.000000
  4 -10.997048 58.403526 1.132555 0.582685 -0.255154 0.771605 0.390441 0.456338 1 4 1.000000
pyro_red
  4 -10.997048 58.403526 1.132555 0.582685 -0.255154 0.771605 0.390441 0.456338 1 4 1.000000
  4 -10.554407 57.732807 -0.974217 0.881940 -0.425995 0.201765 0.360465 0.425379 1 4 1.000000
  4 -9.177789 60.255146 -1.280114 0.881940 -0.425995 0.201765 0.360149 0.453824 1 4 1.000000
pyro_red
  6 -13.679369 50.759087 0.123463 0.820855 -0.543234 0.176334 0.359735 0.362035 1 6 1.000000
  6 -16.382551 48.511204 2.042762 0.610384 -0.355597 0.707801 0.380815 0.351098 1 6 1.000000
  6 -16.126793 47.960026 0.911487 0.769552 -0.616388 0.166899 0.360141 0.339362 1 6 1.000000
pyro_red
  4 -13.498131 57.386913 1.580839 -0.013825 -0.019675 0.999711 0.407291 0.439589 2 4 0.500000 6 0.500000
  4 -12.411223 59.113884 1.425046 -0.001855 0.104506 0.994522 0.407155 0.460522 1 4 1.000000
  4 -13.574088 59.520748 1.090638 -0.426904 0.341757 0.837230 0.414695 0.459268 1 4 1.000000
pyro_red
  4 -13.574088 59.520748 1.090638 -0.426904 0.341757 0.837230 0.414695 0.459268 1 4 1.000000
  4 -12.411223 59.113884 1.425046 -0.001855 0.104506 0.994522 0.407155 0.460522 1 4 1.000000
  4 -11.009476 61.611366 1.027271 -0.067512 0.056478 0.996119 0.406957 0.490794 1 4 1.000000
pyro_red
  4 -11.009476 61.611366 1.027271 -0.067512 0.056478 0.996119 0.406957 0.490794 1 4 1.000000
  4 -12.411223 59.113884 1.425046 -0.001855 0.104506 0.994522 0.407155 0.460522 1 4 1.000000
  4 -10.997048 58.403526 1.132555 0.582685 -0.255154 0.771605 0.390441 0.456338 1 4 1.000000
pyro_red
  4 -11.009476 61.611366 1.027271 -0.067512 0.056478 0.996119 0.406957 0.490794 1 4 1.000000
  4 -10.997048 58.403526 1.132555 0.582685 -0.255154 0.771605 0.390441 0.456338 1 4 1.000000
  4 -9.725188 61.092682 0.953628 0.546350 -0.261950 0.795540 0.391672 0.485678 1 4 1.000000
pyro_red
  4 -10.997048 58.403526 1.132555 0.582685 -0.255154 0.771605 0.390441 0.456338 1 4 1.000000
  4 -9.177789 60.255146 -1.280114 0.881940 -0.425995 0.201765 0.360149 0.453824 1 4 1.000000
  4 -9.725188 61.092682 0.953628 0.546350 -0.261950 0.795540 0.391672 0.485678 1 4 1.000000
pyro_red
  4 -8.511686 61.405754 -1.271715 0.809549 -0.542180 0.225102 0.361006 0.463921 1 4 1.000000
  4 -9.725188 61.092682 0.953628 0.546350 -0.261950 0.795540 0.391672 0.485678 1 4 1.000000
  4 -9.177789 60.255146 -1.280114 0.881940 -0.425995 0.201765 0.360149 0.453824 1 4 1.000000
pyro_red
  4 -8.511686 61.405754 -1.271715 0.809549 -0.542180 0.225102 0.361006 0.463921 1 4 1.000000
  4 -9.188186 62.520828 1.074946 0.373758 -0.469608 0.799858 0.392122 0.506784 1 4 1.000000
  4 -9.725188 61.092682 0.953628 0.546350 -0.261950 0.795540 0.391672 0.485678 1 4 1.000000
pyro_red
  4 -9.188186 62.520828 1.074946 0.373758 -0.469608 0.799858 0.392122 0.506784 1 4 1.000000
  4 -8.511686 61.405754 -1.271715 0.809549 -0.542180 0.225102 0.361006 0.463921 1 4 1.000000
  4 -8.052011 62.156036 -1.187148 0.744457 -0.624829 0.235314 0.360495 0.466046 1 4 1.000000
pyro_red
  4 -9.188186 62.520828 1.074946 0.373758 -0.469608 0.799858 0.392122 0.506784 1 4 1.000000
  4 -8.052011 62.156036 -1.187148 0.744457 -0.624829 0.235314 0.360495 0.466046 1 4 1.000000
  4 -8.525851 63.027855 1.352281 0.231879 -0.611767 0.756289 0.390824 0.519285 1 4 1.000000
pyro_red
  4 -9.785572 63.443203 1.234362 -0.253239 -0.137031 0.957649 0.404152 0.522634 1 4 1.000000
  4 -9.188186 62.520828 1.074946 0.373758 -0.469608 0.799858 0.392122 0.506784 1 4 1.000000
  4 -8.525851 63.027855 1.352281 0.231879 -0.611767 0.756289 0.390824 0.519285 1 4 1.000000
pyro_red
  4 -9.785572 63.443203 1.234362 -0.253239 -0.137031 0.957649 0.404152 0.522634 1 4 1.000000
  4 -8.525851 63.027855 1.352281 0.231879 -0.611767 0.756289 0.390824 0.519285 1 4 1.000000
  4 -9.149137 64.322189 1.873486 -0.378701 -0.242725 0.893124 0.400623 0.540170 1 4 1.000000
pyro_red
  4 -9.149137 64.322189 1.873486 -0.378701 -0.242725 0.893124 0.400623 0.540170 1 4 1.000000
  4 -10.719605 64.534073 0.919326 -0.602224 0.147403 0.784601 0.408372 0.528737 1 4 1.000000
  4 -9.785572 63.443203 1.234362 -0.253239 -0.137031 0.957649 0.404152 0.522634 1 4 1.000000
pyro_red
  4 -9.149137 64.322189 1.873486 -0.378701 -0.242725 0.893124 0.400623 0.540170 1 4 1.000000
  4 -9.855799 66.520920 1.486160 -0.683739 0.083092 0.724980 0.407454 0.559026 1 4 1.000000
  4 -10.719605 64.534073 0.919326 -0.602224 0.147403 0.784601 0.408372 0.528737 1 4 1.000000
pyro_red
  4 -9.855799 66.520920 1.486160 -0.683739 0.083092 0.724980 0.407454 0.559026 1 4 1.000000
  4 -11.420277 65.732246 -0.416058 -0.821953 0.368288 0.434462 0.421869 0.537939 1 4 1.000000
  4 -10.719605 64.534073 0.919326 -0.602224 0.147403 0.784601 0.408372 0.528737 1 4 1.000000
pyro_red
  4 -9.855799 66.520920 1.486160 -0.683739 0.083092 0.724980 0.407454 0.559026 1 4 1.000000
  4 -10.489954 68.045105 -0.282491 -0.851988 0.356772 0.383183 0.421781 0.572713 1 4 1.000000
  4 -11.420277 65.732246 -0.416058 -0.821953 0.368288 0.434462 0.421869 0.537939 1 4 1.000000
pyro_red
  4 -10.489954 68.045105 -0.282491 -0.851988 0.356772 0.383183 0.421781 0.572713 1 4 1.000000
  4 -12.020728 65.994850 -2.322658 -0.891411 0.453028 -0.012335 0.436361 0.537571 1 4 1.000000
  4 -11.420277 65.732246 -0.416058 -0.821953 0.368288 0.434462 0.421869 0.537939 1 4 1.000000
pyro_red
  4 -10.489954 68.045105 -0.282491 -0.851988 0.356772 0.383183 0.421781 0.572713 1 4 1.000000
  4 -10.464096 68.379158 -2.343306 -0.874247 0.482340 -0.055130 0.436211 0.570363 1 4 1.000000
  4 -12.020728 65.994850 -2.322658 -0.891411 0.453028 -0.012335 0.436361 0.537571 1 4 1.000000
pyro_red
  4 -10.144869 67.735298 -4.691337 -0.755465 0.344152 -0.557523 0.452438 0.576988 1 4 1.000000
  4 -12.020728 65.994850 -2.322658 -0.891411 0.453028 -0.012335 0.436361 0.537571 1 4 1.000000
  4 -10.464096 68.379158 -2.343306 -0.874247 0.482340 -0.055130 0.436211 0.570363 1 4 1.000000
pyro_red
  4 -13.571436 56.878338 -5.057422 -0.085427 -0.007653 -0.996315 0.467005 0.441232 2 4 0.500000 6 0.500000
  6 -13.660456 54.112034 -4.566667 0.338708 -0.338841 -0.877761 0.475146 0.409521 1 6 1.000000
  6 -14.821151 54.631607 -4.767302 -0.094768 -0.092619 -0.991181 0.466967 0.407203 1 6 1.000000
pyro_red
  4 -15.518116 57.754429 -3.813551 -0.669909 0.343953 -0.657965 0.450694 0.434670 2 4 0.500000 6 0.500000
  4 -13.571436 56.878338 -5.057422 -0.085427 -0.007653 -0.996315 0.467005 0.441232 2 4 0.500000 6 0.500000
  6 -14.821151 54.631607 -4.767302 -0.094768 -0.092619 -0.991181 0.466967 0.407203 1 6 1.000000
pyro_red
  4 -15.518116 57.754429 -3.813551 -0.669909 0.343953 -0.657965 0.450694 0.434670 2 4 0.500000 6 0.500000
  6 -14.821151 54.631607 -4.767302 -0.094768 -0.092619 -0.991181 0.466967 0.407203 1 6 1.000000
  6 -16.773701 55.739056 -4.114615 -0.633544 0.320964 -0.703991 0.451687 0.405177 1 6 1.000000
pyro_red
  4 -15.518116 57.754429 -3.813551 -0.669909 0.343953 -0.657965 0.450694 0.434670 2 4 0.500000 6 0.500000
  6 -16.773701 55.739056 -4.114615 -0.633544 0.320964 -0.703991 0.451687 0.405177 1 6 1.000000
  6 -17.516640 56.422630 -1.583164 -0.818605 0.574299 -0.008178 0.434266 0.403288 1 6 1.000000
pyro_red
  6 -18.443123 52.981934 -3.360595 -0.723963 0.103602 -0.682015 0.452481 0.381721 1 6 1.000000
  6 -17.516640 56.422630 -1.583164 -0.818605 0.574299 -0.008178 0.434266 0.403288 1 6 1.000000
  6 -16.773701 55.739056 -4.114615 -0.633544 0.320964 -0.703991 0.451687 0.405177 1 6 1.000000
pyro_red
  6 -18.443123 52.981934 -3.360595 -0.723963 0.103602 -0.682015 0.452481 0.381721 1 6 1.000000
  6 -18.982937 54.132027 -0.717077 -0.887230 0.460755 0.022970 0.433843 0.384260 1 6 1.000000
  6 -17.516640 56.422630 -1.583164 -0.818605 0.574299 -0.008178 0.434266 0.403288 1 6 1.000000
pyro_red
  6 -18.982937 54.132027 -0.717077 -0.887230 0.460755 0.022970 0.433843 0.384260 1 6 1.000000
  6 -16.469969 56.451813 0.588163 -0.622074 0.555553 0.551710 0.419156 0.406797 1 6 1.000000
  6 -17.516640 56.422630 -1.583164 -0.818605 0.574299 -0.008178 0.434266 0.403288 1 6 1.000000
pyro_red
  4 -15.951038 58.262325 -1.522774 -0.870881 0.491369 0.011031 0.434877 0.433720 2 4 0.500000 6 0.500000
  6 -17.516640 56.422630 -1.583164 -0.818605 0.574299 -0.008178 0.434266 0.403288 1 6 1.000000
  6 -16.469969 56.451813 0.588163 -0.622074 0.555553 0.551710 0.419156 0.406797 1 6 1.000000
pyro_red
  4 -15.951038 58.262325 -1.522774 -0.870881 0.491369 0.011031 0.434877 0.433720 2 4 0.500000 6 0.500000
  6 -16.469969 56.451813 0.588163 -0.622074 0.555553 0.551710 0.419156 0.406797 1 6 1.000000
  4 -15.363771 58.407860 0.022964 -0.732388 0.446628 0.513937 0.420299 0.436360 2 4 0.500000 6 0.500000
pyro_red
  4 -15.522683 59.899876 -1.704455 -0.887230 0.460756 0.022970 0.435688 0.456044 1 4 1.000000
  4 -15.951038 58.262325 -1.522774 -0.870881 0.491369 0.011031 0.434877 0.433720 2 4 0.500000 6 0.500000
  4 -15.363771 58.407860 0.022964 -0.732388 0.446628 0.513937 0.420299 0.436360 2 4 0.500000 6 0.500000
pyro_red
  4 -15.522683 59.899876 -1.704455 -0.887230 0.460756 0.022970 0.435688 0.456044 1 4 1.000000
  4 -15.363771 58.407860 0.022964 -0.732388 0.446628 0.513937 0.420299 0.436360 2 4 0.500000 6 0.500000
  4 -14.685045 59.737106 -0.110263 -0.732388 0.446628 0.513937 0.422235 0.458014 1 4 1.000000
pyro_red
  4 -13.609202 62.440422 -2.038947 -0.870881 0.491369 0.011031 0.436149 0.483335 1 4 1.000000
  4 -15.522683 59.899876 -1.704455 -0.887230 0.460756 0.022970 0.435688 0.456044 1 4 1.000000
  4 -14.685045 59.737106 -0.110263 -0.732388 0.446628 0.513937 0.422235 0.458014 1 4 1.000000
pyro_red
  4 -13.609202 62.440422 -2.038947 -0.870881 0.491369 0.011031 0.436149 0.483335 1 4 1.000000
  4 -14.685045 59.737106 -0.110263 -0.732388 0.446628 0.513937 0.422235 0.458014 1 4 1.000000
  4 -12.890512 62.744862 -0.542273 -0.732388 0.446628 0.513937 0.423605 0.490839 1 4 1.000000
pyro_red
  4 -12.020728 65.994850 -2.322658 -0.891411 0.453028 -0.012335 0.436361 0.537571 1 4 1.000000
  4 -13.609202 62.440422 -2.038947 -0.870881 0.491369 0.011031 0.436149 0.483335 1 4 1.000000
  4 -12.890512 62.744862 -0.542273 -0.732388 0.446628 0.513937 0.423605 0.490839 1 4 1.000000
pyro_red
  4 -12.020728 65.994850 -2.322658 -0.891411 0.453028 -0.012335 0.436361 0.537571 1 4 1.000000
  4 -12.890512 62.744862 -0.542273 -0.732388 0.446628 0.513937 0.423605 0.490839 1 4 1.000000
  4 -11.420277 65.732246 -0.416058 -0.821953 0.368288 0.434462 0.421869 0.537939 1 4 1.000000
pyro_red
  4 -10.719605 64.534073 0.919326 -0.602224 0.147403 0.784601 0.408372 0.528737 1 4 1.000000
  4 -11.420277 65.732246 -0.416058 -0.821953 0.368288 0.434462 0.421869 0.537939 1 4 1.000000
  4 -12.890512 62.744862 -0.542273 -0.732388 0.446628 0.513937 0.423605 0.490839 1 4 1.000000
pyro_red
  4 -10.719605 64.534073 0.919326 -0.602224 0.147403 0.784601 0.408372 0.528737 1 4 1.000000
  4 -12.890512 62.744862 -0.542273 -0.732388 0.446628 0.513937 0.423605 0.490839 1 4 1.000000
  4 -12.085133 62.371704 0.654461 -0.470884 0.288499 0.833688 0.415281 0.490816 1 4 1.000000
pyro_red
  4 -12.085133 62.371704 0.654461 -0.470884 0.288499 0.833688 0.415281 0.490816 1 4 1.000000
  4 -9.785572 63.443203 1.234362 -0.253239 -0.137031 0.957649 0.404152 0.522634 1 4 1.000000
  4 -10.719605 64.534073 0.919326 -0.602224 0.147403 0.784601 0.408372 0.528737 1 4 1.000000
pyro_red
  4 -12.085133 62.371704 0.654461 -0.470884 0.288499 0.833688 0.415281 0.490816 1 4 1.000000
  4 -11.009476 61.611366 1.027271 -0.067512 0.056478 0.996119 0.406957 0.490794 1 4 1.000000
  4 -9.785572 63.443203 1.234362 -0.253239 -0.137031 0.957649 0.404152 0.522634 1 4 1.000000
pyro_red
  4 -11.009476 61.611366 1.027271 -0.067512 0.056478 0.996119 0.406957 0.490794 1 4 1.000000
  4 -9.188186 62.520828 1.074946 0.373758 -0.469608 0.799858 0.392122 0.506784 1 4 1.000000
  4 -9.785572 63.443203 1.234362 -0.253239 -0.137031 0.957649 0.404152 0.522634 1 4 1.000000
pyro_red
  4 -11.009476 61.611366 1.027271 -0.067512 0.056478 0.996119 0.406957 0.490794 1 4 1.000000
  4 -9.725188 61.092682 0.953628 0.546350 -0.261950 0.795540 0.391672 0.485678 1 4 1.000000
  4 -9.188186 62.520828 1.074946 0.373758 -0.469608 0.799858 0.392122 0.506784 1 4 1.000000
pyro_red
  4 -13.609202 62.440422 -2.038947 -0.870881 0.491369 0.011031 0.436149 0.483335 1 4 1.000000
  4 -14.641081 59.414047 -3.952508 -0.720003 0.306036 -0.622846 0.450873 0.453987 1 4 1.000000
  4 -15.522683 59.899876 -1.704455 -0.887230 0.460756 0.022970 0.435688 0.456044 1 4 1.000000
pyro_red
  4 -15.951038 58.262325 -1.522774 -0.870881 0.491369 0.011031 0.434877 0.433720 2 4 0.500000 6 0.500000
  4 -15.522683 59.899876 -1.704455 -0.887230 0.460756 0.022970 0.435688 0.456044 1 4 1.000000
  4 -14.641081 59.414047 -3.952508 -0.720003 0.306036 -0.622846 0.450873 0.453987 1 4 1.000000
pyro_red
  4 -15.951038 58.262325 -1.522774 -0.870881 0.491369 0.011031 0.434877 0.433720 2 4 0.500000 6 0.500000
  4 -14.641081 59.414047 -3.952508 -0.720003 0.306036 -0.622846 0.450873 0.453987 1 4 1.000000
  4 -15.518116 57.754429 -3.813551 -0.669909 0.343953 -0.657965 0.450694 0.434670 2 4 0.500000 6 0.500000
pyro_red
  4 -15.518116 57.754429 -3.813551 -0.669909 0.343953 -0.657965 0.450694 0.434670 2 4 0.500000 6 0.500000
  6 -17.516640 56.422630 -1.583164 -0.818605 0.574299 -0.008178 0.434266 0.403288 1 6 1.000000
  4 -15.951038 58.262325 -1.522774 -0.870881 0.491369 0.011031 0.434877 0.433720 2 4 0.500000 6 0.500000
pyro_red
  4 -13.571436 56.878338 -5.057422 -0.085427 -0.007653 -0.996315 0.467005 0.441232 2 4 0.500000 6 0.500000
  4 -15.518116 57.754429 -3.813551 -0.669909 0.343953 -0.657965 0.450694 0.434670 2 4 0.500000 6 0.500000
  4 -14.641081 59.414047 -3.952508 -0.720003 0.306036 -0.622846 0.450873 0.453987 1 4 1.000000
pyro_red
  4 -13.304019 61.944130 -4.164350 -0.729178 0.339051 -0.594428 0.451147 0.483435 1 4 1.000000
  4 -11.919597 64.600922 -4.367250 -0.755465 0.344152 -0.557523 0.451204 0.525407 1 4 1.000000
  4 -10.637005 63.234074 -5.598187 -0.261188 -0.033429 -0.964709 0.465980 0.522778 1 4 1.000000
pyro_red
  4 -13.304019 61.944130 -4.164350 -0.729178 0.339051 -0.594428 0.451147 0.483435 1 4 1.000000
  4 -10.637005 63.234074 -5.598187 -0.261188 -0.033429 -0.964709 0.465980 0.522778 1 4 1.000000
  4 -11.850958 61.131134 -5.324076 -0.128868 -0.030623 -0.991189 0.465563 0.487341 1 4 1.000000
pyro_red
  4 -9.487694 62.014359 -5.003089 0.351041 -0.387657 -0.852345 0.473773 0.512621 1 4 1.000000
  4 -11.850958 61.131134 -5.324076 -0.128868 -0.030623 -0.991189 0.465563 0.487341 1 4 1.000000
  4 -10.637005 63.234074 -5.598187 -0.261188 -0.033429 -0.964709 0.465980 0.522778 1 4 1.000000
pyro_red
  4 -9.487694 62.014359 -5.003089 0.351041 -0.387657 -0.852345 0.473773 0.512621 1 4 1.000000
  4 -10.557751 60.232113 -4.568350 0.444651 -0.319175 -0.836907 0.473790 0.484071 1 4 1.000000
  4 -11.850958 61.131134 -5.324076 -0.128868 -0.030623 -0.991189 0.465563 0.487341 1 4 1.000000
pyro_red
  4 -8.753563 60.896641 -3.704633 0.765129 -0.535828 -0.357024 0.487699 0.503077 1 4 1.000000
  4 -10.557751 60.232113 -4.568350 0.444651 -0.319175 -0.836907 0.473790 0.484071 1 4 1.000000
  4 -9.487694 62.014359 -5.003089 0.351041 -0.387657 -0.852345 0.473773 0.512621 1 4 1.000000
pyro_red
  4 -8.753563 60.896641 -3.704633 0.765129 -0.535828 -0.357024 0.487699 0.503077 1 4 1.000000
  4 -9.479365 59.565197 -3.397524 0.798538 -0.466486 -0.380431 0.488148 0.481415 1 4 1.000000
  4 -10.557751 60.232113 -4.568350 0.444651 -0.319175 -0.836907 0.473790 0.484071 1 4 1.000000
pyro_red
  4 -9.479365 59.565197 -3.397524 0.798538 -0.466486 -0.380431 0.488148 0.481415 1 4 1.000000
  4 -11.604233 57.834015 -4.520841 0.490600 -0.236327 -0.838726 0.474077 0.458466 1 4 1.000000
  4 -10.557751 60.232113 -4.568350 0.444651 -0.319175 -0.836907 0.473790 0.484071 1 4 1.000000
pyro_red
  4 -9.479365 59.565197 -3.397524 0.798538 -0.466486 -0.380431 0.488148 0.481415 1 4 1.000000
  4 -10.516509 57.407681 -3.458257 0.835758 -0.397676 -0.378633 0.487832 0.458687 1 4 1.000000
  4 -11.604233 57.834015 -4.520841 0.490600 -0.236327 -0.838726 0.474077 0.458466 1 4 1.000000
pyro_red
  4 -11.256771 55.867752 -3.501605 0.837500 -0.355706 -0.414810 0.487606 0.442464 2 4 0.500000 6 0.500000
  4 -11.604233 57.834015 -4.520841 0.490600 -0.236327 -0.838726 0.474077 0.458466 1 4 1.000000
  4 -10.516509 57.407681 -3.458257 0.835758 -0.397676 -0.378633 0.487832 0.458687 1 4 1.000000
pyro_red
  4 -11.256771 55.867752 -3.501605 0.837500 -0.355706 -0.414810 0.487606 0.442464 2 4 0.500000 6 0.500000
  4 -12.303223 56.251156 -4.491545 0.436625 -0.230370 -0.869649 0.474239 0.441542 2 4 0.500000 6 0.500000
  4 -11.604233 57.834015 -4.520841 0.490600 -0.236327 -0.838726 0.474077 0.458466 1 4 1.000000
pyro_red
  4 -13.571436 56.878338 -5.057422 -0.085427 -0.007653 -0.996315 0.467005 0.441232 2 4 0.500000 6 0.500000
  4 -11.604233 57.834015 -4.520841 0.490600 -0.236327 -0.838726 0.474077 0.458466 1 4 1.000000
  4 -12.303223 56.251156 -4.491545 0.436625 -0.230370 -0.869649 0.474239 0.441542 2 4 0.500000 6 0.500000
pyro_red
  4 -13.571436 56.878338 -5.057422 -0.085427 -0.007653 -0.996315 0.467005 0.441232 2 4 0.500000 6 0.500000
  4 -12.913719 58.504139 -5.159360 -0.085427 -0.007653 -0.996315 0.466453 0.458859 1 4 1.000000
  4 -11.604233 57.834015 -4.520841 0.490600 -0.236327 -0.838726 0.474077 0.458466 1 4 1.000000
pyro_red
  4 -13.571436 56.878338 -5.057422 -0.085427 -0.007653 -0.996315 0.467005 0.441232 2 4 0.500000 6 0.500000
  4 -14.641081 59.414047 -3.952508 -0.720003 0.306036 -0.622846 0.450873 0.453987 1 4 1.000000
  4 -12.913719 58.504139 -5.159360 -0.085427 -0.007653 -0.996315 0.466453 0.458859 1 4 1.000000
pyro_red
  4 -11.850958 61.131134 -5.324076 -0.128868 -0.030623 -0.991189 0.465563 0.487341 1 4 1.000000
  4 -12.913719 58.504139 -5.159360 -0.085427 -0.007653 -0.996315 0.466453 0.458859 1 4 1.000000
  4 -14.641081 59.414047 -3.952508 -0.720003 0.306036 -0.622846 0.450873 0.453987 1 4 1.000000
pyro_red
  4 -11.850958 61.131134 -5.324076 -0.128868 -0.030623 -0.991189 0.465563 0.487341 1 4 1.000000
  4 -14.641081 59.414047 -3.952508 -0.720003 0.306036 -0.622846 0.450873 0.453987 1 4 1.000000
  4 -13.304019 61.944130 -4.164350 -0.729178 0.339051 -0.594428 0.451147 0.483435 1 4 1.000000
pyro_red
  4 -13.609202 62.440422 -2.038947 -0.870881 0.491369 0.011031 0.436149 0.483335 1 4 1.000000
  4 -13.304019 61.944130 -4.164350 -0.729178 0.339051 -0.594428 0.451147 0.483435 1 4 1.000000
  4 -14.641081 59.414047 -3.952508 -0.720003 0.306036 -0.622846 0.450873 0.453987 1 4 1.000000
pyro_red
  4 -11.919597 64.600922 -4.367250 -0.755465 0.344152 -0.557523 0.451204 0.525407 1 4 1.000000
  4 -13.304019 61.944130 -4.164350 -0.729178 0.339051 -0.594428 0.451147 0.483435 1 4 1.000000
  4 -13.609202 62.440422 -2.038947 -0.870881 0.491369 0.011031 0.436149 0.483335 1 4 1.000000
pyro_red
  4 -11.919597 64.600922 -4.367250 -0.755465 0.344152 -0.557523 0.451204 0.525407 1 4 1.000000
  4 -13.609202 62.440422 -2.038947 -0.870881 0.491369 0.011031 0.436149 0.483335 1 4 1.000000
  4 -12.020728 65.994850 -2.322658 -0.891411 0.453028 -0.012335 0.436361 0.537571 1 4 1.000000
pyro_red
  4 -10.557751 60.232113 -4.568350 0.444651 -0.319175 -0.836907 0.473790 0.484071 1 4 1.000000
  4 -12.913719 58.504139 -5.159360 -0.085427 -0.007653 -0.996315 0.466453 0.458859 1 4 1.000000
  4 -11.850958 61.131134 -5.324076 -0.128868 -0.030623 -0.991189 0.465563 0.487341 1 4 1.000000
pyro_red
  4 -10.557751 60.232113 -4.568350 0.444651 -0.319175 -0.836907 0.473790 0.484071 1 4 1.000000
  4 -11.604233 57.834015 -4.520841 0.490600 -0.236327 -0.838726 0.474077 0.458466 1 4 1.000000
  4 -12.913719 58.504139 -5.159360 -0.085427 -0.007653 -0.996315 0.466453 0.458859 1 4 1.000000
pyro_red
  4 -10.144869 67.735298 -4.691337 -0.755465 0.344152 -0.557523 0.452438 0.576988 1 4 1.000000
  4 -11.919597 64.600922 -4.367250 -0.755465 0.344152 -0.557523 0.451204 0.525407 1 4 1.000000
  4 -12.020728 65.994850 -2.322658 -0.891411 0.453028 -0.012335 0.436361 0.537571 1 4 1.000000
pyro_red
  4 -9.396677 66.204063 -6.050421 -0.346619 -0.013028 -0.937915 0.463507 0.569087 1 4 1.000000
  4 -11.919597 64.600922 -4.367250 -0.755465 0.344152 -0.557523 0.451204 0.525407 1 4 1.000000
  4 -10.144869 67.735298 -4.691337 -0.755465 0.344152 -0.557523 0.452438 0.576988 1 4 1.000000
pyro_red
  4 -9.396677 66.204063 -6.050421 -0.346619 -0.013028 -0.937915 0.463507 0.569087 1 4 1.000000
  4 -10.637005 63.234074 -5.598187 -0.261188 -0.033429 -0.964709 0.465980 0.522778 1 4 1.000000
  4 -11.919597 64.600922 -4.367250 -0.755465 0.344152 -0.557523 0.451204 0.525407 1 4 1.000000
pyro_red
  4 -8.527637 64.206627 -5.838641 0.314700 -0.378292 -0.870551 0.472438 0.548958 1 4 1.000000
  4 -10.637005 63.234074 -5.598187 -0.261188 -0.033429 -0.964709 0.465980 0.522778 1 4 1.000000
  4 -9.396677 66.204063 -6.050421 -0.346619 -0.013028 -0.937915 0.463507 0.569087 1 4 1.000000
pyro_red
  4 -8.527637 64.206627 -5.838641 0.314700 -0.378292 -0.870551 0.472438 0.548958 1 4 1.000000
  4 -9.487694 62.014359 -5.003089 0.351041 -0.387657 -0.852345 0.473773 0.512621 1 4 1.000000
  4 -10.637005 63.234074 -5.598187 -0.261188 -0.033429 -0.964709 0.465980 0.522778 1 4 1.000000
pyro_red
  4 -7.740134 62.395683 -3.716098 0.765129 -0.535828 -0.357024 0.486159 0.516524 1 4 1.000000
  4 -9.487694 62.014359 -5.003089 0.351041 -0.387657 -0.852345 0.473773 0.512621 1 4 1.000000
  4 -8.527637 64.206627 -5.838641 0.314700 -0.378292 -0.870551 0.472438 0.548958 1 4 1.000000
pyro_red
  4 -7.740134 62.395683 -3.716098 0.765129 -0.535828 -0.357024 0.486159 0.516524 1 4 1.000000
  4 -8.753563 60.896641 -3.704633 0.765129 -0.535828 -0.357024 0.487699 0.503077 1 4 1.000000
  4 -9.487694 62.014359 -5.003089 0.351041 -0.387657 -0.852345 0.473773 0.512621 1 4 1.000000
pyro_red
  4 -8.511686 61.405754 -1.271715 0.809549 -0.542180 0.225102 0.532604 0.450570 1 4 1.000000
  4 -8.753563 60.896641 -3.704633 0.765129 -0.535828 -0.357024 0.487699 0.503077 1 4 1.000000
  4 -7.740134 62.395683 -3.716098 0.765129 -0.535828 -0.357024 0.486159 0.516524 1 4 1.000000
pyro_red
  4 -9.177789 60.255146 -1.280114 0.881940 -0.425995 0.201765 0.529086 0.443714 1 4 1.000000
  4 -8.753563 60.896641 -3.704633 0.765129 -0.535828 -0.357024 0.487699 0.503077 1 4 1.000000
  4 -8.511686 61.405754 -1.271715 0.809549 -0.542180 0.225102 0.532604 0.450570 1 4 1.000000
pyro_red
  4 -9.177789 60.255146 -1.280114 0.881940 -0.425995 0.201765 0.529086 0.443714 1 4 1.000000
  4 -9.479365 59.565197 -3.397524 0.798538 -0.466486 -0.380431 0.488148 0.481415 1 4 1.000000
  4 -8.753563 60.896641 -3.704633 0.765129 -0.535828 -0.357024 0.487699 0.503077 1 4 1.000000
pyro_red
  4 -9.479365 59.565197 -3.397524 0.798538 -0.466486 -0.380431 0.488148 0.481415 1 4 1.000000
  4 -9.177789 60.255146 -1.280114 0.881940 -0.425995 0.201765 0.529086 0.443714 1 4 1.000000
  4 -10.554407 57.732807 -0.974217 0.881940 -0.425995 0.201765 0.525321 0.424097 1 4 1.000000
pyro_red
  4 -9.479365 59.565197 -3.397524 0.798538 -0.466486 -0.380431 0.488148 0.481415 1 4 1.000000
  4 -10.554407 57.732807 -0.974217 0.881940 -0.425995 0.201765 0.525321 0.424097 1 4 1.000000
  4 -10.516509 57.407681 -3.458257 0.835758 -0.397676 -0.378633 0.487832 0.458687 1 4 1.000000
pyro_red
  4 -11.368626 55.977642 -0.754705 0.909336 -0.357211 0.213324 0.522944 0.411712 2 4 0.500000 6 0.500000
  4 -10.516509 57.407681 -3.458257 0.835758 -0.397676 -0.378633 0.487832 0.458687 1 4 1.000000
  4 -10.554407 57.732807 -0.974217 0.881940 -0.425995 0.201765 0.525321 0.424097 1 4 1.000000
pyro_red
  4 -11.368626 55.977642 -0.754705 0.909336 -0.357211 0.213324 0.522944 0.411712 2 4 0.500000 6 0.500000
  4 -11.256771 55.867752 -3.501605 0.837500 -0.355706 -0.414810 0.487606 0.442464 2 4 0.500000 6 0.500000
  4 -10.516509 57.407681 -3.458257 0.835758 -0.397676 -0.378633 0.487832 0.458687 1 4 1.000000
pyro_red
  4 -11.368626 55.977642 -0.754705 0.909336 -0.357211 0.213324 0.522944 0.411712 2 4 0.500000 6 0.500000
  6 -12.158194 53.708134 -3.527414 0.761325 -0.461475 -0.455438 0.489457 0.412452 1 6 1.000000
  4 -11.256771 55.867752 -3.501605 0.837500 -0.355706 -0.414810 0.487606 0.442464 2 4 0.500000 6 0.500000
pyro_red
  4 -12.303223 56.251156 -4.491545 0.436625 -0.230370 -0.869649 0.474239 0.441542 2 4 0.500000 6 0.500000
  4 -11.256771 55.867752 -3.501605 0.837500 -0.355706 -0.414810 0.487606 0.442464 2 4 0.500000 6 0.500000
  6 -12.158194 53.708134 -3.527414 0.761325 -0.461475 -0.455438 0.489457 0.412452 1 6 1.000000
pyro_red
  4 -12.303223 56.251156 -4.491545 0.436625 -0.230370 -0.869649 0.474239 0.441542 2 4 0.500000 6 0.500000
  6 -12.158194 53.708134 -3.527414 0.761325 -0.461475 -0.455438 0.489457 0.412452 1 6 1.000000
  6 -13.660456 54.112034 -4.566667 0.338708 -0.338841 -0.877761 0.475146 0.409521 1 6 1.000000
pyro_red
  4 -13.571436 56.878338 -5.057422 -0.085427 -0.007653 -0.996315 0.467005 0.441232 2 4 0.500000 6 0.500000
  4 -12.303223 56.251156 -4.491545 0.436625 -0.230370 -0.869649 0.474239 0.441542 2 4 0.500000 6 0.500000
  6 -13.660456 54.112034 -4.566667 0.338708 -0.338841 -0.877761 0.475146 0.409521 1 6 1.000000
pyro_red
  4 -8.511686 61.405754 -1.271715 0.809549 -0.542180 0.225102 0.532604 0.450570 1 4 1.000000
  4 -7.740134 62.395683 -3.716098 0.765129 -0.535828 -0.357024 0.486159 0.516524 1 4 1.000000
  4 -8.052011 62.156036 -1.187148 0.744457 -0.624829 0.235314 0.533278 0.452219 1 4 1.000000
pyro_hands_red
  34 20.887093 39.718880 6.574274 -0.121520 0.254175 0.959494 -0.816339 0.825393 2 34 0.750000 36 0.250000
  36 20.797091 39.437275 6.633964 -0.113301 0.205601 0.972055 -0.815470 0.834189 2 36 0.750000 34 0.250000
  36 21.550093 39.204876 6.531485 0.504929 -0.221593 0.834232 -0.792219 0.832361 2 36 0.600000 34 0.400000
pyro_hands_red
  34 22.105494 41.902878 4.133635 0.994597 0.056207 0.087281 -0.720281 0.735123 1 34 1.000000
  7 22.060902 42.725780 3.717695 0.984791 0.140861 0.101715 -0.713583 0.698060 1 7 1.000000
  7 21.835304 42.932976 4.652035 0.889455 0.265548 0.371960 -0.753126 0.699153 1 7 1.000000
pyro_hands_red
  34 22.105494 41.902878 4.133635 0.994597 0.056207 0.087281 -0.720281 0.735123 1 34 1.000000
  7 21.835304 42.932976 4.652035 0.889455 0.265548 0.371960 -0.753126 0.699153 1 7 1.000000
  34 21.947393 42.055477 4.956184 0.918892 0.206724 0.336009 -0.754597 0.736802 1 34 1.000000
pyro_hands_red
  34 21.947393 42.055477 4.956184 0.918892 0.206724 0.336009 -0.754597 0.736802 1 34 1.000000
  7 21.835304 42.932976 4.652035 0.889455 0.265548 0.371960 -0.753126 0.699153 1 7 1.000000
  7 21.276604 42.982475 5.370926 0.517943 0.301839 0.800392 -0.789528 0.701776 1 7 1.000000
pyro_hands_red
  34 21.947393 42.055477 4.956184 0.918892 0.206724 0.336009 -0.754597 0.736802 1 34 1.000000
  7 21.276604 42.982475 5.370926 0.517943 0.301839 0.800392 -0.789528 0.701776 1 7 1.000000
  34 21.549795 42.094078 5.620744 0.536062 0.348088 0.769072 -0.784912 0.740222 1 34 1.000000
pyro_hands_red
  7 20.372101 42.269279 5.775006 0.082185 -0.021234 0.996391 -0.831350 0.727652 3 7 0.750000 28 0.187500 34 0.062500
  34 21.549795 42.094078 5.620744 0.536062 0.348088 0.769072 -0.784912 0.740222 1 34 1.000000
  7 21.276604 42.982475 5.370926 0.517943 0.301839 0.800392 -0.789528 0.701776 1 7 1.000000
pyro_hands_red
  7 20.372101 42.269279 5.775006 0.082185 -0.021234 0.996391 -0.831350 0.727652 3 7 0.750000 28 0.187500 34 0.062500
  34 20.578995 41.813080 5.916224 -0.151435 0.195515 0.968938 -0.825631 0.748403 1 34 1.000000
  34 21.549795 42.094078 5.620744 0.536062 0.348088 0.769072 -0.784912 0.740222 1 34 1.000000
pyro_hands_red
  34 21.609892 41.500977 5.845523 0.573982 0.314389 0.756111 -0.786395 0.764631 1 34 1.000000
  34 21.549795 42.094078 5.620744 0.536062 0.348088 0.769072 -0.784912 0.740222 1 34 1.000000
  34 20.578995 41.813080 5.916224 -0.151435 0.195515 0.968938 -0.825631 0.748403 1 34 1.000000
pyro_hands_red
  34 21.609892 41.500977 5.845523 0.573982 0.314389 0.756111 -0.786395 0.764631 1 34 1.000000
  34 20.578995 41.813080 5.916224 -0.151435 0.195515 0.968938 -0.825631 0.748403 1 34 1.000000
  34 20.729494 41.366779 6.074734 -0.194202 0.280954 0.939867 -0.821606 0.768078 1 34 1.000000
pyro_hands_red
  34 21.643591 41.004776 6.017674 0.617888 0.282490 0.733766 -0.787876 0.783586 1 34 1.000000
  34 21.609892 41.500977 5.845523 0.573982 0.314389 0.756111 -0.786395 0.764631 1 34 1.000000
  34 20.729494 41.366779 6.074734 -0.194202 0.280954 0.939867 -0.821606 0.768078 1 34 1.000000
pyro_hands_red
  34 21.643591 41.004776 6.017674 0.617888 0.282490 0.733766 -0.787876 0.783586 1 34 1.000000
  34 20.729494 41.366779 6.074734 -0.194202 0.280954 0.939867 -0.821606 0.768078 1 34 1.000000
  34 20.820591 40.971180 6.214344 -0.162053 0.304711 0.938557 -0.819167 0.784647 1 34 1.000000
pyro_hands_red
  34 21.643591 41.004776 6.017674 0.617888 0.282490 0.733766 -0.787876 0.783586 1 34 1.000000
  34 20.820591 40.971180 6.214344 -0.162053 0.304711 0.938557 -0.819167 0.784647 1 34 1.000000
  34 20.864292 40.305981 6.416044 -0.121520 0.254175 0.959494 -0.818725 0.807549 1 34 1.000000
pyro_hands_red
  34 21.643591 41.004776 6.017674 0.617888 0.282490 0.733766 -0.787876 0.783586 1 34 1.000000
  34 20.864292 40.305981 6.416044 -0.121520 0.254175 0.959494 -0.818725 0.807549 1 34 1.000000
  34 21.657993 40.159679 6.281404 0.611305 0.221878 0.759655 -0.790719 0.810483 1 34 1.000000
pyro_hands_red
  34 21.657993 40.159679 6.281404 0.611305 0.221878 0.759655 -0.790719 0.810483 1 34 1.000000
  34 20.864292 40.305981 6.416044 -0.121520 0.254175 0.959494 -0.818725 0.807549 1 34 1.000000
  34 20.887093 39.718880 6.574274 -0.121520 0.254175 0.959494 -0.816339 0.825393 2 34 0.750000 36 0.250000
pyro_hands_red
  34 21.657993 40.159679 6.281404 0.611305 0.221878 0.759655 -0.790719 0.810483 1 34 1.000000
  34 20.887093 39.718880 6.574274 -0.121520 0.254175 0.959494 -0.816339 0.825393 2 34 0.750000 36 0.250000
  34 21.641291 39.465878 6.475474 0.593684 0.080626 0.800649 -0.790990 0.827196 2 34 0.600000 36 0.400000
pyro_hands_red
  34 20.887093 39.718880 6.574274 -0.121520 0.254175 0.959494 -0.816339 0.825393 2 34 0.750000 36 0.250000
  36 21.550093 39.204876 6.531485 0.504929 -0.221593 0.834232 -0.792219 0.832361 2 36 0.600000 34 0.400000
  34 21.641291 39.465878 6.475474 0.593684 0.080626 0.800649 -0.790990 0.827196 2 34 0.600000 36 0.400000
pyro_hands_red
  34 21.641291 39.465878 6.475474 0.593684 0.080626 0.800649 -0.790990 0.827196 2 34 0.600000 36 0.400000
  36 21.550093 39.204876 6.531485 0.504929 -0.221593 0.834232 -0.792219 0.832361 2 36 0.600000 34 0.400000
  36 21.850393 38.985676 5.917305 0.809573 -0.563144 0.165713 -0.772386 0.832139 2 36 0.600000 34 0.400000
pyro_hands_red
  34 21.641291 39.465878 6.475474 0.593684 0.080626 0.800649 -0.790990 0.827196 2 34 0.600000 36 0.400000
  36 21.850393 38.985676 5.917305 0.809573 -0.563144 0.165713 -0.772386 0.832139 2 36 0.600000 34 0.400000
  34 21.963291 39.248577 5.864195 0.972833 -0.194997 0.124784 -0.771664 0.828365 2 34 0.600000 36 0.400000
pyro_hands_red
  36 21.850393 38.985676 5.917305 0.809573 -0.563144 0.165713 -0.772386 0.832139 2 36 0.600000 34 0.400000
  34 21.746689 39.173477 5.158764 0.668761 -0.373795 -0.642679 -0.752347 0.831684 2 34 0.600000 36 0.400000
  34 21.963291 39.248577 5.864195 0.972833 -0.194997 0.124784 -0.771664 0.828365 2 34 0.600000 36 0.400000
pyro_hands_red
  7 21.201405 43.581482 5.132946 0.606786 0.375517 0.700570 -0.787274 0.675730 1 7 1.000000
  7 21.276604 42.982475 5.370926 0.517943 0.301839 0.800392 -0.789528 0.701776 1 7 1.000000
  7 21.835304 42.932976 4.652035 0.889455 0.265548 0.371960 -0.753126 0.699153 1 7 1.000000
pyro_hands_red
  34 21.549795 42.094078 5.620744 0.536062 0.348088 0.769072 -0.784912 0.740222 1 34 1.000000
  34 21.987993 41.465572 5.165364 0.957707 0.078414 0.276856 -0.756368 0.761722 1 34 1.000000
  34 21.947393 42.055477 4.956184 0.918892 0.206724 0.336009 -0.754597 0.736802 1 34 1.000000
pyro_hands_red
  34 21.549795 42.094078 5.620744 0.536062 0.348088 0.769072 -0.784912 0.740222 1 34 1.000000
  34 21.609892 41.500977 5.845523 0.573982 0.314389 0.756111 -0.786395 0.764631 1 34 1.000000
  34 21.987993 41.465572 5.165364 0.957707 0.078414 0.276856 -0.756368 0.761722 1 34 1.000000
pyro_hands_red
  34 21.609892 41.500977 5.845523 0.573982 0.314389 0.756111 -0.786395 0.764631 1 34 1.000000
  34 21.989590 40.930874 5.335254 0.982935 0.010897 0.183631 -0.759035 0.782761 1 34 1.000000
  34 21.987993 41.465572 5.165364 0.957707 0.078414 0.276856 -0.756368 0.761722 1 34 1.000000
pyro_hands_red
  34 21.609892 41.500977 5.845523 0.573982 0.314389 0.756111 -0.786395 0.764631 1 34 1.000000
  34 21.643591 41.004776 6.017674 0.617888 0.282490 0.733766 -0.787876 0.783586 1 34 1.000000
  34 21.989590 40.930874 5.335254 0.982935 0.010897 0.183631 -0.759035 0.782761 1 34 1.000000
pyro_hands_red
  34 21.643591 41.004776 6.017674 0.617888 0.282490 0.733766 -0.787876 0.783586 1 34 1.000000
  34 21.993893 40.013279 5.627424 0.993572 0.001877 0.113187 -0.766749 0.811522 1 34 1.000000
  34 21.989590 40.930874 5.335254 0.982935 0.010897 0.183631 -0.759035 0.782761 1 34 1.000000
pyro_hands_red
  34 21.643591 41.004776 6.017674 0.617888 0.282490 0.733766 -0.787876 0.783586 1 34 1.000000
  34 21.657993 40.159679 6.281404 0.611305 0.221878 0.759655 -0.790719 0.810483 1 34 1.000000
  34 21.993893 40.013279 5.627424 0.993572 0.001877 0.113187 -0.766749 0.811522 1 34 1.000000
pyro_hands_red
  34 21.657993 40.159679 6.281404 0.611305 0.221878 0.759655 -0.790719 0.810483 1 34 1.000000
  34 21.963291 39.248577 5.864195 0.972833 -0.194997 0.124784 -0.771664 0.828365 2 34 0.600000 36 0.400000
  34 21.993893 40.013279 5.627424 0.993572 0.001877 0.113187 -0.766749 0.811522 1 34 1.000000
pyro_hands_red
  34 21.657993 40.159679 6.281404 0.611305 0.221878 0.759655 -0.790719 0.810483 1 34 1.000000
  34 21.641291 39.465878 6.475474 0.593684 0.080626 0.800649 -0.790990 0.827196 2 34 0.600000 36 0.400000
  34 21.963291 39.248577 5.864195 0.972833 -0.194997 0.124784 -0.771664 0.828365 2 34 0.600000 36 0.400000
pyro_hands_red
  7 21.201405 43.581482 5.132946 0.606786 0.375517 0.700570 -0.787274 0.675730 1 7 1.000000
  7 20.319801 43.700481 5.523498 0.364114 0.368122 0.855516 -0.825293 0.668828 2 7 0.750000 28 0.250000
  7 20.302200 43.174881 5.720077 0.340594 0.187103 0.921405 -0.830539 0.690581 2 7 0.650000 28 0.350000
pyro_hands_red
  7 21.201405 43.581482 5.132946 0.606786 0.375517 0.700570 -0.787274 0.675730 1 7 1.000000
  7 20.302200 43.174881 5.720077 0.340594 0.187103 0.921405 -0.830539 0.690581 2 7 0.650000 28 0.350000
  7 21.276604 42.982475 5.370926 0.517943 0.301839 0.800392 -0.789528 0.701776 1 7 1.000000
pyro_hands_red
  7 20.302200 43.174881 5.720077 0.340594 0.187103 0.921405 -0.830539 0.690581 2 7 0.650000 28 0.350000
  7 20.372101 42.269279 5.775006 0.082185 -0.021234 0.996391 -0.831350 0.727652 3 7 0.750000 28 0.187500 34 0.062500
  7 21.276604 42.982475 5.370926 0.517943 0.301839 0.800392 -0.789528 0.701776 1 7 1.000000
pyro_hands_red
  7 20.302200 43.174881 5.720077 0.340594 0.187103 0.921405 -0.830539 0.690581 2 7 0.650000 28 0.350000
  7 20.128702 42.490482 5.829606 0.272339 -0.129971 0.953383 -0.840837 0.717038 3 7 0.500001 28 0.406250 34 0.093750
  7 20.372101 42.269279 5.775006 0.082185 -0.021234 0.996391 -0.831350 0.727652 3 7 0.750000 28 0.187500 34 0.062500
pyro_hands_red
  7 20.302200 43.174881 5.720077 0.340594 0.187103 0.921405 -0.830539 0.690581 2 7 0.650000 28 0.350000
  28 19.613699 42.279484 5.918845 0.326336 -0.350666 0.877803 -0.862263 0.722453 2 28 0.700000 7 0.300000
  7 20.128702 42.490482 5.829606 0.272339 -0.129971 0.953383 -0.840837 0.717038 3 7 0.500001 28 0.406250 34 0.093750
pyro_hands_red
  7 20.302200 43.174881 5.720077 0.340594 0.187103 0.921405 -0.830539 0.690581 2 7 0.650000 28 0.350000
  28 19.100796 43.146393 6.152534 0.305580 0.181861 0.934638 -0.880442 0.686385 2 28 0.528300 30 0.471700
  28 19.613699 42.279484 5.918845 0.326336 -0.350666 0.877803 -0.862263 0.722453 2 28 0.700000 7 0.300000
pyro_hands_red
  28 19.072395 43.811588 5.927176 0.234184 0.391639 0.889818 -0.875915 0.659697 1 28 1.000000
  28 19.100796 43.146393 6.152534 0.305580 0.181861 0.934638 -0.880442 0.686385 2 28 0.528300 30 0.471700
  7 20.302200 43.174881 5.720077 0.340594 0.187103 0.921405 -0.830539 0.690581 2 7 0.650000 28 0.350000
pyro_hands_red
  28 19.072395 43.811588 5.927176 0.234184 0.391639 0.889818 -0.875915 0.659697 1 28 1.000000
  7 20.302200 43.174881 5.720077 0.340594 0.187103 0.921405 -0.830539 0.690581 2 7 0.650000 28 0.350000
  7 20.319801 43.700481 5.523498 0.364114 0.368122 0.855516 -0.825293 0.668828 2 7 0.750000 28 0.250000
pyro_hands_red
  28 19.049397 44.472389 5.617825 0.195541 0.491650 0.848554 -0.870787 0.632122 1 28 1.000000
  28 19.072395 43.811588 5.927176 0.234184 0.391639 0.889818 -0.875915 0.659697 1 28 1.000000
  7 20.319801 43.700481 5.523498 0.364114 0.368122 0.855516 -0.825293 0.668828 2 7 0.750000 28 0.250000
pyro_hands_red
  28 19.049397 44.472389 5.617825 0.195541 0.491650 0.848554 -0.870787 0.632122 1 28 1.000000
  7 20.319801 43.700481 5.523498 0.364114 0.368122 0.855516 -0.825293 0.668828 2 7 0.750000 28 0.250000
  7 20.346104 44.292782 5.239556 0.362309 0.439661 0.821846 -0.818515 0.643634 2 7 0.899982 28 0.100018
pyro_hands_red
  7 21.201405 43.581482 5.132946 0.606786 0.375517 0.700570 -0.787274 0.675730 1 7 1.000000
  7 20.346104 44.292782 5.239556 0.362309 0.439661 0.821846 -0.818515 0.643634 2 7 0.899982 28 0.100018
  7 20.319801 43.700481 5.523498 0.364114 0.368122 0.855516 -0.825293 0.668828 2 7 0.750000 28 0.250000
pyro_hands_red
  7 21.201405 43.581482 5.132946 0.606786 0.375517 0.700570 -0.787274 0.675730 1 7 1.000000
  7 21.160904 44.153782 4.857806 0.606786 0.375517 0.700570 -0.783189 0.650639 1 7 1.000000
  7 20.346104 44.292782 5.239556 0.362309 0.439661 0.821846 -0.818515 0.643634 2 7 0.899982 28 0.100018
pyro_hands_red
  7 21.762602 43.415680 4.445295 0.889455 0.265548 0.371960 -0.751240 0.677808 1 7 1.000000
  7 21.160904 44.153782 4.857806 0.606786 0.375517 0.700570 -0.783189 0.650639 1 7 1.000000
  7 21.201405 43.581482 5.132946 0.606786 0.375517 0.700570 -0.787274 0.675730 1 7 1.000000
pyro_hands_red
  7 21.201405 43.581482 5.132946 0.606786 0.375517 0.700570 -0.787274 0.675730 1 7 1.000000
  7 21.835304 42.932976 4.652035 0.889455 0.265548 0.371960 -0.753126 0.699153 1 7 1.000000
  7 21.762602 43.415680 4.445295 0.889455 0.265548 0.371960 -0.751240 0.677808 1 7 1.000000
pyro_hands_red
  7 22.060902 42.725780 3.717695 0.984791 0.140861 0.101715 -0.713583 0.698060 1 7 1.000000
  7 21.762602 43.415680 4.445295 0.889455 0.265548 0.371960 -0.751240 0.677808 1 7 1.000000
  7 21.835304 42.932976 4.652035 0.889455 0.265548 0.371960 -0.753126 0.699153 1 7 1.000000
pyro_hands_red
  28 17.281796 43.689983 5.882944 -0.724106 0.332578 0.604204 -0.943215 0.646606 1 28 1.000000
  28 16.845497 43.873390 4.624225 -0.992532 0.079433 0.092573 -0.974285 0.608605 1 28 1.000000
  28 16.932796 42.989189 5.195745 -0.989371 -0.052204 0.135717 -0.981246 0.646873 1 28 1.000000
pyro_hands_red
  28 17.281796 43.689983 5.882944 -0.724106 0.332578 0.604204 -0.943215 0.646606 1 28 1.000000
  28 17.247894 44.428490 5.396804 -0.717914 0.419614 0.555449 -0.937449 0.615336 1 28 1.000000
  28 16.845497 43.873390 4.624225 -0.992532 0.079433 0.092573 -0.974285 0.608605 1 28 1.000000
pyro_hands_red
  28 17.922497 44.547989 5.705095 -0.172180 0.547869 0.818654 -0.912153 0.622725 1 28 1.000000
  28 17.247894 44.428490 5.396804 -0.717914 0.419614 0.555449 -0.937449 0.615336 1 28 1.000000
  28 17.281796 43.689983 5.882944 -0.724106 0.332578 0.604204 -0.943215 0.646606 1 28 1.000000
pyro_hands_red
  28 17.247894 44.428490 5.396804 -0.717914 0.419614 0.555449 -0.937449 0.615336 1 28 1.000000
  28 17.922497 44.547989 5.705095 -0.172180 0.547869 0.818654 -0.912153 0.622725 1 28 1.000000
  7 17.995100 45.362988 5.057035 -0.216390 0.617163 0.756495 -0.902937 0.584281 2 7 0.500000 28 0.500000
pyro_hands_red
  28 19.049397 44.472389 5.617825 0.195541 0.491650 0.848554 -0.870787 0.632122 1 28 1.000000
  7 17.995100 45.362988 5.057035 -0.216390 0.617163 0.756495 -0.902937 0.584281 2 7 0.500000 28 0.500000
  28 17.922497 44.547989 5.705095 -0.172180 0.547869 0.818654 -0.912153 0.622725 1 28 1.000000
pyro_hands_red
  28 19.049397 44.472389 5.617825 0.195541 0.491650 0.848554 -0.870787 0.632122 1 28 1.000000
  28 17.922497 44.547989 5.705095 -0.172180 0.547869 0.818654 -0.912153 0.622725 1 28 1.000000
  28 17.943697 43.887390 6.078714 -0.113960 0.449578 0.885942 -0.917527 0.649834 1 28 1.000000
pyro_hands_red
  28 19.049397 44.472389 5.617825 0.195541 0.491650 0.848554 -0.870787 0.632122 1 28 1.000000
  28 17.943697 43.887390 6.078714 -0.113960 0.449578 0.885942 -0.917527 0.649834 1 28 1.000000
  28 19.072395 43.811588 5.927176 0.234184 0.391639 0.889818 -0.875915 0.659697 1 28 1.000000
pyro_hands_red
  28 17.976295 43.368385 6.328914 -0.052508 0.379726 0.923608 -0.921645 0.670627 2 28 0.562700 30 0.437300
  28 19.072395 43.811588 5.927176 0.234184 0.391639 0.889818 -0.875915 0.659697 1 28 1.000000
  28 17.943697 43.887390 6.078714 -0.113960 0.449578 0.885942 -0.917527 0.649834 1 28 1.000000
pyro_hands_red
  28 17.976295 43.368385 6.328914 -0.052508 0.379726 0.923608 -0.921645 0.670627 2 28 0.562700 30 0.437300
  28 19.100796 43.146393 6.152534 0.305580 0.181861 0.934638 -0.880442 0.686385 2 28 0.528300 30 0.471700
  28 19.072395 43.811588 5.927176 0.234184 0.391639 0.889818 -0.875915 0.659697 1 28 1.000000
pyro_hands_red
  30 18.674099 42.477791 6.457953 0.446700 0.121164 0.886441 -0.901487 0.705550 2 30 0.806900 32 0.193100
  28 19.100796 43.146393 6.152534 0.305580 0.181861 0.934638 -0.880442 0.686385 2 28 0.528300 30 0.471700
  28 17.976295 43.368385 6.328914 -0.052508 0.379726 0.923608 -0.921645 0.670627 2 28 0.562700 30 0.437300
pyro_hands_red
  30 18.674099 42.477791 6.457953 0.446700 0.121164 0.886441 -0.901487 0.705550 2 30 0.806900 32 0.193100
  28 19.613699 42.279484 5.918845 0.326336 -0.350666 0.877803 -0.862263 0.722453 2 28 0.700000 7 0.300000
  28 19.100796 43.146393 6.152534 0.305580 0.181861 0.934638 -0.880442 0.686385 2 28 0.528300 30 0.471700
pyro_hands_red
  30 18.674099 42.477791 6.457953 0.446700 0.121164 0.886441 -0.901487 0.705550 2 30 0.806900 32 0.193100
  30 19.070995 41.965294 6.030772 0.659157 -0.429655 0.617178 -0.882154 0.728738 2 30 0.750000 28 0.250000
  28 19.613699 42.279484 5.918845 0.326336 -0.350666 0.877803 -0.862263 0.722453 2 28 0.700000 7 0.300000
pyro_hands_red
  30 19.070995 41.965294 6.030772 0.659157 -0.429655 0.617178 -0.882154 0.728738 2 30 0.750000 28 0.250000
  30 18.674099 42.477791 6.457953 0.446700 0.121164 0.886441 -0.901487 0.705550 2 30 0.806900 32 0.193100
  30 18.573296 42.067192 6.616232 0.573504 0.204733 0.793207 -0.910784 0.721013 2 30 0.700300 32 0.299700
pyro_hands_red
  30 19.070995 41.965294 6.030772 0.659157 -0.429655 0.617178 -0.882154 0.728738 2 30 0.750000 28 0.250000
  30 18.573296 42.067192 6.616232 0.573504 0.204733 0.793207 -0.910784 0.721013 2 30 0.700300 32 0.299700
  30 18.875393 41.698692 6.175292 0.931495 -0.248979 0.265190 -0.892211 0.737074 2 30 0.667100 32 0.332900
pyro_hands_red
  30 18.539492 41.696491 6.791391 0.617888 0.282491 0.733766 -0.915955 0.729565 2 30 0.569000 32 0.431000
  30 18.875393 41.698692 6.175292 0.931495 -0.248979 0.265190 -0.892211 0.737074 2 30 0.667100 32 0.332900
  30 18.573296 42.067192 6.616232 0.573504 0.204733 0.793207 -0.910784 0.721013 2 30 0.700300 32 0.299700
pyro_hands_red
  30 18.539492 41.696491 6.791391 0.617888 0.282491 0.733766 -0.915955 0.729565 2 30 0.569000 32 0.431000
  30 18.810095 41.389996 6.334943 0.988572 -0.113143 0.099620 -0.897042 0.741386 2 30 0.559600 32 0.440400
  30 18.875393 41.698692 6.175292 0.931495 -0.248979 0.265190 -0.892211 0.737074 2 30 0.667100 32 0.332900
pyro_hands_red
  28 17.922497 44.547989 5.705095 -0.172180 0.547869 0.818654 -0.912153 0.622725 1 28 1.000000
  28 17.281796 43.689983 5.882944 -0.724106 0.332578 0.604204 -0.943215 0.646606 1 28 1.000000
  28 17.943697 43.887390 6.078714 -0.113960 0.449578 0.885942 -0.917527 0.649834 1 28 1.000000
pyro_hands_red
  28 17.281796 43.689983 5.882944 -0.724106 0.332578 0.604204 -0.943215 0.646606 1 28 1.000000
  28 17.976295 43.368385 6.328914 -0.052508 0.379726 0.923608 -0.921645 0.670627 2 28 0.562700 30 0.437300
  28 17.943697 43.887390 6.078714 -0.113960 0.449578 0.885942 -0.917527 0.649834 1 28 1.000000
pyro_hands_red
  30 17.938892 41.789391 6.919423 0.060477 0.435314 0.898245 -0.937509 0.721055 2 30 0.586900 32 0.413100
  30 18.539492 41.696491 6.791391 0.617888 0.282491 0.733766 -0.915955 0.729565 2 30 0.569000 32 0.431000
  30 18.573296 42.067192 6.616232 0.573504 0.204733 0.793207 -0.910784 0.721013 2 30 0.700300 32 0.299700
pyro_hands_red
  28 17.247894 44.428490 5.396804 -0.717914 0.419614 0.555449 -0.937449 0.615336 1 28 1.000000
  7 17.995100 45.362988 5.057035 -0.216390 0.617163 0.756495 -0.902937 0.584281 2 7 0.500000 28 0.500000
  7 17.412800 45.276985 4.722035 -0.696489 0.496624 0.517945 -0.928065 0.575993 2 7 0.500000 28 0.500000
pyro_hands_red
  7 17.015301 44.922882 3.983176 -0.971951 0.176158 0.155821 -0.960014 0.565442 2 7 0.500000 28 0.500000
  28 17.247894 44.428490 5.396804 -0.717914 0.419614 0.555449 -0.937449 0.615336 1 28 1.000000
  7 17.412800 45.276985 4.722035 -0.696489 0.496624 0.517945 -0.928065 0.575993 2 7 0.500000 28 0.500000
pyro_hands_red
  7 17.015301 44.922882 3.983176 -0.971951 0.176158 0.155821 -0.960014 0.565442 2 7 0.500000 28 0.500000
  28 16.845497 43.873390 4.624225 -0.992532 0.079433 0.092573 -0.974285 0.608605 1 28 1.000000
  28 17.247894 44.428490 5.396804 -0.717914 0.419614 0.555449 -0.937449 0.615336 1 28 1.000000
pyro_hands_red
  7 17.412800 45.276985 4.722035 -0.696489 0.496624 0.517945 -0.928065 0.575993 2 7 0.500000 28 0.500000
  7 17.157602 45.707481 3.703375 -0.889136 -0.033296 0.456430 -0.947023 0.539020 2 7 0.670001 28 0.329999
  7 17.015301 44.922882 3.983176 -0.971951 0.176158 0.155821 -0.960014 0.565442 2 7 0.500000 28 0.500000
pyro_hands_red
  30 17.938892 41.789391 6.919423 0.060477 0.435314 0.898245 -0.937509 0.721055 2 30 0.586900 32 0.413100
  30 18.573296 42.067192 6.616232 0.573504 0.204733 0.793207 -0.910784 0.721013 2 30 0.700300 32 0.299700
  30 17.951197 42.171692 6.745573 0.020162 0.374150 0.927149 -0.933926 0.711791 2 30 0.742000 32 0.258000
pyro_hands_red
  30 18.573296 42.067192 6.616232 0.573504 0.204733 0.793207 -0.910784 0.721013 2 30 0.700300 32 0.299700
  30 17.962898 42.606892 6.603144 -0.007104 0.330974 0.943613 -0.928319 0.695119 2 30 0.853500 32 0.146500
  30 17.951197 42.171692 6.745573 0.020162 0.374150 0.927149 -0.933926 0.711791 2 30 0.742000 32 0.258000
pyro_hands_red
  30 18.573296 42.067192 6.616232 0.573504 0.204733 0.793207 -0.910784 0.721013 2 30 0.700300 32 0.299700
  30 18.674099 42.477791 6.457953 0.446700 0.121164 0.886441 -0.901487 0.705550 2 30 0.806900 32 0.193100
  30 17.962898 42.606892 6.603144 -0.007104 0.330974 0.943613 -0.928319 0.695119 2 30 0.853500 32 0.146500
pyro_hands_red
  30 18.674099 42.477791 6.457953 0.446700 0.121164 0.886441 -0.901487 0.705550 2 30 0.806900 32 0.193100
  28 17.976295 43.368385 6.328914 -0.052508 0.379726 0.923608 -0.921645 0.670627 2 28 0.562700 30 0.437300
  30 17.962898 42.606892 6.603144 -0.007104 0.330974 0.943613 -0.928319 0.695119 2 30 0.853500 32 0.146500
pyro_hands_red
  28 17.314396 43.232285 6.162193 -0.684005 0.298784 0.665482 -0.946532 0.665695 2 28 0.556000 30 0.444000
  30 17.962898 42.606892 6.603144 -0.007104 0.330974 0.943613 -0.928319 0.695119 2 30 0.853500 32 0.146500
  28 17.976295 43.368385 6.328914 -0.052508 0.379726 0.923608 -0.921645 0.670627 2 28 0.562700 30 0.437300
pyro_hands_red
  28 17.281796 43.689983 5.882944 -0.724106 0.332578 0.604204 -0.943215 0.646606 1 28 1.000000
  28 17.314396 43.232285 6.162193 -0.684005 0.298784 0.665482 -0.946532 0.665695 2 28 0.556000 30 0.444000
  28 17.976295 43.368385 6.328914 -0.052508 0.379726 0.923608 -0.921645 0.670627 2 28 0.562700 30 0.437300
pyro_hands_red
  28 17.314396 43.232285 6.162193 -0.684005 0.298784 0.665482 -0.946532 0.665695 2 28 0.556000 30 0.444000
  28 17.281796 43.689983 5.882944 -0.724106 0.332578 0.604204 -0.943215 0.646606 1 28 1.000000
  28 16.932796 42.989189 5.195745 -0.989371 -0.052204 0.135717 -0.981246 0.646873 1 28 1.000000
pyro_hands_red
  28 17.314396 43.232285 6.162193 -0.684005 0.298784 0.665482 -0.946532 0.665695 2 28 0.556000 30 0.444000
  28 16.932796 42.989189 5.195745 -0.989371 -0.052204 0.135717 -0.981246 0.646873 1 28 1.000000
  28 17.004896 42.621391 5.518824 -0.989371 -0.052203 0.135717 -0.981442 0.665936 2 28 0.518600 30 0.481400
pyro_hands_red
  30 17.326296 42.524094 6.468223 -0.645144 0.310235 0.698243 -0.952668 0.688831 2 30 0.863200 32 0.136800
  28 17.314396 43.232285 6.162193 -0.684005 0.298784 0.665482 -0.946532 0.665695 2 28 0.556000 30 0.444000
  28 17.004896 42.621391 5.518824 -0.989371 -0.052203 0.135717 -0.981442 0.665936 2 28 0.518600 30 0.481400
pyro_hands_red
  30 17.326296 42.524094 6.468223 -0.645144 0.310235 0.698243 -0.952668 0.688831 2 30 0.863200 32 0.136800
  28 17.004896 42.621391 5.518824 -0.989371 -0.052203 0.135717 -0.981442 0.665936 2 28 0.518600 30 0.481400
  30 17.043297 42.129894 5.953213 -0.997336 0.034591 0.064220 -0.979380 0.686444 2 30 0.906900 32 0.093100
pyro_hands_red
  30 17.307497 42.122993 6.616744 -0.592608 0.382680 0.708782 -0.958281 0.704241 2 30 0.751200 32 0.248800
  30 17.326296 42.524094 6.468223 -0.645144 0.310235 0.698243 -0.952668 0.688831 2 30 0.863200 32 0.136800
  30 17.043297 42.129894 5.953213 -0.997336 0.034591 0.064220 -0.979380 0.686444 2 30 0.906900 32 0.093100
pyro_hands_red
  30 17.307497 42.122993 6.616744 -0.592608 0.382680 0.708782 -0.958281 0.704241 2 30 0.751200 32 0.248800
  30 17.043297 42.129894 5.953213 -0.997336 0.034591 0.064220 -0.979380 0.686444 2 30 0.906900 32 0.093100
  30 17.001194 41.820885 6.178332 -0.988680 0.143286 0.044509 -0.981401 0.700964 2 30 0.774000 32 0.226000
pyro_hands_red
  30 17.001194 41.820885 6.178332 -0.988680 0.143286 0.044509 -0.981401 0.700964 2 30 0.774000 32 0.226000
  30 17.283495 41.763493 6.803414 -0.529595 0.444251 0.722613 -0.961097 0.713204 2 30 0.591000 32 0.409000
  30 17.307497 42.122993 6.616744 -0.592608 0.382680 0.708782 -0.958281 0.704241 2 30 0.751200 32 0.248800
pyro_hands_red
  30 17.001194 41.820885 6.178332 -0.988680 0.143286 0.044509 -0.981401 0.700964 2 30 0.774000 32 0.226000
  30 16.936592 41.500393 6.400344 -0.980802 0.174684 0.086672 -0.982622 0.709243 2 30 0.582700 32 0.417300
  30 17.283495 41.763493 6.803414 -0.529595 0.444251 0.722613 -0.961097 0.713204 2 30 0.591000 32 0.409000
pyro_hands_red
  30 17.307497 42.122993 6.616744 -0.592608 0.382680 0.708782 -0.958281 0.704241 2 30 0.751200 32 0.248800
  30 17.283495 41.763493 6.803414 -0.529595 0.444251 0.722613 -0.961097 0.713204 2 30 0.591000 32 0.409000
  30 17.938892 41.789391 6.919423 0.060477 0.435314 0.898245 -0.937509 0.721055 2 30 0.586900 32 0.413100
pyro_hands_red
  30 17.307497 42.122993 6.616744 -0.592608 0.382680 0.708782 -0.958281 0.704241 2 30 0.751200 32 0.248800
  30 17.938892 41.789391 6.919423 0.060477 0.435314 0.898245 -0.937509 0.721055 2 30 0.586900 32 0.413100
  30 17.951197 42.171692 6.745573 0.020162 0.374150 0.927149 -0.933926 0.711791 2 30 0.742000 32 0.258000
pyro_hands_red
  30 17.951197 42.171692 6.745573 0.020162 0.374150 0.927149 -0.933926 0.711791 2 30 0.742000 32 0.258000
  30 17.326296 42.524094 6.468223 -0.645144 0.310235 0.698243 -0.952668 0.688831 2 30 0.863200 32 0.136800
  30 17.307497 42.122993 6.616744 -0.592608 0.382680 0.708782 -0.958281 0.704241 2 30 0.751200 32 0.248800
pyro_hands_red
  30 17.951197 42.171692 6.745573 0.020162 0.374150 0.927149 -0.933926 0.711791 2 30 0.742000 32 0.258000
  30 17.962898 42.606892 6.603144 -0.007104 0.330974 0.943613 -0.928319 0.695119 2 30 0.853500 32 0.146500
  30 17.326296 42.524094 6.468223 -0.645144 0.310235 0.698243 -0.952668 0.688831 2 30 0.863200 32 0.136800
pyro_hands_red
  28 17.314396 43.232285 6.162193 -0.684005 0.298784 0.665482 -0.946532 0.665695 2 28 0.556000 30 0.444000
  30 17.326296 42.524094 6.468223 -0.645144 0.310235 0.698243 -0.952668 0.688831 2 30 0.863200 32 0.136800
  30 17.962898 42.606892 6.603144 -0.007104 0.330974 0.943613 -0.928319 0.695119 2 30 0.853500 32 0.146500
pyro_hands_red
  7 22.010004 43.165482 3.566726 0.984791 0.140861 0.101715 -0.713169 0.678736 1 7 1.000000
  7 21.693804 44.063282 4.206876 0.864617 0.276518 0.419493 -0.749798 0.650056 1 7 1.000000
  7 21.762602 43.415680 4.445295 0.889455 0.265548 0.371960 -0.751240 0.677808 1 7 1.000000
pyro_hands_red
  7 21.762602 43.415680 4.445295 0.889455 0.265548 0.371960 -0.751240 0.677808 1 7 1.000000
  7 21.693804 44.063282 4.206876 0.864617 0.276518 0.419493 -0.749798 0.650056 1 7 1.000000
  7 21.160904 44.153782 4.857806 0.606786 0.375517 0.700570 -0.783189 0.650639 1 7 1.000000
pyro_hands_red
  7 21.092304 44.844986 4.527252 0.570401 0.437642 0.695063 -0.779008 0.620245 1 7 1.000000
  7 21.160904 44.153782 4.857806 0.606786 0.375517 0.700570 -0.783189 0.650639 1 7 1.000000
  7 21.693804 44.063282 4.206876 0.864617 0.276518 0.419493 -0.749798 0.650056 1 7 1.000000
pyro_hands_red
  7 20.346104 44.292782 5.239556 0.362309 0.439661 0.821846 -0.818515 0.643634 2 7 0.899982 28 0.100018
  7 21.160904 44.153782 4.857806 0.606786 0.375517 0.700570 -0.783189 0.650639 1 7 1.000000
  7 21.092304 44.844986 4.527252 0.570401 0.437642 0.695063 -0.779008 0.620245 1 7 1.000000
pyro_hands_red
  7 20.346104 44.292782 5.239556 0.362309 0.439661 0.821846 -0.818515 0.643634 2 7 0.899982 28 0.100018
  7 21.092304 44.844986 4.527252 0.570401 0.437642 0.695063 -0.779008 0.620245 1 7 1.000000
  7 20.360003 45.105286 4.781594 0.365258 0.506552 0.781020 -0.809195 0.607518 2 7 0.749997 28 0.250003
pyro_hands_red
  7 20.360003 45.105286 4.781594 0.365258 0.506552 0.781020 -0.809195 0.607518 2 7 0.749997 28 0.250003
  28 19.049397 44.472389 5.617825 0.195541 0.491650 0.848554 -0.870787 0.632122 1 28 1.000000
  7 20.346104 44.292782 5.239556 0.362309 0.439661 0.821846 -0.818515 0.643634 2 7 0.899982 28 0.100018
pyro_hands_red
  7 20.360003 45.105286 4.781594 0.365258 0.506552 0.781020 -0.809195 0.607518 2 7 0.749997 28 0.250003
  7 19.012199 45.332687 5.056206 0.141660 0.568766 0.810208 -0.863400 0.592439 2 7 0.500000 28 0.500000
  28 19.049397 44.472389 5.617825 0.195541 0.491650 0.848554 -0.870787 0.632122 1 28 1.000000
pyro_hands_red
  28 19.049397 44.472389 5.617825 0.195541 0.491650 0.848554 -0.870787 0.632122 1 28 1.000000
  7 19.012199 45.332687 5.056206 0.141660 0.568766 0.810208 -0.863400 0.592439 2 7 0.500000 28 0.500000
  7 17.995100 45.362988 5.057035 -0.216390 0.617163 0.756495 -0.902937 0.584281 2 7 0.500000 28 0.500000
pyro_hands_red
  7 19.012199 45.332687 5.056206 0.141660 0.568766 0.810208 -0.863400 0.592439 2 7 0.500000 28 0.500000
  7 18.067001 46.007381 4.513226 -0.232768 0.405493 0.883965 -0.895373 0.550148 2 7 0.670000 28 0.330000
  7 17.995100 45.362988 5.057035 -0.216390 0.617163 0.756495 -0.902937 0.584281 2 7 0.500000 28 0.500000
pyro_hands_red
  7 18.067001 46.007381 4.513226 -0.232768 0.405493 0.883965 -0.895373 0.550148 2 7 0.670000 28 0.330000
  7 17.412800 45.276985 4.722035 -0.696489 0.496624 0.517945 -0.928065 0.575993 2 7 0.500000 28 0.500000
  7 17.995100 45.362988 5.057035 -0.216390 0.617163 0.756495 -0.902937 0.584281 2 7 0.500000 28 0.500000
pyro_hands_red
  7 18.067001 46.007381 4.513226 -0.232768 0.405493 0.883965 -0.895373 0.550148 2 7 0.670000 28 0.330000
  7 17.542105 45.919090 4.255197 -0.654459 0.240142 0.716949 -0.920406 0.544520 2 7 0.670001 28 0.329999
  7 17.412800 45.276985 4.722035 -0.696489 0.496624 0.517945 -0.928065 0.575993 2 7 0.500000 28 0.500000
pyro_hands_red
  7 17.412800 45.276985 4.722035 -0.696489 0.496624 0.517945 -0.928065 0.575993 2 7 0.500000 28 0.500000
  7 17.542105 45.919090 4.255197 -0.654459 0.240142 0.716949 -0.920406 0.544520 2 7 0.670001 28 0.329999
  7 17.157602 45.707481 3.703375 -0.889136 -0.033296 0.456430 -0.947023 0.539020 2 7 0.670001 28 0.329999
pyro_hands_red
  7 16.977980 47.481075 3.908862 -0.508088 -0.005650 0.861286 -0.929469 0.474377 2 7 0.850000 5 0.150000
  7 17.157602 45.707481 3.703375 -0.889136 -0.033296 0.456430 -0.947023 0.539020 2 7 0.670001 28 0.329999
  7 17.542105 45.919090 4.255197 -0.654459 0.240142 0.716949 -0.920406 0.544520 2 7 0.670001 28 0.329999
pyro_hands_red
  7 16.977980 47.481075 3.908862 -0.508088 -0.005650 0.861286 -0.929469 0.474377 2 7 0.850000 5 0.150000
  7 16.489862 47.207867 3.461509 -0.715762 -0.204659 0.667682 -0.957706 0.474685 2 7 0.850000 5 0.150000
  7 17.157602 45.707481 3.703375 -0.889136 -0.033296 0.456430 -0.947023 0.539020 2 7 0.670001 28 0.329999
pyro_hands_red
  7 16.977980 47.481075 3.908862 -0.508088 -0.005650 0.861286 -0.929469 0.474377 2 7 0.850000 5 0.150000
  5 15.962730 48.392303 3.270574 -0.630458 -0.152194 0.761157 -0.966139 0.423897 2 5 0.750000 7 0.250000
  7 16.489862 47.207867 3.461509 -0.715762 -0.204659 0.667682 -0.957706 0.474685 2 7 0.850000 5 0.150000
pyro_hands_red
  7 16.977980 47.481075 3.908862 -0.508088 -0.005650 0.861286 -0.929469 0.474377 2 7 0.850000 5 0.150000
  5 16.532642 48.714149 3.635459 -0.398735 0.045798 0.915922 -0.936624 0.419005 2 5 0.750000 7 0.250000
  5 15.962730 48.392303 3.270574 -0.630458 -0.152194 0.761157 -0.966139 0.423897 2 5 0.750000 7 0.250000
pyro_hands_red
  5 16.532642 48.714149 3.635459 -0.398735 0.045798 0.915922 -0.936624 0.419005 2 5 0.750000 7 0.250000
  5 15.304496 49.871326 3.032150 -0.540399 -0.101204 0.835300 -0.976669 0.393809 1 5 1.000000
  5 15.962730 48.392303 3.270574 -0.630458 -0.152194 0.761157 -0.966139 0.423897 2 5 0.750000 7 0.250000
pyro_hands_red
  5 16.532642 48.714149 3.635459 -0.398735 0.045798 0.915922 -0.936624 0.419005 2 5 0.750000 7 0.250000
  5 15.976549 50.253902 3.294057 -0.297444 0.090654 0.950426 -0.945558 0.383192 1 5 1.000000
  5 15.304496 49.871326 3.032150 -0.540399 -0.101204 0.835300 -0.976669 0.393809 1 5 1.000000
pyro_hands_red
  5 19.334824 49.263630 3.440258 0.358106 0.329588 0.873574 -0.819196 0.409171 2 5 0.750000 7 0.250000
  5 18.124725 49.183968 3.743350 0.110839 0.272622 0.955715 -0.869293 0.409334 2 5 0.750000 7 0.250000
  7 18.497276 47.790306 4.098186 0.110839 0.272622 0.955715 -0.864041 0.474607 2 7 0.850000 5 0.150000
pyro_hands_red
  5 18.124725 49.183968 3.743350 0.110839 0.272622 0.955715 -0.869293 0.409334 2 5 0.750000 7 0.250000
  7 17.596727 47.672886 4.113011 -0.185706 0.172692 0.967311 -0.901538 0.473684 2 7 0.850000 5 0.150000
  7 18.497276 47.790306 4.098186 0.110839 0.272622 0.955715 -0.864041 0.474607 2 7 0.850000 5 0.150000
pyro_hands_red
  7 18.497276 47.790306 4.098186 0.110839 0.272622 0.955715 -0.864041 0.474607 2 7 0.850000 5 0.150000
  7 17.596727 47.672886 4.113011 -0.185706 0.172692 0.967311 -0.901538 0.473684 2 7 0.850000 5 0.150000
  7 18.067001 46.007381 4.513226 -0.232768 0.405493 0.883965 -0.895373 0.550148 2 7 0.670000 28 0.330000
pyro_hands_red
  7 17.596727 47.672886 4.113011 -0.185706 0.172692 0.967311 -0.901538 0.473684 2 7 0.850000 5 0.150000
  7 17.542105 45.919090 4.255197 -0.654459 0.240142 0.716949 -0.920406 0.544520 2 7 0.670001 28 0.329999
  7 18.067001 46.007381 4.513226 -0.232768 0.405493 0.883965 -0.895373 0.550148 2 7 0.670000 28 0.330000
pyro_hands_red
  7 17.596727 47.672886 4.113011 -0.185706 0.172692 0.967311 -0.901538 0.473684 2 7 0.850000 5 0.150000
  7 16.977980 47.481075 3.908862 -0.508088 -0.005650 0.861286 -0.929469 0.474377 2 7 0.850000 5 0.150000
  7 17.542105 45.919090 4.255197 -0.654459 0.240142 0.716949 -0.920406 0.544520 2 7 0.670001 28 0.329999
pyro_hands_red
  5 17.225479 48.987679 3.797074 -0.151435 0.195515 0.968938 -0.906405 0.413321 2 5 0.750000 7 0.250000
  7 16.977980 47.481075 3.908862 -0.508088 -0.005650 0.861286 -0.929469 0.474377 2 7 0.850000 5 0.150000
  7 17.596727 47.672886 4.113011 -0.185706 0.172692 0.967311 -0.901538 0.473684 2 7 0.850000 5 0.150000
pyro_hands_red
  5 17.225479 48.987679 3.797074 -0.151435 0.195515 0.968938 -0.906405 0.413321 2 5 0.750000 7 0.250000
  5 16.532642 48.714149 3.635459 -0.398735 0.045798 0.915922 -0.936624 0.419005 2 5 0.750000 7 0.250000
  7 16.977980 47.481075 3.908862 -0.508088 -0.005650 0.861286 -0.929469 0.474377 2 7 0.850000 5 0.150000
pyro_hands_red
  5 18.124725 49.183968 3.743350 0.110839 0.272622 0.955715 -0.869293 0.409334 2 5 0.750000 7 0.250000
  5 17.225479 48.987679 3.797074 -0.151435 0.195515 0.968938 -0.906405 0.413321 2 5 0.750000 7 0.250000
  7 17.596727 47.672886 4.113011 -0.185706 0.172692 0.967311 -0.901538 0.473684 2 7 0.850000 5 0.150000
pyro_hands_red
  5 17.225479 48.987679 3.797074 -0.151435 0.195515 0.968938 -0.906405 0.413321 2 5 0.750000 7 0.250000
  5 15.976549 50.253902 3.294057 -0.297444 0.090654 0.950426 -0.945558 0.383192 1 5 1.000000
  5 16.532642 48.714149 3.635459 -0.398735 0.045798 0.915922 -0.936624 0.419005 2 5 0.750000 7 0.250000
pyro_hands_red
  5 17.225479 48.987679 3.797074 -0.151435 0.195515 0.968938 -0.906405 0.413321 2 5 0.750000 7 0.250000
  5 16.761902 50.629471 3.402558 -0.113301 0.205601 0.972055 -0.912482 0.371278 1 5 1.000000
  5 15.976549 50.253902 3.294057 -0.297444 0.090654 0.950426 -0.945558 0.383192 1 5 1.000000
pyro_hands_red
  5 18.124725 49.183968 3.743350 0.110839 0.272622 0.955715 -0.869293 0.409334 2 5 0.750000 7 0.250000
  5 16.761902 50.629471 3.402558 -0.113301 0.205601 0.972055 -0.912482 0.371278 1 5 1.000000
  5 17.225479 48.987679 3.797074 -0.151435 0.195515 0.968938 -0.906405 0.413321 2 5 0.750000 7 0.250000
pyro_hands_red
  5 18.124725 49.183968 3.743350 0.110839 0.272622 0.955715 -0.869293 0.409334 2 5 0.750000 7 0.250000
  5 17.659517 50.924259 3.300259 0.155319 0.255690 0.954200 -0.875851 0.361159 1 5 1.000000
  5 16.761902 50.629471 3.402558 -0.113301 0.205601 0.972055 -0.912482 0.371278 1 5 1.000000
pyro_hands_red
  5 18.786102 51.162117 2.942823 0.358106 0.329589 0.873574 -0.828893 0.351787 1 5 1.000000
  5 17.659517 50.924259 3.300259 0.155319 0.255690 0.954200 -0.875851 0.361159 1 5 1.000000
  5 18.124725 49.183968 3.743350 0.110839 0.272622 0.955715 -0.869293 0.409334 2 5 0.750000 7 0.250000
pyro_hands_red
  5 18.786102 51.162117 2.942823 0.358106 0.329589 0.873574 -0.828893 0.351787 1 5 1.000000
  5 18.124725 49.183968 3.743350 0.110839 0.272622 0.955715 -0.869293 0.409334 2 5 0.750000 7 0.250000
  5 19.334824 49.263630 3.440258 0.358106 0.329588 0.873574 -0.819196 0.409171 2 5 0.750000 7 0.250000
pyro_hands_red
  5 19.632755 51.139484 2.428184 0.659727 0.355569 0.662066 -0.789634 0.350079 1 5 1.000000
  5 18.786102 51.162117 2.942823 0.358106 0.329589 0.873574 -0.828893 0.351787 1 5 1.000000
  5 19.334824 49.263630 3.440258 0.358106 0.329588 0.873574 -0.819196 0.409171 2 5 0.750000 7 0.250000
pyro_hands_red
  5 19.632755 51.139484 2.428184 0.659727 0.355569 0.662066 -0.789634 0.350079 1 5 1.000000
  5 19.334824 49.263630 3.440258 0.358106 0.329588 0.873574 -0.819196 0.409171 2 5 0.750000 7 0.250000
  5 20.249731 49.029099 2.976654 0.686621 0.356303 0.633719 -0.778145 0.417971 2 5 0.750000 7 0.250000
pyro_hands_red
  5 20.118427 51.112164 1.670743 0.877691 0.316488 0.359852 -0.753457 0.344017 1 5 1.000000
  5 19.632755 51.139484 2.428184 0.659727 0.355569 0.662066 -0.789634 0.350079 1 5 1.000000
  5 20.249731 49.029099 2.976654 0.686621 0.356303 0.633719 -0.778145 0.417971 2 5 0.750000 7 0.250000
pyro_hands_red
  5 20.118427 51.112164 1.670743 0.877691 0.316488 0.359852 -0.753457 0.344017 1 5 1.000000
  5 20.249731 49.029099 2.976654 0.686621 0.356303 0.633719 -0.778145 0.417971 2 5 0.750000 7 0.250000
  5 20.714384 48.889290 2.175009 0.907655 0.307514 0.285652 -0.739902 0.415926 2 5 0.750000 7 0.250000
pyro_hands_red
  5 20.882439 48.714027 1.286202 0.970349 0.237713 0.043756 -0.702158 0.412774 2 5 0.750000 7 0.250000
  5 20.118427 51.112164 1.670743 0.877691 0.316488 0.359852 -0.753457 0.344017 1 5 1.000000
  5 20.714384 48.889290 2.175009 0.907655 0.307514 0.285652 -0.739902 0.415926 2 5 0.750000 7 0.250000
pyro_hands_red
  5 20.882439 48.714027 1.286202 0.970349 0.237713 0.043756 -0.702158 0.412774 2 5 0.750000 7 0.250000
  5 20.714384 48.889290 2.175009 0.907655 0.307514 0.285652 -0.739902 0.415926 2 5 0.750000 7 0.250000
  7 21.191641 47.109161 2.578836 0.929875 0.297592 0.216269 -0.729047 0.500205 2 7 0.850000 5 0.150000
pyro_hands_red
  5 20.882439 48.714027 1.286202 0.970349 0.237713 0.043756 -0.702158 0.412774 2 5 0.750000 7 0.250000
  7 21.191641 47.109161 2.578836 0.929875 0.297592 0.216269 -0.729047 0.500205 2 7 0.850000 5 0.150000
  7 21.311277 46.872604 1.677459 0.974147 0.225013 -0.020165 -0.690601 0.498965 2 7 0.850000 5 0.150000
pyro_hands_red
  7 21.311277 46.872604 1.677459 0.974147 0.225013 -0.020165 -0.690601 0.498965 2 7 0.850000 5 0.150000
  7 21.191641 47.109161 2.578836 0.929875 0.297592 0.216269 -0.729047 0.500205 2 7 0.850000 5 0.150000
  7 21.796204 44.854179 3.090385 0.955756 0.246907 0.159895 -0.715297 0.606966 1 7 1.000000
pyro_hands_red
  7 21.311277 46.872604 1.677459 0.974147 0.225013 -0.020165 -0.690601 0.498965 2 7 0.850000 5 0.150000
  7 21.796204 44.854179 3.090385 0.955756 0.246907 0.159895 -0.715297 0.606966 1 7 1.000000
  7 21.854504 44.539982 2.173086 0.985383 0.160133 -0.058125 -0.675961 0.608147 1 7 1.000000
pyro_hands_red
  7 21.854504 44.539982 2.173086 0.985383 0.160133 -0.058125 -0.675961 0.608147 1 7 1.000000
  7 21.796204 44.854179 3.090385 0.955756 0.246907 0.159895 -0.715297 0.606966 1 7 1.000000
  7 21.954205 43.802380 3.361216 0.984791 0.140861 0.101715 -0.712767 0.651373 1 7 1.000000
pyro_hands_red
  7 21.854504 44.539982 2.173086 0.985383 0.160133 -0.058125 -0.675961 0.608147 1 7 1.000000
  7 21.954205 43.802380 3.361216 0.984791 0.140861 0.101715 -0.712767 0.651373 1 7 1.000000
  7 21.973104 43.492882 2.429185 0.994854 0.067638 -0.075433 -0.672967 0.652245 1 7 1.000000
pyro_hands_red
  7 21.973104 43.492882 2.429185 0.994854 0.067638 -0.075433 -0.672967 0.652245 1 7 1.000000
  7 21.954205 43.802380 3.361216 0.984791 0.140861 0.101715 -0.712767 0.651373 1 7 1.000000
  7 22.010004 43.165482 3.566726 0.984791 0.140861 0.101715 -0.713169 0.678736 1 7 1.000000
pyro_hands_red
  7 21.092304 44.844986 4.527252 0.570401 0.437642 0.695063 -0.779008 0.620245 1 7 1.000000
  7 20.330902 45.817387 4.343235 0.362309 0.439661 0.821846 -0.801593 0.573843 2 7 0.800000 28 0.200000
  7 20.360003 45.105286 4.781594 0.365258 0.506552 0.781020 -0.809195 0.607518 2 7 0.749997 28 0.250003
pyro_hands_red
  7 19.012199 45.332687 5.056206 0.141660 0.568766 0.810208 -0.863400 0.592439 2 7 0.500000 28 0.500000
  7 20.360003 45.105286 4.781594 0.365258 0.506552 0.781020 -0.809195 0.607518 2 7 0.749997 28 0.250003
  7 20.330902 45.817387 4.343235 0.362309 0.439661 0.821846 -0.801593 0.573843 2 7 0.800000 28 0.200000
pyro_hands_red
  7 19.012199 45.332687 5.056206 0.141660 0.568766 0.810208 -0.863400 0.592439 2 7 0.500000 28 0.500000
  7 20.330902 45.817387 4.343235 0.362309 0.439661 0.821846 -0.801593 0.573843 2 7 0.800000 28 0.200000
  7 18.969204 46.024883 4.547676 0.098767 0.435215 0.894893 -0.857389 0.557291 2 7 0.670000 28 0.330000
pyro_hands_red
  7 19.012199 45.332687 5.056206 0.141660 0.568766 0.810208 -0.863400 0.592439 2 7 0.500000 28 0.500000
  7 18.969204 46.024883 4.547676 0.098767 0.435215 0.894893 -0.857389 0.557291 2 7 0.670000 28 0.330000
  7 18.067001 46.007381 4.513226 -0.232768 0.405493 0.883965 -0.895373 0.550148 2 7 0.670000 28 0.330000
pyro_hands_red
  7 18.497276 47.790306 4.098186 0.110839 0.272622 0.955715 -0.864041 0.474607 2 7 0.850000 5 0.150000
  7 18.067001 46.007381 4.513226 -0.232768 0.405493 0.883965 -0.895373 0.550148 2 7 0.670000 28 0.330000
  7 18.969204 46.024883 4.547676 0.098767 0.435215 0.894893 -0.857389 0.557291 2 7 0.670000 28 0.330000
pyro_hands_red
  7 19.774258 47.743286 3.838615 0.358106 0.329588 0.873574 -0.811430 0.481818 2 7 0.850000 5 0.150000
  7 18.497276 47.790306 4.098186 0.110839 0.272622 0.955715 -0.864041 0.474607 2 7 0.850000 5 0.150000
  7 18.969204 46.024883 4.547676 0.098767 0.435215 0.894893 -0.857389 0.557291 2 7 0.670000 28 0.330000
pyro_hands_red
  5 19.334824 49.263630 3.440258 0.358106 0.329588 0.873574 -0.819196 0.409171 2 5 0.750000 7 0.250000
  7 18.497276 47.790306 4.098186 0.110839 0.272622 0.955715 -0.864041 0.474607 2 7 0.850000 5 0.150000
  7 19.774258 47.743286 3.838615 0.358106 0.329588 0.873574 -0.811430 0.481818 2 7 0.850000 5 0.150000
pyro_hands_red
  5 20.249731 49.029099 2.976654 0.686621 0.356303 0.633719 -0.778145 0.417971 2 5 0.750000 7 0.250000
  5 19.334824 49.263630 3.440258 0.358106 0.329588 0.873574 -0.819196 0.409171 2 5 0.750000 7 0.250000
  7 19.774258 47.743286 3.838615 0.358106 0.329588 0.873574 -0.811430 0.481818 2 7 0.850000 5 0.150000
pyro_hands_red
  5 20.249731 49.029099 2.976654 0.686621 0.356303 0.633719 -0.778145 0.417971 2 5 0.750000 7 0.250000
  7 19.774258 47.743286 3.838615 0.358106 0.329588 0.873574 -0.811430 0.481818 2 7 0.850000 5 0.150000
  7 20.743820 47.339046 3.415881 0.709770 0.356524 0.607550 -0.768945 0.499033 2 7 0.850000 5 0.150000
pyro_hands_red
  5 20.714384 48.889290 2.175009 0.907655 0.307514 0.285652 -0.739902 0.415926 2 5 0.750000 7 0.250000
  5 20.249731 49.029099 2.976654 0.686621 0.356303 0.633719 -0.778145 0.417971 2 5 0.750000 7 0.250000
  7 20.743820 47.339046 3.415881 0.709770 0.356524 0.607550 -0.768945 0.499033 2 7 0.850000 5 0.150000
pyro_hands_red
  5 20.714384 48.889290 2.175009 0.907655 0.307514 0.285652 -0.739902 0.415926 2 5 0.750000 7 0.250000
  7 20.743820 47.339046 3.415881 0.709770 0.356524 0.607550 -0.768945 0.499033 2 7 0.850000 5 0.150000
  7 21.191641 47.109161 2.578836 0.929875 0.297592 0.216269 -0.729047 0.500205 2 7 0.850000 5 0.150000
pyro_hands_red
  7 21.191641 47.109161 2.578836 0.929875 0.297592 0.216269 -0.729047 0.500205 2 7 0.850000 5 0.150000
  7 20.743820 47.339046 3.415881 0.709770 0.356524 0.607550 -0.768945 0.499033 2 7 0.850000 5 0.150000
  7 21.369703 45.198181 3.972274 0.739872 0.377337 0.556962 -0.757291 0.601718 1 7 1.000000
pyro_hands_red
  7 21.191641 47.109161 2.578836 0.929875 0.297592 0.216269 -0.729047 0.500205 2 7 0.850000 5 0.150000
  7 21.369703 45.198181 3.972274 0.739872 0.377337 0.556962 -0.757291 0.601718 1 7 1.000000
  7 21.796204 44.854179 3.090385 0.955756 0.246907 0.159895 -0.715297 0.606966 1 7 1.000000
pyro_hands_red
  7 21.693804 44.063282 4.206876 0.864617 0.276518 0.419493 -0.749798 0.650056 1 7 1.000000
  7 21.796204 44.854179 3.090385 0.955756 0.246907 0.159895 -0.715297 0.606966 1 7 1.000000
  7 21.369703 45.198181 3.972274 0.739872 0.377337 0.556962 -0.757291 0.601718 1 7 1.000000
pyro_hands_red
  7 21.693804 44.063282 4.206876 0.864617 0.276518 0.419493 -0.749798 0.650056 1 7 1.000000
  7 21.954205 43.802380 3.361216 0.984791 0.140861 0.101715 -0.712767 0.651373 1 7 1.000000
  7 21.796204 44.854179 3.090385 0.955756 0.246907 0.159895 -0.715297 0.606966 1 7 1.000000
pyro_hands_red
  7 22.010004 43.165482 3.566726 0.984791 0.140861 0.101715 -0.713169 0.678736 1 7 1.000000
  7 21.954205 43.802380 3.361216 0.984791 0.140861 0.101715 -0.712767 0.651373 1 7 1.000000
  7 21.693804 44.063282 4.206876 0.864617 0.276518 0.419493 -0.749798 0.650056 1 7 1.000000
pyro_hands_red
  7 21.092304 44.844986 4.527252 0.570401 0.437642 0.695063 -0.779008 0.620245 1 7 1.000000
  7 21.693804 44.063282 4.206876 0.864617 0.276518 0.419493 -0.749798 0.650056 1 7 1.000000
  7 21.369703 45.198181 3.972274 0.739872 0.377337 0.556962 -0.757291 0.601718 1 7 1.000000
pyro_hands_red
  7 21.092304 44.844986 4.527252 0.570401 0.437642 0.695063 -0.779008 0.620245 1 7 1.000000
  7 21.369703 45.198181 3.972274 0.739872 0.377337 0.556962 -0.757291 0.601718 1 7 1.000000
  7 20.330902 45.817387 4.343235 0.362309 0.439661 0.821846 -0.801593 0.573843 2 7 0.800000 28 0.200000
pyro_hands_red
  7 20.743820 47.339046 3.415881 0.709770 0.356524 0.607550 -0.768945 0.499033 2 7 0.850000 5 0.150000
  7 20.330902 45.817387 4.343235 0.362309 0.439661 0.821846 -0.801593 0.573843 2 7 0.800000 28 0.200000
  7 21.369703 45.198181 3.972274 0.739872 0.377337 0.556962 -0.757291 0.601718 1 7 1.000000
pyro_hands_red
  7 20.743820 47.339046 3.415881 0.709770 0.356524 0.607550 -0.768945 0.499033 2 7 0.850000 5 0.150000
  7 19.774258 47.743286 3.838615 0.358106 0.329588 0.873574 -0.811430 0.481818 2 7 0.850000 5 0.150000
  7 20.330902 45.817387 4.343235 0.362309 0.439661 0.821846 -0.801593 0.573843 2 7 0.800000 28 0.200000
pyro_hands_red
  7 19.774258 47.743286 3.838615 0.358106 0.329588 0.873574 -0.811430 0.481818 2 7 0.850000 5 0.150000
  7 18.969204 46.024883 4.547676 0.098767 0.435215 0.894893 -0.857389 0.557291 2 7 0.670000 28 0.330000
  7 20.330902 45.817387 4.343235 0.362309 0.439661 0.821846 -0.801593 0.573843 2 7 0.800000 28 0.200000
pyro_hands_red
  52 20.981499 39.802082 0.449574 0.857824 -0.499385 0.121460 -0.532626 0.771796 1 52 1.000000
  46 21.223692 39.988586 0.799262 0.707133 -0.548377 -0.446368 -0.554710 0.773159 1 46 1.000000
  46 20.305992 39.853283 0.948870 -0.176349 -0.893702 -0.412551 -0.531475 0.793378 1 46 1.000000
pyro_hands_red
  52 21.108698 40.244080 0.171476 0.852540 -0.284905 -0.438183 -0.533273 0.748702 1 52 1.000000
  46 21.223692 39.988586 0.799262 0.707133 -0.548377 -0.446368 -0.554710 0.773159 1 46 1.000000
  52 20.981499 39.802082 0.449574 0.857824 -0.499385 0.121460 -0.532626 0.771796 1 52 1.000000
pyro_hands_red
  52 20.981499 39.802082 0.449574 0.857824 -0.499385 0.121460 -0.532626 0.771796 1 52 1.000000
  52 20.814299 40.078880 -0.230571 0.704353 -0.161859 -0.691150 -0.512465 0.746702 1 52 1.000000
  52 21.108698 40.244080 0.171476 0.852540 -0.284905 -0.438183 -0.533273 0.748702 1 52 1.000000
pyro_hands_red
  52 20.814299 40.078880 -0.230571 0.704353 -0.161859 -0.691150 -0.512465 0.746702 1 52 1.000000
  52 21.081898 40.649578 -0.058562 0.778219 -0.199305 -0.595527 -0.530623 0.728728 1 52 1.000000
  52 21.108698 40.244080 0.171476 0.852540 -0.284905 -0.438183 -0.533273 0.748702 1 52 1.000000
pyro_hands_red
  52 20.814299 40.078880 -0.230571 0.704353 -0.161859 -0.691150 -0.512465 0.746702 1 52 1.000000
  52 20.795599 40.588581 -0.338918 0.548480 -0.153337 -0.821984 -0.513890 0.725941 1 52 1.000000
  52 21.081898 40.649578 -0.058562 0.778219 -0.199305 -0.595527 -0.530623 0.728728 1 52 1.000000
pyro_hands_red
  52 20.795599 40.588581 -0.338918 0.548480 -0.153337 -0.821984 -0.513890 0.725941 1 52 1.000000
  7 21.057302 41.245182 -0.280725 0.734381 -0.145288 -0.663005 -0.530496 0.702192 1 7 1.000000
  52 21.081898 40.649578 -0.058562 0.778219 -0.199305 -0.595527 -0.530623 0.728728 1 52 1.000000
pyro_hands_red
  52 20.795599 40.588581 -0.338918 0.548480 -0.153337 -0.821984 -0.513890 0.725941 1 52 1.000000
  7 20.845104 41.622082 -0.490898 0.537058 -0.116313 -0.835488 -0.523066 0.683635 1 7 1.000000
  7 21.057302 41.245182 -0.280725 0.734381 -0.145288 -0.663005 -0.530496 0.702192 1 7 1.000000
pyro_hands_red
  7 21.324001 41.454479 0.038023 0.852588 -0.110598 -0.510746 -0.549012 0.699271 1 7 1.000000
  7 21.057302 41.245182 -0.280725 0.734381 -0.145288 -0.663005 -0.530496 0.702192 1 7 1.000000
  7 20.845104 41.622082 -0.490898 0.537058 -0.116313 -0.835488 -0.523066 0.683635 1 7 1.000000
pyro_hands_red
  7 21.324001 41.454479 0.038023 0.852588 -0.110598 -0.510746 -0.549012 0.699271 1 7 1.000000
  7 20.845104 41.622082 -0.490898 0.537058 -0.116313 -0.835488 -0.523066 0.683635 1 7 1.000000
  7 21.281406 42.027679 -0.114581 0.815507 -0.067318 -0.574819 -0.550352 0.674567 1 7 1.000000
pyro_hands_red
  7 21.658104 41.722881 0.731185 0.939980 -0.067752 -0.334436 -0.582437 0.699364 1 7 1.000000
  7 21.324001 41.454479 0.038023 0.852588 -0.110598 -0.510746 -0.549012 0.699271 1 7 1.000000
  7 21.281406 42.027679 -0.114581 0.815507 -0.067318 -0.574819 -0.550352 0.674567 1 7 1.000000
pyro_hands_red
  7 21.658104 41.722881 0.731185 0.939980 -0.067752 -0.334436 -0.582437 0.699364 1 7 1.000000
  7 21.281406 42.027679 -0.114581 0.815507 -0.067318 -0.574819 -0.550352 0.674567 1 7 1.000000
  7 21.648203 42.259083 0.627909 0.945864 -0.022081 -0.323810 -0.585676 0.676713 1 7 1.000000
pyro_hands_red
  7 21.935804 42.061581 1.699756 0.980945 0.015017 -0.193707 -0.626363 0.699900 1 7 1.000000
  7 21.658104 41.722881 0.731185 0.939980 -0.067752 -0.334436 -0.582437 0.699364 1 7 1.000000
  7 21.648203 42.259083 0.627909 0.945864 -0.022081 -0.323810 -0.585676 0.676713 1 7 1.000000
pyro_hands_red
  7 21.935804 42.061581 1.699756 0.980945 0.015017 -0.193707 -0.626363 0.699900 1 7 1.000000
  7 21.648203 42.259083 0.627909 0.945864 -0.022081 -0.323810 -0.585676 0.676713 1 7 1.000000
  7 21.901701 42.524582 1.588756 0.980945 0.015017 -0.193707 -0.627865 0.679728 1 7 1.000000
pyro_hands_red
  7 22.077103 42.316982 2.729986 0.994854 0.067638 -0.075433 -0.670232 0.702941 1 7 1.000000
  7 21.935804 42.061581 1.699756 0.980945 0.015017 -0.193707 -0.626363 0.699900 1 7 1.000000
  7 21.901701 42.524582 1.588756 0.980945 0.015017 -0.193707 -0.627865 0.679728 1 7 1.000000
pyro_hands_red
  7 22.077103 42.316982 2.729986 0.994854 0.067638 -0.075433 -0.670232 0.702941 1 7 1.000000
  7 21.901701 42.524582 1.588756 0.980945 0.015017 -0.193707 -0.627865 0.679728 1 7 1.000000
  7 22.030203 42.840382 2.607535 0.994854 0.067638 -0.075433 -0.671892 0.680417 1 7 1.000000
pyro_hands_red
  7 22.060902 42.725780 3.717695 0.984791 0.140861 0.101715 -0.713583 0.698060 1 7 1.000000
  7 22.077103 42.316982 2.729986 0.994854 0.067638 -0.075433 -0.670232 0.702941 1 7 1.000000
  7 22.030203 42.840382 2.607535 0.994854 0.067638 -0.075433 -0.671892 0.680417 1 7 1.000000
pyro_hands_red
  7 22.060902 42.725780 3.717695 0.984791 0.140861 0.101715 -0.713583 0.698060 1 7 1.000000
  7 22.030203 42.840382 2.607535 0.994854 0.067638 -0.075433 -0.671892 0.680417 1 7 1.000000
  7 22.010004 43.165482 3.566726 0.984791 0.140861 0.101715 -0.713169 0.678736 1 7 1.000000
pyro_hands_red
  7 22.060902 42.725780 3.717695 0.984791 0.140861 0.101715 -0.713583 0.698060 1 7 1.000000
  7 22.010004 43.165482 3.566726 0.984791 0.140861 0.101715 -0.713169 0.678736 1 7 1.000000
  7 21.762602 43.415680 4.445295 0.889455 0.265548 0.371960 -0.751240 0.677808 1 7 1.000000
pyro_hands_red
  52 21.356398 40.819981 0.328737 0.879744 -0.191428 -0.435207 -0.551120 0.728584 1 52 1.000000
  7 21.658104 41.722881 0.731185 0.939980 -0.067752 -0.334436 -0.582437 0.699364 1 7 1.000000
  46 21.679392 41.051483 1.025626 0.940136 -0.147947 -0.307011 -0.584518 0.730153 1 46 1.000000
pyro_hands_red
  52 21.356398 40.819981 0.328737 0.879744 -0.191428 -0.435207 -0.551120 0.728584 1 52 1.000000
  7 21.324001 41.454479 0.038023 0.852588 -0.110598 -0.510746 -0.549012 0.699271 1 7 1.000000
  7 21.658104 41.722881 0.731185 0.939980 -0.067752 -0.334436 -0.582437 0.699364 1 7 1.000000
pyro_hands_red
  7 21.057302 41.245182 -0.280725 0.734381 -0.145288 -0.663005 -0.530496 0.702192 1 7 1.000000
  7 21.324001 41.454479 0.038023 0.852588 -0.110598 -0.510746 -0.549012 0.699271 1 7 1.000000
  52 21.356398 40.819981 0.328737 0.879744 -0.191428 -0.435207 -0.551120 0.728584 1 52 1.000000
pyro_hands_red
  7 21.057302 41.245182 -0.280725 0.734381 -0.145288 -0.663005 -0.530496 0.702192 1 7 1.000000
  52 21.356398 40.819981 0.328737 0.879744 -0.191428 -0.435207 -0.551120 0.728584 1 52 1.000000
  52 21.081898 40.649578 -0.058562 0.778219 -0.199305 -0.595527 -0.530623 0.728728 1 52 1.000000
pyro_hands_red
  52 21.108698 40.244080 0.171476 0.852540 -0.284905 -0.438183 -0.533273 0.748702 1 52 1.000000
  52 21.081898 40.649578 -0.058562 0.778219 -0.199305 -0.595527 -0.530623 0.728728 1 52 1.000000
  52 21.356398 40.819981 0.328737 0.879744 -0.191428 -0.435207 -0.551120 0.728584 1 52 1.000000
pyro_hands_red
  52 21.108698 40.244080 0.171476 0.852540 -0.284905 -0.438183 -0.533273 0.748702 1 52 1.000000
  52 21.356398 40.819981 0.328737 0.879744 -0.191428 -0.435207 -0.551120 0.728584 1 52 1.000000
  52 21.363598 40.408581 0.576708 0.871992 -0.316568 -0.373382 -0.554455 0.749635 1 52 1.000000
pyro_hands_red
  52 21.108698 40.244080 0.171476 0.852540 -0.284905 -0.438183 -0.533273 0.748702 1 52 1.000000
  52 21.363598 40.408581 0.576708 0.871992 -0.316568 -0.373382 -0.554455 0.749635 1 52 1.000000
  46 21.223692 39.988586 0.799262 0.707133 -0.548377 -0.446368 -0.554710 0.773159 1 46 1.000000
pyro_hands_red
  46 21.678892 40.644085 1.278286 0.932462 -0.269757 -0.240301 -0.588613 0.750201 1 46 1.000000
  46 21.223692 39.988586 0.799262 0.707133 -0.548377 -0.446368 -0.554710 0.773159 1 46 1.000000
  52 21.363598 40.408581 0.576708 0.871992 -0.316568 -0.373382 -0.554455 0.749635 1 52 1.000000
pyro_hands_red
  46 21.678892 40.644085 1.278286 0.932462 -0.269757 -0.240301 -0.588613 0.750201 1 46 1.000000
  46 21.626694 40.191677 1.504883 0.950281 -0.241739 -0.196287 -0.590526 0.770957 1 46 1.000000
  46 21.223692 39.988586 0.799262 0.707133 -0.548377 -0.446368 -0.554710 0.773159 1 46 1.000000
pyro_hands_red
  46 21.626694 40.191677 1.504883 0.950281 -0.241739 -0.196287 -0.590526 0.770957 1 46 1.000000
  46 21.678892 40.644085 1.278286 0.932462 -0.269757 -0.240301 -0.588613 0.750201 1 46 1.000000
  46 21.860891 40.826385 1.973746 0.948380 -0.295138 -0.116059 -0.619981 0.754065 1 46 1.000000
pyro_hands_red
  46 21.925592 41.268585 1.818266 0.973465 -0.114075 -0.198373 -0.620483 0.733120 1 46 1.000000
  46 21.860891 40.826385 1.973746 0.948380 -0.295138 -0.116059 -0.619981 0.754065 1 46 1.000000
  46 21.678892 40.644085 1.278286 0.932462 -0.269757 -0.240301 -0.588613 0.750201 1 46 1.000000
pyro_hands_red
  40 21.946697 40.928078 2.407215 0.948379 -0.295139 -0.116058 -0.640172 0.757238 1 40 1.000000
  46 21.860891 40.826385 1.973746 0.948380 -0.295138 -0.116059 -0.619981 0.754065 1 46 1.000000
  46 21.925592 41.268585 1.818266 0.973465 -0.114075 -0.198373 -0.620483 0.733120 1 46 1.000000
pyro_hands_red
  40 21.946697 40.928078 2.407215 0.948379 -0.295139 -0.116058 -0.640172 0.757238 1 40 1.000000
  46 21.925592 41.268585 1.818266 0.973465 -0.114075 -0.198373 -0.620483 0.733120 1 46 1.000000
  40 22.034298 41.378979 2.389006 0.986847 -0.098809 -0.127944 -0.645252 0.736504 1 40 1.000000
pyro_hands_red
  40 22.096397 41.325676 2.956875 0.993228 -0.096756 -0.064308 -0.666977 0.745860 1 40 1.000000
  40 21.946697 40.928078 2.407215 0.948379 -0.295139 -0.116058 -0.640172 0.757238 1 40 1.000000
  40 22.034298 41.378979 2.389006 0.986847 -0.098809 -0.127944 -0.645252 0.736504 1 40 1.000000
pyro_hands_red
  40 22.096397 41.325676 2.956875 0.993228 -0.096756 -0.064308 -0.666977 0.745860 1 40 1.000000
  40 22.034298 41.378979 2.389006 0.986847 -0.098809 -0.127944 -0.645252 0.736504 1 40 1.000000
  7 22.077103 42.316982 2.729986 0.994854 0.067638 -0.075433 -0.670232 0.702941 1 7 1.000000
pyro_hands_red
  40 22.096397 41.325676 2.956875 0.993228 -0.096756 -0.064308 -0.666977 0.745860 1 40 1.000000
  7 22.077103 42.316982 2.729986 0.994854 0.067638 -0.075433 -0.670232 0.702941 1 7 1.000000
  40 22.124199 41.704079 3.480475 0.999632 -0.025802 -0.008428 -0.692272 0.736389 1 40 1.000000
pyro_hands_red
  7 22.060902 42.725780 3.717695 0.984791 0.140861 0.101715 -0.713583 0.698060 1 7 1.000000
  40 22.124199 41.704079 3.480475 0.999632 -0.025802 -0.008428 -0.692272 0.736389 1 40 1.000000
  7 22.077103 42.316982 2.729986 0.994854 0.067638 -0.075433 -0.670232 0.702941 1 7 1.000000
pyro_hands_red
  7 22.060902 42.725780 3.717695 0.984791 0.140861 0.101715 -0.713583 0.698060 1 7 1.000000
  34 22.105494 41.902878 4.133635 0.994597 0.056207 0.087281 -0.720281 0.735123 1 34 1.000000
  40 22.124199 41.704079 3.480475 0.999632 -0.025802 -0.008428 -0.692272 0.736389 1 40 1.000000
pyro_hands_red
  46 21.679392 41.051483 1.025626 0.940136 -0.147947 -0.307011 -0.584518 0.730153 1 46 1.000000
  52 21.363598 40.408581 0.576708 0.871992 -0.316568 -0.373382 -0.554455 0.749635 1 52 1.000000
  52 21.356398 40.819981 0.328737 0.879744 -0.191428 -0.435207 -0.551120 0.728584 1 52 1.000000
pyro_hands_red
  46 21.679392 41.051483 1.025626 0.940136 -0.147947 -0.307011 -0.584518 0.730153 1 46 1.000000
  46 21.678892 40.644085 1.278286 0.932462 -0.269757 -0.240301 -0.588613 0.750201 1 46 1.000000
  52 21.363598 40.408581 0.576708 0.871992 -0.316568 -0.373382 -0.554455 0.749635 1 52 1.000000
pyro_hands_red
  46 21.925592 41.268585 1.818266 0.973465 -0.114075 -0.198373 -0.620483 0.733120 1 46 1.000000
  46 21.678892 40.644085 1.278286 0.932462 -0.269757 -0.240301 -0.588613 0.750201 1 46 1.000000
  46 21.679392 41.051483 1.025626 0.940136 -0.147947 -0.307011 -0.584518 0.730153 1 46 1.000000
pyro_hands_red
  7 21.658104 41.722881 0.731185 0.939980 -0.067752 -0.334436 -0.582437 0.699364 1 7 1.000000
  46 21.925592 41.268585 1.818266 0.973465 -0.114075 -0.198373 -0.620483 0.733120 1 46 1.000000
  46 21.679392 41.051483 1.025626 0.940136 -0.147947 -0.307011 -0.584518 0.730153 1 46 1.000000
pyro_hands_red
  7 21.658104 41.722881 0.731185 0.939980 -0.067752 -0.334436 -0.582437 0.699364 1 7 1.000000
  7 21.935804 42.061581 1.699756 0.980945 0.015017 -0.193707 -0.626363 0.699900 1 7 1.000000
  46 21.925592 41.268585 1.818266 0.973465 -0.114075 -0.198373 -0.620483 0.733120 1 46 1.000000
pyro_hands_red
  7 21.935804 42.061581 1.699756 0.980945 0.015017 -0.193707 -0.626363 0.699900 1 7 1.000000
  40 22.034298 41.378979 2.389006 0.986847 -0.098809 -0.127944 -0.645252 0.736504 1 40 1.000000
  46 21.925592 41.268585 1.818266 0.973465 -0.114075 -0.198373 -0.620483 0.733120 1 46 1.000000
pyro_hands_red
  7 21.935804 42.061581 1.699756 0.980945 0.015017 -0.193707 -0.626363 0.699900 1 7 1.000000
  7 22.077103 42.316982 2.729986 0.994854 0.067638 -0.075433 -0.670232 0.702941 1 7 1.000000
  40 22.034298 41.378979 2.389006 0.986847 -0.098809 -0.127944 -0.645252 0.736504 1 40 1.000000
pyro_hands_red
  40 22.124199 41.704079 3.480475 0.999632 -0.025802 -0.008428 -0.692272 0.736389 1 40 1.000000
  40 22.066399 41.060276 3.102615 0.971575 -0.233409 -0.039531 -0.669634 0.759164 1 40 1.000000
  40 22.096397 41.325676 2.956875 0.993228 -0.096756 -0.064308 -0.666977 0.745860 1 40 1.000000
pyro_hands_red
  40 22.096397 41.325676 2.956875 0.993228 -0.096756 -0.064308 -0.666977 0.745860 1 40 1.000000
  40 22.066399 41.060276 3.102615 0.971575 -0.233409 -0.039531 -0.669634 0.759164 1 40 1.000000
  40 21.946697 40.928078 2.407215 0.948379 -0.295139 -0.116058 -0.640172 0.757238 1 40 1.000000
pyro_hands_red
  40 21.693098 40.467075 2.525966 0.834273 -0.507833 -0.214693 -0.640334 0.782782 1 40 1.000000
  40 21.946697 40.928078 2.407215 0.948379 -0.295139 -0.116058 -0.640172 0.757238 1 40 1.000000
  40 22.066399 41.060276 3.102615 0.971575 -0.233409 -0.039531 -0.669634 0.759164 1 40 1.000000
pyro_hands_red
  40 21.693098 40.467075 2.525966 0.834273 -0.507833 -0.214693 -0.640334 0.782782 1 40 1.000000
  46 21.860891 40.826385 1.973746 0.948380 -0.295138 -0.116059 -0.619981 0.754065 1 46 1.000000
  40 21.946697 40.928078 2.407215 0.948379 -0.295139 -0.116058 -0.640172 0.757238 1 40 1.000000
pyro_hands_red
  40 21.693098 40.467075 2.525966 0.834273 -0.507833 -0.214693 -0.640334 0.782782 1 40 1.000000
  46 21.624590 40.344284 2.265676 0.851286 -0.340529 0.399189 -0.621257 0.781573 1 46 1.000000
  46 21.860891 40.826385 1.973746 0.948380 -0.295138 -0.116059 -0.619981 0.754065 1 46 1.000000
pyro_hands_red
  46 21.626694 40.191677 1.504883 0.950281 -0.241739 -0.196287 -0.590526 0.770957 1 46 1.000000
  46 21.860891 40.826385 1.973746 0.948380 -0.295138 -0.116059 -0.619981 0.754065 1 46 1.000000
  46 21.624590 40.344284 2.265676 0.851286 -0.340529 0.399189 -0.621257 0.781573 1 46 1.000000
pyro_hands_red
  46 21.626694 40.191677 1.504883 0.950281 -0.241739 -0.196287 -0.590526 0.770957 1 46 1.000000
  46 21.624590 40.344284 2.265676 0.851286 -0.340529 0.399189 -0.621257 0.781573 1 46 1.000000
  46 21.495289 39.426682 2.372446 0.812856 -0.027878 0.581797 -0.605297 0.804336 2 46 0.553000 48 0.447000
pyro_hands_red
  46 21.626694 40.191677 1.504883 0.950281 -0.241739 -0.196287 -0.590526 0.770957 1 46 1.000000
  46 21.495289 39.426682 2.372446 0.812856 -0.027878 0.581797 -0.605297 0.804336 2 46 0.553000 48 0.447000
  46 21.551689 39.311787 1.684365 0.969802 -0.154847 -0.188433 -0.585761 0.799904 2 46 0.545300 48 0.454700
pyro_hands_red
  46 21.551689 39.311787 1.684365 0.969802 -0.154847 -0.188433 -0.585761 0.799904 2 46 0.545300 48 0.454700
  46 21.495289 39.426682 2.372446 0.812856 -0.027878 0.581797 -0.605297 0.804336 2 46 0.553000 48 0.447000
  48 21.414089 38.814285 2.413045 0.800114 -0.136071 0.584211 -0.601788 0.810466 1 48 1.000000
pyro_hands_red
  46 21.551689 39.311787 1.684365 0.969802 -0.154847 -0.188433 -0.585761 0.799904 2 46 0.545300 48 0.454700
  48 21.414089 38.814285 2.413045 0.800114 -0.136071 0.584211 -0.601788 0.810466 1 48 1.000000
  48 21.465191 38.707489 1.774645 0.943259 -0.289710 -0.162267 -0.583662 0.807521 1 48 1.000000
pyro_hands_red
  48 21.414089 38.814285 2.413045 0.800114 -0.136071 0.584211 -0.601788 0.810466 1 48 1.000000
  48 21.342991 38.420490 1.832025 0.812725 -0.573208 -0.104452 -0.582346 0.814087 1 48 1.000000
  48 21.465191 38.707489 1.774645 0.943259 -0.289710 -0.162267 -0.583662 0.807521 1 48 1.000000
pyro_hands_red
  48 21.124088 38.673084 1.141885 0.469043 -0.319655 -0.823298 -0.564877 0.807937 1 48 1.000000
  48 21.465191 38.707489 1.774645 0.943259 -0.289710 -0.162267 -0.583662 0.807521 1 48 1.000000
  48 21.342991 38.420490 1.832025 0.812725 -0.573208 -0.104452 -0.582346 0.814087 1 48 1.000000
pyro_hands_red
  48 21.124088 38.673084 1.141885 0.469043 -0.319655 -0.823298 -0.564877 0.807937 1 48 1.000000
  48 21.342991 38.420490 1.832025 0.812725 -0.573208 -0.104452 -0.582346 0.814087 1 48 1.000000
  48 21.030790 38.408489 1.211785 0.386243 -0.498472 -0.776107 -0.564868 0.815433 2 48 0.948800 50 0.051200
pyro_hands_red
  46 20.246691 38.844086 1.139365 -0.392214 -0.137879 -0.909482 -0.540910 0.816296 2 46 0.513300 48 0.486700
  48 21.124088 38.673084 1.141885 0.469043 -0.319655 -0.823298 -0.564877 0.807937 1 48 1.000000
  48 21.030790 38.408489 1.211785 0.386243 -0.498472 -0.776107 -0.564868 0.815433 2 48 0.948800 50 0.051200
pyro_hands_red
  46 21.203089 39.210983 1.012006 0.480886 -0.239395 -0.843468 -0.561972 0.800088 2 46 0.549000 48 0.451000
  48 21.124088 38.673084 1.141885 0.469043 -0.319655 -0.823298 -0.564877 0.807937 1 48 1.000000
  46 20.246691 38.844086 1.139365 -0.392214 -0.137879 -0.909482 -0.540910 0.816296 2 46 0.513300 48 0.486700
pyro_hands_red
  46 21.203089 39.210983 1.012006 0.480886 -0.239395 -0.843468 -0.561972 0.800088 2 46 0.549000 48 0.451000
  46 20.246691 38.844086 1.139365 -0.392214 -0.137879 -0.909482 -0.540910 0.816296 2 46 0.513300 48 0.486700
  46 20.280890 39.275284 1.052065 -0.398101 -0.178716 -0.899765 -0.538058 0.808617 2 46 0.671100 48 0.328900
pyro_hands_red
  46 20.305992 39.853283 0.948870 -0.176349 -0.893702 -0.412551 -0.531475 0.793378 1 46 1.000000
  46 21.203089 39.210983 1.012006 0.480886 -0.239395 -0.843468 -0.561972 0.800088 2 46 0.549000 48 0.451000
  46 20.280890 39.275284 1.052065 -0.398101 -0.178716 -0.899765 -0.538058 0.808617 2 46 0.671100 48 0.328900
pyro_hands_red
  46 20.305992 39.853283 0.948870 -0.176349 -0.893702 -0.412551 -0.531475 0.793378 1 46 1.000000
  46 21.223692 39.988586 0.799262 0.707133 -0.548377 -0.446368 -0.554710 0.773159 1 46 1.000000
  46 21.203089 39.210983 1.012006 0.480886 -0.239395 -0.843468 -0.561972 0.800088 2 46 0.549000 48 0.451000
pyro_hands_red
  46 21.223692 39.988586 0.799262 0.707133 -0.548377 -0.446368 -0.554710 0.773159 1 46 1.000000
  46 21.626694 40.191677 1.504883 0.950281 -0.241739 -0.196287 -0.590526 0.770957 1 46 1.000000
  46 21.551689 39.311787 1.684365 0.969802 -0.154847 -0.188433 -0.585761 0.799904 2 46 0.545300 48 0.454700
pyro_hands_red
  46 21.223692 39.988586 0.799262 0.707133 -0.548377 -0.446368 -0.554710 0.773159 1 46 1.000000
  46 21.551689 39.311787 1.684365 0.969802 -0.154847 -0.188433 -0.585761 0.799904 2 46 0.545300 48 0.454700
  46 21.203089 39.210983 1.012006 0.480886 -0.239395 -0.843468 -0.561972 0.800088 2 46 0.549000 48 0.451000
pyro_hands_red
  46 21.551689 39.311787 1.684365 0.969802 -0.154847 -0.188433 -0.585761 0.799904 2 46 0.545300 48 0.454700
  48 21.124088 38.673084 1.141885 0.469043 -0.319655 -0.823298 -0.564877 0.807937 1 48 1.000000
  46 21.203089 39.210983 1.012006 0.480886 -0.239395 -0.843468 -0.561972 0.800088 2 46 0.549000 48 0.451000
pyro_hands_red
  46 21.551689 39.311787 1.684365 0.969802 -0.154847 -0.188433 -0.585761 0.799904 2 46 0.545300 48 0.454700
  48 21.465191 38.707489 1.774645 0.943259 -0.289710 -0.162267 -0.583662 0.807521 1 48 1.000000
  48 21.124088 38.673084 1.141885 0.469043 -0.319655 -0.823298 -0.564877 0.807937 1 48 1.000000
pyro_hands_red
  46 20.246691 38.844086 1.139365 -0.392214 -0.137879 -0.909482 -0.540910 0.816296 2 46 0.513300 48 0.486700
  48 21.030790 38.408489 1.211785 0.386243 -0.498472 -0.776107 -0.564868 0.815433 2 48 0.948800 50 0.051200
  48 20.157990 38.596489 1.209455 -0.372802 -0.088460 -0.923685 -0.544011 0.825033 2 48 0.938200 50 0.061800
pyro_hands_red
  48 21.414089 38.814285 2.413045 0.800114 -0.136071 0.584211 -0.601788 0.810466 1 48 1.000000
  48 21.307388 38.543583 2.455925 0.707458 -0.351179 0.613332 -0.600597 0.816612 1 48 1.000000
  48 21.342991 38.420490 1.832025 0.812725 -0.573208 -0.104452 -0.582346 0.814087 1 48 1.000000
pyro_hands_red
  46 20.740290 38.993683 2.750635 0.112798 0.103922 0.988168 -0.616880 0.817105 2 46 0.500300 48 0.499700
  48 21.307388 38.543583 2.455925 0.707458 -0.351179 0.613332 -0.600597 0.816612 1 48 1.000000
  48 21.414089 38.814285 2.413045 0.800114 -0.136071 0.584211 -0.601788 0.810466 1 48 1.000000
pyro_hands_red
  46 21.495289 39.426682 2.372446 0.812856 -0.027878 0.581797 -0.605297 0.804336 2 46 0.553000 48 0.447000
  46 20.740290 38.993683 2.750635 0.112798 0.103922 0.988168 -0.616880 0.817105 2 46 0.500300 48 0.499700
  48 21.414089 38.814285 2.413045 0.800114 -0.136071 0.584211 -0.601788 0.810466 1 48 1.000000
pyro_hands_red
  46 21.495289 39.426682 2.372446 0.812856 -0.027878 0.581797 -0.605297 0.804336 2 46 0.553000 48 0.447000
  46 20.701691 39.481285 2.719085 0.060770 0.088738 0.994199 -0.620342 0.810894 2 46 0.646500 48 0.353500
  46 20.740290 38.993683 2.750635 0.112798 0.103922 0.988168 -0.616880 0.817105 2 46 0.500300 48 0.499700
pyro_hands_red
  46 20.692593 40.076385 2.629456 0.167751 -0.297278 0.939939 -0.626652 0.805116 1 46 1.000000
  46 20.701691 39.481285 2.719085 0.060770 0.088738 0.994199 -0.620342 0.810894 2 46 0.646500 48 0.353500
  46 21.495289 39.426682 2.372446 0.812856 -0.027878 0.581797 -0.605297 0.804336 2 46 0.553000 48 0.447000
pyro_hands_red
  46 20.692593 40.076385 2.629456 0.167751 -0.297278 0.939939 -0.626652 0.805116 1 46 1.000000
  46 21.495289 39.426682 2.372446 0.812856 -0.027878 0.581797 -0.605297 0.804336 2 46 0.553000 48 0.447000
  46 21.624590 40.344284 2.265676 0.851286 -0.340529 0.399189 -0.621257 0.781573 1 46 1.000000
pyro_hands_red
  46 21.624590 40.344284 2.265676 0.851286 -0.340529 0.399189 -0.621257 0.781573 1 46 1.000000
  40 20.763197 40.272778 2.566986 0.103600 -0.973933 -0.201795 -0.629458 0.805361 1 40 1.000000
  46 20.692593 40.076385 2.629456 0.167751 -0.297278 0.939939 -0.626652 0.805116 1 46 1.000000
pyro_hands_red
  46 21.624590 40.344284 2.265676 0.851286 -0.340529 0.399189 -0.621257 0.781573 1 46 1.000000
  40 21.693098 40.467075 2.525966 0.834273 -0.507833 -0.214693 -0.640334 0.782782 1 40 1.000000
  40 20.763197 40.272778 2.566986 0.103600 -0.973933 -0.201795 -0.629458 0.805361 1 40 1.000000
pyro_hands_red
  46 20.740290 38.993683 2.750635 0.112798 0.103922 0.988168 -0.616880 0.817105 2 46 0.500300 48 0.499700
  48 20.663887 38.785686 2.779584 0.112798 0.103922 0.988168 -0.614936 0.824967 1 48 1.000000
  48 21.307388 38.543583 2.455925 0.707458 -0.351179 0.613332 -0.600597 0.816612 1 48 1.000000
pyro_hands_red
  52 20.981499 39.802082 0.449574 0.857824 -0.499385 0.121460 -0.532626 0.771796 1 52 1.000000
  46 20.305992 39.853283 0.948870 -0.176349 -0.893702 -0.412551 -0.531475 0.793378 1 46 1.000000
  52 20.271601 39.777386 0.829600 0.271363 -0.601308 0.751526 -0.532379 0.793961 1 52 1.000000
pyro_hands_red
  52 20.320498 40.586479 -0.514000 0.073079 -0.152105 -0.985659 -0.493259 0.721363 1 52 1.000000
  7 20.845104 41.622082 -0.490898 0.537058 -0.116313 -0.835488 -0.523066 0.683635 1 7 1.000000
  52 20.795599 40.588581 -0.338918 0.548480 -0.153337 -0.821984 -0.513890 0.725941 1 52 1.000000
pyro_hands_red
  52 20.795599 40.588581 -0.338918 0.548480 -0.153337 -0.821984 -0.513890 0.725941 1 52 1.000000
  52 20.394299 40.021782 -0.466599 0.181623 -0.086508 -0.979556 -0.493289 0.744712 1 52 1.000000
  52 20.320498 40.586479 -0.514000 0.073079 -0.152105 -0.985659 -0.493259 0.721363 1 52 1.000000
pyro_hands_red
  52 20.795599 40.588581 -0.338918 0.548480 -0.153337 -0.821984 -0.513890 0.725941 1 52 1.000000
  52 20.814299 40.078880 -0.230571 0.704353 -0.161859 -0.691150 -0.512465 0.746702 1 52 1.000000
  52 20.394299 40.021782 -0.466599 0.181623 -0.086508 -0.979556 -0.493289 0.744712 1 52 1.000000
pyro_hands_red
  52 20.816698 39.559181 -0.113604 0.830646 -0.207936 -0.516517 -0.510150 0.765631 1 52 1.000000
  52 20.394299 40.021782 -0.466599 0.181623 -0.086508 -0.979556 -0.493289 0.744712 1 52 1.000000
  52 20.814299 40.078880 -0.230571 0.704353 -0.161859 -0.691150 -0.512465 0.746702 1 52 1.000000
pyro_hands_red
  52 20.981499 39.802082 0.449574 0.857824 -0.499385 0.121460 -0.532626 0.771796 1 52 1.000000
  52 20.816698 39.559181 -0.113604 0.830646 -0.207936 -0.516517 -0.510150 0.765631 1 52 1.000000
  52 20.814299 40.078880 -0.230571 0.704353 -0.161859 -0.691150 -0.512465 0.746702 1 52 1.000000
pyro_hands_red
  52 20.726997 39.006786 0.463255 0.851523 -0.235925 0.468238 -0.512878 0.786752 2 52 0.700000 54 0.300000
  52 20.816698 39.559181 -0.113604 0.830646 -0.207936 -0.516517 -0.510150 0.765631 1 52 1.000000
  52 20.981499 39.802082 0.449574 0.857824 -0.499385 0.121460 -0.532626 0.771796 1 52 1.000000
pyro_hands_red
  52 20.271601 39.777386 0.829600 0.271363 -0.601308 0.751526 -0.532379 0.793961 1 52 1.000000
  52 20.726997 39.006786 0.463255 0.851523 -0.235925 0.468238 -0.512878 0.786752 2 52 0.700000 54 0.300000
  52 20.981499 39.802082 0.449574 0.857824 -0.499385 0.121460 -0.532626 0.771796 1 52 1.000000
pyro_hands_red
  52 20.271601 39.777386 0.829600 0.271363 -0.601308 0.751526 -0.532379 0.793961 1 52 1.000000
  52 20.152897 39.204185 0.840049 0.309270 -0.036577 0.950270 -0.522149 0.800011 2 52 0.700002 54 0.299998
  52 20.726997 39.006786 0.463255 0.851523 -0.235925 0.468238 -0.512878 0.786752 2 52 0.700000 54 0.300000
pyro_hands_red
  52 20.152897 39.204185 0.840049 0.309270 -0.036577 0.950270 -0.522149 0.800011 2 52 0.700002 54 0.299998
  54 20.646599 38.772282 0.475458 0.760159 -0.408778 0.505034 -0.508639 0.791052 2 54 0.750000 52 0.250000
  52 20.726997 39.006786 0.463255 0.851523 -0.235925 0.468238 -0.512878 0.786752 2 52 0.700000 54 0.300000
pyro_hands_red
  52 20.152897 39.204185 0.840049 0.309270 -0.036577 0.950270 -0.522149 0.800011 2 52 0.700002 54 0.299998
  54 20.052698 39.007282 0.875975 0.309271 -0.036577 0.950270 -0.520708 0.803438 2 54 0.750000 52 0.250000
  54 20.646599 38.772282 0.475458 0.760159 -0.408778 0.505034 -0.508639 0.791052 2 54 0.750000 52 0.250000
pyro_hands_red
  52 20.816698 39.559181 -0.113604 0.830646 -0.207936 -0.516517 -0.510150 0.765631 1 52 1.000000
  52 20.429996 39.485180 -0.441921 0.263521 -0.099599 -0.959498 -0.492442 0.764085 1 52 1.000000
  52 20.394299 40.021782 -0.466599 0.181623 -0.086508 -0.979556 -0.493289 0.744712 1 52 1.000000
pyro_hands_red
  52 20.703695 38.954479 -0.043644 0.877735 -0.269679 -0.396048 -0.501944 0.781602 2 52 0.700001 54 0.299999
  52 20.429996 39.485180 -0.441921 0.263521 -0.099599 -0.959498 -0.492442 0.764085 1 52 1.000000
  52 20.816698 39.559181 -0.113604 0.830646 -0.207936 -0.516517 -0.510150 0.765631 1 52 1.000000
pyro_hands_red
  52 20.726997 39.006786 0.463255 0.851523 -0.235925 0.468238 -0.512878 0.786752 2 52 0.700000 54 0.300000
  52 20.703695 38.954479 -0.043644 0.877735 -0.269679 -0.396048 -0.501944 0.781602 2 52 0.700001 54 0.299999
  52 20.816698 39.559181 -0.113604 0.830646 -0.207936 -0.516517 -0.510150 0.765631 1 52 1.000000
pyro_hands_red
  52 20.703695 38.954479 -0.043644 0.877735 -0.269679 -0.396048 -0.501944 0.781602 2 52 0.700001 54 0.299999
  52 20.726997 39.006786 0.463255 0.851523 -0.235925 0.468238 -0.512878 0.786752 2 52 0.700000 54 0.300000
  54 20.646599 38.772282 0.475458 0.760159 -0.408778 0.505034 -0.508639 0.791052 2 54 0.750000 52 0.250000
pyro_hands_red
  52 20.703695 38.954479 -0.043644 0.877735 -0.269679 -0.396048 -0.501944 0.781602 2 52 0.700001 54 0.299999
  54 20.646599 38.772282 0.475458 0.760159 -0.408778 0.505034 -0.508639 0.791052 2 54 0.750000 52 0.250000
  54 20.631800 38.721382 -0.013794 0.804431 -0.510000 -0.304616 -0.498380 0.786369 2 54 0.750000 52 0.250000
pyro_hands_red
  52 20.352600 38.979286 -0.403925 0.307395 -0.136452 -0.941748 -0.488783 0.779486 2 52 0.700002 54 0.299998
  52 20.703695 38.954479 -0.043644 0.877735 -0.269679 -0.396048 -0.501944 0.781602 2 52 0.700001 54 0.299999
  54 20.631800 38.721382 -0.013794 0.804431 -0.510000 -0.304616 -0.498380 0.786369 2 54 0.750000 52 0.250000
pyro_hands_red
  52 20.703695 38.954479 -0.043644 0.877735 -0.269679 -0.396048 -0.501944 0.781602 2 52 0.700001 54 0.299999
  52 20.352600 38.979286 -0.403925 0.307395 -0.136452 -0.941748 -0.488783 0.779486 2 52 0.700002 54 0.299998
  52 20.429996 39.485180 -0.441921 0.263521 -0.099599 -0.959498 -0.492442 0.764085 1 52 1.000000
pyro_hands_red
  54 20.288601 38.752781 -0.399404 0.290826 -0.263147 -0.919877 -0.486212 0.785372 2 54 0.750000 52 0.250000
  52 19.596596 39.129578 -0.303889 -0.472949 0.054242 -0.879418 -0.464060 0.778899 2 52 0.700001 54 0.300000
  52 20.352600 38.979286 -0.403925 0.307395 -0.136452 -0.941748 -0.488783 0.779486 2 52 0.700002 54 0.299998
pyro_hands_red
  52 20.352600 38.979286 -0.403925 0.307395 -0.136452 -0.941748 -0.488783 0.779486 2 52 0.700002 54 0.299998
  54 20.631800 38.721382 -0.013794 0.804431 -0.510000 -0.304616 -0.498380 0.786369 2 54 0.750000 52 0.250000
  54 20.288601 38.752781 -0.399404 0.290826 -0.263147 -0.919877 -0.486212 0.785372 2 54 0.750000 52 0.250000
pyro_hands_red
  54 19.693199 37.725681 0.160759 0.603071 -0.774435 -0.191195 -0.489799 0.807538 2 54 0.582000 56 0.418000
  54 20.288601 38.752781 -0.399404 0.290826 -0.263147 -0.919877 -0.486212 0.785372 2 54 0.750000 52 0.250000
  54 20.631800 38.721382 -0.013794 0.804431 -0.510000 -0.304616 -0.498380 0.786369 2 54 0.750000 52 0.250000
pyro_hands_red
  54 20.646599 38.772282 0.475458 0.760159 -0.408778 0.505034 -0.508639 0.791052 2 54 0.750000 52 0.250000
  54 19.693199 37.725681 0.160759 0.603071 -0.774435 -0.191195 -0.489799 0.807538 2 54 0.582000 56 0.418000
  54 20.631800 38.721382 -0.013794 0.804431 -0.510000 -0.304616 -0.498380 0.786369 2 54 0.750000 52 0.250000
pyro_hands_red
  54 20.646599 38.772282 0.475458 0.760159 -0.408778 0.505034 -0.508639 0.791052 2 54 0.750000 52 0.250000
  54 19.697601 37.804779 0.627708 0.571088 -0.619807 0.538236 -0.499790 0.810983 2 54 0.570801 56 0.429199
  54 19.693199 37.725681 0.160759 0.603071 -0.774435 -0.191195 -0.489799 0.807538 2 54 0.582000 56 0.418000
pyro_hands_red
  54 20.052698 39.007282 0.875975 0.309271 -0.036577 0.950270 -0.520708 0.803438 2 54 0.750000 52 0.250000
  54 19.697601 37.804779 0.627708 0.571088 -0.619807 0.538236 -0.499790 0.810983 2 54 0.570801 56 0.429199
  54 20.646599 38.772282 0.475458 0.760159 -0.408778 0.505034 -0.508639 0.791052 2 54 0.750000 52 0.250000
pyro_hands_red
  54 20.052698 39.007282 0.875975 0.309271 -0.036577 0.950270 -0.520708 0.803438 2 54 0.750000 52 0.250000
  54 19.298698 38.159882 0.979608 0.272339 -0.129971 0.953383 -0.512697 0.818050 2 54 0.540700 56 0.459300
  54 19.697601 37.804779 0.627708 0.571088 -0.619807 0.538236 -0.499790 0.810983 2 54 0.570801 56 0.429199
pyro_hands_red
  54 20.288601 38.752781 -0.399404 0.290826 -0.263147 -0.919877 -0.486212 0.785372 2 54 0.750000 52 0.250000
  54 19.506397 38.924381 -0.288836 -0.459196 0.166253 -0.872639 -0.465073 0.788344 2 54 0.750000 52 0.250000
  52 19.596596 39.129578 -0.303889 -0.472949 0.054242 -0.879418 -0.464060 0.778899 2 52 0.700001 54 0.300000
pyro_hands_red
  54 19.506397 38.924381 -0.288836 -0.459196 0.166253 -0.872639 -0.465073 0.788344 2 54 0.750000 52 0.250000
  54 20.288601 38.752781 -0.399404 0.290826 -0.263147 -0.919877 -0.486212 0.785372 2 54 0.750000 52 0.250000
  54 19.462997 37.827278 -0.247106 0.215275 -0.449571 -0.866916 -0.478867 0.805073 2 54 0.573500 56 0.426500
pyro_hands_red
  54 19.693199 37.725681 0.160759 0.603071 -0.774435 -0.191195 -0.489799 0.807538 2 54 0.582000 56 0.418000
  54 19.462997 37.827278 -0.247106 0.215275 -0.449571 -0.866916 -0.478867 0.805073 2 54 0.573500 56 0.426500
  54 20.288601 38.752781 -0.399404 0.290826 -0.263147 -0.919877 -0.486212 0.785372 2 54 0.750000 52 0.250000
pyro_hands_red
  54 19.506397 38.924381 -0.288836 -0.459196 0.166253 -0.872639 -0.465073 0.788344 2 54 0.750000 52 0.250000
  54 19.462997 37.827278 -0.247106 0.215275 -0.449571 -0.866916 -0.478867 0.805073 2 54 0.573500 56 0.426500
  54 18.979498 38.189682 -0.195315 -0.443760 0.218343 -0.869139 -0.463549 0.803417 2 54 0.561700 56 0.438300
pyro_hands_red
  7 21.973104 43.492882 2.429185 0.994854 0.067638 -0.075433 -0.672967 0.652245 1 7 1.000000
  7 22.010004 43.165482 3.566726 0.984791 0.140861 0.101715 -0.713169 0.678736 1 7 1.000000
  7 22.030203 42.840382 2.607535 0.994854 0.067638 -0.075433 -0.671892 0.680417 1 7 1.000000
pyro_hands_red
  7 21.859604 43.180580 1.437156 0.980945 0.015017 -0.193707 -0.630344 0.651738 1 7 1.000000
  7 21.973104 43.492882 2.429185 0.994854 0.067638 -0.075433 -0.672967 0.652245 1 7 1.000000
  7 22.030203 42.840382 2.607535 0.994854 0.067638 -0.075433 -0.671892 0.680417 1 7 1.000000
pyro_hands_red
  7 21.859604 43.180580 1.437156 0.980945 0.015017 -0.193707 -0.630344 0.651738 1 7 1.000000
  7 22.030203 42.840382 2.607535 0.994854 0.067638 -0.075433 -0.671892 0.680417 1 7 1.000000
  7 21.901701 42.524582 1.588756 0.980945 0.015017 -0.193707 -0.627865 0.679728 1 7 1.000000
pyro_hands_red
  7 21.651104 42.979580 0.528052 0.945864 -0.022081 -0.323810 -0.591411 0.647114 1 7 1.000000
  7 21.859604 43.180580 1.437156 0.980945 0.015017 -0.193707 -0.630344 0.651738 1 7 1.000000
  7 21.901701 42.524582 1.588756 0.980945 0.015017 -0.193707 -0.627865 0.679728 1 7 1.000000
pyro_hands_red
  7 21.651104 42.979580 0.528052 0.945864 -0.022081 -0.323810 -0.591411 0.647114 1 7 1.000000
  7 21.901701 42.524582 1.588756 0.980945 0.015017 -0.193707 -0.627865 0.679728 1 7 1.000000
  7 21.648203 42.259083 0.627909 0.945864 -0.022081 -0.323810 -0.585676 0.676713 1 7 1.000000
pyro_hands_red
  7 21.297403 42.901279 -0.218393 0.815507 -0.067318 -0.574819 -0.558373 0.639007 1 7 1.000000
  7 21.651104 42.979580 0.528052 0.945864 -0.022081 -0.323810 -0.591411 0.647114 1 7 1.000000
  7 21.648203 42.259083 0.627909 0.945864 -0.022081 -0.323810 -0.585676 0.676713 1 7 1.000000
pyro_hands_red
  7 21.297403 42.901279 -0.218393 0.815507 -0.067318 -0.574819 -0.558373 0.639007 1 7 1.000000
  7 21.648203 42.259083 0.627909 0.945864 -0.022081 -0.323810 -0.585676 0.676713 1 7 1.000000
  7 21.281406 42.027679 -0.114581 0.815507 -0.067318 -0.574819 -0.550352 0.674567 1 7 1.000000
pyro_hands_red
  7 20.805706 42.856880 -0.641038 0.472156 -0.087254 -0.877186 -0.532396 0.632756 1 7 1.000000
  7 21.297403 42.901279 -0.218393 0.815507 -0.067318 -0.574819 -0.558373 0.639007 1 7 1.000000
  7 21.281406 42.027679 -0.114581 0.815507 -0.067318 -0.574819 -0.550352 0.674567 1 7 1.000000
pyro_hands_red
  7 20.805706 42.856880 -0.641038 0.472156 -0.087254 -0.877186 -0.532396 0.632756 1 7 1.000000
  7 21.281406 42.027679 -0.114581 0.815507 -0.067318 -0.574819 -0.550352 0.674567 1 7 1.000000
  7 20.845104 41.622082 -0.490898 0.537058 -0.116313 -0.835488 -0.523066 0.683635 1 7 1.000000
pyro_hands_red
  7 20.172102 41.613186 -0.691479 0.073079 -0.152105 -0.985659 -0.494560 0.677018 1 7 1.000000
  7 20.805706 42.856880 -0.641038 0.472156 -0.087254 -0.877186 -0.532396 0.632756 1 7 1.000000
  7 20.845104 41.622082 -0.490898 0.537058 -0.116313 -0.835488 -0.523066 0.683635 1 7 1.000000
pyro_hands_red
  52 20.320498 40.586479 -0.514000 0.073079 -0.152105 -0.985659 -0.493259 0.721363 1 52 1.000000
  7 20.172102 41.613186 -0.691479 0.073079 -0.152105 -0.985659 -0.494560 0.677018 1 7 1.000000
  7 20.845104 41.622082 -0.490898 0.537058 -0.116313 -0.835488 -0.523066 0.683635 1 7 1.000000
pyro_hands_red
  7 20.172102 41.613186 -0.691479 0.073079 -0.152105 -0.985659 -0.494560 0.677018 1 7 1.000000
  52 20.320498 40.586479 -0.514000 0.073079 -0.152105 -0.985659 -0.493259 0.721363 1 52 1.000000
  52 19.496296 40.633179 -0.378797 -0.474925 -0.206619 -0.855427 -0.458100 0.714846 1 52 1.000000
pyro_hands_red
  52 20.320498 40.586479 -0.514000 0.073079 -0.152105 -0.985659 -0.493259 0.721363 1 52 1.000000
  52 19.589697 40.029076 -0.333726 -0.496902 -0.100441 -0.861975 -0.459865 0.741895 1 52 1.000000
  52 19.496296 40.633179 -0.378797 -0.474925 -0.206619 -0.855427 -0.458100 0.714846 1 52 1.000000
pyro_hands_red
  52 20.320498 40.586479 -0.514000 0.073079 -0.152105 -0.985659 -0.493259 0.721363 1 52 1.000000
  52 20.394299 40.021782 -0.466599 0.181623 -0.086508 -0.979556 -0.493289 0.744712 1 52 1.000000
  52 19.589697 40.029076 -0.333726 -0.496902 -0.100441 -0.861975 -0.459865 0.741895 1 52 1.000000
pyro_hands_red
  52 20.394299 40.021782 -0.466599 0.181623 -0.086508 -0.979556 -0.493289 0.744712 1 52 1.000000
  52 19.621399 39.545479 -0.325922 -0.490905 -0.033389 -0.870573 -0.462174 0.762537 1 52 1.000000
  52 19.589697 40.029076 -0.333726 -0.496902 -0.100441 -0.861975 -0.459865 0.741895 1 52 1.000000
pyro_hands_red
  52 20.394299 40.021782 -0.466599 0.181623 -0.086508 -0.979556 -0.493289 0.744712 1 52 1.000000
  52 20.429996 39.485180 -0.441921 0.263521 -0.099599 -0.959498 -0.492442 0.764085 1 52 1.000000
  52 19.621399 39.545479 -0.325922 -0.490905 -0.033389 -0.870573 -0.462174 0.762537 1 52 1.000000
pyro_hands_red
  52 20.429996 39.485180 -0.441921 0.263521 -0.099599 -0.959498 -0.492442 0.764085 1 52 1.000000
  52 19.596596 39.129578 -0.303889 -0.472949 0.054242 -0.879418 -0.464060 0.778899 2 52 0.700001 54 0.300000
  52 19.621399 39.545479 -0.325922 -0.490905 -0.033389 -0.870573 -0.462174 0.762537 1 52 1.000000
pyro_hands_red
  52 20.429996 39.485180 -0.441921 0.263521 -0.099599 -0.959498 -0.492442 0.764085 1 52 1.000000
  52 20.352600 38.979286 -0.403925 0.307395 -0.136452 -0.941748 -0.488783 0.779486 2 52 0.700002 54 0.299998
  52 19.596596 39.129578 -0.303889 -0.472949 0.054242 -0.879418 -0.464060 0.778899 2 52 0.700001 54 0.300000
pyro_hands_red
  7 20.172102 41.613186 -0.691479 0.073079 -0.152105 -0.985659 -0.494560 0.677018 1 7 1.000000
  7 20.035803 42.878784 -0.859349 0.072584 -0.112593 -0.990987 -0.500276 0.623322 1 7 1.000000
  7 20.805706 42.856880 -0.641038 0.472156 -0.087254 -0.877186 -0.532396 0.632756 1 7 1.000000
pyro_hands_red
  7 20.035803 42.878784 -0.859349 0.072584 -0.112593 -0.990987 -0.500276 0.623322 1 7 1.000000
  7 20.172102 41.613186 -0.691479 0.073079 -0.152105 -0.985659 -0.494560 0.677018 1 7 1.000000
  7 19.257603 41.637081 -0.547684 -0.426713 -0.235606 -0.873159 -0.455858 0.668977 1 7 1.000000
pyro_hands_red
  7 20.172102 41.613186 -0.691479 0.073079 -0.152105 -0.985659 -0.494560 0.677018 1 7 1.000000
  52 19.496296 40.633179 -0.378797 -0.474925 -0.206619 -0.855427 -0.458100 0.714846 1 52 1.000000
  7 19.257603 41.637081 -0.547684 -0.426713 -0.235606 -0.873159 -0.455858 0.668977 1 7 1.000000
pyro_hands_red
  7 20.035803 42.878784 -0.859349 0.072584 -0.112593 -0.990987 -0.500276 0.623322 1 7 1.000000
  7 19.257603 41.637081 -0.547684 -0.426713 -0.235606 -0.873159 -0.455858 0.668977 1 7 1.000000
  7 19.036903 42.884884 -0.738227 -0.353663 -0.207976 -0.911959 -0.458868 0.613994 1 7 1.000000
pyro_hands_red
  7 21.269962 46.618675 0.729453 0.974183 0.175420 -0.142110 -0.650403 0.496904 2 7 0.850000 5 0.150000
  7 21.311277 46.872604 1.677459 0.974147 0.225013 -0.020165 -0.690601 0.498965 2 7 0.850000 5 0.150000
  7 21.854504 44.539982 2.173086 0.985383 0.160133 -0.058125 -0.675961 0.608147 1 7 1.000000
pyro_hands_red
  7 21.269962 46.618675 0.729453 0.974183 0.175420 -0.142110 -0.650403 0.496904 2 7 0.850000 5 0.150000
  7 21.854504 44.539982 2.173086 0.985383 0.160133 -0.058125 -0.675961 0.608147 1 7 1.000000
  7 21.763004 44.234882 1.207076 0.979803 0.110584 -0.166604 -0.634536 0.607335 1 7 1.000000
pyro_hands_red
  7 21.973104 43.492882 2.429185 0.994854 0.067638 -0.075433 -0.672967 0.652245 1 7 1.000000
  7 21.763004 44.234882 1.207076 0.979803 0.110584 -0.166604 -0.634536 0.607335 1 7 1.000000
  7 21.854504 44.539982 2.173086 0.985383 0.160133 -0.058125 -0.675961 0.608147 1 7 1.000000
pyro_hands_red
  7 21.973104 43.492882 2.429185 0.994854 0.067638 -0.075433 -0.672967 0.652245 1 7 1.000000
  7 21.859604 43.180580 1.437156 0.980945 0.015017 -0.193707 -0.630344 0.651738 1 7 1.000000
  7 21.763004 44.234882 1.207076 0.979803 0.110584 -0.166604 -0.634536 0.607335 1 7 1.000000
pyro_hands_red
  7 21.597105 44.024487 0.342269 0.950008 0.058624 -0.306672 -0.597747 0.603751 1 7 1.000000
  7 21.763004 44.234882 1.207076 0.979803 0.110584 -0.166604 -0.634536 0.607335 1 7 1.000000
  7 21.859604 43.180580 1.437156 0.980945 0.015017 -0.193707 -0.630344 0.651738 1 7 1.000000
pyro_hands_red
  7 21.597105 44.024487 0.342269 0.950008 0.058624 -0.306672 -0.597747 0.603751 1 7 1.000000
  7 21.859604 43.180580 1.437156 0.980945 0.015017 -0.193707 -0.630344 0.651738 1 7 1.000000
  7 21.651104 42.979580 0.528052 0.945864 -0.022081 -0.323810 -0.591411 0.647114 1 7 1.000000
pyro_hands_red
  7 21.297403 42.901279 -0.218393 0.815507 -0.067318 -0.574819 -0.558373 0.639007 1 7 1.000000
  7 21.597105 44.024487 0.342269 0.950008 0.058624 -0.306672 -0.597747 0.603751 1 7 1.000000
  7 21.651104 42.979580 0.528052 0.945864 -0.022081 -0.323810 -0.591411 0.647114 1 7 1.000000
pyro_hands_red
  7 21.297403 42.901279 -0.218393 0.815507 -0.067318 -0.574819 -0.558373 0.639007 1 7 1.000000
  7 21.290707 43.928585 -0.342440 0.812616 -0.025349 -0.582248 -0.567527 0.596941 1 7 1.000000
  7 21.597105 44.024487 0.342269 0.950008 0.058624 -0.306672 -0.597747 0.603751 1 7 1.000000
pyro_hands_red
  7 21.290707 43.928585 -0.342440 0.812616 -0.025349 -0.582248 -0.567527 0.596941 1 7 1.000000
  7 21.297403 42.901279 -0.218393 0.815507 -0.067318 -0.574819 -0.558373 0.639007 1 7 1.000000
  7 20.805706 42.856880 -0.641038 0.472156 -0.087254 -0.877186 -0.532396 0.632756 1 7 1.000000
pyro_hands_red
  7 21.290707 43.928585 -0.342440 0.812616 -0.025349 -0.582248 -0.567527 0.596941 1 7 1.000000
  7 20.805706 42.856880 -0.641038 0.472156 -0.087254 -0.877186 -0.532396 0.632756 1 7 1.000000
  7 20.794403 43.912682 -0.748212 0.482107 -0.135589 -0.865557 -0.542244 0.589028 1 7 1.000000
pyro_hands_red
  7 20.035803 42.878784 -0.859349 0.072584 -0.112593 -0.990987 -0.500276 0.623322 1 7 1.000000
  7 20.794403 43.912682 -0.748212 0.482107 -0.135589 -0.865557 -0.542244 0.589028 1 7 1.000000
  7 20.805706 42.856880 -0.641038 0.472156 -0.087254 -0.877186 -0.532396 0.632756 1 7 1.000000
pyro_hands_red
  7 20.035803 42.878784 -0.859349 0.072584 -0.112593 -0.990987 -0.500276 0.623322 1 7 1.000000
  7 19.964903 43.975880 -0.946743 0.092545 -0.231596 -0.968400 -0.508374 0.577177 1 7 1.000000
  7 20.794403 43.912682 -0.748212 0.482107 -0.135589 -0.865557 -0.542244 0.589028 1 7 1.000000
pyro_hands_red
  7 19.964903 43.975880 -0.946743 0.092545 -0.231596 -0.968400 -0.508374 0.577177 1 7 1.000000
  7 20.035803 42.878784 -0.859349 0.072584 -0.112593 -0.990987 -0.500276 0.623322 1 7 1.000000
  7 19.036903 42.884884 -0.738227 -0.353663 -0.207976 -0.911959 -0.458868 0.613994 1 7 1.000000
pyro_hands_red
  7 19.964903 43.975880 -0.946743 0.092545 -0.231596 -0.968400 -0.508374 0.577177 1 7 1.000000
  7 19.036903 42.884884 -0.738227 -0.353663 -0.207976 -0.911959 -0.458868 0.613994 1 7 1.000000
  7 18.617161 44.001312 -0.830682 -0.262517 -0.343113 -0.901864 -0.464257 0.566818 1 7 1.000000
pyro_hands_red
  7 18.617161 44.001312 -0.830682 -0.262517 -0.343113 -0.901864 -0.464257 0.566818 1 7 1.000000
  7 19.438560 46.008369 -1.832211 0.147339 -0.356581 -0.922573 -0.507090 0.478502 2 7 0.849985 5 0.150015
  7 19.964903 43.975880 -0.946743 0.092545 -0.231596 -0.968400 -0.508374 0.577177 1 7 1.000000
pyro_hands_red
  7 18.617161 44.001312 -0.830682 -0.262517 -0.343113 -0.901864 -0.464257 0.566818 1 7 1.000000
  7 17.918669 45.800819 -1.671604 -0.182948 -0.467662 -0.864767 -0.453675 0.480840 2 7 0.850000 5 0.150000
  7 19.438560 46.008369 -1.832211 0.147339 -0.356581 -0.922573 -0.507090 0.478502 2 7 0.849985 5 0.150015
pyro_hands_red
  7 17.918669 45.800819 -1.671604 -0.182948 -0.467662 -0.864767 -0.453675 0.480840 2 7 0.850000 5 0.150000
  5 19.023014 47.612770 -2.531214 0.215427 -0.336981 -0.916534 -0.506076 0.400607 2 5 0.750000 7 0.250000
  7 19.438560 46.008369 -1.832211 0.147339 -0.356581 -0.922573 -0.507090 0.478502 2 7 0.849985 5 0.150015
pyro_hands_red
  7 17.918669 45.800819 -1.671604 -0.182948 -0.467662 -0.864767 -0.453675 0.480840 2 7 0.850000 5 0.150000
  5 17.367279 47.221420 -2.335444 -0.182948 -0.467662 -0.864767 -0.445321 0.412966 2 5 0.750000 7 0.250000
  5 19.023014 47.612770 -2.531214 0.215427 -0.336981 -0.916534 -0.506076 0.400607 2 5 0.750000 7 0.250000
pyro_hands_red
  7 21.290707 43.928585 -0.342440 0.812616 -0.025349 -0.582248 -0.567527 0.596941 1 7 1.000000
  7 20.844097 46.251251 -0.938088 0.849889 0.021814 -0.526510 -0.578461 0.488523 2 7 0.850000 5 0.150000
  7 21.137127 46.414795 -0.141779 0.952585 0.125911 -0.276999 -0.613567 0.493455 2 7 0.850000 5 0.150000
pyro_hands_red
  7 20.794403 43.912682 -0.748212 0.482107 -0.135589 -0.865557 -0.542244 0.589028 1 7 1.000000
  7 20.844097 46.251251 -0.938088 0.849889 0.021814 -0.526510 -0.578461 0.488523 2 7 0.850000 5 0.150000
  7 21.290707 43.928585 -0.342440 0.812616 -0.025349 -0.582248 -0.567527 0.596941 1 7 1.000000
pyro_hands_red
  7 20.794403 43.912682 -0.748212 0.482107 -0.135589 -0.865557 -0.542244 0.589028 1 7 1.000000
  7 20.314890 46.105576 -1.530057 0.548480 -0.153336 -0.821984 -0.545211 0.484058 2 7 0.850000 5 0.150000
  7 20.844097 46.251251 -0.938088 0.849889 0.021814 -0.526510 -0.578461 0.488523 2 7 0.850000 5 0.150000
pyro_hands_red
  7 19.964903 43.975880 -0.946743 0.092545 -0.231596 -0.968400 -0.508374 0.577177 1 7 1.000000
  7 20.314890 46.105576 -1.530057 0.548480 -0.153336 -0.821984 -0.545211 0.484058 2 7 0.850000 5 0.150000
  7 20.794403 43.912682 -0.748212 0.482107 -0.135589 -0.865557 -0.542244 0.589028 1 7 1.000000
pyro_hands_red
  7 19.964903 43.975880 -0.946743 0.092545 -0.231596 -0.968400 -0.508374 0.577177 1 7 1.000000
  7 19.438560 46.008369 -1.832211 0.147339 -0.356581 -0.922573 -0.507090 0.478502 2 7 0.849985 5 0.150015
  7 20.314890 46.105576 -1.530057 0.548480 -0.153336 -0.821984 -0.545211 0.484058 2 7 0.850000 5 0.150000
pyro_hands_red
  7 21.290707 43.928585 -0.342440 0.812616 -0.025349 -0.582248 -0.567527 0.596941 1 7 1.000000
  7 21.137127 46.414795 -0.141779 0.952585 0.125911 -0.276999 -0.613567 0.493455 2 7 0.850000 5 0.150000
  7 21.597105 44.024487 0.342269 0.950008 0.058624 -0.306672 -0.597747 0.603751 1 7 1.000000
pyro_hands_red
  7 21.137127 46.414795 -0.141779 0.952585 0.125911 -0.276999 -0.613567 0.493455 2 7 0.850000 5 0.150000
  7 21.763004 44.234882 1.207076 0.979803 0.110584 -0.166604 -0.634536 0.607335 1 7 1.000000
  7 21.597105 44.024487 0.342269 0.950008 0.058624 -0.306672 -0.597747 0.603751 1 7 1.000000
pyro_hands_red
  7 21.137127 46.414795 -0.141779 0.952585 0.125911 -0.276999 -0.613567 0.493455 2 7 0.850000 5 0.150000
  7 21.269962 46.618675 0.729453 0.974183 0.175420 -0.142110 -0.650403 0.496904 2 7 0.850000 5 0.150000
  7 21.763004 44.234882 1.207076 0.979803 0.110584 -0.166604 -0.634536 0.607335 1 7 1.000000
pyro_hands_red
  5 20.774010 48.301758 -0.523896 0.961155 0.135490 -0.240464 -0.626056 0.406386 2 5 0.750000 7 0.250000
  7 21.269962 46.618675 0.729453 0.974183 0.175420 -0.142110 -0.650403 0.496904 2 7 0.850000 5 0.150000
  7 21.137127 46.414795 -0.141779 0.952585 0.125911 -0.276999 -0.613567 0.493455 2 7 0.850000 5 0.150000
pyro_hands_red
  7 20.844097 46.251251 -0.938088 0.849889 0.021814 -0.526510 -0.578461 0.488523 2 7 0.850000 5 0.150000
  5 20.774010 48.301758 -0.523896 0.961155 0.135490 -0.240464 -0.626056 0.406386 2 5 0.750000 7 0.250000
  7 21.137127 46.414795 -0.141779 0.952585 0.125911 -0.276999 -0.613567 0.493455 2 7 0.850000 5 0.150000
pyro_hands_red
  7 20.844097 46.251251 -0.938088 0.849889 0.021814 -0.526510 -0.578461 0.488523 2 7 0.850000 5 0.150000
  5 20.491528 48.084816 -1.408304 0.883133 0.045133 -0.466946 -0.587092 0.402936 2 5 0.750000 7 0.250000
  5 20.774010 48.301758 -0.523896 0.961155 0.135490 -0.240464 -0.626056 0.406386 2 5 0.750000 7 0.250000
pyro_hands_red
  7 20.314890 46.105576 -1.530057 0.548480 -0.153336 -0.821984 -0.545211 0.484058 2 7 0.850000 5 0.150000
  5 20.491528 48.084816 -1.408304 0.883133 0.045133 -0.466946 -0.587092 0.402936 2 5 0.750000 7 0.250000
  7 20.844097 46.251251 -0.938088 0.849889 0.021814 -0.526510 -0.578461 0.488523 2 7 0.850000 5 0.150000
pyro_hands_red
  7 20.314890 46.105576 -1.530057 0.548480 -0.153336 -0.821984 -0.545211 0.484058 2 7 0.850000 5 0.150000
  5 19.936348 47.836693 -2.147261 0.636933 -0.134003 -0.759184 -0.547554 0.401193 2 5 0.750000 7 0.250000
  5 20.491528 48.084816 -1.408304 0.883133 0.045133 -0.466946 -0.587092 0.402936 2 5 0.750000 7 0.250000
pyro_hands_red
  7 19.438560 46.008369 -1.832211 0.147339 -0.356581 -0.922573 -0.507090 0.478502 2 7 0.849985 5 0.150015
  5 19.936348 47.836693 -2.147261 0.636933 -0.134003 -0.759184 -0.547554 0.401193 2 5 0.750000 7 0.250000
  7 20.314890 46.105576 -1.530057 0.548480 -0.153336 -0.821984 -0.545211 0.484058 2 7 0.850000 5 0.150000
pyro_hands_red
  7 19.438560 46.008369 -1.832211 0.147339 -0.356581 -0.922573 -0.507090 0.478502 2 7 0.849985 5 0.150015
  5 19.023014 47.612770 -2.531214 0.215427 -0.336981 -0.916534 -0.506076 0.400607 2 5 0.750000 7 0.250000
  5 19.936348 47.836693 -2.147261 0.636933 -0.134003 -0.759184 -0.547554 0.401193 2 5 0.750000 7 0.250000
pyro_hands_red
  5 16.678749 48.995346 -3.164394 -0.147661 -0.485372 -0.861748 -0.434890 0.361544 1 5 1.000000
  5 19.023014 47.612770 -2.531214 0.215427 -0.336981 -0.916534 -0.506076 0.400607 2 5 0.750000 7 0.250000
  5 17.367279 47.221420 -2.335444 -0.182948 -0.467662 -0.864767 -0.445321 0.412966 2 5 0.750000 7 0.250000
pyro_hands_red
  5 16.678749 48.995346 -3.164394 -0.147661 -0.485372 -0.861748 -0.434890 0.361544 1 5 1.000000
  5 18.504147 49.616272 -3.404072 0.270189 -0.319812 -0.908140 -0.504811 0.336668 1 5 1.000000
  5 19.023014 47.612770 -2.531214 0.215427 -0.336981 -0.916534 -0.506076 0.400607 2 5 0.750000 7 0.250000
pyro_hands_red
  5 19.023014 47.612770 -2.531214 0.215427 -0.336981 -0.916534 -0.506076 0.400607 2 5 0.750000 7 0.250000
  5 18.504147 49.616272 -3.404072 0.270189 -0.319812 -0.908140 -0.504811 0.336668 1 5 1.000000
  5 19.463665 49.998367 -2.917975 0.694012 -0.105072 -0.712255 -0.550479 0.331050 1 5 1.000000
pyro_hands_red
  5 19.023014 47.612770 -2.531214 0.215427 -0.336981 -0.916534 -0.506076 0.400607 2 5 0.750000 7 0.250000
  5 19.463665 49.998367 -2.917975 0.694012 -0.105072 -0.712255 -0.550479 0.331050 1 5 1.000000
  5 19.936348 47.836693 -2.147261 0.636933 -0.134003 -0.759184 -0.547554 0.401193 2 5 0.750000 7 0.250000
pyro_hands_red
  5 19.936348 47.836693 -2.147261 0.636933 -0.134003 -0.759184 -0.547554 0.401193 2 5 0.750000 7 0.250000
  5 19.463665 49.998367 -2.917975 0.694012 -0.105072 -0.712255 -0.550479 0.331050 1 5 1.000000
  5 20.051275 50.374413 -1.995471 0.904719 0.062069 -0.421462 -0.597870 0.329394 1 5 1.000000
pyro_hands_red
  5 19.936348 47.836693 -2.147261 0.636933 -0.134003 -0.759184 -0.547554 0.401193 2 5 0.750000 7 0.250000
  5 20.051275 50.374413 -1.995471 0.904719 0.062069 -0.421462 -0.597870 0.329394 1 5 1.000000
  5 20.491528 48.084816 -1.408304 0.883133 0.045133 -0.466946 -0.587092 0.402936 2 5 0.750000 7 0.250000
pyro_hands_red
  5 20.491528 48.084816 -1.408304 0.883133 0.045133 -0.466946 -0.587092 0.402936 2 5 0.750000 7 0.250000
  5 20.051275 50.374413 -1.995471 0.904719 0.062069 -0.421462 -0.597870 0.329394 1 5 1.000000
  5 20.320580 50.658035 -1.001052 0.967763 0.144062 -0.206591 -0.641650 0.330992 1 5 1.000000
pyro_hands_red
  5 20.491528 48.084816 -1.408304 0.883133 0.045133 -0.466946 -0.587092 0.402936 2 5 0.750000 7 0.250000
  5 20.320580 50.658035 -1.001052 0.967763 0.144062 -0.206591 -0.641650 0.330992 1 5 1.000000
  5 20.774010 48.301758 -0.523896 0.961155 0.135490 -0.240464 -0.626056 0.406386 2 5 0.750000 7 0.250000
pyro_hands_red
  5 20.320580 50.658035 -1.001052 0.967763 0.144062 -0.206591 -0.641650 0.330992 1 5 1.000000
  5 20.880737 48.500488 0.352408 0.977699 0.184802 -0.099761 -0.662929 0.409727 2 5 0.750000 7 0.250000
  5 20.774010 48.301758 -0.523896 0.961155 0.135490 -0.240464 -0.626056 0.406386 2 5 0.750000 7 0.250000
pyro_hands_red
  5 20.774010 48.301758 -0.523896 0.961155 0.135490 -0.240464 -0.626056 0.406386 2 5 0.750000 7 0.250000
  5 20.880737 48.500488 0.352408 0.977699 0.184802 -0.099761 -0.662929 0.409727 2 5 0.750000 7 0.250000
  7 21.269962 46.618675 0.729453 0.974183 0.175420 -0.142110 -0.650403 0.496904 2 7 0.850000 5 0.150000
pyro_hands_red
  5 20.880737 48.500488 0.352408 0.977699 0.184802 -0.099761 -0.662929 0.409727 2 5 0.750000 7 0.250000
  7 21.311277 46.872604 1.677459 0.974147 0.225013 -0.020165 -0.690601 0.498965 2 7 0.850000 5 0.150000
  7 21.269962 46.618675 0.729453 0.974183 0.175420 -0.142110 -0.650403 0.496904 2 7 0.850000 5 0.150000
pyro_hands_red
  5 20.880737 48.500488 0.352408 0.977699 0.184802 -0.099761 -0.662929 0.409727 2 5 0.750000 7 0.250000
  5 20.882439 48.714027 1.286202 0.970349 0.237713 0.043756 -0.702158 0.412774 2 5 0.750000 7 0.250000
  7 21.311277 46.872604 1.677459 0.974147 0.225013 -0.020165 -0.690601 0.498965 2 7 0.850000 5 0.150000
pyro_hands_red
  5 20.394714 50.850334 -0.118415 0.979414 0.194471 -0.054119 -0.678570 0.334199 1 5 1.000000
  5 20.882439 48.714027 1.286202 0.970349 0.237713 0.043756 -0.702158 0.412774 2 5 0.750000 7 0.250000
  5 20.880737 48.500488 0.352408 0.977699 0.184802 -0.099761 -0.662929 0.409727 2 5 0.750000 7 0.250000
pyro_hands_red
  5 20.394714 50.850334 -0.118415 0.979414 0.194471 -0.054119 -0.678570 0.334199 1 5 1.000000
  5 20.346947 51.013443 0.797632 0.961578 0.250297 0.112780 -0.716589 0.338477 1 5 1.000000
  5 20.882439 48.714027 1.286202 0.970349 0.237713 0.043756 -0.702158 0.412774 2 5 0.750000 7 0.250000
pyro_hands_red
  5 20.882439 48.714027 1.286202 0.970349 0.237713 0.043756 -0.702158 0.412774 2 5 0.750000 7 0.250000
  5 20.346947 51.013443 0.797632 0.961578 0.250297 0.112780 -0.716589 0.338477 1 5 1.000000
  5 20.118427 51.112164 1.670743 0.877691 0.316488 0.359852 -0.753457 0.344017 1 5 1.000000
pyro_hands_red
  5 20.320580 50.658035 -1.001052 0.967763 0.144062 -0.206591 -0.641650 0.330992 1 5 1.000000
  5 20.394714 50.850334 -0.118415 0.979414 0.194471 -0.054119 -0.678570 0.334199 1 5 1.000000
  5 20.880737 48.500488 0.352408 0.977699 0.184802 -0.099761 -0.662929 0.409727 2 5 0.750000 7 0.250000
pyro_hands_red
  44 17.492302 36.037479 5.036626 -0.777354 -0.059342 0.626258 -0.273097 0.910055 1 44 1.000000
  44 17.725302 35.783981 5.091736 -0.280152 -0.537309 0.795496 -0.271689 0.918594 1 44 1.000000
  44 17.943502 36.114281 5.160875 0.020618 -0.105927 0.994160 -0.260251 0.910086 1 44 1.000000
pyro_hands_red
  44 17.492302 36.037479 5.036626 -0.777354 -0.059342 0.626258 -0.273097 0.910055 1 44 1.000000
  44 17.585503 35.627384 4.645186 -0.564369 -0.799453 0.205821 -0.286888 0.916001 1 44 1.000000
  44 17.725302 35.783981 5.091736 -0.280152 -0.537309 0.795496 -0.271689 0.918594 1 44 1.000000
pyro_hands_red
  44 17.492302 36.037479 5.036626 -0.777354 -0.059342 0.626258 -0.273097 0.910055 1 44 1.000000
  44 17.380901 35.960880 4.625386 -0.980258 -0.152002 0.126449 -0.282330 0.907261 1 44 1.000000
  44 17.585503 35.627384 4.645186 -0.564369 -0.799453 0.205821 -0.286888 0.916001 1 44 1.000000
pyro_hands_red
  44 19.301600 37.081779 5.014525 0.060212 0.130862 0.989570 -0.238877 0.871825 2 44 0.507400 42 0.492600
  42 19.512800 37.234276 4.978625 0.060212 0.130862 0.989570 -0.237946 0.865084 2 42 0.513900 44 0.486100
  42 19.117798 37.518276 4.763156 -0.369321 0.708791 0.601013 -0.249323 0.863065 2 42 0.503500 44 0.496500
pyro_hands_red
  44 19.301600 37.081779 5.014525 0.060212 0.130862 0.989570 -0.238877 0.871825 2 44 0.507400 42 0.492600
  42 19.117798 37.518276 4.763156 -0.369321 0.708791 0.601013 -0.249323 0.863065 2 42 0.503500 44 0.496500
  44 18.893600 37.374481 4.811016 -0.369321 0.708791 0.601013 -0.251545 0.869728 2 44 0.585300 42 0.414700
pyro_hands_red
  44 18.893600 37.374481 4.811016 -0.369321 0.708791 0.601013 -0.251545 0.869728 2 44 0.585300 42 0.414700
  44 18.313103 36.450279 5.156235 0.043313 0.022282 0.998813 -0.252282 0.897431 1 44 1.000000
  44 19.301600 37.081779 5.014525 0.060212 0.130862 0.989570 -0.238877 0.871825 2 44 0.507400 42 0.492600
pyro_hands_red
  44 18.893600 37.374481 4.811016 -0.369321 0.708791 0.601013 -0.251545 0.869728 2 44 0.585300 42 0.414700
  44 17.871403 36.652882 4.997015 -0.482755 0.588707 0.648361 -0.264495 0.896786 1 44 1.000000
  44 18.313103 36.450279 5.156235 0.043313 0.022282 0.998813 -0.252282 0.897431 1 44 1.000000
pyro_hands_red
  44 17.871403 36.652882 4.997015 -0.482755 0.588707 0.648361 -0.264495 0.896786 1 44 1.000000
  44 17.943502 36.114281 5.160875 0.020618 -0.105927 0.994160 -0.260251 0.910086 1 44 1.000000
  44 18.313103 36.450279 5.156235 0.043313 0.022282 0.998813 -0.252282 0.897431 1 44 1.000000
pyro_hands_red
  44 17.871403 36.652882 4.997015 -0.482755 0.588707 0.648361 -0.264495 0.896786 1 44 1.000000
  44 17.596703 36.280682 5.019375 -0.633494 0.347102 0.691524 -0.269984 0.905511 1 44 1.000000
  44 17.943502 36.114281 5.160875 0.020618 -0.105927 0.994160 -0.260251 0.910086 1 44 1.000000
pyro_hands_red
  44 17.492302 36.037479 5.036626 -0.777354 -0.059342 0.626258 -0.273097 0.910055 1 44 1.000000
  44 17.943502 36.114281 5.160875 0.020618 -0.105927 0.994160 -0.260251 0.910086 1 44 1.000000
  44 17.596703 36.280682 5.019375 -0.633494 0.347102 0.691524 -0.269984 0.905511 1 44 1.000000
pyro_hands_red
  44 17.492302 36.037479 5.036626 -0.777354 -0.059342 0.626258 -0.273097 0.910055 1 44 1.000000
  44 17.596703 36.280682 5.019375 -0.633494 0.347102 0.691524 -0.269984 0.905511 1 44 1.000000
  44 17.438602 36.270180 4.559416 -0.903620 0.428318 0.003774 -0.280019 0.901406 1 44 1.000000
pyro_hands_red
  44 17.492302 36.037479 5.036626 -0.777354 -0.059342 0.626258 -0.273097 0.910055 1 44 1.000000
  44 17.438602 36.270180 4.559416 -0.903620 0.428318 0.003774 -0.280019 0.901406 1 44 1.000000
  44 17.380901 35.960880 4.625386 -0.980258 -0.152002 0.126449 -0.282330 0.907261 1 44 1.000000
pyro_hands_red
  44 17.403301 35.896481 4.253466 -0.900106 -0.160528 -0.405019 -0.290051 0.903316 1 44 1.000000
  44 17.380901 35.960880 4.625386 -0.980258 -0.152002 0.126449 -0.282330 0.907261 1 44 1.000000
  44 17.438602 36.270180 4.559416 -0.903620 0.428318 0.003774 -0.280019 0.901406 1 44 1.000000
pyro_hands_red
  44 17.585503 35.627384 4.645186 -0.564369 -0.799453 0.205821 -0.286888 0.916001 1 44 1.000000
  44 17.380901 35.960880 4.625386 -0.980258 -0.152002 0.126449 -0.282330 0.907261 1 44 1.000000
  44 17.403301 35.896481 4.253466 -0.900106 -0.160528 -0.405019 -0.290051 0.903316 1 44 1.000000
pyro_hands_red
  44 17.585503 35.627384 4.645186 -0.564369 -0.799453 0.205821 -0.286888 0.916001 1 44 1.000000
  44 17.403301 35.896481 4.253466 -0.900106 -0.160528 -0.405019 -0.290051 0.903316 1 44 1.000000
  44 17.582901 35.654980 4.168776 -0.494708 -0.691733 -0.526089 -0.297411 0.905766 1 44 1.000000
pyro_hands_red
  44 17.582901 35.654980 4.168776 -0.494708 -0.691733 -0.526089 -0.297411 0.905766 1 44 1.000000
  44 17.403301 35.896481 4.253466 -0.900106 -0.160528 -0.405019 -0.290051 0.903316 1 44 1.000000
  44 17.514603 36.150883 4.157896 -0.740877 0.213633 -0.636759 -0.288334 0.897092 1 44 1.000000
pyro_hands_red
  44 17.582901 35.654980 4.168776 -0.494708 -0.691733 -0.526089 -0.297411 0.905766 1 44 1.000000
  44 17.514603 36.150883 4.157896 -0.740877 0.213633 -0.636759 -0.288334 0.897092 1 44 1.000000
  44 17.887701 35.958981 3.961986 -0.150483 -0.289738 -0.945202 -0.298122 0.890442 1 44 1.000000
pyro_hands_red
  44 17.773302 36.488182 4.070376 -0.584453 0.411700 -0.699226 -0.284968 0.888177 1 44 1.000000
  44 17.887701 35.958981 3.961986 -0.150483 -0.289738 -0.945202 -0.298122 0.890442 1 44 1.000000
  44 17.514603 36.150883 4.157896 -0.740877 0.213633 -0.636759 -0.288334 0.897092 1 44 1.000000
pyro_hands_red
  44 17.773302 36.488182 4.070376 -0.584453 0.411700 -0.699226 -0.284968 0.888177 1 44 1.000000
  44 18.270002 36.231380 3.850426 -0.127029 -0.235410 -0.963559 -0.294179 0.877342 1 44 1.000000
  44 17.887701 35.958981 3.961986 -0.150483 -0.289738 -0.945202 -0.298122 0.890442 1 44 1.000000
pyro_hands_red
  44 18.270002 36.231380 3.850426 -0.127029 -0.235410 -0.963559 -0.294179 0.877342 1 44 1.000000
  44 17.773302 36.488182 4.070376 -0.584453 0.411700 -0.699226 -0.284968 0.888177 1 44 1.000000
  44 18.803600 37.219482 3.820106 -0.507456 0.469564 -0.722494 -0.273689 0.860031 2 44 0.637900 42 0.362100
pyro_hands_red
  44 18.270002 36.231380 3.850426 -0.127029 -0.235410 -0.963559 -0.294179 0.877342 1 44 1.000000
  44 18.803600 37.219482 3.820106 -0.507456 0.469564 -0.722494 -0.273689 0.860031 2 44 0.637900 42 0.362100
  44 19.202801 36.851379 3.616565 -0.156817 -0.195430 -0.968099 -0.284370 0.851822 2 44 0.511601 42 0.488399
pyro_hands_red
  44 18.803600 37.219482 3.820106 -0.507456 0.469564 -0.722494 -0.273689 0.860031 2 44 0.637900 42 0.362100
  44 18.736702 37.394882 4.295176 -0.582002 0.810051 -0.071347 -0.263202 0.865346 2 44 0.706200 42 0.293800
  44 18.961700 37.536182 4.247815 -0.582002 0.810051 -0.071347 -0.260555 0.859153 2 44 0.510000 42 0.490000
pyro_hands_red
  44 18.736702 37.394882 4.295176 -0.582002 0.810051 -0.071347 -0.263202 0.865346 2 44 0.706200 42 0.293800
  44 18.803600 37.219482 3.820106 -0.507456 0.469564 -0.722494 -0.273689 0.860031 2 44 0.637900 42 0.362100
  44 17.773302 36.488182 4.070376 -0.584453 0.411700 -0.699226 -0.284968 0.888177 1 44 1.000000
pyro_hands_red
  44 18.736702 37.394882 4.295176 -0.582002 0.810051 -0.071347 -0.263202 0.865346 2 44 0.706200 42 0.293800
  44 17.773302 36.488182 4.070376 -0.584453 0.411700 -0.699226 -0.284968 0.888177 1 44 1.000000
  44 17.691402 36.639481 4.497015 -0.717257 0.694084 -0.061556 -0.275919 0.893101 1 44 1.000000
pyro_hands_red
  44 17.691402 36.639481 4.497015 -0.717257 0.694084 -0.061556 -0.275919 0.893101 1 44 1.000000
  44 17.773302 36.488182 4.070376 -0.584453 0.411700 -0.699226 -0.284968 0.888177 1 44 1.000000
  44 17.514603 36.150883 4.157896 -0.740877 0.213633 -0.636759 -0.288334 0.897092 1 44 1.000000
pyro_hands_red
  44 17.691402 36.639481 4.497015 -0.717257 0.694084 -0.061556 -0.275919 0.893101 1 44 1.000000
  44 17.514603 36.150883 4.157896 -0.740877 0.213633 -0.636759 -0.288334 0.897092 1 44 1.000000
  44 17.438602 36.270180 4.559416 -0.903620 0.428318 0.003774 -0.280019 0.901406 1 44 1.000000
pyro_hands_red
  44 17.403301 35.896481 4.253466 -0.900106 -0.160528 -0.405019 -0.290051 0.903316 1 44 1.000000
  44 17.438602 36.270180 4.559416 -0.903620 0.428318 0.003774 -0.280019 0.901406 1 44 1.000000
  44 17.514603 36.150883 4.157896 -0.740877 0.213633 -0.636759 -0.288334 0.897092 1 44 1.000000
pyro_hands_red
  44 18.961700 37.536182 4.247815 -0.582002 0.810051 -0.071347 -0.260555 0.859153 2 44 0.510000 42 0.490000
  44 18.893600 37.374481 4.811016 -0.369321 0.708791 0.601013 -0.251545 0.869728 2 44 0.585300 42 0.414700
  42 19.117798 37.518276 4.763156 -0.369321 0.708791 0.601013 -0.249323 0.863065 2 42 0.503500 44 0.496500
pyro_hands_red
  44 18.961700 37.536182 4.247815 -0.582002 0.810051 -0.071347 -0.260555 0.859153 2 44 0.510000 42 0.490000
  44 18.736702 37.394882 4.295176 -0.582002 0.810051 -0.071347 -0.263202 0.865346 2 44 0.706200 42 0.293800
  44 18.893600 37.374481 4.811016 -0.369321 0.708791 0.601013 -0.251545 0.869728 2 44 0.585300 42 0.414700
pyro_hands_red
  44 17.871403 36.652882 4.997015 -0.482755 0.588707 0.648361 -0.264495 0.896786 1 44 1.000000
  44 18.893600 37.374481 4.811016 -0.369321 0.708791 0.601013 -0.251545 0.869728 2 44 0.585300 42 0.414700
  44 18.736702 37.394882 4.295176 -0.582002 0.810051 -0.071347 -0.263202 0.865346 2 44 0.706200 42 0.293800
pyro_hands_red
  44 17.871403 36.652882 4.997015 -0.482755 0.588707 0.648361 -0.264495 0.896786 1 44 1.000000
  44 18.736702 37.394882 4.295176 -0.582002 0.810051 -0.071347 -0.263202 0.865346 2 44 0.706200 42 0.293800
  44 17.691402 36.639481 4.497015 -0.717257 0.694084 -0.061556 -0.275919 0.893101 1 44 1.000000
pyro_hands_red
  44 17.596703 36.280682 5.019375 -0.633494 0.347102 0.691524 -0.269984 0.905511 1 44 1.000000
  44 17.871403 36.652882 4.997015 -0.482755 0.588707 0.648361 -0.264495 0.896786 1 44 1.000000
  44 17.691402 36.639481 4.497015 -0.717257 0.694084 -0.061556 -0.275919 0.893101 1 44 1.000000
pyro_hands_red
  44 17.596703 36.280682 5.019375 -0.633494 0.347102 0.691524 -0.269984 0.905511 1 44 1.000000
  44 17.691402 36.639481 4.497015 -0.717257 0.694084 -0.061556 -0.275919 0.893101 1 44 1.000000
  44 17.438602 36.270180 4.559416 -0.903620 0.428318 0.003774 -0.280019 0.901406 1 44 1.000000
pyro_hands_red
  44 19.202801 36.851379 3.616565 -0.156817 -0.195430 -0.968099 -0.284370 0.851822 2 44 0.511601 42 0.488399
  44 18.803600 37.219482 3.820106 -0.507456 0.469564 -0.722494 -0.273689 0.860031 2 44 0.637900 42 0.362100
  42 19.023499 37.364876 3.739975 -0.507456 0.469564 -0.722494 -0.271155 0.853859 2 42 0.501400 44 0.498600
pyro_hands_red
  44 19.202801 36.851379 3.616565 -0.156817 -0.195430 -0.968099 -0.284370 0.851822 2 44 0.511601 42 0.488399
  42 19.023499 37.364876 3.739975 -0.507456 0.469564 -0.722494 -0.271155 0.853859 2 42 0.501400 44 0.498600
  42 19.411501 37.007576 3.551636 -0.156817 -0.195430 -0.968099 -0.280965 0.847435 2 42 0.517000 44 0.483000
pyro_hands_red
  42 19.411501 37.007576 3.551636 -0.156817 -0.195430 -0.968099 -0.280965 0.847435 2 42 0.517000 44 0.483000
  42 19.023499 37.364876 3.739975 -0.507456 0.469564 -0.722494 -0.271155 0.853859 2 42 0.501400 44 0.498600
  42 20.190598 38.215279 3.404975 -0.686479 0.248999 -0.683188 -0.265718 0.837294 2 42 0.800000 40 0.200000
pyro_hands_red
  42 19.411501 37.007576 3.551636 -0.156817 -0.195430 -0.968099 -0.280965 0.847435 2 42 0.517000 44 0.483000
  42 20.190598 38.215279 3.404975 -0.686479 0.248999 -0.683188 -0.265718 0.837294 2 42 0.800000 40 0.200000
  42 20.748999 37.977379 3.187975 -0.127029 -0.235411 -0.963559 -0.272767 0.830356 1 42 1.000000
pyro_hands_red
  42 20.190598 38.215279 3.404975 -0.686479 0.248999 -0.683188 -0.265718 0.837294 2 42 0.800000 40 0.200000
  42 20.843998 38.293282 3.098855 -0.150483 -0.289738 -0.945202 -0.272458 0.829494 1 42 1.000000
  42 20.748999 37.977379 3.187975 -0.127029 -0.235411 -0.963559 -0.272767 0.830356 1 42 1.000000
pyro_hands_red
  42 20.190598 38.215279 3.404975 -0.686479 0.248999 -0.683188 -0.265718 0.837294 2 42 0.800000 40 0.200000
  42 20.250698 38.496277 3.331265 -0.800884 -0.135222 -0.583352 -0.263107 0.831833 2 42 0.800000 40 0.200000
  42 20.843998 38.293282 3.098855 -0.150483 -0.289738 -0.945202 -0.272458 0.829494 1 42 1.000000
pyro_hands_red
  42 20.109598 38.378483 4.009806 -0.848370 0.529327 0.009014 -0.253041 0.843315 2 42 0.800000 40 0.200000
  42 20.250698 38.496277 3.331265 -0.800884 -0.135222 -0.583352 -0.263107 0.831833 2 42 0.800000 40 0.200000
  42 20.190598 38.215279 3.404975 -0.686479 0.248999 -0.683188 -0.265718 0.837294 2 42 0.800000 40 0.200000
pyro_hands_red
  42 20.109598 38.378483 4.009806 -0.848370 0.529327 0.009014 -0.253041 0.843315 2 42 0.800000 40 0.200000
  42 20.161798 38.674278 3.947036 -0.993761 0.011938 0.110887 -0.250603 0.836362 2 42 0.800000 40 0.200000
  42 20.250698 38.496277 3.331265 -0.800884 -0.135222 -0.583352 -0.263107 0.831833 2 42 0.800000 40 0.200000
pyro_hands_red
  42 20.109598 38.378483 4.009806 -0.848370 0.529327 0.009014 -0.253041 0.843315 2 42 0.800000 40 0.200000
  42 20.388899 38.736176 4.542475 -0.676022 0.103426 0.729587 -0.238349 0.840851 2 42 0.800000 40 0.200000
  42 20.161798 38.674278 3.947036 -0.993761 0.011938 0.110887 -0.250603 0.836362 2 42 0.800000 40 0.200000
pyro_hands_red
  42 20.109598 38.378483 4.009806 -0.848370 0.529327 0.009014 -0.253041 0.843315 2 42 0.800000 40 0.200000
  42 20.327997 38.417877 4.583136 -0.565306 0.476283 0.673486 -0.239850 0.846793 2 42 0.800000 40 0.200000
  42 20.388899 38.736176 4.542475 -0.676022 0.103426 0.729587 -0.238349 0.840851 2 42 0.800000 40 0.200000
pyro_hands_red
  42 20.327997 38.417877 4.583136 -0.565306 0.476283 0.673486 -0.239850 0.846793 2 42 0.800000 40 0.200000
  42 20.984598 38.567677 4.751095 0.060212 0.130862 0.989570 -0.230313 0.845511 1 42 1.000000
  42 20.388899 38.736176 4.542475 -0.676022 0.103426 0.729587 -0.238349 0.840851 2 42 0.800000 40 0.200000
pyro_hands_red
  42 20.327997 38.417877 4.583136 -0.565306 0.476283 0.673486 -0.239850 0.846793 2 42 0.800000 40 0.200000
  42 20.884398 38.258976 4.788835 0.060212 0.130862 0.989570 -0.231008 0.847322 1 42 1.000000
  42 20.984598 38.567677 4.751095 0.060212 0.130862 0.989570 -0.230313 0.845511 1 42 1.000000
pyro_hands_red
  42 19.512800 37.234276 4.978625 0.060212 0.130862 0.989570 -0.237946 0.865084 2 42 0.513900 44 0.486100
  42 20.884398 38.258976 4.788835 0.060212 0.130862 0.989570 -0.231008 0.847322 1 42 1.000000
  42 20.327997 38.417877 4.583136 -0.565306 0.476283 0.673486 -0.239850 0.846793 2 42 0.800000 40 0.200000
pyro_hands_red
  42 19.512800 37.234276 4.978625 0.060212 0.130862 0.989570 -0.237946 0.865084 2 42 0.513900 44 0.486100
  42 20.327997 38.417877 4.583136 -0.565306 0.476283 0.673486 -0.239850 0.846793 2 42 0.800000 40 0.200000
  42 19.117798 37.518276 4.763156 -0.369321 0.708791 0.601013 -0.249323 0.863065 2 42 0.503500 44 0.496500
pyro_hands_red
  42 19.117798 37.518276 4.763156 -0.369321 0.708791 0.601013 -0.249323 0.863065 2 42 0.503500 44 0.496500
  42 20.327997 38.417877 4.583136 -0.565306 0.476283 0.673486 -0.239850 0.846793 2 42 0.800000 40 0.200000
  42 20.109598 38.378483 4.009806 -0.848370 0.529327 0.009014 -0.253041 0.843315 2 42 0.800000 40 0.200000
pyro_hands_red
  42 19.117798 37.518276 4.763156 -0.369321 0.708791 0.601013 -0.249323 0.863065 2 42 0.503500 44 0.496500
  42 20.109598 38.378483 4.009806 -0.848370 0.529327 0.009014 -0.253041 0.843315 2 42 0.800000 40 0.200000
  44 18.961700 37.536182 4.247815 -0.582002 0.810051 -0.071347 -0.260555 0.859153 2 44 0.510000 42 0.490000
pyro_hands_red
  42 19.023499 37.364876 3.739975 -0.507456 0.469564 -0.722494 -0.271155 0.853859 2 42 0.501400 44 0.498600
  44 18.961700 37.536182 4.247815 -0.582002 0.810051 -0.071347 -0.260555 0.859153 2 44 0.510000 42 0.490000
  42 20.109598 38.378483 4.009806 -0.848370 0.529327 0.009014 -0.253041 0.843315 2 42 0.800000 40 0.200000
pyro_hands_red
  44 18.803600 37.219482 3.820106 -0.507456 0.469564 -0.722494 -0.273689 0.860031 2 44 0.637900 42 0.362100
  44 18.961700 37.536182 4.247815 -0.582002 0.810051 -0.071347 -0.260555 0.859153 2 44 0.510000 42 0.490000
  42 19.023499 37.364876 3.739975 -0.507456 0.469564 -0.722494 -0.271155 0.853859 2 42 0.501400 44 0.498600
pyro_hands_red
  42 19.023499 37.364876 3.739975 -0.507456 0.469564 -0.722494 -0.271155 0.853859 2 42 0.501400 44 0.498600
  42 20.109598 38.378483 4.009806 -0.848370 0.529327 0.009014 -0.253041 0.843315 2 42 0.800000 40 0.200000
  42 20.190598 38.215279 3.404975 -0.686479 0.248999 -0.683188 -0.265718 0.837294 2 42 0.800000 40 0.200000
pyro_hands_red
  38 18.319191 36.887276 6.521373 -0.497780 -0.466140 0.731388 -0.158098 0.932392 1 38 1.000000
  38 18.067190 36.982475 6.049674 -0.989676 -0.137947 0.038882 -0.171288 0.925631 1 38 1.000000
  38 18.241291 36.686977 6.050843 -0.665077 -0.734516 0.134756 -0.173865 0.934429 1 38 1.000000
pyro_hands_red
  38 18.319191 36.887276 6.521373 -0.497780 -0.466140 0.731388 -0.158098 0.932392 1 38 1.000000
  38 18.158092 37.081581 6.448174 -0.842711 -0.059266 0.535095 -0.160960 0.925748 1 38 1.000000
  38 18.067190 36.982475 6.049674 -0.989676 -0.137947 0.038882 -0.171288 0.925631 1 38 1.000000
pyro_hands_red
  38 18.158092 37.081581 6.448174 -0.842711 -0.059266 0.535095 -0.160960 0.925748 1 38 1.000000
  38 18.319191 36.887276 6.521373 -0.497780 -0.466140 0.731388 -0.158098 0.932392 1 38 1.000000
  38 18.530890 37.184978 6.649564 -0.184728 -0.082409 0.979328 -0.148874 0.922084 1 38 1.000000
pyro_hands_red
  36 19.549290 38.560875 6.498255 -0.589666 0.551301 0.590221 -0.145501 0.875099 2 36 0.800000 38 0.200000
  38 19.401592 38.410576 6.511945 -0.541697 0.616518 0.571375 -0.146538 0.880936 2 38 0.800000 36 0.200000
  38 19.736792 38.203678 6.715726 -0.086081 0.066779 0.994048 -0.134886 0.880856 2 38 0.800000 36 0.200000
pyro_hands_red
  38 18.852093 37.519878 6.690594 -0.097936 0.022012 0.994949 -0.143769 0.908752 1 38 1.000000
  38 19.736792 38.203678 6.715726 -0.086081 0.066779 0.994048 -0.134886 0.880856 2 38 0.800000 36 0.200000
  38 19.401592 38.410576 6.511945 -0.541697 0.616518 0.571375 -0.146538 0.880936 2 38 0.800000 36 0.200000
pyro_hands_red
  38 18.852093 37.519878 6.690594 -0.097936 0.022012 0.994949 -0.143769 0.908752 1 38 1.000000
  38 19.401592 38.410576 6.511945 -0.541697 0.616518 0.571375 -0.146538 0.880936 2 38 0.800000 36 0.200000
  38 18.573092 37.714878 6.514064 -0.589666 0.551301 0.590221 -0.153664 0.908005 1 38 1.000000
pyro_hands_red
  38 18.573092 37.714878 6.514064 -0.589666 0.551301 0.590221 -0.153664 0.908005 1 38 1.000000
  38 18.530890 37.184978 6.649564 -0.184728 -0.082409 0.979328 -0.148874 0.922084 1 38 1.000000
  38 18.852093 37.519878 6.690594 -0.097936 0.022012 0.994949 -0.143769 0.908752 1 38 1.000000
pyro_hands_red
  38 18.573092 37.714878 6.514064 -0.589666 0.551301 0.590221 -0.153664 0.908005 1 38 1.000000
  38 18.285290 37.344677 6.488704 -0.724106 0.332578 0.604204 -0.157686 0.919177 1 38 1.000000
  38 18.530890 37.184978 6.649564 -0.184728 -0.082409 0.979328 -0.148874 0.922084 1 38 1.000000
pyro_hands_red
  38 18.158092 37.081581 6.448174 -0.842711 -0.059266 0.535095 -0.160960 0.925748 1 38 1.000000
  38 18.530890 37.184978 6.649564 -0.184728 -0.082409 0.979328 -0.148874 0.922084 1 38 1.000000
  38 18.285290 37.344677 6.488704 -0.724106 0.332578 0.604204 -0.157686 0.919177 1 38 1.000000
pyro_hands_red
  38 18.142490 37.310776 6.011405 -0.897102 0.438260 -0.056001 -0.169697 0.918202 1 38 1.000000
  38 18.158092 37.081581 6.448174 -0.842711 -0.059266 0.535095 -0.160960 0.925748 1 38 1.000000
  38 18.285290 37.344677 6.488704 -0.724106 0.332578 0.604204 -0.157686 0.919177 1 38 1.000000
pyro_hands_red
  38 18.142490 37.310776 6.011405 -0.897102 0.438260 -0.056001 -0.169697 0.918202 1 38 1.000000
  38 18.067190 36.982475 6.049674 -0.989676 -0.137947 0.038882 -0.171288 0.925631 1 38 1.000000
  38 18.158092 37.081581 6.448174 -0.842711 -0.059266 0.535095 -0.160960 0.925748 1 38 1.000000
pyro_hands_red
  38 18.142490 37.310776 6.011405 -0.897102 0.438260 -0.056001 -0.169697 0.918202 1 38 1.000000
  38 18.148588 36.926674 5.630514 -0.863511 -0.173570 -0.473521 -0.181348 0.922840 1 38 1.000000
  38 18.067190 36.982475 6.049674 -0.989676 -0.137947 0.038882 -0.171288 0.925631 1 38 1.000000
pyro_hands_red
  38 18.241291 36.686977 6.050843 -0.665077 -0.734516 0.134756 -0.173865 0.934429 1 38 1.000000
  38 18.067190 36.982475 6.049674 -0.989676 -0.137947 0.038882 -0.171288 0.925631 1 38 1.000000
  38 18.148588 36.926674 5.630514 -0.863511 -0.173570 -0.473521 -0.181348 0.922840 1 38 1.000000
pyro_hands_red
  38 18.241291 36.686977 6.050843 -0.665077 -0.734516 0.134756 -0.173865 0.934429 1 38 1.000000
  38 18.148588 36.926674 5.630514 -0.863511 -0.173570 -0.473521 -0.181348 0.922840 1 38 1.000000
  38 18.324591 36.705376 5.578514 -0.514926 -0.641305 -0.568840 -0.187583 0.927373 1 38 1.000000
pyro_hands_red
  38 18.148588 36.926674 5.630514 -0.863511 -0.173570 -0.473521 -0.181348 0.922840 1 38 1.000000
  38 18.547890 36.944378 5.391704 -0.150483 -0.289738 -0.945202 -0.191929 0.915107 1 38 1.000000
  38 18.324591 36.705376 5.578514 -0.514926 -0.641305 -0.568840 -0.187583 0.927373 1 38 1.000000
pyro_hands_red
  38 18.148588 36.926674 5.630514 -0.863511 -0.173570 -0.473521 -0.181348 0.922840 1 38 1.000000
  38 18.258190 37.166676 5.535954 -0.718251 0.201041 -0.666107 -0.181617 0.916242 1 38 1.000000
  38 18.547890 36.944378 5.391704 -0.150483 -0.289738 -0.945202 -0.191929 0.915107 1 38 1.000000
pyro_hands_red
  38 18.565493 37.561676 5.454545 -0.550983 0.427977 -0.716417 -0.180475 0.904129 1 38 1.000000
  38 18.547890 36.944378 5.391704 -0.150483 -0.289738 -0.945202 -0.191929 0.915107 1 38 1.000000
  38 18.258190 37.166676 5.535954 -0.718251 0.201041 -0.666107 -0.181617 0.916242 1 38 1.000000
pyro_hands_red
  38 18.258190 37.166676 5.535954 -0.718251 0.201041 -0.666107 -0.181617 0.916242 1 38 1.000000
  38 18.441893 37.730377 5.970244 -0.729078 0.676990 -0.100642 -0.167264 0.906469 1 38 1.000000
  38 18.565493 37.561676 5.454545 -0.550983 0.427977 -0.716417 -0.180475 0.904129 1 38 1.000000
pyro_hands_red
  38 18.565493 37.561676 5.454545 -0.550983 0.427977 -0.716417 -0.180475 0.904129 1 38 1.000000
  38 18.441893 37.730377 5.970244 -0.729078 0.676990 -0.100642 -0.167264 0.906469 1 38 1.000000
  38 19.260391 38.396572 5.917125 -0.667634 0.734298 -0.122764 -0.162669 0.880105 2 38 0.800000 36 0.200000
pyro_hands_red
  38 18.573092 37.714878 6.514064 -0.589666 0.551301 0.590221 -0.153664 0.908005 1 38 1.000000
  38 19.260391 38.396572 5.917125 -0.667634 0.734298 -0.122764 -0.162669 0.880105 2 38 0.800000 36 0.200000
  38 18.441893 37.730377 5.970244 -0.729078 0.676990 -0.100642 -0.167264 0.906469 1 38 1.000000
pyro_hands_red
  38 18.573092 37.714878 6.514064 -0.589666 0.551301 0.590221 -0.153664 0.908005 1 38 1.000000
  38 19.401592 38.410576 6.511945 -0.541697 0.616518 0.571375 -0.146538 0.880936 2 38 0.800000 36 0.200000
  38 19.260391 38.396572 5.917125 -0.667634 0.734298 -0.122764 -0.162669 0.880105 2 38 0.800000 36 0.200000
pyro_hands_red
  38 18.142490 37.310776 6.011405 -0.897102 0.438260 -0.056001 -0.169697 0.918202 1 38 1.000000
  38 18.258190 37.166676 5.535954 -0.718251 0.201041 -0.666107 -0.181617 0.916242 1 38 1.000000
  38 18.148588 36.926674 5.630514 -0.863511 -0.173570 -0.473521 -0.181348 0.922840 1 38 1.000000
pyro_hands_red
  38 18.258190 37.166676 5.535954 -0.718251 0.201041 -0.666107 -0.181617 0.916242 1 38 1.000000
  38 18.142490 37.310776 6.011405 -0.897102 0.438260 -0.056001 -0.169697 0.918202 1 38 1.000000
  38 18.441893 37.730377 5.970244 -0.729078 0.676990 -0.100642 -0.167264 0.906469 1 38 1.000000
pyro_hands_red
  38 18.285290 37.344677 6.488704 -0.724106 0.332578 0.604204 -0.157686 0.919177 1 38 1.000000
  38 18.441893 37.730377 5.970244 -0.729078 0.676990 -0.100642 -0.167264 0.906469 1 38 1.000000
  38 18.142490 37.310776 6.011405 -0.897102 0.438260 -0.056001 -0.169697 0.918202 1 38 1.000000
pyro_hands_red
  38 18.285290 37.344677 6.488704 -0.724106 0.332578 0.604204 -0.157686 0.919177 1 38 1.000000
  38 18.573092 37.714878 6.514064 -0.589666 0.551301 0.590221 -0.153664 0.908005 1 38 1.000000
  38 18.441893 37.730377 5.970244 -0.729078 0.676990 -0.100642 -0.167264 0.906469 1 38 1.000000
pyro_hands_red
  36 19.549290 38.560875 6.498255 -0.589666 0.551301 0.590221 -0.145501 0.875099 2 36 0.800000 38 0.200000
  38 19.736792 38.203678 6.715726 -0.086081 0.066779 0.994048 -0.134886 0.880856 2 38 0.800000 36 0.200000
  36 19.914690 38.375675 6.713645 -0.102501 0.117477 0.987772 -0.133530 0.875457 2 36 0.800000 38 0.200000
pyro_hands_red
  36 19.393961 38.523716 5.899857 -0.752573 0.647188 -0.121576 -0.162012 0.874530 2 36 0.800011 38 0.199989
  38 19.260391 38.396572 5.917125 -0.667634 0.734298 -0.122764 -0.162669 0.880105 2 38 0.800000 36 0.200000
  38 19.401592 38.410576 6.511945 -0.541697 0.616518 0.571375 -0.146538 0.880936 2 38 0.800000 36 0.200000
pyro_hands_red
  36 19.393961 38.523716 5.899857 -0.752573 0.647188 -0.121576 -0.162012 0.874530 2 36 0.800011 38 0.199989
  38 19.401592 38.410576 6.511945 -0.541697 0.616518 0.571375 -0.146538 0.880936 2 38 0.800000 36 0.200000
  36 19.549290 38.560875 6.498255 -0.589666 0.551301 0.590221 -0.145501 0.875099 2 36 0.800000 38 0.200000
pyro_hands_red
  36 20.087292 39.445175 5.734755 -0.888060 0.449826 -0.094900 -0.161262 0.860525 2 36 0.750000 34 0.250000
  36 19.393961 38.523716 5.899857 -0.752573 0.647188 -0.121576 -0.162012 0.874530 2 36 0.800011 38 0.199989
  36 19.549290 38.560875 6.498255 -0.589666 0.551301 0.590221 -0.145501 0.875099 2 36 0.800000 38 0.200000
pyro_hands_red
  36 20.087292 39.445175 5.734755 -0.888060 0.449826 -0.094900 -0.161262 0.860525 2 36 0.750000 34 0.250000
  36 19.549290 38.560875 6.498255 -0.589666 0.551301 0.590221 -0.145501 0.875099 2 36 0.800000 38 0.200000
  36 20.277491 39.527473 6.363394 -0.673604 0.458203 0.579920 -0.143247 0.861042 2 36 0.750001 34 0.250000
pyro_hands_red
  36 20.277491 39.527473 6.363394 -0.673604 0.458203 0.579920 -0.143247 0.861042 2 36 0.750001 34 0.250000
  36 19.549290 38.560875 6.498255 -0.589666 0.551301 0.590221 -0.145501 0.875099 2 36 0.800000 38 0.200000
  36 19.914690 38.375675 6.713645 -0.102501 0.117477 0.987772 -0.133530 0.875457 2 36 0.800000 38 0.200000
pyro_hands_red
  36 20.277491 39.527473 6.363394 -0.673604 0.458203 0.579920 -0.143247 0.861042 2 36 0.750001 34 0.250000
  36 19.914690 38.375675 6.713645 -0.102501 0.117477 0.987772 -0.133530 0.875457 2 36 0.800000 38 0.200000
  36 20.797091 39.437275 6.633964 -0.113301 0.205601 0.972055 -0.129783 0.859668 2 36 0.750000 34 0.250000
pyro_hands_red
  36 20.276892 39.246979 5.120695 -0.673702 0.194190 -0.713033 -0.180111 0.857501 2 36 0.750000 34 0.250000
  36 20.762392 39.047676 4.922964 -0.073715 -0.233307 -0.969605 -0.192604 0.854608 2 36 0.750000 34 0.250000
  36 19.906691 38.095272 5.170184 -0.030461 -0.179287 -0.983325 -0.190698 0.870237 2 36 0.800000 38 0.200000
pyro_hands_red
  36 20.276892 39.246979 5.120695 -0.673702 0.194190 -0.713033 -0.180111 0.857501 2 36 0.750000 34 0.250000
  36 19.906691 38.095272 5.170184 -0.030461 -0.179287 -0.983325 -0.190698 0.870237 2 36 0.800000 38 0.200000
  36 19.530491 38.333771 5.342745 -0.580295 0.379340 -0.720666 -0.178140 0.872772 2 36 0.800000 38 0.200000
pyro_hands_red
  36 19.530491 38.333771 5.342745 -0.580295 0.379340 -0.720666 -0.178140 0.872772 2 36 0.800000 38 0.200000
  36 20.087292 39.445175 5.734755 -0.888060 0.449826 -0.094900 -0.161262 0.860525 2 36 0.750000 34 0.250000
  36 20.276892 39.246979 5.120695 -0.673702 0.194190 -0.713033 -0.180111 0.857501 2 36 0.750000 34 0.250000
pyro_hands_red
  36 19.530491 38.333771 5.342745 -0.580295 0.379340 -0.720666 -0.178140 0.872772 2 36 0.800000 38 0.200000
  36 19.393961 38.523716 5.899857 -0.752573 0.647188 -0.121576 -0.162012 0.874530 2 36 0.800011 38 0.199989
  36 20.087292 39.445175 5.734755 -0.888060 0.449826 -0.094900 -0.161262 0.860525 2 36 0.750000 34 0.250000
pyro_hands_red
  38 19.378992 38.195778 5.372335 -0.507455 0.469565 -0.722494 -0.178038 0.878312 2 38 0.800000 36 0.200000
  36 19.393961 38.523716 5.899857 -0.752573 0.647188 -0.121576 -0.162012 0.874530 2 36 0.800011 38 0.199989
  36 19.530491 38.333771 5.342745 -0.580295 0.379340 -0.720666 -0.178140 0.872772 2 36 0.800000 38 0.200000
pyro_hands_red
  38 19.378992 38.195778 5.372335 -0.507455 0.469565 -0.722494 -0.178038 0.878312 2 38 0.800000 36 0.200000
  38 19.260391 38.396572 5.917125 -0.667634 0.734298 -0.122764 -0.162669 0.880105 2 38 0.800000 36 0.200000
  36 19.393961 38.523716 5.899857 -0.752573 0.647188 -0.121576 -0.162012 0.874530 2 36 0.800011 38 0.199989
pyro_hands_red
  38 18.565493 37.561676 5.454545 -0.550983 0.427977 -0.716417 -0.180475 0.904129 1 38 1.000000
  38 19.260391 38.396572 5.917125 -0.667634 0.734298 -0.122764 -0.162669 0.880105 2 38 0.800000 36 0.200000
  38 19.378992 38.195778 5.372335 -0.507455 0.469565 -0.722494 -0.178038 0.878312 2 38 0.800000 36 0.200000
pyro_hands_red
  38 18.899492 37.283176 5.296515 -0.030461 -0.179287 -0.983325 -0.191516 0.900976 1 38 1.000000
  38 18.565493 37.561676 5.454545 -0.550983 0.427977 -0.716417 -0.180475 0.904129 1 38 1.000000
  38 19.378992 38.195778 5.372335 -0.507455 0.469565 -0.722494 -0.178038 0.878312 2 38 0.800000 36 0.200000
pyro_hands_red
  38 18.565493 37.561676 5.454545 -0.550983 0.427977 -0.716417 -0.180475 0.904129 1 38 1.000000
  38 18.899492 37.283176 5.296515 -0.030461 -0.179287 -0.983325 -0.191516 0.900976 1 38 1.000000
  38 18.547890 36.944378 5.391704 -0.150483 -0.289738 -0.945202 -0.191929 0.915107 1 38 1.000000
pyro_hands_red
  38 18.899492 37.283176 5.296515 -0.030461 -0.179287 -0.983325 -0.191516 0.900976 1 38 1.000000
  38 19.378992 38.195778 5.372335 -0.507455 0.469565 -0.722494 -0.178038 0.878312 2 38 0.800000 36 0.200000
  38 19.727592 37.905975 5.206664 -0.030461 -0.179287 -0.983325 -0.189778 0.874995 2 38 0.800000 36 0.200000
pyro_hands_red
  36 19.530491 38.333771 5.342745 -0.580295 0.379340 -0.720666 -0.178140 0.872772 2 36 0.800000 38 0.200000
  38 19.727592 37.905975 5.206664 -0.030461 -0.179287 -0.983325 -0.189778 0.874995 2 38 0.800000 36 0.200000
  38 19.378992 38.195778 5.372335 -0.507455 0.469565 -0.722494 -0.178038 0.878312 2 38 0.800000 36 0.200000
pyro_hands_red
  36 19.530491 38.333771 5.342745 -0.580295 0.379340 -0.720666 -0.178140 0.872772 2 36 0.800000 38 0.200000
  36 19.906691 38.095272 5.170184 -0.030461 -0.179287 -0.983325 -0.190698 0.870237 2 36 0.800000 38 0.200000
  38 19.727592 37.905975 5.206664 -0.030461 -0.179287 -0.983325 -0.189778 0.874995 2 38 0.800000 36 0.200000
pyro_hands_red
  38 18.241291 36.686977 6.050843 -0.665077 -0.734516 0.134756 -0.783075 0.972162 1 38 1.000000
  38 18.570791 36.704983 6.490923 0.084242 -0.740120 0.667178 -0.792095 0.960019 1 38 1.000000
  38 18.319191 36.887276 6.521373 -0.497780 -0.466140 0.731388 -0.798011 0.965845 1 38 1.000000
pyro_hands_red
  38 18.319191 36.887276 6.521373 -0.497780 -0.466140 0.731388 -0.798011 0.965845 1 38 1.000000
  38 18.570791 36.704983 6.490923 0.084242 -0.740120 0.667178 -0.792095 0.960019 1 38 1.000000
  38 18.777390 36.940479 6.533604 0.386831 -0.566284 0.727794 -0.794389 0.952264 1 38 1.000000
pyro_hands_red
  38 18.319191 36.887276 6.521373 -0.497780 -0.466140 0.731388 -0.798011 0.965845 1 38 1.000000
  38 18.777390 36.940479 6.533604 0.386831 -0.566284 0.727794 -0.794389 0.952264 1 38 1.000000
  38 18.530890 37.184978 6.649564 -0.184728 -0.082409 0.979328 -0.804862 0.954650 1 38 1.000000
pyro_hands_red
  38 18.777390 36.940479 6.533604 0.386831 -0.566284 0.727794 -0.794389 0.952264 1 38 1.000000
  38 18.852093 37.519878 6.690594 -0.097936 0.022012 0.994949 -0.807625 0.940388 1 38 1.000000
  38 18.530890 37.184978 6.649564 -0.184728 -0.082409 0.979328 -0.804862 0.954650 1 38 1.000000
pyro_hands_red
  38 18.777390 36.940479 6.533604 0.386831 -0.566284 0.727794 -0.794389 0.952264 1 38 1.000000
  38 19.171791 37.249676 6.550124 0.386831 -0.566284 0.727794 -0.794813 0.937762 1 38 1.000000
  38 18.852093 37.519878 6.690594 -0.097936 0.022012 0.994949 -0.807625 0.940388 1 38 1.000000
pyro_hands_red
  38 19.171791 37.249676 6.550124 0.386831 -0.566284 0.727794 -0.794813 0.937762 1 38 1.000000
  38 19.736792 38.203678 6.715726 -0.086081 0.066779 0.994048 -0.807323 0.907159 2 38 0.800000 36 0.200000
  38 18.852093 37.519878 6.690594 -0.097936 0.022012 0.994949 -0.807625 0.940388 1 38 1.000000
pyro_hands_red
  38 18.241291 36.686977 6.050843 -0.665077 -0.734516 0.134756 -0.783075 0.972162 1 38 1.000000
  38 18.586191 36.548477 6.082903 0.132940 -0.973897 0.183986 -0.781776 0.962346 1 38 1.000000
  38 18.570791 36.704983 6.490923 0.084242 -0.740120 0.667178 -0.792095 0.960019 1 38 1.000000
pyro_hands_red
  38 18.570791 36.704983 6.490923 0.084242 -0.740120 0.667178 -0.792095 0.960019 1 38 1.000000
  38 18.586191 36.548477 6.082903 0.132940 -0.973897 0.183986 -0.781776 0.962346 1 38 1.000000
  38 18.866690 36.781376 6.081884 0.627663 -0.763623 0.151389 -0.781204 0.953218 1 38 1.000000
pyro_hands_red
  38 18.570791 36.704983 6.490923 0.084242 -0.740120 0.667178 -0.792095 0.960019 1 38 1.000000
  38 18.866690 36.781376 6.081884 0.627663 -0.763623 0.151389 -0.781204 0.953218 1 38 1.000000
  38 18.777390 36.940479 6.533604 0.386831 -0.566284 0.727794 -0.794389 0.952264 1 38 1.000000
pyro_hands_red
  38 18.777390 36.940479 6.533604 0.386831 -0.566284 0.727794 -0.794389 0.952264 1 38 1.000000
  38 18.866690 36.781376 6.081884 0.627663 -0.763623 0.151389 -0.781204 0.953218 1 38 1.000000
  38 19.304390 37.098576 6.060885 0.556206 -0.815985 0.157489 -0.779542 0.938110 1 38 1.000000
pyro_hands_red
  38 18.777390 36.940479 6.533604 0.386831 -0.566284 0.727794 -0.794389 0.952264 1 38 1.000000
  38 19.304390 37.098576 6.060885 0.556206 -0.815985 0.157489 -0.779542 0.938110 1 38 1.000000
  38 19.171791 37.249676 6.550124 0.386831 -0.566284 0.727794 -0.794813 0.937762 1 38 1.000000
pyro_hands_red
  38 20.119892 37.875278 6.568915 0.352287 -0.557769 0.751523 -0.792367 0.905092 2 38 0.650000 36 0.350000
  38 19.171791 37.249676 6.550124 0.386831 -0.566284 0.727794 -0.794813 0.937762 1 38 1.000000
  38 19.304390 37.098576 6.060885 0.556206 -0.815985 0.157489 -0.779542 0.938110 1 38 1.000000
pyro_hands_red
  38 19.171791 37.249676 6.550124 0.386831 -0.566284 0.727794 -0.794813 0.937762 1 38 1.000000
  38 20.119892 37.875278 6.568915 0.352287 -0.557769 0.751523 -0.792367 0.905092 2 38 0.650000 36 0.350000
  38 19.736792 38.203678 6.715726 -0.086081 0.066779 0.994048 -0.807323 0.907159 2 38 0.800000 36 0.200000
pyro_hands_red
  36 19.914690 38.375675 6.713645 -0.102501 0.117477 0.987772 -0.806323 0.897944 2 36 0.800000 38 0.200000
  38 19.736792 38.203678 6.715726 -0.086081 0.066779 0.994048 -0.807323 0.907159 2 38 0.800000 36 0.200000
  38 20.119892 37.875278 6.568915 0.352287 -0.557769 0.751523 -0.792367 0.905092 2 38 0.650000 36 0.350000
pyro_hands_red
  36 19.914690 38.375675 6.713645 -0.102501 0.117477 0.987772 -0.806323 0.897944 2 36 0.800000 38 0.200000
  38 20.119892 37.875278 6.568915 0.352287 -0.557769 0.751523 -0.792367 0.905092 2 38 0.650000 36 0.350000
  36 20.379190 38.053772 6.586855 0.386407 -0.472288 0.792233 -0.791193 0.896718 2 36 0.650000 38 0.350000
pyro_hands_red
  36 20.379190 38.053772 6.586855 0.386407 -0.472288 0.792233 -0.791193 0.896718 2 36 0.650000 38 0.350000
  38 20.119892 37.875278 6.568915 0.352287 -0.557769 0.751523 -0.792367 0.905092 2 38 0.650000 36 0.350000
  38 20.282991 37.689774 6.031634 0.523529 -0.837454 0.156803 -0.775930 0.905786 2 38 0.650000 36 0.350000
pyro_hands_red
  36 20.379190 38.053772 6.586855 0.386407 -0.472288 0.792233 -0.791193 0.896718 2 36 0.650000 38 0.350000
  38 20.282991 37.689774 6.031634 0.523529 -0.837454 0.156803 -0.775930 0.905786 2 38 0.650000 36 0.350000
  36 20.558292 37.854977 6.029365 0.594644 -0.786781 0.165447 -0.775133 0.897780 2 36 0.650000 38 0.350000
pyro_hands_red
  38 20.282991 37.689774 6.031634 0.523529 -0.837454 0.156803 -0.775930 0.905786 2 38 0.650000 36 0.350000
  36 20.412891 37.857471 5.433935 0.461934 -0.692337 -0.554335 -0.759600 0.901228 2 36 0.650001 38 0.349999
  36 20.558292 37.854977 6.029365 0.594644 -0.786781 0.165447 -0.775133 0.897780 2 36 0.650000 38 0.350000
pyro_hands_red
  38 20.282991 37.689774 6.031634 0.523529 -0.837454 0.156803 -0.775930 0.905786 2 38 0.650000 36 0.350000
  38 20.132290 37.672173 5.457204 0.454016 -0.730308 -0.510411 -0.760168 0.910515 2 38 0.650000 36 0.350000
  36 20.412891 37.857471 5.433935 0.461934 -0.692337 -0.554335 -0.759600 0.901228 2 36 0.650001 38 0.349999
pyro_hands_red
  38 19.304390 37.098576 6.060885 0.556206 -0.815985 0.157489 -0.779542 0.938110 1 38 1.000000
  38 20.132290 37.672173 5.457204 0.454016 -0.730308 -0.510411 -0.760168 0.910515 2 38 0.650000 36 0.350000
  38 20.282991 37.689774 6.031634 0.523529 -0.837454 0.156803 -0.775930 0.905786 2 38 0.650000 36 0.350000
pyro_hands_red
  38 19.304390 37.098576 6.060885 0.556206 -0.815985 0.157489 -0.779542 0.938110 1 38 1.000000
  38 19.220591 37.088776 5.516415 0.454016 -0.730308 -0.510411 -0.764035 0.941575 1 38 1.000000
  38 20.132290 37.672173 5.457204 0.454016 -0.730308 -0.510411 -0.760168 0.910515 2 38 0.650000 36 0.350000
pyro_hands_red
  38 18.866690 36.781376 6.081884 0.627663 -0.763623 0.151389 -0.781204 0.953218 1 38 1.000000
  38 19.220591 37.088776 5.516415 0.454016 -0.730308 -0.510411 -0.764035 0.941575 1 38 1.000000
  38 19.304390 37.098576 6.060885 0.556206 -0.815985 0.157489 -0.779542 0.938110 1 38 1.000000
pyro_hands_red
  38 18.866690 36.781376 6.081884 0.627663 -0.763623 0.151389 -0.781204 0.953218 1 38 1.000000
  38 18.817389 36.788177 5.560284 0.454016 -0.730308 -0.510411 -0.767210 0.955817 1 38 1.000000
  38 19.220591 37.088776 5.516415 0.454016 -0.730308 -0.510411 -0.764035 0.941575 1 38 1.000000
pyro_hands_red
  38 18.866690 36.781376 6.081884 0.627663 -0.763623 0.151389 -0.781204 0.953218 1 38 1.000000
  38 18.578390 36.549679 5.638814 0.122001 -0.909363 -0.397712 -0.771130 0.963587 1 38 1.000000
  38 18.817389 36.788177 5.560284 0.454016 -0.730308 -0.510411 -0.767210 0.955817 1 38 1.000000
pyro_hands_red
  38 18.866690 36.781376 6.081884 0.627663 -0.763623 0.151389 -0.781204 0.953218 1 38 1.000000
  38 18.586191 36.548477 6.082903 0.132940 -0.973897 0.183986 -0.781776 0.962346 1 38 1.000000
  38 18.578390 36.549679 5.638814 0.122001 -0.909363 -0.397712 -0.771130 0.963587 1 38 1.000000
pyro_hands_red
  38 20.119892 37.875278 6.568915 0.352287 -0.557769 0.751523 -0.792367 0.905092 2 38 0.650000 36 0.350000
  38 19.304390 37.098576 6.060885 0.556206 -0.815985 0.157489 -0.779542 0.938110 1 38 1.000000
  38 20.282991 37.689774 6.031634 0.523529 -0.837454 0.156803 -0.775930 0.905786 2 38 0.650000 36 0.350000
pyro_hands_red
  36 20.797091 39.437275 6.633964 -0.113301 0.205601 0.972055 -0.807855 0.877289 2 36 0.750000 34 0.250000
  36 19.914690 38.375675 6.713645 -0.102501 0.117477 0.987772 -0.806323 0.897944 2 36 0.800000 38 0.200000
  36 20.379190 38.053772 6.586855 0.386407 -0.472288 0.792233 -0.791193 0.896718 2 36 0.650000 38 0.350000
pyro_hands_red
  36 20.797091 39.437275 6.633964 -0.113301 0.205601 0.972055 -0.807855 0.877289 2 36 0.750000 34 0.250000
  36 20.379190 38.053772 6.586855 0.386407 -0.472288 0.792233 -0.791193 0.896718 2 36 0.650000 38 0.350000
  36 21.550093 39.204876 6.531485 0.504929 -0.221593 0.834232 -0.788925 0.871189 2 36 0.600000 34 0.400000
pyro_hands_red
  36 21.550093 39.204876 6.531485 0.504929 -0.221593 0.834232 -0.788925 0.871189 2 36 0.600000 34 0.400000
  36 20.379190 38.053772 6.586855 0.386407 -0.472288 0.792233 -0.791193 0.896718 2 36 0.650000 38 0.350000
  36 20.558292 37.854977 6.029365 0.594644 -0.786781 0.165447 -0.775133 0.897780 2 36 0.650000 38 0.350000
pyro_hands_red
  36 21.550093 39.204876 6.531485 0.504929 -0.221593 0.834232 -0.788925 0.871189 2 36 0.600000 34 0.400000
  36 20.558292 37.854977 6.029365 0.594644 -0.786781 0.165447 -0.775133 0.897780 2 36 0.650000 38 0.350000
  36 21.850393 38.985676 5.917305 0.809573 -0.563144 0.165713 -0.772179 0.871002 2 36 0.600000 34 0.400000
pyro_hands_red
  36 21.615391 38.906578 5.228595 0.563472 -0.569906 -0.598085 -0.755928 0.876428 2 36 0.600000 34 0.400000
  36 21.850393 38.985676 5.917305 0.809573 -0.563144 0.165713 -0.772179 0.871002 2 36 0.600000 34 0.400000
  36 20.558292 37.854977 6.029365 0.594644 -0.786781 0.165447 -0.775133 0.897780 2 36 0.650000 38 0.350000
pyro_hands_red
  36 21.615391 38.906578 5.228595 0.563472 -0.569906 -0.598085 -0.755928 0.876428 2 36 0.600000 34 0.400000
  36 20.558292 37.854977 6.029365 0.594644 -0.786781 0.165447 -0.775133 0.897780 2 36 0.650000 38 0.350000
  36 20.412891 37.857471 5.433935 0.461934 -0.692337 -0.554335 -0.759600 0.901228 2 36 0.650001 38 0.349999
pyro_hands_red
  36 20.762392 39.047676 4.922964 -0.073715 -0.233307 -0.969605 -0.737680 0.890655 2 36 0.750000 34 0.250000
  36 21.615391 38.906578 5.228595 0.563472 -0.569906 -0.598085 -0.755928 0.876428 2 36 0.600000 34 0.400000
  36 20.412891 37.857471 5.433935 0.461934 -0.692337 -0.554335 -0.759600 0.901228 2 36 0.650001 38 0.349999
pyro_hands_red
  36 20.762392 39.047676 4.922964 -0.073715 -0.233307 -0.969605 -0.737680 0.890655 2 36 0.750000 34 0.250000
  36 20.412891 37.857471 5.433935 0.461934 -0.692337 -0.554335 -0.759600 0.901228 2 36 0.650001 38 0.349999
  36 19.906691 38.095272 5.170184 -0.030461 -0.179287 -0.983325 -0.744758 0.908113 2 36 0.800000 38 0.200000
pyro_hands_red
  36 19.906691 38.095272 5.170184 -0.030461 -0.179287 -0.983325 -0.744758 0.908113 2 36 0.800000 38 0.200000
  36 20.412891 37.857471 5.433935 0.461934 -0.692337 -0.554335 -0.759600 0.901228 2 36 0.650001 38 0.349999
  38 20.132290 37.672173 5.457204 0.454016 -0.730308 -0.510411 -0.760168 0.910515 2 38 0.650000 36 0.350000
pyro_hands_red
  36 19.906691 38.095272 5.170184 -0.030461 -0.179287 -0.983325 -0.744758 0.908113 2 36 0.800000 38 0.200000
  38 20.132290 37.672173 5.457204 0.454016 -0.730308 -0.510411 -0.760168 0.910515 2 38 0.650000 36 0.350000
  38 19.727592 37.905975 5.206664 -0.030461 -0.179287 -0.983325 -0.746681 0.917503 2 38 0.800000 36 0.200000
pyro_hands_red
  38 19.220591 37.088776 5.516415 0.454016 -0.730308 -0.510411 -0.764035 0.941575 1 38 1.000000
  38 19.727592 37.905975 5.206664 -0.030461 -0.179287 -0.983325 -0.746681 0.917503 2 38 0.800000 36 0.200000
  38 20.132290 37.672173 5.457204 0.454016 -0.730308 -0.510411 -0.760168 0.910515 2 38 0.650000 36 0.350000
pyro_hands_red
  38 19.220591 37.088776 5.516415 0.454016 -0.730308 -0.510411 -0.764035 0.941575 1 38 1.000000
  38 18.899492 37.283176 5.296515 -0.030461 -0.179287 -0.983325 -0.752695 0.947704 1 38 1.000000
  38 19.727592 37.905975 5.206664 -0.030461 -0.179287 -0.983325 -0.746681 0.917503 2 38 0.800000 36 0.200000
pyro_hands_red
  38 18.899492 37.283176 5.296515 -0.030461 -0.179287 -0.983325 -0.752695 0.947704 1 38 1.000000
  38 19.220591 37.088776 5.516415 0.454016 -0.730308 -0.510411 -0.764035 0.941575 1 38 1.000000
  38 18.817389 36.788177 5.560284 0.454016 -0.730308 -0.510411 -0.767210 0.955817 1 38 1.000000
pyro_hands_red
  38 18.899492 37.283176 5.296515 -0.030461 -0.179287 -0.983325 -0.752695 0.947704 1 38 1.000000
  38 18.817389 36.788177 5.560284 0.454016 -0.730308 -0.510411 -0.767210 0.955817 1 38 1.000000
  38 18.547890 36.944378 5.391704 -0.150483 -0.289738 -0.945202 -0.758697 0.961947 1 38 1.000000
pyro_hands_red
  38 18.578390 36.549679 5.638814 0.122001 -0.909363 -0.397712 -0.771130 0.963587 1 38 1.000000
  38 18.547890 36.944378 5.391704 -0.150483 -0.289738 -0.945202 -0.758697 0.961947 1 38 1.000000
  38 18.817389 36.788177 5.560284 0.454016 -0.730308 -0.510411 -0.767210 0.955817 1 38 1.000000
pyro_hands_red
  38 18.578390 36.549679 5.638814 0.122001 -0.909363 -0.397712 -0.771130 0.963587 1 38 1.000000
  38 18.324591 36.705376 5.578514 -0.514926 -0.641305 -0.568840 -0.768452 0.970919 1 38 1.000000
  38 18.547890 36.944378 5.391704 -0.150483 -0.289738 -0.945202 -0.758697 0.961947 1 38 1.000000
pyro_hands_red
  38 18.241291 36.686977 6.050843 -0.665077 -0.734516 0.134756 -0.783075 0.972162 1 38 1.000000
  38 18.324591 36.705376 5.578514 -0.514926 -0.641305 -0.568840 -0.768452 0.970919 1 38 1.000000
  38 18.578390 36.549679 5.638814 0.122001 -0.909363 -0.397712 -0.771130 0.963587 1 38 1.000000
pyro_hands_red
  38 18.241291 36.686977 6.050843 -0.665077 -0.734516 0.134756 -0.783075 0.972162 1 38 1.000000
  38 18.578390 36.549679 5.638814 0.122001 -0.909363 -0.397712 -0.771130 0.963587 1 38 1.000000
  38 18.586191 36.548477 6.082903 0.132940 -0.973897 0.183986 -0.781776 0.962346 1 38 1.000000
pyro_hands_red
  34 20.379791 39.492081 5.039725 -0.751719 -0.105908 -0.650923 -0.178339 0.807437 2 34 0.750000 36 0.250000
  36 20.762392 39.047676 4.922964 -0.073715 -0.233307 -0.969605 -0.194343 0.810418 2 36 0.750000 34 0.250000
  36 20.276892 39.246979 5.120695 -0.673702 0.194190 -0.713033 -0.177961 0.814211 2 36 0.750000 34 0.250000
pyro_hands_red
  34 20.379791 39.492081 5.039725 -0.751719 -0.105908 -0.650923 -0.178339 0.807437 2 34 0.750000 36 0.250000
  34 20.877090 39.309681 4.838804 -0.083661 -0.319735 -0.943806 -0.193479 0.805785 2 34 0.750000 36 0.250000
  36 20.762392 39.047676 4.922964 -0.073715 -0.233307 -0.969605 -0.194343 0.810418 2 36 0.750000 34 0.250000
pyro_hands_red
  34 20.881790 39.770481 4.658114 -0.072362 -0.367569 -0.927177 -0.192364 0.795552 1 34 1.000000
  34 20.877090 39.309681 4.838804 -0.083661 -0.319735 -0.943806 -0.193479 0.805785 2 34 0.750000 36 0.250000
  34 20.379791 39.492081 5.039725 -0.751719 -0.105908 -0.650923 -0.178339 0.807437 2 34 0.750000 36 0.250000
pyro_hands_red
  42 20.250698 38.496277 3.331265 -0.800884 -0.135222 -0.583352 -0.246172 0.786549 2 42 0.800000 40 0.200000
  40 20.095594 39.328377 3.138965 -0.795259 -0.255989 -0.549575 -0.240510 0.771284 1 40 1.000000
  40 20.797995 39.308277 2.802725 -0.150483 -0.289738 -0.945202 -0.256726 0.769320 1 40 1.000000
pyro_hands_red
  42 20.161798 38.674278 3.947036 -0.993761 0.011938 0.110887 -0.227818 0.793197 2 42 0.800000 40 0.200000
  40 20.095594 39.328377 3.138965 -0.795259 -0.255989 -0.549575 -0.240510 0.771284 1 40 1.000000
  42 20.250698 38.496277 3.331265 -0.800884 -0.135222 -0.583352 -0.246172 0.786549 2 42 0.800000 40 0.200000
pyro_hands_red
  42 20.161798 38.674278 3.947036 -0.993761 0.011938 0.110887 -0.227818 0.793197 2 42 0.800000 40 0.200000
  40 20.012295 39.450977 3.806546 -0.980258 -0.152002 0.126449 -0.222039 0.777090 1 40 1.000000
  40 20.095594 39.328377 3.138965 -0.795259 -0.255989 -0.549575 -0.240510 0.771284 1 40 1.000000
pyro_hands_red
  42 20.161798 38.674278 3.947036 -0.993761 0.011938 0.110887 -0.227818 0.793197 2 42 0.800000 40 0.200000
  40 20.244997 39.537579 4.469256 -0.656128 -0.015387 0.754492 -0.204331 0.786340 1 40 1.000000
  40 20.012295 39.450977 3.806546 -0.980258 -0.152002 0.126449 -0.222039 0.777090 1 40 1.000000
pyro_hands_red
  40 20.012295 39.450977 3.806546 -0.980258 -0.152002 0.126449 -0.222039 0.777090 1 40 1.000000
  40 20.244997 39.537579 4.469256 -0.656128 -0.015387 0.754492 -0.204331 0.786340 1 40 1.000000
  40 20.134697 40.333878 4.446986 -0.804258 -0.469303 0.364587 -0.189461 0.770382 1 40 1.000000
pyro_hands_red
  40 20.244997 39.537579 4.469256 -0.656128 -0.015387 0.754492 -0.204331 0.786340 1 40 1.000000
  40 20.885696 40.320076 4.484236 0.244058 -0.674337 0.696926 -0.188549 0.782678 1 40 1.000000
  40 20.134697 40.333878 4.446986 -0.804258 -0.469303 0.364587 -0.189461 0.770382 1 40 1.000000
pyro_hands_red
  34 20.291393 40.267582 4.708334 -0.713548 -0.586518 -0.383204 -0.180868 0.780514 1 34 1.000000
  40 20.134697 40.333878 4.446986 -0.804258 -0.469303 0.364587 -0.189461 0.770382 1 40 1.000000
  40 20.885696 40.320076 4.484236 0.244058 -0.674337 0.696926 -0.188549 0.782678 1 40 1.000000
pyro_hands_red
  34 20.291393 40.267582 4.708334 -0.713548 -0.586518 -0.383204 -0.180868 0.780514 1 34 1.000000
  40 20.885696 40.320076 4.484236 0.244058 -0.674337 0.696926 -0.188549 0.782678 1 40 1.000000
  34 20.887993 40.290882 4.492235 0.084124 -0.780331 -0.619683 -0.186724 0.783185 1 34 1.000000
pyro_hands_red
  34 20.291393 40.267582 4.708334 -0.713548 -0.586518 -0.383204 -0.180868 0.780514 1 34 1.000000
  34 20.887993 40.290882 4.492235 0.084124 -0.780331 -0.619683 -0.186724 0.783185 1 34 1.000000
  34 20.881790 39.770481 4.658114 -0.072362 -0.367569 -0.927177 -0.192364 0.795552 1 34 1.000000
pyro_hands_red
  34 20.291393 40.267582 4.708334 -0.713548 -0.586518 -0.383204 -0.180868 0.780514 1 34 1.000000
  34 20.881790 39.770481 4.658114 -0.072362 -0.367569 -0.927177 -0.192364 0.795552 1 34 1.000000
  34 20.352491 39.853081 4.889744 -0.740713 -0.303163 -0.599530 -0.180699 0.796741 1 34 1.000000
pyro_hands_red
  34 20.881790 39.770481 4.658114 -0.072362 -0.367569 -0.927177 -0.192364 0.795552 1 34 1.000000
  34 20.379791 39.492081 5.039725 -0.751719 -0.105908 -0.650923 -0.178339 0.807437 2 34 0.750000 36 0.250000
  34 20.352491 39.853081 4.889744 -0.740713 -0.303163 -0.599530 -0.180699 0.796741 1 34 1.000000
pyro_hands_red
  34 20.352491 39.853081 4.889744 -0.740713 -0.303163 -0.599530 -0.180699 0.796741 1 34 1.000000
  34 20.379791 39.492081 5.039725 -0.751719 -0.105908 -0.650923 -0.178339 0.807437 2 34 0.750000 36 0.250000
  34 20.170092 39.709183 5.671844 -0.991567 0.128366 -0.017775 -0.152368 0.811433 2 34 0.750000 36 0.250000
pyro_hands_red
  34 20.170092 39.709183 5.671844 -0.991567 0.128366 -0.017775 -0.152368 0.811433 2 34 0.750000 36 0.250000
  34 20.379791 39.492081 5.039725 -0.751719 -0.105908 -0.650923 -0.178339 0.807437 2 34 0.750000 36 0.250000
  36 20.276892 39.246979 5.120695 -0.673702 0.194190 -0.713033 -0.177961 0.814211 2 36 0.750000 34 0.250000
pyro_hands_red
  34 20.170092 39.709183 5.671844 -0.991567 0.128366 -0.017775 -0.152368 0.811433 2 34 0.750000 36 0.250000
  36 20.276892 39.246979 5.120695 -0.673702 0.194190 -0.713033 -0.177961 0.814211 2 36 0.750000 34 0.250000
  36 20.087292 39.445175 5.734755 -0.888060 0.449826 -0.094900 -0.153245 0.818176 2 36 0.750000 34 0.250000
pyro_hands_red
  42 20.250698 38.496277 3.331265 -0.800884 -0.135222 -0.583352 -0.246172 0.786549 2 42 0.800000 40 0.200000
  40 20.797995 39.308277 2.802725 -0.150483 -0.289738 -0.945202 -0.256726 0.769320 1 40 1.000000
  42 20.843998 38.293282 3.098855 -0.150483 -0.289738 -0.945202 -0.259900 0.783115 1 42 1.000000
pyro_hands_red
  34 20.291393 40.267582 4.708334 -0.713548 -0.586518 -0.383204 -0.180868 0.780514 1 34 1.000000
  34 19.967390 40.873383 4.744804 -0.914615 -0.322540 0.243820 -0.165275 0.758033 1 34 1.000000
  40 20.134697 40.333878 4.446986 -0.804258 -0.469303 0.364587 -0.189461 0.770382 1 40 1.000000
pyro_hands_red
  34 20.291393 40.267582 4.708334 -0.713548 -0.586518 -0.383204 -0.180868 0.780514 1 34 1.000000
  34 20.109192 40.623280 5.362183 -0.980258 -0.152001 0.126449 -0.152365 0.780432 1 34 1.000000
  34 19.967390 40.873383 4.744804 -0.914615 -0.322540 0.243820 -0.165275 0.758033 1 34 1.000000
pyro_hands_red
  34 20.291393 40.267582 4.708334 -0.713548 -0.586518 -0.383204 -0.180868 0.780514 1 34 1.000000
  34 20.144892 40.142982 5.561434 -0.997151 -0.051728 0.054899 -0.153804 0.799001 1 34 1.000000
  34 20.109192 40.623280 5.362183 -0.980258 -0.152001 0.126449 -0.152365 0.780432 1 34 1.000000
pyro_hands_red
  34 20.291393 40.267582 4.708334 -0.713548 -0.586518 -0.383204 -0.180868 0.780514 1 34 1.000000
  34 20.352491 39.853081 4.889744 -0.740713 -0.303163 -0.599530 -0.180699 0.796741 1 34 1.000000
  34 20.144892 40.142982 5.561434 -0.997151 -0.051728 0.054899 -0.153804 0.799001 1 34 1.000000
pyro_hands_red
  34 20.352491 39.853081 4.889744 -0.740713 -0.303163 -0.599530 -0.180699 0.796741 1 34 1.000000
  34 20.170092 39.709183 5.671844 -0.991567 0.128366 -0.017775 -0.152368 0.811433 2 34 0.750000 36 0.250000
  34 20.144892 40.142982 5.561434 -0.997151 -0.051728 0.054899 -0.153804 0.799001 1 34 1.000000
pyro_hands_red
  40 20.244997 39.537579 4.469256 -0.656128 -0.015387 0.754492 -0.204331 0.786340 1 40 1.000000
  40 20.926395 39.531578 4.628755 0.060212 0.130862 0.989570 -0.193160 0.794937 1 40 1.000000
  40 20.885696 40.320076 4.484236 0.244058 -0.674337 0.696926 -0.188549 0.782678 1 40 1.000000
pyro_hands_red
  42 20.388899 38.736176 4.542475 -0.676022 0.103426 0.729587 -0.209829 0.799787 2 42 0.800000 40 0.200000
  40 20.926395 39.531578 4.628755 0.060212 0.130862 0.989570 -0.193160 0.794937 1 40 1.000000
  40 20.244997 39.537579 4.469256 -0.656128 -0.015387 0.754492 -0.204331 0.786340 1 40 1.000000
pyro_hands_red
  42 20.161798 38.674278 3.947036 -0.993761 0.011938 0.110887 -0.227818 0.793197 2 42 0.800000 40 0.200000
  42 20.388899 38.736176 4.542475 -0.676022 0.103426 0.729587 -0.209829 0.799787 2 42 0.800000 40 0.200000
  40 20.244997 39.537579 4.469256 -0.656128 -0.015387 0.754492 -0.204331 0.786340 1 40 1.000000
pyro_hands_red
  42 20.388899 38.736176 4.542475 -0.676022 0.103426 0.729587 -0.209829 0.799787 2 42 0.800000 40 0.200000
  42 20.984598 38.567677 4.751095 0.060212 0.130862 0.989570 -0.198033 0.806627 1 42 1.000000
  40 20.926395 39.531578 4.628755 0.060212 0.130862 0.989570 -0.193160 0.794937 1 40 1.000000
pyro_hands_red
  34 20.109192 40.623280 5.362183 -0.980258 -0.152001 0.126449 -0.152365 0.780432 1 34 1.000000
  34 20.253092 41.209381 5.754945 -0.780152 -0.007211 0.625549 -0.129066 0.773967 1 34 1.000000
  34 19.967390 40.873383 4.744804 -0.914615 -0.322540 0.243820 -0.165275 0.758033 1 34 1.000000
pyro_hands_red
  34 20.109192 40.623280 5.362183 -0.980258 -0.152001 0.126449 -0.152365 0.780432 1 34 1.000000
  34 20.352493 40.858482 5.975944 -0.775397 0.161578 0.610452 -0.130062 0.787293 1 34 1.000000
  34 20.253092 41.209381 5.754945 -0.780152 -0.007211 0.625549 -0.129066 0.773967 1 34 1.000000
pyro_hands_red
  34 20.352493 40.858482 5.975944 -0.775397 0.161578 0.610452 -0.130062 0.787293 1 34 1.000000
  34 20.109192 40.623280 5.362183 -0.980258 -0.152001 0.126449 -0.152365 0.780432 1 34 1.000000
  34 20.144892 40.142982 5.561434 -0.997151 -0.051728 0.054899 -0.153804 0.799001 1 34 1.000000
pyro_hands_red
  34 20.352493 40.858482 5.975944 -0.775397 0.161578 0.610452 -0.130062 0.787293 1 34 1.000000
  34 20.144892 40.142982 5.561434 -0.997151 -0.051728 0.054899 -0.153804 0.799001 1 34 1.000000
  34 20.366793 40.325783 6.151424 -0.753346 0.161311 0.637533 -0.132978 0.802288 1 34 1.000000
pyro_hands_red
  34 20.366793 40.325783 6.151424 -0.753346 0.161311 0.637533 -0.132978 0.802288 1 34 1.000000
  34 20.144892 40.142982 5.561434 -0.997151 -0.051728 0.054899 -0.153804 0.799001 1 34 1.000000
  34 20.170092 39.709183 5.671844 -0.991567 0.128366 -0.017775 -0.152368 0.811433 2 34 0.750000 36 0.250000
pyro_hands_red
  34 20.366793 40.325783 6.151424 -0.753346 0.161311 0.637533 -0.132978 0.802288 1 34 1.000000
  34 20.170092 39.709183 5.671844 -0.991567 0.128366 -0.017775 -0.152368 0.811433 2 34 0.750000 36 0.250000
  34 20.367092 39.814980 6.284414 -0.739580 0.261115 0.620355 -0.131482 0.813443 2 34 0.750000 36 0.250000
pyro_hands_red
  34 20.367092 39.814980 6.284414 -0.739580 0.261115 0.620355 -0.131482 0.813443 2 34 0.750000 36 0.250000
  34 20.170092 39.709183 5.671844 -0.991567 0.128366 -0.017775 -0.152368 0.811433 2 34 0.750000 36 0.250000
  36 20.087292 39.445175 5.734755 -0.888060 0.449826 -0.094900 -0.153245 0.818176 2 36 0.750000 34 0.250000
pyro_hands_red
  34 20.367092 39.814980 6.284414 -0.739580 0.261115 0.620355 -0.131482 0.813443 2 34 0.750000 36 0.250000
  36 20.087292 39.445175 5.734755 -0.888060 0.449826 -0.094900 -0.153245 0.818176 2 36 0.750000 34 0.250000
  36 20.277491 39.527473 6.363394 -0.673604 0.458203 0.579920 -0.131297 0.818615 2 36 0.750001 34 0.250000
pyro_hands_red
  36 20.797091 39.437275 6.633964 -0.113301 0.205601 0.972055 -0.119094 0.817531 2 36 0.750000 34 0.250000
  34 20.367092 39.814980 6.284414 -0.739580 0.261115 0.620355 -0.131482 0.813443 2 34 0.750000 36 0.250000
  36 20.277491 39.527473 6.363394 -0.673604 0.458203 0.579920 -0.131297 0.818615 2 36 0.750001 34 0.250000
pyro_hands_red
  36 20.797091 39.437275 6.633964 -0.113301 0.205601 0.972055 -0.119094 0.817531 2 36 0.750000 34 0.250000
  34 20.887093 39.718880 6.574274 -0.121520 0.254175 0.959494 -0.118799 0.815114 2 34 0.750000 36 0.250000
  34 20.367092 39.814980 6.284414 -0.739580 0.261115 0.620355 -0.131482 0.813443 2 34 0.750000 36 0.250000
pyro_hands_red
  34 20.864292 40.305981 6.416044 -0.121520 0.254175 0.959494 -0.118896 0.804878 1 34 1.000000
  34 20.367092 39.814980 6.284414 -0.739580 0.261115 0.620355 -0.131482 0.813443 2 34 0.750000 36 0.250000
  34 20.887093 39.718880 6.574274 -0.121520 0.254175 0.959494 -0.118799 0.815114 2 34 0.750000 36 0.250000
pyro_hands_red
  34 20.864292 40.305981 6.416044 -0.121520 0.254175 0.959494 -0.118896 0.804878 1 34 1.000000
  34 20.366793 40.325783 6.151424 -0.753346 0.161311 0.637533 -0.132978 0.802288 1 34 1.000000
  34 20.367092 39.814980 6.284414 -0.739580 0.261115 0.620355 -0.131482 0.813443 2 34 0.750000 36 0.250000
pyro_hands_red
  34 20.820591 40.971180 6.214344 -0.162053 0.304711 0.938557 -0.117948 0.789455 1 34 1.000000
  34 20.366793 40.325783 6.151424 -0.753346 0.161311 0.637533 -0.132978 0.802288 1 34 1.000000
  34 20.864292 40.305981 6.416044 -0.121520 0.254175 0.959494 -0.118896 0.804878 1 34 1.000000
pyro_hands_red
  34 20.820591 40.971180 6.214344 -0.162053 0.304711 0.938557 -0.117948 0.789455 1 34 1.000000
  34 20.352493 40.858482 5.975944 -0.775397 0.161578 0.610452 -0.130062 0.787293 1 34 1.000000
  34 20.366793 40.325783 6.151424 -0.753346 0.161311 0.637533 -0.132978 0.802288 1 34 1.000000
pyro_hands_red
  34 20.729494 41.366779 6.074734 -0.194202 0.280954 0.939867 -0.117124 0.781138 1 34 1.000000
  34 20.352493 40.858482 5.975944 -0.775397 0.161578 0.610452 -0.130062 0.787293 1 34 1.000000
  34 20.820591 40.971180 6.214344 -0.162053 0.304711 0.938557 -0.117948 0.789455 1 34 1.000000
pyro_hands_red
  34 20.729494 41.366779 6.074734 -0.194202 0.280954 0.939867 -0.117124 0.781138 1 34 1.000000
  34 20.253092 41.209381 5.754945 -0.780152 -0.007211 0.625549 -0.129066 0.773967 1 34 1.000000
  34 20.352493 40.858482 5.975944 -0.775397 0.161578 0.610452 -0.130062 0.787293 1 34 1.000000
pyro_hands_red
  34 20.578995 41.813080 5.916224 -0.151435 0.195515 0.968938 -0.112894 0.772147 1 34 1.000000
  34 20.253092 41.209381 5.754945 -0.780152 -0.007211 0.625549 -0.129066 0.773967 1 34 1.000000
  34 20.729494 41.366779 6.074734 -0.194202 0.280954 0.939867 -0.117124 0.781138 1 34 1.000000
pyro_hands_red
  34 20.578995 41.813080 5.916224 -0.151435 0.195515 0.968938 -0.112894 0.772147 1 34 1.000000
  34 20.039194 41.576283 5.610714 -0.667376 -0.264682 0.696098 -0.124370 0.760714 1 34 1.000000
  34 20.253092 41.209381 5.754945 -0.780152 -0.007211 0.625549 -0.129066 0.773967 1 34 1.000000
pyro_hands_red
  7 16.851603 45.183586 2.829176 -0.934990 -0.286091 0.209633 -0.156473 0.498449 2 7 0.750000 28 0.250000
  7 16.112720 46.178238 1.746639 -0.870516 -0.472607 0.137272 -0.188080 0.437876 2 7 0.850000 5 0.150000
  7 17.017101 44.605980 2.036586 -0.892933 -0.450116 -0.008128 -0.196023 0.516083 2 7 0.750000 28 0.250000
pyro_hands_red
  7 17.109200 44.218182 3.101686 -0.982675 -0.154081 -0.102996 -0.153524 0.541400 2 7 0.500000 28 0.500000
  7 16.851603 45.183586 2.829176 -0.934990 -0.286091 0.209633 -0.156473 0.498449 2 7 0.750000 28 0.250000
  7 17.017101 44.605980 2.036586 -0.892933 -0.450116 -0.008128 -0.196023 0.516083 2 7 0.750000 28 0.250000
pyro_hands_red
  7 16.851603 45.183586 2.829176 -0.934990 -0.286091 0.209633 -0.156473 0.498449 2 7 0.750000 28 0.250000
  7 17.109200 44.218182 3.101686 -0.982675 -0.154081 -0.102996 -0.153524 0.541400 2 7 0.500000 28 0.500000
  7 17.015301 44.922882 3.983176 -0.971951 0.176158 0.155821 -0.111907 0.519565 2 7 0.500000 28 0.500000
pyro_hands_red
  7 17.109200 44.218182 3.101686 -0.982675 -0.154081 -0.102996 -0.153524 0.541400 2 7 0.500000 28 0.500000
  28 16.845497 43.873390 4.624225 -0.992532 0.079433 0.092573 -0.092892 0.566784 1 28 1.000000
  7 17.015301 44.922882 3.983176 -0.971951 0.176158 0.155821 -0.111907 0.519565 2 7 0.500000 28 0.500000
pyro_hands_red
  7 17.109200 44.218182 3.101686 -0.982675 -0.154081 -0.102996 -0.153524 0.541400 2 7 0.500000 28 0.500000
  28 17.042498 43.056984 3.830225 -0.930812 -0.269150 -0.247279 -0.131237 0.594229 2 28 0.750000 7 0.250000
  28 16.845497 43.873390 4.624225 -0.992532 0.079433 0.092573 -0.092892 0.566784 1 28 1.000000
pyro_hands_red
  28 17.042498 43.056984 3.830225 -0.930812 -0.269150 -0.247279 -0.131237 0.594229 2 28 0.750000 7 0.250000
  28 16.932796 42.989189 5.195745 -0.989371 -0.052204 0.135717 -0.077451 0.606616 1 28 1.000000
  28 16.845497 43.873390 4.624225 -0.992532 0.079433 0.092573 -0.092892 0.566784 1 28 1.000000
pyro_hands_red
  28 17.042498 43.056984 3.830225 -0.930812 -0.269150 -0.247279 -0.131237 0.594229 2 28 0.750000 7 0.250000
  28 17.164099 42.348087 4.487763 -0.848861 -0.477704 -0.226350 -0.110369 0.627637 2 28 0.500002 30 0.499998
  28 16.932796 42.989189 5.195745 -0.989371 -0.052204 0.135717 -0.077451 0.606616 1 28 1.000000
pyro_hands_red
  28 17.231894 42.064987 4.894874 -0.791648 -0.553911 -0.257830 -0.096925 0.641879 2 28 0.500000 30 0.500000
  28 16.932796 42.989189 5.195745 -0.989371 -0.052204 0.135717 -0.077451 0.606616 1 28 1.000000
  28 17.164099 42.348087 4.487763 -0.848861 -0.477704 -0.226350 -0.110369 0.627637 2 28 0.500002 30 0.499998
pyro_hands_red
  30 17.884295 41.755386 4.586414 -0.305207 -0.898502 -0.315502 -0.119367 0.664447 2 30 0.500001 28 0.499999
  28 17.231894 42.064987 4.894874 -0.791648 -0.553911 -0.257830 -0.096925 0.641879 2 28 0.500000 30 0.500000
  28 17.164099 42.348087 4.487763 -0.848861 -0.477704 -0.226350 -0.110369 0.627637 2 28 0.500002 30 0.499998
pyro_hands_red
  30 17.922697 41.499489 5.224412 -0.128687 -0.839245 -0.528307 -0.103159 0.675095 1 30 1.000000
  28 17.231894 42.064987 4.894874 -0.791648 -0.553911 -0.257830 -0.096925 0.641879 2 28 0.500000 30 0.500000
  30 17.884295 41.755386 4.586414 -0.305207 -0.898502 -0.315502 -0.119367 0.664447 2 30 0.500001 28 0.499999
pyro_hands_red
  30 18.766003 41.669487 4.529564 -0.102669 -0.989598 -0.100769 -0.139535 0.695719 2 30 0.600000 7 0.400000
  30 17.922697 41.499489 5.224412 -0.128687 -0.839245 -0.528307 -0.103159 0.675095 1 30 1.000000
  30 17.884295 41.755386 4.586414 -0.305207 -0.898502 -0.315502 -0.119367 0.664447 2 30 0.500001 28 0.499999
pyro_hands_red
  30 18.766003 41.669487 4.529564 -0.102669 -0.989598 -0.100769 -0.139535 0.695719 2 30 0.600000 7 0.400000
  30 18.903894 41.670891 5.493073 0.349772 -0.936831 0.002557 -0.114828 0.713310 2 30 0.758100 32 0.241900
  30 17.922697 41.499489 5.224412 -0.128687 -0.839245 -0.528307 -0.103159 0.675095 1 30 1.000000
pyro_hands_red
  30 18.903894 41.670891 5.493073 0.349772 -0.936831 0.002557 -0.114828 0.713310 2 30 0.758100 32 0.241900
  30 18.766003 41.669487 4.529564 -0.102669 -0.989598 -0.100769 -0.139535 0.695719 2 30 0.600000 7 0.400000
  7 19.432507 41.540489 4.517875 -0.464001 -0.869178 0.170974 -0.152768 0.722096 2 7 0.806500 28 0.193500
pyro_hands_red
  30 18.903894 41.670891 5.493073 0.349772 -0.936831 0.002557 -0.114828 0.713310 2 30 0.758100 32 0.241900
  7 19.432507 41.540489 4.517875 -0.464001 -0.869178 0.170974 -0.152768 0.722096 2 7 0.806500 28 0.193500
  28 19.746595 41.884487 5.590394 -0.132561 -0.687965 0.713535 -0.116210 0.749165 3 28 0.637500 34 0.212500 7 0.150000
pyro_hands_red
  28 19.746595 41.884487 5.590394 -0.132561 -0.687965 0.713535 -0.116210 0.749165 3 28 0.637500 34 0.212500 7 0.150000
  7 19.432507 41.540489 4.517875 -0.464001 -0.869178 0.170974 -0.152768 0.722096 2 7 0.806500 28 0.193500
  34 19.701393 41.289776 4.596704 -0.798885 -0.534316 0.276205 -0.158784 0.737620 1 34 1.000000
pyro_hands_red
  28 19.746595 41.884487 5.590394 -0.132561 -0.687965 0.713535 -0.116210 0.749165 3 28 0.637500 34 0.212500 7 0.150000
  34 19.701393 41.289776 4.596704 -0.798885 -0.534316 0.276205 -0.158784 0.737620 1 34 1.000000
  34 20.039194 41.576283 5.610714 -0.667376 -0.264682 0.696098 -0.124370 0.760714 1 34 1.000000
pyro_hands_red
  34 19.967390 40.873383 4.744804 -0.914615 -0.322540 0.243820 -0.165275 0.758033 1 34 1.000000
  34 20.039194 41.576283 5.610714 -0.667376 -0.264682 0.696098 -0.124370 0.760714 1 34 1.000000
  34 19.701393 41.289776 4.596704 -0.798885 -0.534316 0.276205 -0.158784 0.737620 1 34 1.000000
pyro_hands_red
  34 19.967390 40.873383 4.744804 -0.914615 -0.322540 0.243820 -0.165275 0.758033 1 34 1.000000
  34 20.253092 41.209381 5.754945 -0.780152 -0.007211 0.625549 -0.129066 0.773967 1 34 1.000000
  34 20.039194 41.576283 5.610714 -0.667376 -0.264682 0.696098 -0.124370 0.760714 1 34 1.000000
pyro_hands_red
  28 17.231894 42.064987 4.894874 -0.791648 -0.553911 -0.257830 -0.096925 0.641879 2 28 0.500000 30 0.500000
  28 17.004896 42.621391 5.518824 -0.989371 -0.052203 0.135717 -0.069303 0.623522 2 28 0.518600 30 0.481400
  28 16.932796 42.989189 5.195745 -0.989371 -0.052204 0.135717 -0.077451 0.606616 1 28 1.000000
pyro_hands_red
  28 17.004896 42.621391 5.518824 -0.989371 -0.052203 0.135717 -0.069303 0.623522 2 28 0.518600 30 0.481400
  28 17.231894 42.064987 4.894874 -0.791648 -0.553911 -0.257830 -0.096925 0.641879 2 28 0.500000 30 0.500000
  30 17.241095 41.712990 5.422982 -0.770715 -0.461564 -0.439269 -0.084360 0.652311 2 30 0.927500 32 0.072500
pyro_hands_red
  30 17.922697 41.499489 5.224412 -0.128687 -0.839245 -0.528307 -0.103159 0.675095 1 30 1.000000
  30 17.241095 41.712990 5.422982 -0.770715 -0.461564 -0.439269 -0.084360 0.652311 2 30 0.927500 32 0.072500
  28 17.231894 42.064987 4.894874 -0.791648 -0.553911 -0.257830 -0.096925 0.641879 2 28 0.500000 30 0.500000
pyro_hands_red
  30 17.241095 41.712990 5.422982 -0.770715 -0.461564 -0.439269 -0.084360 0.652311 2 30 0.927500 32 0.072500
  30 17.922697 41.499489 5.224412 -0.128687 -0.839245 -0.528307 -0.103159 0.675095 1 30 1.000000
  30 17.866295 41.233788 5.456604 -0.030576 -0.598412 -0.800605 -0.090290 0.679796 2 30 0.829100 32 0.170900
pyro_hands_red
  30 17.922697 41.499489 5.224412 -0.128687 -0.839245 -0.528307 -0.103159 0.675095 1 30 1.000000
  30 18.648695 41.394188 5.713264 0.658507 -0.603436 -0.449704 -0.099729 0.707853 2 30 0.701400 32 0.298600
  30 17.866295 41.233788 5.456604 -0.030576 -0.598412 -0.800605 -0.090290 0.679796 2 30 0.829100 32 0.170900
pyro_hands_red
  30 17.922697 41.499489 5.224412 -0.128687 -0.839245 -0.528307 -0.103159 0.675095 1 30 1.000000
  30 18.903894 41.670891 5.493073 0.349772 -0.936831 0.002557 -0.114828 0.713310 2 30 0.758100 32 0.241900
  30 18.648695 41.394188 5.713264 0.658507 -0.603436 -0.449704 -0.099729 0.707853 2 30 0.701400 32 0.298600
pyro_hands_red
  30 17.241095 41.712990 5.422982 -0.770715 -0.461564 -0.439269 -0.084360 0.652311 2 30 0.927500 32 0.072500
  30 17.866295 41.233788 5.456604 -0.030576 -0.598412 -0.800605 -0.090290 0.679796 2 30 0.829100 32 0.170900
  30 17.181696 41.441792 5.663962 -0.740713 -0.303164 -0.599529 -0.074587 0.660360 2 30 0.820500 32 0.179500
pyro_hands_red
  30 17.043297 42.129894 5.953213 -0.997336 0.034591 0.064220 -0.063336 0.638391 2 30 0.906900 32 0.093100
  30 17.241095 41.712990 5.422982 -0.770715 -0.461564 -0.439269 -0.084360 0.652311 2 30 0.927500 32 0.072500
  30 17.181696 41.441792 5.663962 -0.740713 -0.303164 -0.599529 -0.074587 0.660360 2 30 0.820500 32 0.179500
pyro_hands_red
  28 17.004896 42.621391 5.518824 -0.989371 -0.052203 0.135717 -0.069303 0.623522 2 28 0.518600 30 0.481400
  30 17.241095 41.712990 5.422982 -0.770715 -0.461564 -0.439269 -0.084360 0.652311 2 30 0.927500 32 0.072500
  30 17.043297 42.129894 5.953213 -0.997336 0.034591 0.064220 -0.063336 0.638391 2 30 0.906900 32 0.093100
pyro_hands_red
  30 17.043297 42.129894 5.953213 -0.997336 0.034591 0.064220 -0.063336 0.638391 2 30 0.906900 32 0.093100
  30 17.181696 41.441792 5.663962 -0.740713 -0.303164 -0.599529 -0.074587 0.660360 2 30 0.820500 32 0.179500
  30 17.001194 41.820885 6.178332 -0.988680 0.143286 0.044509 -0.058079 0.647937 2 30 0.774000 32 0.226000
pyro_hands_red
  7 20.372101 42.269279 5.775006 0.082185 -0.021234 0.996391 -0.104740 0.765193 3 7 0.750000 28 0.187500 34 0.062500
  34 20.039194 41.576283 5.610714 -0.667376 -0.264682 0.696098 -0.124370 0.760714 1 34 1.000000
  34 20.578995 41.813080 5.916224 -0.151435 0.195515 0.968938 -0.112894 0.772147 1 34 1.000000
pyro_hands_red
  7 20.372101 42.269279 5.775006 0.082185 -0.021234 0.996391 -0.104740 0.765193 3 7 0.750000 28 0.187500 34 0.062500
  28 19.746595 41.884487 5.590394 -0.132561 -0.687965 0.713535 -0.116210 0.749165 3 28 0.637500 34 0.212500 7 0.150000
  34 20.039194 41.576283 5.610714 -0.667376 -0.264682 0.696098 -0.124370 0.760714 1 34 1.000000
pyro_hands_red
  28 19.746595 41.884487 5.590394 -0.132561 -0.687965 0.713535 -0.116210 0.749165 3 28 0.637500 34 0.212500 7 0.150000
  7 20.372101 42.269279 5.775006 0.082185 -0.021234 0.996391 -0.104740 0.765193 3 7 0.750000 28 0.187500 34 0.062500
  7 20.128702 42.490482 5.829606 0.272339 -0.129971 0.953383 -0.099184 0.761304 3 7 0.500001 28 0.406250 34 0.093750
pyro_hands_red
  28 19.746595 41.884487 5.590394 -0.132561 -0.687965 0.713535 -0.116210 0.749165 3 28 0.637500 34 0.212500 7 0.150000
  7 20.128702 42.490482 5.829606 0.272339 -0.129971 0.953383 -0.099184 0.761304 3 7 0.500001 28 0.406250 34 0.093750
  28 19.613699 42.279484 5.918845 0.326336 -0.350666 0.877803 -0.100896 0.750068 2 28 0.700000 7 0.300000
pyro_hands_red
  30 19.070995 41.965294 6.030772 0.659157 -0.429655 0.617178 -0.101344 0.727106 2 30 0.750000 28 0.250000
  28 19.746595 41.884487 5.590394 -0.132561 -0.687965 0.713535 -0.116210 0.749165 3 28 0.637500 34 0.212500 7 0.150000
  28 19.613699 42.279484 5.918845 0.326336 -0.350666 0.877803 -0.100896 0.750068 2 28 0.700000 7 0.300000
pyro_hands_red
  30 19.070995 41.965294 6.030772 0.659157 -0.429655 0.617178 -0.101344 0.727106 2 30 0.750000 28 0.250000
  30 18.903894 41.670891 5.493073 0.349772 -0.936831 0.002557 -0.114828 0.713310 2 30 0.758100 32 0.241900
  28 19.746595 41.884487 5.590394 -0.132561 -0.687965 0.713535 -0.116210 0.749165 3 28 0.637500 34 0.212500 7 0.150000
pyro_hands_red
  30 18.903894 41.670891 5.493073 0.349772 -0.936831 0.002557 -0.114828 0.713310 2 30 0.758100 32 0.241900
  30 19.070995 41.965294 6.030772 0.659157 -0.429655 0.617178 -0.101344 0.727106 2 30 0.750000 28 0.250000
  30 18.875393 41.698692 6.175292 0.931495 -0.248979 0.265190 -0.097534 0.722375 2 30 0.667100 32 0.332900
pyro_hands_red
  30 18.903894 41.670891 5.493073 0.349772 -0.936831 0.002557 -0.114828 0.713310 2 30 0.758100 32 0.241900
  30 18.875393 41.698692 6.175292 0.931495 -0.248979 0.265190 -0.097534 0.722375 2 30 0.667100 32 0.332900
  30 18.648695 41.394188 5.713264 0.658507 -0.603436 -0.449704 -0.099729 0.707853 2 30 0.701400 32 0.298600
pyro_hands_red
  30 18.810095 41.389996 6.334943 0.988572 -0.113143 0.099620 -0.093880 0.719198 2 30 0.559600 32 0.440400
  30 18.648695 41.394188 5.713264 0.658507 -0.603436 -0.449704 -0.099729 0.707853 2 30 0.701400 32 0.298600
  30 18.875393 41.698692 6.175292 0.931495 -0.248979 0.265190 -0.097534 0.722375 2 30 0.667100 32 0.332900
pyro_hands_red
  30 18.810095 41.389996 6.334943 0.988572 -0.113143 0.099620 -0.093880 0.719198 2 30 0.559600 32 0.440400
  30 18.553194 41.068493 5.850384 0.666776 -0.456096 -0.589394 -0.091273 0.703719 2 30 0.565000 32 0.435000
  30 18.648695 41.394188 5.713264 0.658507 -0.603436 -0.449704 -0.099729 0.707853 2 30 0.701400 32 0.298600
pyro_hands_red
  30 18.553194 41.068493 5.850384 0.666776 -0.456096 -0.589394 -0.091273 0.703719 2 30 0.565000 32 0.435000
  30 17.866295 41.233788 5.456604 -0.030576 -0.598412 -0.800605 -0.090290 0.679796 2 30 0.829100 32 0.170900
  30 18.648695 41.394188 5.713264 0.658507 -0.603436 -0.449704 -0.099729 0.707853 2 30 0.701400 32 0.298600
pyro_hands_red
  30 18.553194 41.068493 5.850384 0.666776 -0.456096 -0.589394 -0.091273 0.703719 2 30 0.565000 32 0.435000
  30 17.819895 40.940994 5.641634 -0.042995 -0.536225 -0.842979 -0.082758 0.682656 2 30 0.615600 32 0.384400
  30 17.866295 41.233788 5.456604 -0.030576 -0.598412 -0.800605 -0.090290 0.679796 2 30 0.829100 32 0.170900
pyro_hands_red
  30 17.819895 40.940994 5.641634 -0.042995 -0.536225 -0.842979 -0.082758 0.682656 2 30 0.615600 32 0.384400
  30 17.181696 41.441792 5.663962 -0.740713 -0.303164 -0.599529 -0.074587 0.660360 2 30 0.820500 32 0.179500
  30 17.866295 41.233788 5.456604 -0.030576 -0.598412 -0.800605 -0.090290 0.679796 2 30 0.829100 32 0.170900
pyro_hands_red
  30 17.819895 40.940994 5.641634 -0.042995 -0.536225 -0.842979 -0.082758 0.682656 2 30 0.615600 32 0.384400
  30 17.121895 41.124893 5.872404 -0.740713 -0.303164 -0.599529 -0.068912 0.665479 2 30 0.593001 32 0.406999
  30 17.181696 41.441792 5.663962 -0.740713 -0.303164 -0.599529 -0.074587 0.660360 2 30 0.820500 32 0.179500
pyro_hands_red
  30 17.121895 41.124893 5.872404 -0.740713 -0.303164 -0.599529 -0.068912 0.665479 2 30 0.593001 32 0.406999
  30 17.001194 41.820885 6.178332 -0.988680 0.143286 0.044509 -0.058079 0.647937 2 30 0.774000 32 0.226000
  30 17.181696 41.441792 5.663962 -0.740713 -0.303164 -0.599529 -0.074587 0.660360 2 30 0.820500 32 0.179500
pyro_hands_red
  30 17.121895 41.124893 5.872404 -0.740713 -0.303164 -0.599529 -0.068912 0.665479 2 30 0.593001 32 0.406999
  30 16.936592 41.500393 6.400344 -0.980802 0.174684 0.086672 -0.055278 0.653114 2 30 0.582700 32 0.417300
  30 17.001194 41.820885 6.178332 -0.988680 0.143286 0.044509 -0.058079 0.647937 2 30 0.774000 32 0.226000
pyro_hands_red
  5 15.962730 48.392303 3.270574 -0.630458 -0.152194 0.761157 -0.091461 0.365961 2 5 0.750000 7 0.250000
  5 15.304496 49.871326 3.032150 -0.540399 -0.101204 0.835300 -0.083160 0.329574 1 5 1.000000
  5 14.642737 49.353836 2.241668 -0.792479 -0.336861 0.508431 -0.130226 0.328380 1 5 1.000000
pyro_hands_red
  5 15.427341 47.872536 2.450355 -0.816718 -0.357289 0.453118 -0.137199 0.369502 2 5 0.750000 7 0.250000
  5 14.642737 49.353836 2.241668 -0.792479 -0.336861 0.508431 -0.130226 0.328380 1 5 1.000000
  5 14.507277 48.969269 1.231931 -0.861438 -0.475992 0.177079 -0.176146 0.328956 1 5 1.000000
pyro_hands_red
  5 15.962730 48.392303 3.270574 -0.630458 -0.152194 0.761157 -0.091461 0.365961 2 5 0.750000 7 0.250000
  5 14.642737 49.353836 2.241668 -0.792479 -0.336861 0.508431 -0.130226 0.328380 1 5 1.000000
  5 15.427341 47.872536 2.450355 -0.816718 -0.357289 0.453118 -0.137199 0.369502 2 5 0.750000 7 0.250000
pyro_hands_red
  7 16.489862 47.207867 3.461509 -0.715762 -0.204659 0.667682 -0.102240 0.419056 2 7 0.850000 5 0.150000
  5 15.962730 48.392303 3.270574 -0.630458 -0.152194 0.761157 -0.091461 0.365961 2 5 0.750000 7 0.250000
  5 15.427341 47.872536 2.450355 -0.816718 -0.357289 0.453118 -0.137199 0.369502 2 5 0.750000 7 0.250000
pyro_hands_red
  5 15.398782 47.419403 1.517750 -0.870516 -0.472607 0.137272 -0.181809 0.376137 2 5 0.750000 7 0.250000
  5 14.507277 48.969269 1.231931 -0.861438 -0.475992 0.177079 -0.176146 0.328956 1 5 1.000000
  5 14.587477 48.663788 0.132339 -0.853049 -0.521107 0.027469 -0.225086 0.329459 1 5 1.000000
pyro_hands_red
  5 15.427341 47.872536 2.450355 -0.816718 -0.357289 0.453118 -0.137199 0.369502 2 5 0.750000 7 0.250000
  5 14.507277 48.969269 1.231931 -0.861438 -0.475992 0.177079 -0.176146 0.328956 1 5 1.000000
  5 15.398782 47.419403 1.517750 -0.870516 -0.472607 0.137272 -0.181809 0.376137 2 5 0.750000 7 0.250000
pyro_hands_red
  7 16.055670 46.686275 2.617475 -0.838703 -0.377423 0.392593 -0.145702 0.426388 2 7 0.850000 5 0.150000
  5 15.427341 47.872536 2.450355 -0.816718 -0.357289 0.453118 -0.137199 0.369502 2 5 0.750000 7 0.250000
  5 15.398782 47.419403 1.517750 -0.870516 -0.472607 0.137272 -0.181809 0.376137 2 5 0.750000 7 0.250000
pyro_hands_red
  7 16.489862 47.207867 3.461509 -0.715762 -0.204659 0.667682 -0.102240 0.419056 2 7 0.850000 5 0.150000
  5 15.427341 47.872536 2.450355 -0.816718 -0.357289 0.453118 -0.137199 0.369502 2 5 0.750000 7 0.250000
  7 16.055670 46.686275 2.617475 -0.838703 -0.377423 0.392593 -0.145702 0.426388 2 7 0.850000 5 0.150000
pyro_hands_red
  7 17.157602 45.707481 3.703375 -0.889136 -0.033296 0.456430 -0.115894 0.486313 2 7 0.670001 28 0.329999
  7 16.489862 47.207867 3.461509 -0.715762 -0.204659 0.667682 -0.102240 0.419056 2 7 0.850000 5 0.150000
  7 16.055670 46.686275 2.617475 -0.838703 -0.377423 0.392593 -0.145702 0.426388 2 7 0.850000 5 0.150000
pyro_hands_red
  5 15.551620 47.066071 0.559175 -0.852038 -0.522456 -0.032729 -0.227059 0.381507 2 5 0.750000 7 0.250000
  5 14.587477 48.663788 0.132339 -0.853049 -0.521107 0.027469 -0.225086 0.329459 1 5 1.000000
  5 14.782189 48.518990 -0.864767 -0.813612 -0.561244 -0.151788 -0.268948 0.326850 1 5 1.000000
pyro_hands_red
  5 15.398782 47.419403 1.517750 -0.870516 -0.472607 0.137272 -0.181809 0.376137 2 5 0.750000 7 0.250000
  5 14.587477 48.663788 0.132339 -0.853049 -0.521107 0.027469 -0.225086 0.329459 1 5 1.000000
  5 15.551620 47.066071 0.559175 -0.852038 -0.522456 -0.032729 -0.227059 0.381507 2 5 0.750000 7 0.250000
pyro_hands_red
  7 16.112720 46.178238 1.746639 -0.870516 -0.472607 0.137272 -0.188080 0.437876 2 7 0.850000 5 0.150000
  5 15.398782 47.419403 1.517750 -0.870516 -0.472607 0.137272 -0.181809 0.376137 2 5 0.750000 7 0.250000
  5 15.551620 47.066071 0.559175 -0.852038 -0.522456 -0.032729 -0.227059 0.381507 2 5 0.750000 7 0.250000
pyro_hands_red
  7 16.055670 46.686275 2.617475 -0.838703 -0.377423 0.392593 -0.145702 0.426388 2 7 0.850000 5 0.150000
  5 15.398782 47.419403 1.517750 -0.870516 -0.472607 0.137272 -0.181809 0.376137 2 5 0.750000 7 0.250000
  7 16.112720 46.178238 1.746639 -0.870516 -0.472607 0.137272 -0.188080 0.437876 2 7 0.850000 5 0.150000
pyro_hands_red
  7 16.851603 45.183586 2.829176 -0.934990 -0.286091 0.209633 -0.156473 0.498449 2 7 0.750000 28 0.250000
  7 16.055670 46.686275 2.617475 -0.838703 -0.377423 0.392593 -0.145702 0.426388 2 7 0.850000 5 0.150000
  7 16.112720 46.178238 1.746639 -0.870516 -0.472607 0.137272 -0.188080 0.437876 2 7 0.850000 5 0.150000
pyro_hands_red
  7 17.157602 45.707481 3.703375 -0.889136 -0.033296 0.456430 -0.115894 0.486313 2 7 0.670001 28 0.329999
  7 16.055670 46.686275 2.617475 -0.838703 -0.377423 0.392593 -0.145702 0.426388 2 7 0.850000 5 0.150000
  7 16.851603 45.183586 2.829176 -0.934990 -0.286091 0.209633 -0.156473 0.498449 2 7 0.750000 28 0.250000
pyro_hands_red
  7 16.851603 45.183586 2.829176 -0.934990 -0.286091 0.209633 -0.156473 0.498449 2 7 0.750000 28 0.250000
  7 17.015301 44.922882 3.983176 -0.971951 0.176158 0.155821 -0.111907 0.519565 2 7 0.500000 28 0.500000
  7 17.157602 45.707481 3.703375 -0.889136 -0.033296 0.456430 -0.115894 0.486313 2 7 0.670001 28 0.329999
pyro_hands_red
  52 19.314394 40.059078 0.014146 -0.942040 -0.147961 -0.301113 -0.351187 0.686492 1 52 1.000000
  52 19.201496 40.681877 -0.052837 -0.898149 -0.266262 -0.349905 -0.342360 0.663081 1 52 1.000000
  52 19.496296 40.633179 -0.378797 -0.474925 -0.206619 -0.855427 -0.359207 0.660929 1 52 1.000000
pyro_hands_red
  52 19.201496 40.681877 -0.052837 -0.898149 -0.266262 -0.349905 -0.342360 0.663081 1 52 1.000000
  7 19.257603 41.637081 -0.547684 -0.426713 -0.235606 -0.873159 -0.350314 0.621937 1 7 1.000000
  52 19.496296 40.633179 -0.378797 -0.474925 -0.206619 -0.855427 -0.359207 0.660929 1 52 1.000000
pyro_hands_red
  52 19.201496 40.681877 -0.052837 -0.898149 -0.266262 -0.349905 -0.342360 0.663081 1 52 1.000000
  7 18.919102 41.660480 -0.225659 -0.842387 -0.301954 -0.446326 -0.332218 0.623445 1 7 1.000000
  7 19.257603 41.637081 -0.547684 -0.426713 -0.235606 -0.873159 -0.350314 0.621937 1 7 1.000000
pyro_hands_red
  7 18.919102 41.660480 -0.225659 -0.842387 -0.301954 -0.446326 -0.332218 0.623445 1 7 1.000000
  7 19.036903 42.884884 -0.738227 -0.353663 -0.207976 -0.911959 -0.344085 0.573426 1 7 1.000000
  7 19.257603 41.637081 -0.547684 -0.426713 -0.235606 -0.873159 -0.350314 0.621937 1 7 1.000000
pyro_hands_red
  7 18.919102 41.660480 -0.225659 -0.842387 -0.301954 -0.446326 -0.332218 0.623445 1 7 1.000000
  7 18.647804 42.853985 -0.437780 -0.741308 -0.339201 -0.579141 -0.325098 0.575020 1 7 1.000000
  7 19.036903 42.884884 -0.738227 -0.353663 -0.207976 -0.911959 -0.344085 0.573426 1 7 1.000000
pyro_hands_red
  7 18.647804 42.853985 -0.437780 -0.741308 -0.339201 -0.579141 -0.325098 0.575020 1 7 1.000000
  7 18.617161 44.001312 -0.830682 -0.262517 -0.343113 -0.901864 -0.343372 0.530768 1 7 1.000000
  7 19.036903 42.884884 -0.738227 -0.353663 -0.207976 -0.911959 -0.344085 0.573426 1 7 1.000000
pyro_hands_red
  7 18.647804 42.853985 -0.437780 -0.741308 -0.339201 -0.579141 -0.325098 0.575020 1 7 1.000000
  7 18.152906 43.949482 -0.580966 -0.595310 -0.472391 -0.649964 -0.322173 0.529802 1 7 1.000000
  7 18.617161 44.001312 -0.830682 -0.262517 -0.343113 -0.901864 -0.343372 0.530768 1 7 1.000000
pyro_hands_red
  7 18.152906 43.949482 -0.580966 -0.595310 -0.472391 -0.649964 -0.322173 0.529802 1 7 1.000000
  7 17.918669 45.800819 -1.671604 -0.182948 -0.467662 -0.864767 -0.367016 0.443158 2 7 0.850000 5 0.150000
  7 18.617161 44.001312 -0.830682 -0.262517 -0.343113 -0.901864 -0.343372 0.530768 1 7 1.000000
pyro_hands_red
  7 18.152906 43.949482 -0.580966 -0.595310 -0.472391 -0.649964 -0.322173 0.529802 1 7 1.000000
  7 17.203106 45.633488 -1.241935 -0.513555 -0.551894 -0.657019 -0.330656 0.442645 2 7 0.850000 5 0.150000
  7 17.918669 45.800819 -1.671604 -0.182948 -0.467662 -0.864767 -0.367016 0.443158 2 7 0.850000 5 0.150000
pyro_hands_red
  5 16.453312 46.962875 -1.763716 -0.513555 -0.551894 -0.657019 -0.337352 0.373842 2 5 0.750000 7 0.250000
  7 17.918669 45.800819 -1.671604 -0.182948 -0.467662 -0.864767 -0.367016 0.443158 2 7 0.850000 5 0.150000
  7 17.203106 45.633488 -1.241935 -0.513555 -0.551894 -0.657019 -0.330656 0.442645 2 7 0.850000 5 0.150000
pyro_hands_red
  5 16.043411 46.872543 -1.108852 -0.713547 -0.586519 -0.383204 -0.303759 0.377869 2 5 0.750000 7 0.250000
  5 16.453312 46.962875 -1.763716 -0.513555 -0.551894 -0.657019 -0.337352 0.373842 2 5 0.750000 7 0.250000
  7 17.203106 45.633488 -1.241935 -0.513555 -0.551894 -0.657019 -0.330656 0.442645 2 7 0.850000 5 0.150000
pyro_hands_red
  5 15.033701 48.501427 -1.629766 -0.713547 -0.586519 -0.383204 -0.303030 0.323034 1 5 1.000000
  5 16.453312 46.962875 -1.763716 -0.513555 -0.551894 -0.657019 -0.337352 0.373842 2 5 0.750000 7 0.250000
  5 16.043411 46.872543 -1.108852 -0.713547 -0.586519 -0.383204 -0.303759 0.377869 2 5 0.750000 7 0.250000
pyro_hands_red
  5 14.782189 48.518990 -0.864767 -0.813612 -0.561244 -0.151788 -0.268948 0.326850 1 5 1.000000
  5 15.033701 48.501427 -1.629766 -0.713547 -0.586519 -0.383204 -0.303030 0.323034 1 5 1.000000
  5 16.043411 46.872543 -1.108852 -0.713547 -0.586519 -0.383204 -0.303759 0.377869 2 5 0.750000 7 0.250000
pyro_hands_red
  5 14.782189 48.518990 -0.864767 -0.813612 -0.561244 -0.151788 -0.268948 0.326850 1 5 1.000000
  5 16.043411 46.872543 -1.108852 -0.713547 -0.586519 -0.383204 -0.303759 0.377869 2 5 0.750000 7 0.250000
  5 15.792044 46.896263 -0.394071 -0.807938 -0.552552 -0.204749 -0.270960 0.380968 2 5 0.750000 7 0.250000
pyro_hands_red
  5 15.551620 47.066071 0.559175 -0.852038 -0.522456 -0.032729 -0.227059 0.381507 2 5 0.750000 7 0.250000
  5 14.782189 48.518990 -0.864767 -0.813612 -0.561244 -0.151788 -0.268948 0.326850 1 5 1.000000
  5 15.792044 46.896263 -0.394071 -0.807938 -0.552552 -0.204749 -0.270960 0.380968 2 5 0.750000 7 0.250000
pyro_hands_red
  7 16.323734 45.786575 0.900995 -0.852038 -0.522456 -0.032729 -0.229114 0.447143 2 7 0.850000 5 0.150000
  5 15.551620 47.066071 0.559175 -0.852038 -0.522456 -0.032729 -0.227059 0.381507 2 5 0.750000 7 0.250000
  5 15.792044 46.896263 -0.394071 -0.807938 -0.552552 -0.204749 -0.270960 0.380968 2 5 0.750000 7 0.250000
pyro_hands_red
  7 16.112720 46.178238 1.746639 -0.870516 -0.472607 0.137272 -0.188080 0.437876 2 7 0.850000 5 0.150000
  5 15.551620 47.066071 0.559175 -0.852038 -0.522456 -0.032729 -0.227059 0.381507 2 5 0.750000 7 0.250000
  7 16.323734 45.786575 0.900995 -0.852038 -0.522456 -0.032729 -0.229114 0.447143 2 7 0.850000 5 0.150000
pyro_hands_red
  7 17.017101 44.605980 2.036586 -0.892933 -0.450116 -0.008128 -0.196023 0.516083 2 7 0.750000 28 0.250000
  7 16.112720 46.178238 1.746639 -0.870516 -0.472607 0.137272 -0.188080 0.437876 2 7 0.850000 5 0.150000
  7 16.323734 45.786575 0.900995 -0.852038 -0.522456 -0.032729 -0.229114 0.447143 2 7 0.850000 5 0.150000
pyro_hands_red
  7 18.152906 43.949482 -0.580966 -0.595310 -0.472391 -0.649964 -0.322173 0.529802 1 7 1.000000
  7 18.647804 42.853985 -0.437780 -0.741308 -0.339201 -0.579141 -0.325098 0.575020 1 7 1.000000
  7 18.477106 42.844280 0.018784 -0.870935 -0.432738 -0.232831 -0.305891 0.578931 1 7 1.000000
pyro_hands_red
  7 18.919102 41.660480 -0.225659 -0.842387 -0.301954 -0.446326 -0.332218 0.623445 1 7 1.000000
  7 18.477106 42.844280 0.018784 -0.870935 -0.432738 -0.232831 -0.305891 0.578931 1 7 1.000000
  7 18.647804 42.853985 -0.437780 -0.741308 -0.339201 -0.579141 -0.325098 0.575020 1 7 1.000000
pyro_hands_red
  7 18.919102 41.660480 -0.225659 -0.842387 -0.301954 -0.446326 -0.332218 0.623445 1 7 1.000000
  7 18.843002 41.729382 0.207731 -0.940567 -0.331653 -0.073071 -0.314726 0.626635 1 7 1.000000
  7 18.477106 42.844280 0.018784 -0.870935 -0.432738 -0.232831 -0.305891 0.578931 1 7 1.000000
pyro_hands_red
  7 18.843002 41.729382 0.207731 -0.940567 -0.331653 -0.073071 -0.314726 0.626635 1 7 1.000000
  7 18.919102 41.660480 -0.225659 -0.842387 -0.301954 -0.446326 -0.332218 0.623445 1 7 1.000000
  52 19.201496 40.681877 -0.052837 -0.898149 -0.266262 -0.349905 -0.342360 0.663081 1 52 1.000000
pyro_hands_red
  5 16.453312 46.962875 -1.763716 -0.513555 -0.551894 -0.657019 -0.337352 0.373842 2 5 0.750000 7 0.250000
  5 17.367279 47.221420 -2.335444 -0.182948 -0.467662 -0.864767 -0.385681 0.373996 2 5 0.750000 7 0.250000
  7 17.918669 45.800819 -1.671604 -0.182948 -0.467662 -0.864767 -0.367016 0.443158 2 7 0.850000 5 0.150000
pyro_hands_red
  5 15.517036 48.622898 -2.415274 -0.513555 -0.551894 -0.657019 -0.342528 0.317839 1 5 1.000000
  5 17.367279 47.221420 -2.335444 -0.182948 -0.467662 -0.864767 -0.385681 0.373996 2 5 0.750000 7 0.250000
  5 16.453312 46.962875 -1.763716 -0.513555 -0.551894 -0.657019 -0.337352 0.373842 2 5 0.750000 7 0.250000
pyro_hands_red
  5 15.033701 48.501427 -1.629766 -0.713547 -0.586519 -0.383204 -0.303030 0.323034 1 5 1.000000
  5 15.517036 48.622898 -2.415274 -0.513555 -0.551894 -0.657019 -0.342528 0.317839 1 5 1.000000
  5 16.453312 46.962875 -1.763716 -0.513555 -0.551894 -0.657019 -0.337352 0.373842 2 5 0.750000 7 0.250000
pyro_hands_red
  5 15.517036 48.622898 -2.415274 -0.513555 -0.551894 -0.657019 -0.342528 0.317839 1 5 1.000000
  5 16.678749 48.995346 -3.164394 -0.147661 -0.485372 -0.861748 -0.403830 0.317546 1 5 1.000000
  5 17.367279 47.221420 -2.335444 -0.182948 -0.467662 -0.864767 -0.385681 0.373996 2 5 0.750000 7 0.250000
pyro_hands_red
  40 20.095594 39.328377 3.138965 -0.795259 -0.255989 -0.549575 -0.240510 0.771284 1 40 1.000000
  40 19.905893 40.241577 3.659986 -0.965365 -0.224705 0.132584 -0.214180 0.754024 1 40 1.000000
  40 19.979195 40.162876 2.909216 -0.813940 -0.580687 -0.017440 -0.240623 0.748307 1 40 1.000000
pyro_hands_red
  40 19.718496 40.556175 2.874626 -0.870517 -0.472606 0.137272 -0.235126 0.727981 1 40 1.000000
  40 19.979195 40.162876 2.909216 -0.813940 -0.580687 -0.017440 -0.240623 0.748307 1 40 1.000000
  40 19.905893 40.241577 3.659986 -0.965365 -0.224705 0.132584 -0.214180 0.754024 1 40 1.000000
pyro_hands_red
  40 19.979195 40.162876 2.909216 -0.813940 -0.580687 -0.017440 -0.240623 0.748307 1 40 1.000000
  40 19.718496 40.556175 2.874626 -0.870517 -0.472606 0.137272 -0.235126 0.727981 1 40 1.000000
  46 19.661293 40.464985 2.323616 -0.833534 -0.507744 0.217755 -0.257656 0.720052 1 46 1.000000
pyro_hands_red
  46 19.661293 40.464985 2.323616 -0.833534 -0.507744 0.217755 -0.257656 0.720052 1 46 1.000000
  40 19.718496 40.556175 2.874626 -0.870517 -0.472606 0.137272 -0.235126 0.727981 1 40 1.000000
  40 19.410297 41.156078 2.827735 -0.878878 -0.448540 0.162432 -0.225156 0.700685 1 40 1.000000
pyro_hands_red
  46 19.661293 40.464985 2.323616 -0.833534 -0.507744 0.217755 -0.257656 0.720052 1 46 1.000000
  40 19.410297 41.156078 2.827735 -0.878878 -0.448540 0.162432 -0.225156 0.700685 1 40 1.000000
  46 19.310291 40.986286 1.853106 -0.903792 -0.393188 0.169007 -0.265584 0.687208 1 46 1.000000
pyro_hands_red
  7 19.140257 41.724701 2.835034 -0.771531 -0.636189 -0.002051 -0.213398 0.675883 1 7 1.000000
  46 19.310291 40.986286 1.853106 -0.903792 -0.393188 0.169007 -0.265584 0.687208 1 46 1.000000
  40 19.410297 41.156078 2.827735 -0.878878 -0.448540 0.162432 -0.225156 0.700685 1 40 1.000000
pyro_hands_red
  7 19.140257 41.724701 2.835034 -0.771531 -0.636189 -0.002051 -0.213398 0.675883 1 7 1.000000
  7 18.906101 41.885277 1.795016 -0.853049 -0.521107 0.027469 -0.250798 0.647337 1 7 1.000000
  46 19.310291 40.986286 1.853106 -0.903792 -0.393188 0.169007 -0.265584 0.687208 1 46 1.000000
pyro_hands_red
  7 18.221998 42.363480 2.968885 -0.593652 -0.757027 -0.272923 -0.187990 0.633666 2 7 0.655800 28 0.344200
  7 18.906101 41.885277 1.795016 -0.853049 -0.521107 0.027469 -0.250798 0.647337 1 7 1.000000
  7 19.140257 41.724701 2.835034 -0.771531 -0.636189 -0.002051 -0.213398 0.675883 1 7 1.000000
pyro_hands_red
  7 18.221998 42.363480 2.968885 -0.593652 -0.757027 -0.272923 -0.187990 0.633666 2 7 0.655800 28 0.344200
  7 18.008499 42.994781 1.807966 -0.785342 -0.593392 -0.176420 -0.226839 0.589406 2 7 0.919000 28 0.081000
  7 18.906101 41.885277 1.795016 -0.853049 -0.521107 0.027469 -0.250798 0.647337 1 7 1.000000
pyro_hands_red
  7 17.390898 43.630383 2.430695 -0.870935 -0.432738 -0.232831 -0.188000 0.561790 2 7 0.500000 28 0.500000
  7 18.008499 42.994781 1.807966 -0.785342 -0.593392 -0.176420 -0.226839 0.589406 2 7 0.919000 28 0.081000
  7 18.221998 42.363480 2.968885 -0.593652 -0.757027 -0.272923 -0.187990 0.633666 2 7 0.655800 28 0.344200
pyro_hands_red
  7 17.301804 44.165779 1.333996 -0.848918 -0.512580 -0.128839 -0.231717 0.530288 2 7 0.850000 28 0.150000
  7 18.008499 42.994781 1.807966 -0.785342 -0.593392 -0.176420 -0.226839 0.589406 2 7 0.919000 28 0.081000
  7 17.390898 43.630383 2.430695 -0.870935 -0.432738 -0.232831 -0.188000 0.561790 2 7 0.500000 28 0.500000
pyro_hands_red
  7 17.301804 44.165779 1.333996 -0.848918 -0.512580 -0.128839 -0.231717 0.530288 2 7 0.850000 28 0.150000
  7 17.390898 43.630383 2.430695 -0.870935 -0.432738 -0.232831 -0.188000 0.561790 2 7 0.500000 28 0.500000
  7 17.017101 44.605980 2.036586 -0.892933 -0.450116 -0.008128 -0.196023 0.516083 2 7 0.750000 28 0.250000
pyro_hands_red
  7 17.017101 44.605980 2.036586 -0.892933 -0.450116 -0.008128 -0.196023 0.516083 2 7 0.750000 28 0.250000
  7 16.323734 45.786575 0.900995 -0.852038 -0.522456 -0.032729 -0.229114 0.447143 2 7 0.850000 5 0.150000
  7 17.301804 44.165779 1.333996 -0.848918 -0.512580 -0.128839 -0.231717 0.530288 2 7 0.850000 28 0.150000
pyro_hands_red
  7 17.301804 44.165779 1.333996 -0.848918 -0.512580 -0.128839 -0.231717 0.530288 2 7 0.850000 28 0.150000
  7 16.323734 45.786575 0.900995 -0.852038 -0.522456 -0.032729 -0.229114 0.447143 2 7 0.850000 5 0.150000
  7 16.600763 45.596745 -0.017128 -0.807938 -0.552552 -0.204749 -0.271917 0.448262 2 7 0.850000 5 0.150000
pyro_hands_red
  7 16.323734 45.786575 0.900995 -0.852038 -0.522456 -0.032729 -0.229114 0.447143 2 7 0.850000 5 0.150000
  5 15.792044 46.896263 -0.394071 -0.807938 -0.552552 -0.204749 -0.270960 0.380968 2 5 0.750000 7 0.250000
  7 16.600763 45.596745 -0.017128 -0.807938 -0.552552 -0.204749 -0.271917 0.448262 2 7 0.850000 5 0.150000
pyro_hands_red
  5 15.792044 46.896263 -0.394071 -0.807938 -0.552552 -0.204749 -0.270960 0.380968 2 5 0.750000 7 0.250000
  7 16.852013 45.568092 -0.691693 -0.713547 -0.586519 -0.383204 -0.302808 0.445738 2 7 0.850000 5 0.150000
  7 16.600763 45.596745 -0.017128 -0.807938 -0.552552 -0.204749 -0.271917 0.448262 2 7 0.850000 5 0.150000
pyro_hands_red
  5 15.792044 46.896263 -0.394071 -0.807938 -0.552552 -0.204749 -0.270960 0.380968 2 5 0.750000 7 0.250000
  5 16.043411 46.872543 -1.108852 -0.713547 -0.586519 -0.383204 -0.303759 0.377869 2 5 0.750000 7 0.250000
  7 16.852013 45.568092 -0.691693 -0.713547 -0.586519 -0.383204 -0.302808 0.445738 2 7 0.850000 5 0.150000
pyro_hands_red
  5 16.043411 46.872543 -1.108852 -0.713547 -0.586519 -0.383204 -0.303759 0.377869 2 5 0.750000 7 0.250000
  7 17.203106 45.633488 -1.241935 -0.513555 -0.551894 -0.657019 -0.330656 0.442645 2 7 0.850000 5 0.150000
  7 16.852013 45.568092 -0.691693 -0.713547 -0.586519 -0.383204 -0.302808 0.445738 2 7 0.850000 5 0.150000
pyro_hands_red
  46 19.607393 40.272484 1.928625 -0.833534 -0.507744 0.217755 -0.276197 0.718514 1 46 1.000000
  46 19.661293 40.464985 2.323616 -0.833534 -0.507744 0.217755 -0.257656 0.720052 1 46 1.000000
  46 19.310291 40.986286 1.853106 -0.903792 -0.393188 0.169007 -0.265584 0.687208 1 46 1.000000
pyro_hands_red
  7 18.906101 41.885277 1.795016 -0.853049 -0.521107 0.027469 -0.250798 0.647337 1 7 1.000000
  7 18.324503 42.854481 0.731310 -0.848918 -0.512580 -0.128839 -0.276021 0.585407 1 7 1.000000
  7 18.847500 41.818882 0.886169 -0.910511 -0.412867 0.022591 -0.287413 0.633735 1 7 1.000000
pyro_hands_red
  7 18.906101 41.885277 1.795016 -0.853049 -0.521107 0.027469 -0.250798 0.647337 1 7 1.000000
  7 18.008499 42.994781 1.807966 -0.785342 -0.593392 -0.176420 -0.226839 0.589406 2 7 0.919000 28 0.081000
  7 18.324503 42.854481 0.731310 -0.848918 -0.512580 -0.128839 -0.276021 0.585407 1 7 1.000000
pyro_hands_red
  7 18.008499 42.994781 1.807966 -0.785342 -0.593392 -0.176420 -0.226839 0.589406 2 7 0.919000 28 0.081000
  7 17.625206 43.950584 0.460367 -0.807938 -0.552552 -0.204749 -0.273128 0.533507 1 7 1.000000
  7 18.324503 42.854481 0.731310 -0.848918 -0.512580 -0.128839 -0.276021 0.585407 1 7 1.000000
pyro_hands_red
  7 18.008499 42.994781 1.807966 -0.785342 -0.593392 -0.176420 -0.226839 0.589406 2 7 0.919000 28 0.081000
  7 17.301804 44.165779 1.333996 -0.848918 -0.512580 -0.128839 -0.231717 0.530288 2 7 0.850000 28 0.150000
  7 17.625206 43.950584 0.460367 -0.807938 -0.552552 -0.204749 -0.273128 0.533507 1 7 1.000000
pyro_hands_red
  7 17.301804 44.165779 1.333996 -0.848918 -0.512580 -0.128839 -0.231717 0.530288 2 7 0.850000 28 0.150000
  7 16.600763 45.596745 -0.017128 -0.807938 -0.552552 -0.204749 -0.271917 0.448262 2 7 0.850000 5 0.150000
  7 17.625206 43.950584 0.460367 -0.807938 -0.552552 -0.204749 -0.273128 0.533507 1 7 1.000000
pyro_hands_red
  7 16.600763 45.596745 -0.017128 -0.807938 -0.552552 -0.204749 -0.271917 0.448262 2 7 0.850000 5 0.150000
  7 17.876307 43.915684 -0.163255 -0.765367 -0.536214 -0.355933 -0.301604 0.531710 1 7 1.000000
  7 17.625206 43.950584 0.460367 -0.807938 -0.552552 -0.204749 -0.273128 0.533507 1 7 1.000000
pyro_hands_red
  7 16.600763 45.596745 -0.017128 -0.807938 -0.552552 -0.204749 -0.271917 0.448262 2 7 0.850000 5 0.150000
  7 16.852013 45.568092 -0.691693 -0.713547 -0.586519 -0.383204 -0.302808 0.445738 2 7 0.850000 5 0.150000
  7 17.876307 43.915684 -0.163255 -0.765367 -0.536214 -0.355933 -0.301604 0.531710 1 7 1.000000
pyro_hands_red
  7 17.876307 43.915684 -0.163255 -0.765367 -0.536214 -0.355933 -0.301604 0.531710 1 7 1.000000
  7 18.324503 42.854481 0.731310 -0.848918 -0.512580 -0.128839 -0.276021 0.585407 1 7 1.000000
  7 17.625206 43.950584 0.460367 -0.807938 -0.552552 -0.204749 -0.273128 0.533507 1 7 1.000000
pyro_hands_red
  28 17.042498 43.056984 3.830225 -0.930812 -0.269150 -0.247279 -0.131237 0.594229 2 28 0.750000 7 0.250000
  7 17.109200 44.218182 3.101686 -0.982675 -0.154081 -0.102996 -0.153524 0.541400 2 7 0.500000 28 0.500000
  7 17.390898 43.630383 2.430695 -0.870935 -0.432738 -0.232831 -0.188000 0.561790 2 7 0.500000 28 0.500000
pyro_hands_red
  7 17.109200 44.218182 3.101686 -0.982675 -0.154081 -0.102996 -0.153524 0.541400 2 7 0.500000 28 0.500000
  7 17.017101 44.605980 2.036586 -0.892933 -0.450116 -0.008128 -0.196023 0.516083 2 7 0.750000 28 0.250000
  7 17.390898 43.630383 2.430695 -0.870935 -0.432738 -0.232831 -0.188000 0.561790 2 7 0.500000 28 0.500000
pyro_hands_red
  7 16.852013 45.568092 -0.691693 -0.713547 -0.586519 -0.383204 -0.302808 0.445738 2 7 0.850000 5 0.150000
  7 17.203106 45.633488 -1.241935 -0.513555 -0.551894 -0.657019 -0.330656 0.442645 2 7 0.850000 5 0.150000
  7 18.152906 43.949482 -0.580966 -0.595310 -0.472391 -0.649964 -0.322173 0.529802 1 7 1.000000
pyro_hands_red
  7 16.852013 45.568092 -0.691693 -0.713547 -0.586519 -0.383204 -0.302808 0.445738 2 7 0.850000 5 0.150000
  7 18.152906 43.949482 -0.580966 -0.595310 -0.472391 -0.649964 -0.322173 0.529802 1 7 1.000000
  7 17.876307 43.915684 -0.163255 -0.765367 -0.536214 -0.355933 -0.301604 0.531710 1 7 1.000000
pyro_hands_red
  7 18.152906 43.949482 -0.580966 -0.595310 -0.472391 -0.649964 -0.322173 0.529802 1 7 1.000000
  7 18.477106 42.844280 0.018784 -0.870935 -0.432738 -0.232831 -0.305891 0.578931 1 7 1.000000
  7 17.876307 43.915684 -0.163255 -0.765367 -0.536214 -0.355933 -0.301604 0.531710 1 7 1.000000
pyro_hands_red
  7 17.876307 43.915684 -0.163255 -0.765367 -0.536214 -0.355933 -0.301604 0.531710 1 7 1.000000
  7 18.477106 42.844280 0.018784 -0.870935 -0.432738 -0.232831 -0.305891 0.578931 1 7 1.000000
  7 18.324503 42.854481 0.731310 -0.848918 -0.512580 -0.128839 -0.276021 0.585407 1 7 1.000000
pyro_hands_red
  7 18.324503 42.854481 0.731310 -0.848918 -0.512580 -0.128839 -0.276021 0.585407 1 7 1.000000
  7 18.477106 42.844280 0.018784 -0.870935 -0.432738 -0.232831 -0.305891 0.578931 1 7 1.000000
  7 18.843002 41.729382 0.207731 -0.940567 -0.331653 -0.073071 -0.314726 0.626635 1 7 1.000000
pyro_hands_red
  7 18.324503 42.854481 0.731310 -0.848918 -0.512580 -0.128839 -0.276021 0.585407 1 7 1.000000
  7 18.843002 41.729382 0.207731 -0.940567 -0.331653 -0.073071 -0.314726 0.626635 1 7 1.000000
  7 18.847500 41.818882 0.886169 -0.910511 -0.412867 0.022591 -0.287413 0.633735 1 7 1.000000
pyro_hands_red
  7 18.843002 41.729382 0.207731 -0.940567 -0.331653 -0.073071 -0.314726 0.626635 1 7 1.000000
  52 19.218096 40.850182 0.998954 -0.923260 -0.353549 0.150314 -0.300452 0.675670 1 52 1.000000
  7 18.847500 41.818882 0.886169 -0.910511 -0.412867 0.022591 -0.287413 0.633735 1 7 1.000000
pyro_hands_red
  7 18.906101 41.885277 1.795016 -0.853049 -0.521107 0.027469 -0.250798 0.647337 1 7 1.000000
  7 18.847500 41.818882 0.886169 -0.910511 -0.412867 0.022591 -0.287413 0.633735 1 7 1.000000
  52 19.218096 40.850182 0.998954 -0.923260 -0.353549 0.150314 -0.300452 0.675670 1 52 1.000000
pyro_hands_red
  7 18.906101 41.885277 1.795016 -0.853049 -0.521107 0.027469 -0.250798 0.647337 1 7 1.000000
  52 19.218096 40.850182 0.998954 -0.923260 -0.353549 0.150314 -0.300452 0.675670 1 52 1.000000
  46 19.310291 40.986286 1.853106 -0.903792 -0.393188 0.169007 -0.265584 0.687208 1 46 1.000000
pyro_hands_red
  52 19.218096 40.850182 0.998954 -0.923260 -0.353549 0.150314 -0.300452 0.675670 1 52 1.000000
  46 19.541492 40.328983 1.444386 -0.861438 -0.475992 0.177079 -0.293632 0.707123 1 46 1.000000
  46 19.310291 40.986286 1.853106 -0.903792 -0.393188 0.169007 -0.265584 0.687208 1 46 1.000000
pyro_hands_red
  46 19.607393 40.272484 1.928625 -0.833534 -0.507744 0.217755 -0.276197 0.718514 1 46 1.000000
  46 19.310291 40.986286 1.853106 -0.903792 -0.393188 0.169007 -0.265584 0.687208 1 46 1.000000
  46 19.541492 40.328983 1.444386 -0.861438 -0.475992 0.177079 -0.293632 0.707123 1 46 1.000000
pyro_hands_red
  46 19.541492 40.328983 1.444386 -0.861438 -0.475992 0.177079 -0.293632 0.707123 1 46 1.000000
  46 19.893793 39.892784 1.955785 -0.914614 -0.322540 0.243820 -0.282588 0.737300 1 46 1.000000
  46 19.607393 40.272484 1.928625 -0.833534 -0.507744 0.217755 -0.276197 0.718514 1 46 1.000000
pyro_hands_red
  46 19.893793 39.892784 1.955785 -0.914614 -0.322540 0.243820 -0.282588 0.737300 1 46 1.000000
  46 19.661293 40.464985 2.323616 -0.833534 -0.507744 0.217755 -0.257656 0.720052 1 46 1.000000
  46 19.607393 40.272484 1.928625 -0.833534 -0.507744 0.217755 -0.276197 0.718514 1 46 1.000000
pyro_hands_red
  46 19.893793 39.892784 1.955785 -0.914614 -0.322540 0.243820 -0.282588 0.737300 1 46 1.000000
  46 20.131292 39.990185 2.497686 -0.617351 -0.434011 0.656134 -0.259482 0.746077 1 46 1.000000
  46 19.661293 40.464985 2.323616 -0.833534 -0.507744 0.217755 -0.257656 0.720052 1 46 1.000000
pyro_hands_red
  40 19.979195 40.162876 2.909216 -0.813940 -0.580687 -0.017440 -0.240623 0.748307 1 40 1.000000
  46 19.661293 40.464985 2.323616 -0.833534 -0.507744 0.217755 -0.257656 0.720052 1 46 1.000000
  46 20.131292 39.990185 2.497686 -0.617351 -0.434011 0.656134 -0.259482 0.746077 1 46 1.000000
pyro_hands_red
  40 20.763197 40.272778 2.566986 0.103600 -0.973933 -0.201795 -0.252930 0.753963 1 40 1.000000
  40 19.979195 40.162876 2.909216 -0.813940 -0.580687 -0.017440 -0.240623 0.748307 1 40 1.000000
  46 20.131292 39.990185 2.497686 -0.617351 -0.434011 0.656134 -0.259482 0.746077 1 46 1.000000
pyro_hands_red
  40 20.797995 39.308277 2.802725 -0.150483 -0.289738 -0.945202 -0.256726 0.769320 1 40 1.000000
  40 19.979195 40.162876 2.909216 -0.813940 -0.580687 -0.017440 -0.240623 0.748307 1 40 1.000000
  40 20.763197 40.272778 2.566986 0.103600 -0.973933 -0.201795 -0.252930 0.753963 1 40 1.000000
pyro_hands_red
  40 20.797995 39.308277 2.802725 -0.150483 -0.289738 -0.945202 -0.256726 0.769320 1 40 1.000000
  40 20.095594 39.328377 3.138965 -0.795259 -0.255989 -0.549575 -0.240510 0.771284 1 40 1.000000
  40 19.979195 40.162876 2.909216 -0.813940 -0.580687 -0.017440 -0.240623 0.748307 1 40 1.000000
pyro_hands_red
  52 19.218096 40.850182 0.998954 -0.923260 -0.353549 0.150314 -0.300452 0.675670 1 52 1.000000
  52 19.472298 40.232380 0.951825 -0.871586 -0.397589 0.286811 -0.313870 0.700580 1 52 1.000000
  46 19.541492 40.328983 1.444386 -0.861438 -0.475992 0.177079 -0.293632 0.707123 1 46 1.000000
pyro_hands_red
  52 19.179497 40.712780 0.385438 -0.954414 -0.291502 0.064186 -0.325753 0.669365 1 52 1.000000
  52 19.472298 40.232380 0.951825 -0.871586 -0.397589 0.286811 -0.313870 0.700580 1 52 1.000000
  52 19.218096 40.850182 0.998954 -0.923260 -0.353549 0.150314 -0.300452 0.675670 1 52 1.000000
pyro_hands_red
  52 19.179497 40.712780 0.385438 -0.954414 -0.291502 0.064186 -0.325753 0.669365 1 52 1.000000
  52 19.340595 40.112183 0.447554 -0.948516 -0.240959 0.205564 -0.334868 0.693434 1 52 1.000000
  52 19.472298 40.232380 0.951825 -0.871586 -0.397589 0.286811 -0.313870 0.700580 1 52 1.000000
pyro_hands_red
  52 19.340595 40.112183 0.447554 -0.948516 -0.240959 0.205564 -0.334868 0.693434 1 52 1.000000
  52 19.725899 39.781082 0.914310 -0.569182 -0.484750 0.664115 -0.323868 0.720482 1 52 1.000000
  52 19.472298 40.232380 0.951825 -0.871586 -0.397589 0.286811 -0.313870 0.700580 1 52 1.000000
pyro_hands_red
  46 19.841192 39.880684 1.317536 -0.813940 -0.580687 -0.017440 -0.307598 0.726861 1 46 1.000000
  52 19.472298 40.232380 0.951825 -0.871586 -0.397589 0.286811 -0.313870 0.700580 1 52 1.000000
  52 19.725899 39.781082 0.914310 -0.569182 -0.484750 0.664115 -0.323868 0.720482 1 52 1.000000
pyro_hands_red
  46 19.841192 39.880684 1.317536 -0.813940 -0.580687 -0.017440 -0.307598 0.726861 1 46 1.000000
  46 19.541492 40.328983 1.444386 -0.861438 -0.475992 0.177079 -0.293632 0.707123 1 46 1.000000
  52 19.472298 40.232380 0.951825 -0.871586 -0.397589 0.286811 -0.313870 0.700580 1 52 1.000000
pyro_hands_red
  46 19.541492 40.328983 1.444386 -0.861438 -0.475992 0.177079 -0.293632 0.707123 1 46 1.000000
  46 19.841192 39.880684 1.317536 -0.813940 -0.580687 -0.017440 -0.307598 0.726861 1 46 1.000000
  46 19.893793 39.892784 1.955785 -0.914614 -0.322540 0.243820 -0.282588 0.737300 1 46 1.000000
pyro_hands_red
  40 20.763197 40.272778 2.566986 0.103600 -0.973933 -0.201795 -0.252930 0.753963 1 40 1.000000
  46 20.131292 39.990185 2.497686 -0.617351 -0.434011 0.656134 -0.259482 0.746077 1 46 1.000000
  46 20.692593 40.076385 2.629456 0.167751 -0.297278 0.939939 -0.254055 0.753714 1 46 1.000000
pyro_hands_red
  46 20.131292 39.990185 2.497686 -0.617351 -0.434011 0.656134 -0.259482 0.746077 1 46 1.000000
  46 20.701691 39.481285 2.719085 0.060770 0.088738 0.994199 -0.258362 0.767446 2 46 0.646500 48 0.353500
  46 20.692593 40.076385 2.629456 0.167751 -0.297278 0.939939 -0.254055 0.753714 1 46 1.000000
pyro_hands_red
  7 18.843002 41.729382 0.207731 -0.940567 -0.331653 -0.073071 -0.314726 0.626635 1 7 1.000000
  52 19.179497 40.712780 0.385438 -0.954414 -0.291502 0.064186 -0.325753 0.669365 1 52 1.000000
  52 19.218096 40.850182 0.998954 -0.923260 -0.353549 0.150314 -0.300452 0.675670 1 52 1.000000
pyro_hands_red
  7 18.843002 41.729382 0.207731 -0.940567 -0.331653 -0.073071 -0.314726 0.626635 1 7 1.000000
  52 19.201496 40.681877 -0.052837 -0.898149 -0.266262 -0.349905 -0.342360 0.663081 1 52 1.000000
  52 19.179497 40.712780 0.385438 -0.954414 -0.291502 0.064186 -0.325753 0.669365 1 52 1.000000
pyro_hands_red
  52 19.314394 40.059078 0.014146 -0.942040 -0.147961 -0.301113 -0.351187 0.686492 1 52 1.000000
  52 19.179497 40.712780 0.385438 -0.954414 -0.291502 0.064186 -0.325753 0.669365 1 52 1.000000
  52 19.201496 40.681877 -0.052837 -0.898149 -0.266262 -0.349905 -0.342360 0.663081 1 52 1.000000
pyro_hands_red
  52 19.314394 40.059078 0.014146 -0.942040 -0.147961 -0.301113 -0.351187 0.686492 1 52 1.000000
  52 19.340595 40.112183 0.447554 -0.948516 -0.240959 0.205564 -0.334868 0.693434 1 52 1.000000
  52 19.179497 40.712780 0.385438 -0.954414 -0.291502 0.064186 -0.325753 0.669365 1 52 1.000000
pyro_hands_red
  52 19.314394 40.059078 0.014146 -0.942040 -0.147961 -0.301113 -0.351187 0.686492 1 52 1.000000
  52 19.400099 39.666080 0.436326 -0.936908 -0.127943 0.325321 -0.344599 0.708708 1 52 1.000000
  52 19.340595 40.112183 0.447554 -0.948516 -0.240959 0.205564 -0.334868 0.693434 1 52 1.000000
pyro_hands_red
  52 19.340595 40.112183 0.447554 -0.948516 -0.240959 0.205564 -0.334868 0.693434 1 52 1.000000
  52 19.400099 39.666080 0.436326 -0.936908 -0.127943 0.325321 -0.344599 0.708708 1 52 1.000000
  52 19.725899 39.781082 0.914310 -0.569182 -0.484750 0.664115 -0.323868 0.720482 1 52 1.000000
pyro_hands_red
  52 19.723898 39.274281 0.863513 -0.441076 0.105658 0.891229 -0.337065 0.731315 2 52 0.700000 54 0.300000
  52 19.725899 39.781082 0.914310 -0.569182 -0.484750 0.664115 -0.323868 0.720482 1 52 1.000000
  52 19.400099 39.666080 0.436326 -0.936908 -0.127943 0.325321 -0.344599 0.708708 1 52 1.000000
pyro_hands_red
  52 19.723898 39.274281 0.863513 -0.441076 0.105658 0.891229 -0.337065 0.731315 2 52 0.700000 54 0.300000
  52 19.400099 39.666080 0.436326 -0.936908 -0.127943 0.325321 -0.344599 0.708708 1 52 1.000000
  52 19.406096 39.242981 0.418920 -0.934486 0.130257 0.331314 -0.354628 0.721174 2 52 0.700000 54 0.300000
pyro_hands_red
  52 19.406096 39.242981 0.418920 -0.934486 0.130257 0.331314 -0.354628 0.721174 2 52 0.700000 54 0.300000
  54 19.637897 39.058182 0.905574 -0.439666 0.301462 0.846058 -0.342937 0.737812 2 54 0.750000 52 0.250000
  52 19.723898 39.274281 0.863513 -0.441076 0.105658 0.891229 -0.337065 0.731315 2 52 0.700000 54 0.300000
pyro_hands_red
  52 19.406096 39.242981 0.418920 -0.934486 0.130257 0.331314 -0.354628 0.721174 2 52 0.700000 54 0.300000
  54 19.348198 39.027382 0.417144 -0.862987 0.441513 0.245599 -0.360921 0.728481 2 54 0.750000 52 0.250000
  54 19.637897 39.058182 0.905574 -0.439666 0.301462 0.846058 -0.342937 0.737812 2 54 0.750000 52 0.250000
pyro_hands_red
  54 19.348198 39.027382 0.417144 -0.862987 0.441513 0.245599 -0.360921 0.728481 2 54 0.750000 52 0.250000
  52 19.406096 39.242981 0.418920 -0.934486 0.130257 0.331314 -0.354628 0.721174 2 52 0.700000 54 0.300000
  52 19.361698 39.200581 -0.027964 -0.943540 0.130679 -0.304394 -0.369185 0.712636 2 52 0.700000 54 0.300000
pyro_hands_red
  54 19.348198 39.027382 0.417144 -0.862987 0.441513 0.245599 -0.360921 0.728481 2 54 0.750000 52 0.250000
  52 19.361698 39.200581 -0.027964 -0.943540 0.130679 -0.304394 -0.369185 0.712636 2 52 0.700000 54 0.300000
  54 19.300297 38.978981 -0.028234 -0.865645 0.394001 -0.308903 -0.374626 0.719431 2 54 0.750000 52 0.250000
pyro_hands_red
  52 19.314394 40.059078 0.014146 -0.942040 -0.147961 -0.301113 -0.351187 0.686492 1 52 1.000000
  52 19.345497 39.598976 0.000206 -0.956799 -0.046142 -0.287065 -0.360184 0.701358 1 52 1.000000
  52 19.400099 39.666080 0.436326 -0.936908 -0.127943 0.325321 -0.344599 0.708708 1 52 1.000000
pyro_hands_red
  52 19.406096 39.242981 0.418920 -0.934486 0.130257 0.331314 -0.354628 0.721174 2 52 0.700000 54 0.300000
  52 19.400099 39.666080 0.436326 -0.936908 -0.127943 0.325321 -0.344599 0.708708 1 52 1.000000
  52 19.345497 39.598976 0.000206 -0.956799 -0.046142 -0.287065 -0.360184 0.701358 1 52 1.000000
pyro_hands_red
  52 19.406096 39.242981 0.418920 -0.934486 0.130257 0.331314 -0.354628 0.721174 2 52 0.700000 54 0.300000
  52 19.345497 39.598976 0.000206 -0.956799 -0.046142 -0.287065 -0.360184 0.701358 1 52 1.000000
  52 19.361698 39.200581 -0.027964 -0.943540 0.130679 -0.304394 -0.369185 0.712636 2 52 0.700000 54 0.300000
pyro_hands_red
  52 20.152897 39.204185 0.840049 0.309270 -0.036577 0.950270 -0.329700 0.738298 2 52 0.700002 54 0.299998
  52 19.725899 39.781082 0.914310 -0.569182 -0.484750 0.664115 -0.323868 0.720482 1 52 1.000000
  52 19.723898 39.274281 0.863513 -0.441076 0.105658 0.891229 -0.337065 0.731315 2 52 0.700000 54 0.300000
pyro_hands_red
  54 20.052698 39.007282 0.875975 0.309271 -0.036577 0.950270 -0.332467 0.741252 2 54 0.750000 52 0.250000
  52 20.152897 39.204185 0.840049 0.309270 -0.036577 0.950270 -0.329700 0.738298 2 52 0.700002 54 0.299998
  52 19.723898 39.274281 0.863513 -0.441076 0.105658 0.891229 -0.337065 0.731315 2 52 0.700000 54 0.300000
pyro_hands_red
  54 20.052698 39.007282 0.875975 0.309271 -0.036577 0.950270 -0.332467 0.741252 2 54 0.750000 52 0.250000
  52 19.723898 39.274281 0.863513 -0.441076 0.105658 0.891229 -0.337065 0.731315 2 52 0.700000 54 0.300000
  54 19.637897 39.058182 0.905574 -0.439666 0.301462 0.846058 -0.342937 0.737812 2 54 0.750000 52 0.250000
pyro_hands_red
  54 19.637897 39.058182 0.905574 -0.439666 0.301462 0.846058 -0.342937 0.737812 2 54 0.750000 52 0.250000
  54 19.298698 38.159882 0.979608 0.272339 -0.129971 0.953383 -0.350880 0.759283 2 54 0.540700 56 0.459300
  54 20.052698 39.007282 0.875975 0.309271 -0.036577 0.950270 -0.332467 0.741252 2 54 0.750000 52 0.250000
pyro_hands_red
  54 19.637897 39.058182 0.905574 -0.439666 0.301462 0.846058 -0.342937 0.737812 2 54 0.750000 52 0.250000
  54 19.067898 38.322281 0.974316 -0.384748 0.442034 0.810293 -0.358318 0.753231 2 54 0.523200 56 0.476800
  54 19.298698 38.159882 0.979608 0.272339 -0.129971 0.953383 -0.350880 0.759283 2 54 0.540700 56 0.459300
pyro_hands_red
  54 19.348198 39.027382 0.417144 -0.862987 0.441513 0.245599 -0.360921 0.728481 2 54 0.750000 52 0.250000
  54 19.067898 38.322281 0.974316 -0.384748 0.442034 0.810293 -0.358318 0.753231 2 54 0.523200 56 0.476800
  54 19.637897 39.058182 0.905574 -0.439666 0.301462 0.846058 -0.342937 0.737812 2 54 0.750000 52 0.250000
pyro_hands_red
  54 19.348198 39.027382 0.417144 -0.862987 0.441513 0.245599 -0.360921 0.728481 2 54 0.750000 52 0.250000
  54 18.925098 38.400581 0.477460 -0.718623 0.676652 0.160384 -0.371655 0.740844 2 54 0.780100 56 0.219900
  54 19.067898 38.322281 0.974316 -0.384748 0.442034 0.810293 -0.358318 0.753231 2 54 0.523200 56 0.476800
pyro_hands_red
  54 19.300297 38.978981 -0.028234 -0.865645 0.394001 -0.308903 -0.374626 0.719431 2 54 0.750000 52 0.250000
  54 18.925098 38.400581 0.477460 -0.718623 0.676652 0.160384 -0.371655 0.740844 2 54 0.780100 56 0.219900
  54 19.348198 39.027382 0.417144 -0.862987 0.441513 0.245599 -0.360921 0.728481 2 54 0.750000 52 0.250000
pyro_hands_red
  54 19.300297 38.978981 -0.028234 -0.865645 0.394001 -0.308903 -0.374626 0.719431 2 54 0.750000 52 0.250000
  54 18.875097 38.336685 0.049003 -0.744299 0.583539 -0.324809 -0.384055 0.732410 2 54 0.598200 56 0.401800
  54 18.925098 38.400581 0.477460 -0.718623 0.676652 0.160384 -0.371655 0.740844 2 54 0.780100 56 0.219900
pyro_hands_red
  54 19.300297 38.978981 -0.028234 -0.865645 0.394001 -0.308903 -0.374626 0.719431 2 54 0.750000 52 0.250000
  54 18.979498 38.189682 -0.195315 -0.443760 0.218343 -0.869139 -0.392730 0.727140 2 54 0.561700 56 0.438300
  54 18.875097 38.336685 0.049003 -0.744299 0.583539 -0.324809 -0.384055 0.732410 2 54 0.598200 56 0.401800
pyro_hands_red
  54 19.300297 38.978981 -0.028234 -0.865645 0.394001 -0.308903 -0.374626 0.719431 2 54 0.750000 52 0.250000
  54 19.506397 38.924381 -0.288836 -0.459196 0.166253 -0.872639 -0.381869 0.711032 2 54 0.750000 52 0.250000
  54 18.979498 38.189682 -0.195315 -0.443760 0.218343 -0.869139 -0.392730 0.727140 2 54 0.561700 56 0.438300
pyro_hands_red
  52 19.361698 39.200581 -0.027964 -0.943540 0.130679 -0.304394 -0.369185 0.712636 2 52 0.700000 54 0.300000
  54 19.506397 38.924381 -0.288836 -0.459196 0.166253 -0.872639 -0.381869 0.711032 2 54 0.750000 52 0.250000
  54 19.300297 38.978981 -0.028234 -0.865645 0.394001 -0.308903 -0.374626 0.719431 2 54 0.750000 52 0.250000
pyro_hands_red
  52 19.361698 39.200581 -0.027964 -0.943540 0.130679 -0.304394 -0.369185 0.712636 2 52 0.700000 54 0.300000
  52 19.596596 39.129578 -0.303889 -0.472949 0.054242 -0.879418 -0.379895 0.707152 2 52 0.700001 54 0.300000
  54 19.506397 38.924381 -0.288836 -0.459196 0.166253 -0.872639 -0.381869 0.711032 2 54 0.750000 52 0.250000
pyro_hands_red
  52 19.621399 39.545479 -0.325922 -0.490905 -0.033389 -0.870573 -0.374010 0.695959 1 52 1.000000
  52 19.596596 39.129578 -0.303889 -0.472949 0.054242 -0.879418 -0.379895 0.707152 2 52 0.700001 54 0.300000
  52 19.361698 39.200581 -0.027964 -0.943540 0.130679 -0.304394 -0.369185 0.712636 2 52 0.700000 54 0.300000
pyro_hands_red
  52 19.621399 39.545479 -0.325922 -0.490905 -0.033389 -0.870573 -0.374010 0.695959 1 52 1.000000
  52 19.361698 39.200581 -0.027964 -0.943540 0.130679 -0.304394 -0.369185 0.712636 2 52 0.700000 54 0.300000
  52 19.345497 39.598976 0.000206 -0.956799 -0.046142 -0.287065 -0.360184 0.701358 1 52 1.000000
pyro_hands_red
  52 19.345497 39.598976 0.000206 -0.956799 -0.046142 -0.287065 -0.360184 0.701358 1 52 1.000000
  52 19.589697 40.029076 -0.333726 -0.496902 -0.100441 -0.861975 -0.366752 0.681380 1 52 1.000000
  52 19.621399 39.545479 -0.325922 -0.490905 -0.033389 -0.870573 -0.374010 0.695959 1 52 1.000000
pyro_hands_red
  52 19.345497 39.598976 0.000206 -0.956799 -0.046142 -0.287065 -0.360184 0.701358 1 52 1.000000
  52 19.314394 40.059078 0.014146 -0.942040 -0.147961 -0.301113 -0.351187 0.686492 1 52 1.000000
  52 19.589697 40.029076 -0.333726 -0.496902 -0.100441 -0.861975 -0.366752 0.681380 1 52 1.000000
pyro_hands_red
  52 19.314394 40.059078 0.014146 -0.942040 -0.147961 -0.301113 -0.351187 0.686492 1 52 1.000000
  52 19.496296 40.633179 -0.378797 -0.474925 -0.206619 -0.855427 -0.359207 0.660929 1 52 1.000000
  52 19.589697 40.029076 -0.333726 -0.496902 -0.100441 -0.861975 -0.366752 0.681380 1 52 1.000000
pyro_hands_red
  46 20.188393 39.462883 2.534826 -0.628396 0.107485 0.770432 -0.269817 0.763129 2 46 0.761600 48 0.238400
  46 19.893890 39.425686 2.023896 -0.965963 0.068002 0.249582 -0.289668 0.753957 2 46 0.873400 48 0.126600
  46 19.847591 39.109390 2.076066 -0.943739 0.247500 0.219317 -0.292414 0.760649 2 46 0.556404 48 0.443596
pyro_hands_red
  46 20.188393 39.462883 2.534826 -0.628396 0.107485 0.770432 -0.269817 0.763129 2 46 0.761600 48 0.238400
  46 19.847591 39.109390 2.076066 -0.943739 0.247500 0.219317 -0.292414 0.760649 2 46 0.556404 48 0.443596
  46 20.141590 39.103188 2.598036 -0.576448 0.264656 0.773088 -0.272704 0.770113 2 46 0.522000 48 0.478000
pyro_hands_red
  46 20.141590 39.103188 2.598036 -0.576448 0.264656 0.773088 -0.272704 0.770113 2 46 0.522000 48 0.478000
  46 19.847591 39.109390 2.076066 -0.943739 0.247500 0.219317 -0.292414 0.760649 2 46 0.556404 48 0.443596
  48 19.798491 38.939690 2.115376 -0.852686 0.504133 0.137028 -0.296188 0.768234 1 48 1.000000
pyro_hands_red
  46 20.141590 39.103188 2.598036 -0.576448 0.264656 0.773088 -0.272704 0.770113 2 46 0.522000 48 0.478000
  48 19.798491 38.939690 2.115376 -0.852686 0.504133 0.137028 -0.296188 0.768234 1 48 1.000000
  48 20.078289 38.929787 2.653725 -0.463831 0.448713 0.763883 -0.276633 0.777209 1 48 1.000000
pyro_hands_red
  46 20.141590 39.103188 2.598036 -0.576448 0.264656 0.773088 -0.272704 0.770113 2 46 0.522000 48 0.478000
  48 20.078289 38.929787 2.653725 -0.463831 0.448713 0.763883 -0.276633 0.777209 1 48 1.000000
  48 20.663887 38.785686 2.779584 0.112798 0.103922 0.988168 -0.262771 0.779485 1 48 1.000000
pyro_hands_red
  46 20.141590 39.103188 2.598036 -0.576448 0.264656 0.773088 -0.272704 0.770113 2 46 0.522000 48 0.478000
  48 20.663887 38.785686 2.779584 0.112798 0.103922 0.988168 -0.262771 0.779485 1 48 1.000000
  46 20.740290 38.993683 2.750635 0.112798 0.103922 0.988168 -0.260669 0.772724 2 46 0.500300 48 0.499700
pyro_hands_red
  46 20.701691 39.481285 2.719085 0.060770 0.088738 0.994199 -0.258362 0.767446 2 46 0.646500 48 0.353500
  46 20.141590 39.103188 2.598036 -0.576448 0.264656 0.773088 -0.272704 0.770113 2 46 0.522000 48 0.478000
  46 20.740290 38.993683 2.750635 0.112798 0.103922 0.988168 -0.260669 0.772724 2 46 0.500300 48 0.499700
pyro_hands_red
  46 20.701691 39.481285 2.719085 0.060770 0.088738 0.994199 -0.258362 0.767446 2 46 0.646500 48 0.353500
  46 20.188393 39.462883 2.534826 -0.628396 0.107485 0.770432 -0.269817 0.763129 2 46 0.761600 48 0.238400
  46 20.141590 39.103188 2.598036 -0.576448 0.264656 0.773088 -0.272704 0.770113 2 46 0.522000 48 0.478000
pyro_hands_red
  46 20.131292 39.990185 2.497686 -0.617351 -0.434011 0.656134 -0.259482 0.746077 1 46 1.000000
  46 20.188393 39.462883 2.534826 -0.628396 0.107485 0.770432 -0.269817 0.763129 2 46 0.761600 48 0.238400
  46 20.701691 39.481285 2.719085 0.060770 0.088738 0.994199 -0.258362 0.767446 2 46 0.646500 48 0.353500
pyro_hands_red
  46 20.131292 39.990185 2.497686 -0.617351 -0.434011 0.656134 -0.259482 0.746077 1 46 1.000000
  46 19.893890 39.425686 2.023896 -0.965963 0.068002 0.249582 -0.289668 0.753957 2 46 0.873400 48 0.126600
  46 20.188393 39.462883 2.534826 -0.628396 0.107485 0.770432 -0.269817 0.763129 2 46 0.761600 48 0.238400
pyro_hands_red
  46 20.131292 39.990185 2.497686 -0.617351 -0.434011 0.656134 -0.259482 0.746077 1 46 1.000000
  46 19.893793 39.892784 1.955785 -0.914614 -0.322540 0.243820 -0.282588 0.737300 1 46 1.000000
  46 19.893890 39.425686 2.023896 -0.965963 0.068002 0.249582 -0.289668 0.753957 2 46 0.873400 48 0.126600
pyro_hands_red
  46 19.893793 39.892784 1.955785 -0.914614 -0.322540 0.243820 -0.282588 0.737300 1 46 1.000000
  46 19.885391 39.366486 1.436985 -0.920836 -0.046705 -0.387143 -0.309622 0.744931 2 46 0.789100 48 0.210900
  46 19.893890 39.425686 2.023896 -0.965963 0.068002 0.249582 -0.289668 0.753957 2 46 0.873400 48 0.126600
pyro_hands_red
  46 19.893793 39.892784 1.955785 -0.914614 -0.322540 0.243820 -0.282588 0.737300 1 46 1.000000
  46 19.841192 39.880684 1.317536 -0.813940 -0.580687 -0.017440 -0.307598 0.726861 1 46 1.000000
  46 19.885391 39.366486 1.436985 -0.920836 -0.046705 -0.387143 -0.309622 0.744931 2 46 0.789100 48 0.210900
pyro_hands_red
  46 19.841192 39.880684 1.317536 -0.813940 -0.580687 -0.017440 -0.307598 0.726861 1 46 1.000000
  46 20.280890 39.275284 1.052065 -0.398101 -0.178716 -0.899765 -0.322559 0.741873 2 46 0.671100 48 0.328900
  46 19.885391 39.366486 1.436985 -0.920836 -0.046705 -0.387143 -0.309622 0.744931 2 46 0.789100 48 0.210900
pyro_hands_red
  46 19.841192 39.880684 1.317536 -0.813940 -0.580687 -0.017440 -0.307598 0.726861 1 46 1.000000
  46 20.305992 39.853283 0.948870 -0.176349 -0.893702 -0.412551 -0.320173 0.731882 1 46 1.000000
  46 20.280890 39.275284 1.052065 -0.398101 -0.178716 -0.899765 -0.322559 0.741873 2 46 0.671100 48 0.328900
pyro_hands_red
  46 20.305992 39.853283 0.948870 -0.176349 -0.893702 -0.412551 -0.320173 0.731882 1 46 1.000000
  46 19.841192 39.880684 1.317536 -0.813940 -0.580687 -0.017440 -0.307598 0.726861 1 46 1.000000
  52 19.725899 39.781082 0.914310 -0.569182 -0.484750 0.664115 -0.323868 0.720482 1 52 1.000000
pyro_hands_red
  46 20.305992 39.853283 0.948870 -0.176349 -0.893702 -0.412551 -0.320173 0.731882 1 46 1.000000
  52 19.725899 39.781082 0.914310 -0.569182 -0.484750 0.664115 -0.323868 0.720482 1 52 1.000000
  52 20.271601 39.777386 0.829600 0.271363 -0.601308 0.751526 -0.321662 0.730589 1 52 1.000000
pyro_hands_red
  52 20.152897 39.204185 0.840049 0.309270 -0.036577 0.950270 -0.329700 0.738298 2 52 0.700002 54 0.299998
  52 20.271601 39.777386 0.829600 0.271363 -0.601308 0.751526 -0.321662 0.730589 1 52 1.000000
  52 19.725899 39.781082 0.914310 -0.569182 -0.484750 0.664115 -0.323868 0.720482 1 52 1.000000
pyro_hands_red
  46 19.847591 39.109390 2.076066 -0.943739 0.247500 0.219317 -0.292414 0.760649 2 46 0.556404 48 0.443596
  48 19.794989 38.782383 1.546655 -0.822000 0.292387 -0.488698 -0.314441 0.759165 2 48 0.945600 50 0.054400
  48 19.798491 38.939690 2.115376 -0.852686 0.504133 0.137028 -0.296188 0.768234 1 48 1.000000
pyro_hands_red
  46 19.847591 39.109390 2.076066 -0.943739 0.247500 0.219317 -0.292414 0.760649 2 46 0.556404 48 0.443596
  46 19.861290 39.016586 1.490666 -0.904715 0.083694 -0.417715 -0.311035 0.750980 2 46 0.551800 48 0.448200
  48 19.794989 38.782383 1.546655 -0.822000 0.292387 -0.488698 -0.314441 0.759165 2 48 0.945600 50 0.054400
pyro_hands_red
  46 19.861290 39.016586 1.490666 -0.904715 0.083694 -0.417715 -0.311035 0.750980 2 46 0.551800 48 0.448200
  48 20.157990 38.596489 1.209455 -0.372802 -0.088460 -0.923685 -0.325603 0.748564 2 48 0.938200 50 0.061800
  48 19.794989 38.782383 1.546655 -0.822000 0.292387 -0.488698 -0.314441 0.759165 2 48 0.945600 50 0.054400
pyro_hands_red
  46 19.861290 39.016586 1.490666 -0.904715 0.083694 -0.417715 -0.311035 0.750980 2 46 0.551800 48 0.448200
  46 20.246691 38.844086 1.139365 -0.392214 -0.137879 -0.909482 -0.323585 0.744708 2 46 0.513300 48 0.486700
  48 20.157990 38.596489 1.209455 -0.372802 -0.088460 -0.923685 -0.325603 0.748564 2 48 0.938200 50 0.061800
pyro_hands_red
  46 20.280890 39.275284 1.052065 -0.398101 -0.178716 -0.899765 -0.322559 0.741873 2 46 0.671100 48 0.328900
  46 20.246691 38.844086 1.139365 -0.392214 -0.137879 -0.909482 -0.323585 0.744708 2 46 0.513300 48 0.486700
  46 19.861290 39.016586 1.490666 -0.904715 0.083694 -0.417715 -0.311035 0.750980 2 46 0.551800 48 0.448200
pyro_hands_red
  46 20.280890 39.275284 1.052065 -0.398101 -0.178716 -0.899765 -0.322559 0.741873 2 46 0.671100 48 0.328900
  46 19.861290 39.016586 1.490666 -0.904715 0.083694 -0.417715 -0.311035 0.750980 2 46 0.551800 48 0.448200
  46 19.885391 39.366486 1.436985 -0.920836 -0.046705 -0.387143 -0.309622 0.744931 2 46 0.789100 48 0.210900
pyro_hands_red
  46 19.893890 39.425686 2.023896 -0.965963 0.068002 0.249582 -0.289668 0.753957 2 46 0.873400 48 0.126600
  46 19.885391 39.366486 1.436985 -0.920836 -0.046705 -0.387143 -0.309622 0.744931 2 46 0.789100 48 0.210900
  46 19.861290 39.016586 1.490666 -0.904715 0.083694 -0.417715 -0.311035 0.750980 2 46 0.551800 48 0.448200
pyro_hands_red
  46 19.893890 39.425686 2.023896 -0.965963 0.068002 0.249582 -0.289668 0.753957 2 46 0.873400 48 0.126600
  46 19.861290 39.016586 1.490666 -0.904715 0.083694 -0.417715 -0.311035 0.750980 2 46 0.551800 48 0.448200
  46 19.847591 39.109390 2.076066 -0.943739 0.247500 0.219317 -0.292414 0.760649 2 46 0.556404 48 0.443596
pyro_hands_red
  5 16.037870 50.768761 -3.900683 -0.430186 0.863116 -0.264519 -0.830683 0.124888 1 5 1.000000
  5 18.008009 51.550121 -4.247180 0.071054 0.251433 -0.965263 -0.795484 0.072487 1 5 1.000000
  5 16.020042 50.705795 -3.966475 -0.394483 0.135736 -0.908823 -0.833379 0.124110 1 5 1.000000
pyro_hands_red
  5 19.736858 53.253883 0.299814 -0.187666 0.975074 -0.118372 -0.645109 0.011462 1 5 1.000000
  5 19.929535 53.119717 -0.570981 0.767080 0.636040 -0.083918 -0.672140 0.012941 1 5 1.000000
  5 19.833160 53.142902 -0.575563 -0.161056 0.972423 -0.168687 -0.671492 0.015752 1 5 1.000000
pyro_hands_red
  5 19.794731 52.961712 -1.446105 -0.156807 0.960535 -0.229748 -0.697530 0.022276 1 5 1.000000
  5 19.833160 53.142902 -0.575563 -0.161056 0.972423 -0.168687 -0.671492 0.015752 1 5 1.000000
  5 19.929535 53.119717 -0.570981 0.767080 0.636040 -0.083918 -0.672140 0.012941 1 5 1.000000
pyro_hands_red
  5 19.794731 52.961712 -1.446105 -0.156807 0.960535 -0.229748 -0.697530 0.022276 1 5 1.000000
  5 19.929535 53.119717 -0.570981 0.767080 0.636040 -0.083918 -0.672140 0.012941 1 5 1.000000
  5 19.887486 52.933460 -1.460315 0.767116 0.586992 -0.258793 -0.698632 0.019642 1 5 1.000000
pyro_hands_red
  5 19.546318 52.620022 -2.525808 -0.179727 0.940314 -0.288977 -0.730303 0.034370 1 5 1.000000
  5 19.794731 52.961712 -1.446105 -0.156807 0.960535 -0.229748 -0.697530 0.022276 1 5 1.000000
  5 19.887486 52.933460 -1.460315 0.767116 0.586992 -0.258793 -0.698632 0.019642 1 5 1.000000
pyro_hands_red
  5 19.546318 52.620022 -2.525808 -0.179727 0.940314 -0.288977 -0.730303 0.034370 1 5 1.000000
  5 19.887486 52.933460 -1.460315 0.767116 0.586992 -0.258793 -0.698632 0.019642 1 5 1.000000
  5 19.631329 52.585468 -2.561228 0.707894 0.525087 -0.472409 -0.731861 0.031964 1 5 1.000000
pyro_hands_red
  5 18.945642 52.128456 -3.600039 -0.239790 0.912946 -0.330196 -0.765407 0.052385 1 5 1.000000
  5 19.546318 52.620022 -2.525808 -0.179727 0.940314 -0.288977 -0.730303 0.034370 1 5 1.000000
  5 19.631329 52.585468 -2.561228 0.707894 0.525087 -0.472409 -0.731861 0.031964 1 5 1.000000
pyro_hands_red
  5 18.945642 52.128456 -3.600039 -0.239790 0.912946 -0.330196 -0.765407 0.052385 1 5 1.000000
  5 19.631329 52.585468 -2.561228 0.707894 0.525087 -0.472409 -0.731861 0.031964 1 5 1.000000
  5 19.012558 52.085922 -3.660815 0.506508 0.420523 -0.752735 -0.767381 0.050293 1 5 1.000000
pyro_hands_red
  5 17.975294 51.603813 -4.173447 -0.347235 0.876935 -0.332283 -0.793366 0.074443 1 5 1.000000
  5 18.945642 52.128456 -3.600039 -0.239790 0.912946 -0.330196 -0.765407 0.052385 1 5 1.000000
  5 19.012558 52.085922 -3.660815 0.506508 0.420523 -0.752735 -0.767381 0.050293 1 5 1.000000
pyro_hands_red
  5 17.975294 51.603813 -4.173447 -0.347235 0.876935 -0.332283 -0.793366 0.074443 1 5 1.000000
  5 19.012558 52.085922 -3.660815 0.506508 0.420523 -0.752735 -0.767381 0.050293 1 5 1.000000
  5 18.008009 51.550121 -4.247180 0.071054 0.251433 -0.965263 -0.795484 0.072487 1 5 1.000000
pyro_hands_red
  5 16.037870 50.768761 -3.900683 -0.430186 0.863116 -0.264519 -0.830683 0.124888 1 5 1.000000
  5 17.975294 51.603813 -4.173447 -0.347235 0.876935 -0.332283 -0.793366 0.074443 1 5 1.000000
  5 18.008009 51.550121 -4.247180 0.071054 0.251433 -0.965263 -0.795484 0.072487 1 5 1.000000
pyro_hands_red
  5 17.942764 51.590172 -4.056184 -0.475518 0.758426 0.445727 -0.791264 0.077469 1 5 1.000000
  5 17.975294 51.603813 -4.173447 -0.347235 0.876935 -0.332283 -0.793366 0.074443 1 5 1.000000
  5 16.037870 50.768761 -3.900683 -0.430186 0.863116 -0.264519 -0.830683 0.124888 1 5 1.000000
pyro_hands_red
  5 17.942764 51.590172 -4.056184 -0.475518 0.758426 0.445727 -0.791264 0.077469 1 5 1.000000
  5 16.037870 50.768761 -3.900683 -0.430186 0.863116 -0.264519 -0.830683 0.124888 1 5 1.000000
  5 16.066540 50.775661 -3.788305 -0.196316 0.854146 0.481553 -0.827646 0.126658 1 5 1.000000
pyro_hands_red
  5 17.942764 51.590172 -4.056184 -0.475518 0.758426 0.445727 -0.791264 0.077469 1 5 1.000000
  5 16.066540 50.775661 -3.788305 -0.196316 0.854146 0.481553 -0.827646 0.126658 1 5 1.000000
  5 17.717701 48.867790 -2.502871 0.009603 0.566371 0.824094 -0.769047 0.180287 1 5 1.000000
pyro_hands_red
  5 17.942764 51.590172 -4.056184 -0.475518 0.758426 0.445727 -0.791264 0.077469 1 5 1.000000
  5 17.717701 48.867790 -2.502871 0.009603 0.566371 0.824094 -0.769047 0.180287 1 5 1.000000
  5 18.651901 49.485989 -2.508071 -0.384749 0.442034 0.810292 -0.745361 0.153759 1 5 1.000000
pyro_hands_red
  5 18.870800 52.095047 -3.506938 -0.719534 0.631594 0.288721 -0.763336 0.055388 1 5 1.000000
  5 17.942764 51.590172 -4.056184 -0.475518 0.758426 0.445727 -0.791264 0.077469 1 5 1.000000
  5 18.651901 49.485989 -2.508071 -0.384749 0.442034 0.810292 -0.745361 0.153759 1 5 1.000000
pyro_hands_red
  5 18.870800 52.095047 -3.506938 -0.719534 0.631594 0.288721 -0.763336 0.055388 1 5 1.000000
  5 18.651901 49.485989 -2.508071 -0.384749 0.442034 0.810292 -0.745361 0.153759 1 5 1.000000
  5 19.265602 49.892487 -2.124521 -0.778701 0.226528 0.585072 -0.724488 0.140961 1 5 1.000000
pyro_hands_red
  5 19.451117 52.571033 -2.467287 -0.840713 0.530569 0.108158 -0.728743 0.037622 1 5 1.000000
  5 18.870800 52.095047 -3.506938 -0.719534 0.631594 0.288721 -0.763336 0.055388 1 5 1.000000
  5 19.265602 49.892487 -2.124521 -0.778701 0.226528 0.585072 -0.724488 0.140961 1 5 1.000000
pyro_hands_red
  5 19.451117 52.571033 -2.467287 -0.840713 0.530569 0.108158 -0.728743 0.037622 1 5 1.000000
  5 19.265602 49.892487 -2.124521 -0.778701 0.226528 0.585072 -0.724488 0.140961 1 5 1.000000
  5 19.625801 50.269184 -1.432761 -0.946154 0.070899 0.315856 -0.699792 0.129007 1 5 1.000000
pyro_hands_red
  5 18.870800 52.095047 -3.506938 -0.719534 0.631594 0.288721 -0.763336 0.055388 1 5 1.000000
  5 17.975294 51.603813 -4.173447 -0.347235 0.876935 -0.332283 -0.793366 0.074443 1 5 1.000000
  5 17.942764 51.590172 -4.056184 -0.475518 0.758426 0.445727 -0.791264 0.077469 1 5 1.000000
pyro_hands_red
  5 18.870800 52.095047 -3.506938 -0.719534 0.631594 0.288721 -0.763336 0.055388 1 5 1.000000
  5 18.945642 52.128456 -3.600039 -0.239790 0.912946 -0.330196 -0.765407 0.052385 1 5 1.000000
  5 17.975294 51.603813 -4.173447 -0.347235 0.876935 -0.332283 -0.793366 0.074443 1 5 1.000000
pyro_hands_red
  5 18.870800 52.095047 -3.506938 -0.719534 0.631594 0.288721 -0.763336 0.055388 1 5 1.000000
  5 19.546318 52.620022 -2.525808 -0.179727 0.940314 -0.288977 -0.730303 0.034370 1 5 1.000000
  5 18.945642 52.128456 -3.600039 -0.239790 0.912946 -0.330196 -0.765407 0.052385 1 5 1.000000
pyro_hands_red
  5 18.870800 52.095047 -3.506938 -0.719534 0.631594 0.288721 -0.763336 0.055388 1 5 1.000000
  5 19.451117 52.571033 -2.467287 -0.840713 0.530569 0.108158 -0.728743 0.037622 1 5 1.000000
  5 19.546318 52.620022 -2.525808 -0.179727 0.940314 -0.288977 -0.730303 0.034370 1 5 1.000000
pyro_hands_red
  5 19.451117 52.571033 -2.467287 -0.840713 0.530569 0.108158 -0.728743 0.037622 1 5 1.000000
  5 19.794731 52.961712 -1.446105 -0.156807 0.960535 -0.229748 -0.697530 0.022276 1 5 1.000000
  5 19.546318 52.620022 -2.525808 -0.179727 0.940314 -0.288977 -0.730303 0.034370 1 5 1.000000
pyro_hands_red
  5 19.451117 52.571033 -2.467287 -0.840713 0.530569 0.108158 -0.728743 0.037622 1 5 1.000000
  5 19.692564 52.903187 -1.416553 -0.874002 0.485588 -0.018043 -0.696469 0.025697 1 5 1.000000
  5 19.794731 52.961712 -1.446105 -0.156807 0.960535 -0.229748 -0.697530 0.022276 1 5 1.000000
pyro_hands_red
  5 15.458895 51.757675 2.857736 -0.430186 0.863116 -0.264519 -0.479580 0.039106 1 5 1.000000
  5 15.439507 51.742462 2.964013 -0.443180 0.636432 0.631305 -0.478121 0.036175 1 5 1.000000
  5 16.316013 52.218311 3.021382 -0.323048 0.672710 0.665658 -0.505286 0.026301 1 5 1.000000
pyro_hands_red
  5 15.458895 51.757675 2.857736 -0.430186 0.863116 -0.264519 -0.479580 0.039106 1 5 1.000000
  5 16.316013 52.218311 3.021382 -0.323048 0.672710 0.665658 -0.505286 0.026301 1 5 1.000000
  5 16.322042 52.231800 2.912287 -0.441036 0.873710 -0.205224 -0.506745 0.029227 1 5 1.000000
pyro_hands_red
  5 16.322042 52.231800 2.912287 -0.441036 0.873710 -0.205224 -0.506745 0.029227 1 5 1.000000
  5 16.316013 52.218311 3.021382 -0.323048 0.672710 0.665658 -0.505286 0.026301 1 5 1.000000
  5 17.211525 52.608444 2.872505 -0.101489 0.720627 0.685855 -0.532418 0.018611 1 5 1.000000
pyro_hands_red
  5 16.322042 52.231800 2.912287 -0.441036 0.873710 -0.205224 -0.506745 0.029227 1 5 1.000000
  5 17.211525 52.608444 2.872505 -0.101489 0.720627 0.685855 -0.532418 0.018611 1 5 1.000000
  5 17.191803 52.618916 2.765764 -0.431121 0.888207 -0.158819 -0.533667 0.021604 1 5 1.000000
pyro_hands_red
  5 17.191803 52.618916 2.765764 -0.431121 0.888207 -0.158819 -0.533667 0.021604 1 5 1.000000
  5 17.211525 52.608444 2.872505 -0.101489 0.720627 0.685855 -0.532418 0.018611 1 5 1.000000
  5 18.259174 52.998432 2.462928 0.128045 0.748057 0.651165 -0.566107 0.010953 1 5 1.000000
pyro_hands_red
  5 17.191803 52.618916 2.765764 -0.431121 0.888207 -0.158819 -0.533667 0.021604 1 5 1.000000
  5 18.259174 52.998432 2.462928 0.128045 0.748057 0.651165 -0.566107 0.010953 1 5 1.000000
  5 18.212250 53.006210 2.365520 -0.354403 0.926564 -0.126010 -0.566898 0.014044 1 5 1.000000
pyro_hands_red
  5 18.212250 53.006210 2.365520 -0.354403 0.926564 -0.126010 -0.566898 0.014044 1 5 1.000000
  5 18.259174 52.998432 2.462928 0.128045 0.748057 0.651165 -0.566107 0.010953 1 5 1.000000
  5 19.040829 53.179035 1.900018 0.388017 0.752496 0.532158 -0.593806 0.008013 1 5 1.000000
pyro_hands_red
  5 18.212250 53.006210 2.365520 -0.354403 0.926564 -0.126010 -0.566898 0.014044 1 5 1.000000
  5 19.040829 53.179035 1.900018 0.388017 0.752496 0.532158 -0.593806 0.008013 1 5 1.000000
  5 18.968826 53.188694 1.820829 -0.291491 0.951773 -0.095709 -0.594308 0.011047 1 5 1.000000
pyro_hands_red
  5 18.968826 53.188694 1.820829 -0.291491 0.951773 -0.095709 -0.594308 0.011047 1 5 1.000000
  5 19.040829 53.179035 1.900018 0.388017 0.752496 0.532158 -0.593806 0.008013 1 5 1.000000
  5 19.546659 53.260357 1.185227 0.601278 0.727356 0.330785 -0.618723 0.006860 1 5 1.000000
pyro_hands_red
  5 18.968826 53.188694 1.820829 -0.291491 0.951773 -0.095709 -0.594308 0.011047 1 5 1.000000
  5 19.546659 53.260357 1.185227 0.601278 0.727356 0.330785 -0.618723 0.006860 1 5 1.000000
  5 19.457241 53.275192 1.130993 -0.238864 0.967436 -0.083730 -0.619041 0.009858 1 5 1.000000
pyro_hands_red
  5 19.367550 53.201366 1.084663 -0.833651 0.389609 -0.391448 -0.619045 0.013530 1 5 1.000000
  5 18.968826 53.188694 1.820829 -0.291491 0.951773 -0.095709 -0.594308 0.011047 1 5 1.000000
  5 19.457241 53.275192 1.130993 -0.238864 0.967436 -0.083730 -0.619041 0.009858 1 5 1.000000
pyro_hands_red
  5 19.367550 53.201366 1.084663 -0.833651 0.389609 -0.391448 -0.619045 0.013530 1 5 1.000000
  5 19.457241 53.275192 1.130993 -0.238864 0.967436 -0.083730 -0.619041 0.009858 1 5 1.000000
  5 19.736858 53.253883 0.299814 -0.187666 0.975074 -0.118372 -0.645109 0.011462 1 5 1.000000
pyro_hands_red
  5 19.367550 53.201366 1.084663 -0.833651 0.389609 -0.391448 -0.619045 0.013530 1 5 1.000000
  5 19.736858 53.253883 0.299814 -0.187666 0.975074 -0.118372 -0.645109 0.011462 1 5 1.000000
  5 19.636826 53.183830 0.281417 -0.876179 0.428433 -0.220805 -0.644804 0.015093 1 5 1.000000
pyro_hands_red
  5 19.636826 53.183830 0.281417 -0.876179 0.428433 -0.220805 -0.644804 0.015093 1 5 1.000000
  5 19.736858 53.253883 0.299814 -0.187666 0.975074 -0.118372 -0.645109 0.011462 1 5 1.000000
  5 19.833160 53.142902 -0.575563 -0.161056 0.972423 -0.168687 -0.671492 0.015752 1 5 1.000000
pyro_hands_red
  5 19.636826 53.183830 0.281417 -0.876179 0.428433 -0.220805 -0.644804 0.015093 1 5 1.000000
  5 19.833160 53.142902 -0.575563 -0.161056 0.972423 -0.168687 -0.671492 0.015752 1 5 1.000000
  5 19.730019 53.078102 -0.569236 -0.888060 0.449825 -0.094900 -0.670804 0.019284 1 5 1.000000
pyro_hands_red
  5 19.692564 52.903187 -1.416553 -0.874002 0.485588 -0.018043 -0.696469 0.025697 1 5 1.000000
  5 19.730019 53.078102 -0.569236 -0.888060 0.449825 -0.094900 -0.670804 0.019284 1 5 1.000000
  5 19.833160 53.142902 -0.575563 -0.161056 0.972423 -0.168687 -0.671492 0.015752 1 5 1.000000
pyro_hands_red
  5 19.692564 52.903187 -1.416553 -0.874002 0.485588 -0.018043 -0.696469 0.025697 1 5 1.000000
  5 19.833160 53.142902 -0.575563 -0.161056 0.972423 -0.168687 -0.671492 0.015752 1 5 1.000000
  5 19.794731 52.961712 -1.446105 -0.156807 0.960535 -0.229748 -0.697530 0.022276 1 5 1.000000
pyro_hands_red
  5 19.736858 53.253883 0.299814 -0.187666 0.975074 -0.118372 -0.645109 0.011462 1 5 1.000000
  5 19.833563 53.234955 0.327661 0.722947 0.683124 0.103384 -0.645247 0.008506 1 5 1.000000
  5 19.929535 53.119717 -0.570981 0.767080 0.636040 -0.083918 -0.672140 0.012941 1 5 1.000000
pyro_hands_red
  5 19.457241 53.275192 1.130993 -0.238864 0.967436 -0.083730 -0.619041 0.009858 1 5 1.000000
  5 19.833563 53.234955 0.327661 0.722947 0.683124 0.103384 -0.645247 0.008506 1 5 1.000000
  5 19.736858 53.253883 0.299814 -0.187666 0.975074 -0.118372 -0.645109 0.011462 1 5 1.000000
pyro_hands_red
  5 19.457241 53.275192 1.130993 -0.238864 0.967436 -0.083730 -0.619041 0.009858 1 5 1.000000
  5 19.546659 53.260357 1.185227 0.601278 0.727356 0.330785 -0.618723 0.006860 1 5 1.000000
  5 19.833563 53.234955 0.327661 0.722947 0.683124 0.103384 -0.645247 0.008506 1 5 1.000000
pyro_hands_red
  5 19.367550 53.201366 1.084663 -0.833651 0.389609 -0.391448 -0.619045 0.013530 1 5 1.000000
  5 18.899311 53.113579 1.747927 -0.712845 0.356140 -0.604165 -0.594398 0.014781 1 5 1.000000
  5 18.968826 53.188694 1.820829 -0.291491 0.951773 -0.095709 -0.594308 0.011047 1 5 1.000000
pyro_hands_red
  5 18.899311 53.113579 1.747927 -0.712845 0.356140 -0.604165 -0.594398 0.014781 1 5 1.000000
  5 18.212250 53.006210 2.365520 -0.354403 0.926564 -0.126010 -0.566898 0.014044 1 5 1.000000
  5 18.968826 53.188694 1.820829 -0.291491 0.951773 -0.095709 -0.594308 0.011047 1 5 1.000000
pyro_hands_red
  5 18.899311 53.113579 1.747927 -0.712845 0.356140 -0.604165 -0.594398 0.014781 1 5 1.000000
  5 18.171249 52.932640 2.273300 -0.542554 0.341225 -0.767594 -0.567177 0.017777 1 5 1.000000
  5 18.212250 53.006210 2.365520 -0.354403 0.926564 -0.126010 -0.566898 0.014044 1 5 1.000000
pyro_hands_red
  5 18.171249 52.932640 2.273300 -0.542554 0.341225 -0.767594 -0.567177 0.017777 1 5 1.000000
  5 17.191803 52.618916 2.765764 -0.431121 0.888207 -0.158819 -0.533667 0.021604 1 5 1.000000
  5 18.212250 53.006210 2.365520 -0.354403 0.926564 -0.126010 -0.566898 0.014044 1 5 1.000000
pyro_hands_red
  5 18.171249 52.932640 2.273300 -0.542554 0.341225 -0.767594 -0.567177 0.017777 1 5 1.000000
  5 17.182102 52.553391 2.661834 -0.379828 0.363082 -0.850824 -0.534442 0.025249 1 5 1.000000
  5 17.191803 52.618916 2.765764 -0.431121 0.888207 -0.158819 -0.533667 0.021604 1 5 1.000000
pyro_hands_red
  5 17.182102 52.553391 2.661834 -0.379828 0.363082 -0.850824 -0.534442 0.025249 1 5 1.000000
  5 16.322042 52.231800 2.912287 -0.441036 0.873710 -0.205224 -0.506745 0.029227 1 5 1.000000
  5 17.191803 52.618916 2.765764 -0.431121 0.888207 -0.158819 -0.533667 0.021604 1 5 1.000000
pyro_hands_red
  5 17.182102 52.553391 2.661834 -0.379828 0.363082 -0.850824 -0.534442 0.025249 1 5 1.000000
  5 16.340849 52.173458 2.805007 -0.231299 0.414139 -0.880335 -0.507736 0.032824 1 5 1.000000
  5 16.322042 52.231800 2.912287 -0.441036 0.873710 -0.205224 -0.506745 0.029227 1 5 1.000000
pyro_hands_red
  5 16.340849 52.173458 2.805007 -0.231299 0.414139 -0.880335 -0.507736 0.032824 1 5 1.000000
  5 15.458895 51.757675 2.857736 -0.430186 0.863116 -0.264519 -0.479580 0.039106 1 5 1.000000
  5 16.322042 52.231800 2.912287 -0.441036 0.873710 -0.205224 -0.506745 0.029227 1 5 1.000000
pyro_hands_red
  5 16.340849 52.173458 2.805007 -0.231299 0.414139 -0.880335 -0.507736 0.032824 1 5 1.000000
  5 15.501801 51.710358 2.752117 -0.113150 0.481017 -0.869379 -0.480887 0.042612 1 5 1.000000
  5 15.458895 51.757675 2.857736 -0.430186 0.863116 -0.264519 -0.479580 0.039106 1 5 1.000000
pyro_hands_red
  5 14.788505 51.294140 2.607417 0.072560 0.634906 -0.769175 -0.456093 0.051639 1 5 1.000000
  5 15.458895 51.757675 2.857736 -0.430186 0.863116 -0.264519 -0.479580 0.039106 1 5 1.000000
  5 15.501801 51.710358 2.752117 -0.113150 0.481017 -0.869379 -0.480887 0.042612 1 5 1.000000
pyro_hands_red
  5 14.788505 51.294140 2.607417 0.072560 0.634906 -0.769175 -0.456093 0.051639 1 5 1.000000
  5 14.717063 51.326263 2.705175 -0.413742 0.879675 -0.234498 -0.454550 0.048355 1 5 1.000000
  5 15.458895 51.757675 2.857736 -0.430186 0.863116 -0.264519 -0.479580 0.039106 1 5 1.000000
pyro_hands_red
  5 14.788505 51.294140 2.607417 0.072560 0.634906 -0.769175 -0.456093 0.051639 1 5 1.000000
  5 13.948056 50.827900 1.971894 -0.397804 0.897618 -0.189828 -0.425327 0.058725 1 5 1.000000
  5 14.717063 51.326263 2.705175 -0.413742 0.879675 -0.234498 -0.454550 0.048355 1 5 1.000000
pyro_hands_red
  5 14.788505 51.294140 2.607417 0.072560 0.634906 -0.769175 -0.456093 0.051639 1 5 1.000000
  5 14.049341 50.823837 1.904955 0.274208 0.820517 -0.501560 -0.426444 0.062084 1 5 1.000000
  5 13.948056 50.827900 1.971894 -0.397804 0.897618 -0.189828 -0.425327 0.058725 1 5 1.000000
pyro_hands_red
  5 14.049341 50.823837 1.904955 0.274208 0.820517 -0.501560 -0.426444 0.062084 1 5 1.000000
  5 13.712457 50.521561 0.920141 -0.431121 0.888207 -0.158819 -0.399774 0.069920 1 5 1.000000
  5 13.948056 50.827900 1.971894 -0.397804 0.897618 -0.189828 -0.425327 0.058725 1 5 1.000000
pyro_hands_red
  5 14.049341 50.823837 1.904955 0.274208 0.820517 -0.501560 -0.426444 0.062084 1 5 1.000000
  5 13.822677 50.532238 0.891483 0.338651 0.904992 -0.257497 -0.400803 0.073054 1 5 1.000000
  5 13.712457 50.521561 0.920141 -0.431121 0.888207 -0.158819 -0.399774 0.069920 1 5 1.000000
pyro_hands_red
  5 13.822677 50.532238 0.891483 0.338651 0.904992 -0.257497 -0.400803 0.073054 1 5 1.000000
  5 13.720745 50.265762 -0.289850 -0.431121 0.888207 -0.158819 -0.371284 0.083549 1 5 1.000000
  5 13.712457 50.521561 0.920141 -0.431121 0.888207 -0.158819 -0.399774 0.069920 1 5 1.000000
pyro_hands_red
  5 13.822677 50.532238 0.891483 0.338651 0.904992 -0.257497 -0.400803 0.073054 1 5 1.000000
  5 13.830013 50.283760 -0.288075 0.331909 0.936031 -0.116968 -0.372645 0.086493 1 5 1.000000
  5 13.720745 50.265762 -0.289850 -0.431121 0.888207 -0.158819 -0.371284 0.083549 1 5 1.000000
pyro_hands_red
  5 13.980856 50.164810 -1.281145 0.298585 0.954104 0.023092 -0.348811 0.097298 1 5 1.000000
  5 13.720745 50.265762 -0.289850 -0.431121 0.888207 -0.158819 -0.371284 0.083549 1 5 1.000000
  5 13.830013 50.283760 -0.288075 0.331909 0.936031 -0.116968 -0.372645 0.086493 1 5 1.000000
pyro_hands_red
  5 13.980856 50.164810 -1.281145 0.298585 0.954104 0.023092 -0.348811 0.097298 1 5 1.000000
  5 13.874521 50.145123 -1.309247 -0.431121 0.888207 -0.158819 -0.347258 0.094455 1 5 1.000000
  5 13.720745 50.265762 -0.289850 -0.431121 0.888207 -0.158819 -0.371284 0.083549 1 5 1.000000
pyro_hands_red
  5 14.223263 50.151997 -2.050418 0.209045 0.957184 0.200247 -0.329688 0.105559 1 5 1.000000
  5 13.874521 50.145123 -1.309247 -0.431121 0.888207 -0.158819 -0.347258 0.094455 1 5 1.000000
  5 13.980856 50.164810 -1.281145 0.298585 0.954104 0.023092 -0.348811 0.097298 1 5 1.000000
pyro_hands_red
  5 14.788505 51.294140 2.607417 0.072560 0.634906 -0.769175 -0.456093 0.051639 1 5 1.000000
  5 15.501801 51.710358 2.752117 -0.113150 0.481017 -0.869379 -0.480887 0.042612 1 5 1.000000
  5 16.476501 49.793282 2.879569 0.182398 0.039735 -0.982422 -0.488284 0.110289 1 5 1.000000
pyro_hands_red
  5 14.788505 51.294140 2.607417 0.072560 0.634906 -0.769175 -0.456093 0.051639 1 5 1.000000
  5 16.476501 49.793282 2.879569 0.182398 0.039735 -0.982422 -0.488284 0.110289 1 5 1.000000
  5 16.010700 49.415783 2.635998 0.408661 0.246027 -0.878901 -0.470292 0.114791 1 5 1.000000
pyro_hands_red
  5 14.049341 50.823837 1.904955 0.274208 0.820517 -0.501560 -0.426444 0.062084 1 5 1.000000
  5 14.788505 51.294140 2.607417 0.072560 0.634906 -0.769175 -0.456093 0.051639 1 5 1.000000
  5 16.010700 49.415783 2.635998 0.408661 0.246027 -0.878901 -0.470292 0.114791 1 5 1.000000
pyro_hands_red
  5 14.049341 50.823837 1.904955 0.274208 0.820517 -0.501560 -0.426444 0.062084 1 5 1.000000
  5 16.010700 49.415783 2.635998 0.408661 0.246027 -0.878901 -0.470292 0.114791 1 5 1.000000
  5 15.627101 48.964787 2.052809 0.661006 0.501415 -0.558260 -0.449146 0.122200 1 5 1.000000
pyro_hands_red
  5 13.822677 50.532238 0.891483 0.338651 0.904992 -0.257497 -0.400803 0.073054 1 5 1.000000
  5 14.049341 50.823837 1.904955 0.274208 0.820517 -0.501560 -0.426444 0.062084 1 5 1.000000
  5 15.627101 48.964787 2.052809 0.661006 0.501415 -0.558260 -0.449146 0.122200 1 5 1.000000
pyro_hands_red
  5 13.822677 50.532238 0.891483 0.338651 0.904992 -0.257497 -0.400803 0.073054 1 5 1.000000
  5 15.627101 48.964787 2.052809 0.661006 0.501415 -0.558260 -0.449146 0.122200 1 5 1.000000
  5 15.493601 48.640083 1.173559 0.744648 0.627559 -0.227307 -0.425903 0.131409 1 5 1.000000
pyro_hands_red
  5 13.830013 50.283760 -0.288075 0.331909 0.936031 -0.116968 -0.372645 0.086493 1 5 1.000000
  5 13.822677 50.532238 0.891483 0.338651 0.904992 -0.257497 -0.400803 0.073054 1 5 1.000000
  5 15.493601 48.640083 1.173559 0.744648 0.627559 -0.227307 -0.425903 0.131409 1 5 1.000000
pyro_hands_red
  5 13.830013 50.283760 -0.288075 0.331909 0.936031 -0.116968 -0.372645 0.086493 1 5 1.000000
  5 15.493601 48.640083 1.173559 0.744648 0.627559 -0.227307 -0.425903 0.131409 1 5 1.000000
  5 15.556901 48.411285 0.178797 0.737618 0.674393 -0.033370 -0.400902 0.142142 1 5 1.000000
pyro_hands_red
  5 13.980856 50.164810 -1.281145 0.298585 0.954104 0.023092 -0.348811 0.097298 1 5 1.000000
  5 13.830013 50.283760 -0.288075 0.331909 0.936031 -0.116968 -0.372645 0.086493 1 5 1.000000
  5 15.556901 48.411285 0.178797 0.737618 0.674393 -0.033370 -0.400902 0.142142 1 5 1.000000
pyro_hands_red
  5 13.980856 50.164810 -1.281145 0.298585 0.954104 0.023092 -0.348811 0.097298 1 5 1.000000
  5 15.556901 48.411285 0.178797 0.737618 0.674393 -0.033370 -0.400902 0.142142 1 5 1.000000
  5 15.781401 48.278790 -0.674812 0.690496 0.708441 0.146036 -0.381142 0.153914 1 5 1.000000
pyro_hands_red
  5 14.223263 50.151997 -2.050418 0.209045 0.957184 0.200247 -0.329688 0.105559 1 5 1.000000
  5 13.980856 50.164810 -1.281145 0.298585 0.954104 0.023092 -0.348811 0.097298 1 5 1.000000
  5 15.781401 48.278790 -0.674812 0.690496 0.708441 0.146036 -0.381142 0.153914 1 5 1.000000
pyro_hands_red
  5 14.223263 50.151997 -2.050418 0.209045 0.957184 0.200247 -0.329688 0.105559 1 5 1.000000
  5 15.781401 48.278790 -0.674812 0.690496 0.708441 0.146036 -0.381142 0.153914 1 5 1.000000
  5 16.116901 48.271889 -1.430957 0.578669 0.721155 0.380890 -0.362130 0.163152 1 5 1.000000
pyro_hands_red
  5 14.740676 50.301685 -2.907463 0.037861 0.922534 0.384054 -0.305506 0.115127 1 5 1.000000
  5 14.223263 50.151997 -2.050418 0.209045 0.957184 0.200247 -0.329688 0.105559 1 5 1.000000
  5 16.116901 48.271889 -1.430957 0.578669 0.721155 0.380890 -0.362130 0.163152 1 5 1.000000
pyro_hands_red
  5 14.740676 50.301685 -2.907463 0.037861 0.922534 0.384054 -0.305506 0.115127 1 5 1.000000
  5 16.116901 48.271889 -1.430957 0.578669 0.721155 0.380890 -0.362130 0.163152 1 5 1.000000
  5 16.755505 48.414288 -2.075218 0.346852 0.672441 0.653848 -0.342830 0.177642 1 5 1.000000
pyro_hands_red
  5 16.066540 50.775661 -3.788305 -0.196316 0.854146 0.481553 -0.268642 0.135368 1 5 1.000000
  5 14.740676 50.301685 -2.907463 0.037861 0.922534 0.384054 -0.305506 0.115127 1 5 1.000000
  5 16.755505 48.414288 -2.075218 0.346852 0.672441 0.653848 -0.342830 0.177642 1 5 1.000000
pyro_hands_red
  5 16.066540 50.775661 -3.788305 -0.196316 0.854146 0.481553 -0.268642 0.135368 1 5 1.000000
  5 16.755505 48.414288 -2.075218 0.346852 0.672441 0.653848 -0.342830 0.177642 1 5 1.000000
  5 17.717701 48.867790 -2.502871 0.009603 0.566371 0.824094 -0.318087 0.196949 1 5 1.000000
pyro_hands_red
  5 14.666077 50.283920 -2.993402 -0.431121 0.888207 -0.158819 -0.303984 0.112035 1 5 1.000000
  5 16.020042 50.705795 -3.966475 -0.394483 0.135736 -0.908823 -0.264814 0.130467 1 5 1.000000
  5 14.617911 50.222164 -3.045258 -0.732165 0.122528 -0.670016 -0.303114 0.109413 1 5 1.000000
pyro_hands_red
  5 14.666077 50.283920 -2.993402 -0.431121 0.888207 -0.158819 -0.303984 0.112035 1 5 1.000000
  5 16.037870 50.768761 -3.900683 -0.430186 0.863116 -0.264519 -0.266232 0.132890 1 5 1.000000
  5 16.020042 50.705795 -3.966475 -0.394483 0.135736 -0.908823 -0.264814 0.130467 1 5 1.000000
pyro_hands_red
  5 16.066540 50.775661 -3.788305 -0.196316 0.854146 0.481553 -0.268642 0.135368 1 5 1.000000
  5 16.037870 50.768761 -3.900683 -0.430186 0.863116 -0.264519 -0.266232 0.132890 1 5 1.000000
  5 14.666077 50.283920 -2.993402 -0.431121 0.888207 -0.158819 -0.303984 0.112035 1 5 1.000000
pyro_hands_red
  5 16.066540 50.775661 -3.788305 -0.196316 0.854146 0.481553 -0.268642 0.135368 1 5 1.000000
  5 14.666077 50.283920 -2.993402 -0.431121 0.888207 -0.158819 -0.303984 0.112035 1 5 1.000000
  5 14.740676 50.301685 -2.907463 0.037861 0.922534 0.384054 -0.305506 0.115127 1 5 1.000000
pyro_hands_red
  5 14.740676 50.301685 -2.907463 0.037861 0.922534 0.384054 -0.305506 0.115127 1 5 1.000000
  5 14.666077 50.283920 -2.993402 -0.431121 0.888207 -0.158819 -0.303984 0.112035 1 5 1.000000
  5 14.125839 50.131233 -2.104536 -0.431121 0.888207 -0.158819 -0.328209 0.102648 1 5 1.000000
pyro_hands_red
  5 14.740676 50.301685 -2.907463 0.037861 0.922534 0.384054 -0.305506 0.115127 1 5 1.000000
  5 14.125839 50.131233 -2.104536 -0.431121 0.888207 -0.158819 -0.328209 0.102648 1 5 1.000000
  5 14.223263 50.151997 -2.050418 0.209045 0.957184 0.200247 -0.329688 0.105559 1 5 1.000000
pyro_hands_red
  5 14.223263 50.151997 -2.050418 0.209045 0.957184 0.200247 -0.329688 0.105559 1 5 1.000000
  5 14.125839 50.131233 -2.104536 -0.431121 0.888207 -0.158819 -0.328209 0.102648 1 5 1.000000
  5 13.874521 50.145123 -1.309247 -0.431121 0.888207 -0.158819 -0.347258 0.094455 1 5 1.000000
pyro_hands_red
  5 14.125839 50.131233 -2.104536 -0.431121 0.888207 -0.158819 -0.328209 0.102648 1 5 1.000000
  5 13.809138 50.082043 -1.318889 -0.968804 0.099431 -0.227008 -0.346113 0.092084 1 5 1.000000
  5 13.874521 50.145123 -1.309247 -0.431121 0.888207 -0.158819 -0.347258 0.094455 1 5 1.000000
pyro_hands_red
  5 13.720745 50.265762 -0.289850 -0.431121 0.888207 -0.158819 -0.371284 0.083549 1 5 1.000000
  5 13.874521 50.145123 -1.309247 -0.431121 0.888207 -0.158819 -0.347258 0.094455 1 5 1.000000
  5 13.809138 50.082043 -1.318889 -0.968804 0.099431 -0.227008 -0.346113 0.092084 1 5 1.000000
pyro_hands_red
  5 13.720745 50.265762 -0.289850 -0.431121 0.888207 -0.158819 -0.371284 0.083549 1 5 1.000000
  5 13.809138 50.082043 -1.318889 -0.968804 0.099431 -0.227008 -0.346113 0.092084 1 5 1.000000
  5 13.656722 50.203136 -0.278894 -0.991285 0.093754 -0.092546 -0.370229 0.081120 1 5 1.000000
pyro_hands_red
  5 13.712457 50.521561 0.920141 -0.431121 0.888207 -0.158819 -0.399774 0.069920 1 5 1.000000
  5 13.720745 50.265762 -0.289850 -0.431121 0.888207 -0.158819 -0.371284 0.083549 1 5 1.000000
  5 13.656722 50.203136 -0.278894 -0.991285 0.093754 -0.092546 -0.370229 0.081120 1 5 1.000000
pyro_hands_red
  5 13.712457 50.521561 0.920141 -0.431121 0.888207 -0.158819 -0.399774 0.069920 1 5 1.000000
  5 13.656722 50.203136 -0.278894 -0.991285 0.093754 -0.092546 -0.370229 0.081120 1 5 1.000000
  5 13.645981 50.464252 0.955755 -0.980803 0.174683 0.086672 -0.398959 0.067314 1 5 1.000000
pyro_hands_red
  5 13.948056 50.827900 1.971894 -0.397804 0.897618 -0.189828 -0.425327 0.058725 1 5 1.000000
  5 13.712457 50.521561 0.920141 -0.431121 0.888207 -0.158819 -0.399774 0.069920 1 5 1.000000
  5 13.645981 50.464252 0.955755 -0.980803 0.174683 0.086672 -0.398959 0.067314 1 5 1.000000
pyro_hands_red
  5 13.948056 50.827900 1.971894 -0.397804 0.897618 -0.189828 -0.425327 0.058725 1 5 1.000000
  5 13.645981 50.464252 0.955755 -0.980803 0.174683 0.086672 -0.398959 0.067314 1 5 1.000000
  5 13.884862 50.783852 2.039561 -0.884284 0.333698 0.326629 -0.424431 0.055981 1 5 1.000000
pyro_hands_red
  5 14.717063 51.326263 2.705175 -0.413742 0.879675 -0.234498 -0.454550 0.048355 1 5 1.000000
  5 13.948056 50.827900 1.971894 -0.397804 0.897618 -0.189828 -0.425327 0.058725 1 5 1.000000
  5 13.884862 50.783852 2.039561 -0.884284 0.333698 0.326629 -0.424431 0.055981 1 5 1.000000
pyro_hands_red
  5 14.717063 51.326263 2.705175 -0.413742 0.879675 -0.234498 -0.454550 0.048355 1 5 1.000000
  5 13.884862 50.783852 2.039561 -0.884284 0.333698 0.326629 -0.424431 0.055981 1 5 1.000000
  5 14.670744 51.300900 2.801405 -0.631171 0.540370 0.556439 -0.452703 0.045567 1 5 1.000000
pyro_hands_red
  5 14.717063 51.326263 2.705175 -0.413742 0.879675 -0.234498 -0.454550 0.048355 1 5 1.000000
  5 14.670744 51.300900 2.801405 -0.631171 0.540370 0.556439 -0.452703 0.045567 1 5 1.000000
  5 15.439507 51.742462 2.964013 -0.443180 0.636432 0.631305 -0.478121 0.036175 1 5 1.000000
pyro_hands_red
  5 14.717063 51.326263 2.705175 -0.413742 0.879675 -0.234498 -0.454550 0.048355 1 5 1.000000
  5 15.439507 51.742462 2.964013 -0.443180 0.636432 0.631305 -0.478121 0.036175 1 5 1.000000
  5 15.458895 51.757675 2.857736 -0.430186 0.863116 -0.264519 -0.479580 0.039106 1 5 1.000000
pyro_hands_red
  5 14.125839 50.131233 -2.104536 -0.431121 0.888207 -0.158819 -0.328209 0.102648 1 5 1.000000
  5 14.062627 50.069916 -2.133327 -0.908395 0.117296 -0.401322 -0.327286 0.100210 1 5 1.000000
  5 13.809138 50.082043 -1.318889 -0.968804 0.099431 -0.227008 -0.346113 0.092084 1 5 1.000000
pyro_hands_red
  5 14.125839 50.131233 -2.104536 -0.431121 0.888207 -0.158819 -0.328209 0.102648 1 5 1.000000
  5 14.617911 50.222164 -3.045258 -0.732165 0.122528 -0.670016 -0.303114 0.109413 1 5 1.000000
  5 14.062627 50.069916 -2.133327 -0.908395 0.117296 -0.401322 -0.327286 0.100210 1 5 1.000000
pyro_hands_red
  5 14.125839 50.131233 -2.104536 -0.431121 0.888207 -0.158819 -0.328209 0.102648 1 5 1.000000
  5 14.666077 50.283920 -2.993402 -0.431121 0.888207 -0.158819 -0.303984 0.112035 1 5 1.000000
  5 14.617911 50.222164 -3.045258 -0.732165 0.122528 -0.670016 -0.303114 0.109413 1 5 1.000000
pyro_hands_red
  54 18.839499 38.023777 -0.165740 -0.412381 0.211084 -0.886220 -0.405565 0.752236 2 54 0.500000 56 0.500000
  54 18.875097 38.336685 0.049003 -0.744299 0.583539 -0.324809 -0.398177 0.754968 2 54 0.598200 56 0.401800
  54 18.979498 38.189682 -0.195315 -0.443760 0.218343 -0.869139 -0.404965 0.750844 2 54 0.561700 56 0.438300
pyro_hands_red
  56 17.499498 37.287182 0.422746 -0.944226 0.013327 -0.329027 -0.416293 0.785645 1 56 1.000000
  56 17.597599 37.499580 0.773496 -0.766607 0.606358 0.211289 -0.407292 0.787465 1 56 1.000000
  56 17.603498 37.440281 0.378662 -0.774304 0.421457 -0.472046 -0.414471 0.781817 1 56 1.000000
pyro_hands_red
  56 17.603498 37.440281 0.378662 -0.774304 0.421457 -0.472046 -0.414471 0.781817 1 56 1.000000
  56 17.597599 37.499580 0.773496 -0.766607 0.606358 0.211289 -0.407292 0.787465 1 56 1.000000
  56 17.882399 37.744881 0.711655 -0.569435 0.812009 0.128002 -0.402263 0.780826 1 56 1.000000
pyro_hands_red
  56 17.760798 37.406483 1.091027 -0.439665 0.301462 0.846058 -0.400846 0.792542 1 56 1.000000
  56 17.882399 37.744881 0.711655 -0.569435 0.812009 0.128002 -0.402263 0.780826 1 56 1.000000
  56 17.597599 37.499580 0.773496 -0.766607 0.606358 0.211289 -0.407292 0.787465 1 56 1.000000
pyro_hands_red
  56 17.760798 37.406483 1.091027 -0.439665 0.301462 0.846058 -0.400846 0.792542 1 56 1.000000
  56 18.044199 37.628983 1.082987 -0.275424 0.500873 0.820529 -0.394299 0.787240 1 56 1.000000
  56 17.882399 37.744881 0.711655 -0.569435 0.812009 0.128002 -0.402263 0.780826 1 56 1.000000
pyro_hands_red
  56 18.044199 37.628983 1.082987 -0.275424 0.500873 0.820529 -0.394299 0.787240 1 56 1.000000
  56 18.773598 38.282784 0.516153 -0.569435 0.812009 0.128001 -0.390347 0.764684 2 56 0.503900 54 0.496100
  56 17.882399 37.744881 0.711655 -0.569435 0.812009 0.128002 -0.402263 0.780826 1 56 1.000000
pyro_hands_red
  56 18.044199 37.628983 1.082987 -0.275424 0.500873 0.820529 -0.394299 0.787240 1 56 1.000000
  56 18.898298 38.176182 0.979226 -0.294347 0.526260 0.797753 -0.381077 0.773557 2 56 0.516800 54 0.483200
  56 18.773598 38.282784 0.516153 -0.569435 0.812009 0.128001 -0.390347 0.764684 2 56 0.503900 54 0.496100
pyro_hands_red
  56 18.773598 38.282784 0.516153 -0.569435 0.812009 0.128001 -0.390347 0.764684 2 56 0.503900 54 0.496100
  56 18.898298 38.176182 0.979226 -0.294347 0.526260 0.797753 -0.381077 0.773557 2 56 0.516800 54 0.483200
  54 19.067898 38.322281 0.974316 -0.384748 0.442034 0.810293 -0.378039 0.771258 2 54 0.523200 56 0.476800
pyro_hands_red
  56 18.773598 38.282784 0.516153 -0.569435 0.812009 0.128001 -0.390347 0.764684 2 56 0.503900 54 0.496100
  54 19.067898 38.322281 0.974316 -0.384748 0.442034 0.810293 -0.378039 0.771258 2 54 0.523200 56 0.476800
  54 18.925098 38.400581 0.477460 -0.718623 0.676652 0.160384 -0.388475 0.761566 2 54 0.780100 56 0.219900
pyro_hands_red
  54 18.875097 38.336685 0.049003 -0.744299 0.583539 -0.324809 -0.398177 0.754968 2 54 0.598200 56 0.401800
  56 18.773598 38.282784 0.516153 -0.569435 0.812009 0.128001 -0.390347 0.764684 2 56 0.503900 54 0.496100
  54 18.925098 38.400581 0.477460 -0.718623 0.676652 0.160384 -0.388475 0.761566 2 54 0.780100 56 0.219900
pyro_hands_red
  54 18.875097 38.336685 0.049003 -0.744299 0.583539 -0.324809 -0.398177 0.754968 2 54 0.598200 56 0.401800
  56 18.713596 38.188381 0.082652 -0.618428 0.684155 -0.386624 -0.399957 0.758149 2 56 0.502800 54 0.497200
  56 18.773598 38.282784 0.516153 -0.569435 0.812009 0.128001 -0.390347 0.764684 2 56 0.503900 54 0.496100
pyro_hands_red
  54 18.839499 38.023777 -0.165740 -0.412381 0.211084 -0.886220 -0.405565 0.752236 2 54 0.500000 56 0.500000
  56 18.713596 38.188381 0.082652 -0.618428 0.684155 -0.386624 -0.399957 0.758149 2 56 0.502800 54 0.497200
  54 18.875097 38.336685 0.049003 -0.744299 0.583539 -0.324809 -0.398177 0.754968 2 54 0.598200 56 0.401800
pyro_hands_red
  56 17.999298 37.499977 0.101848 -0.422575 0.108427 -0.899819 -0.415095 0.769014 1 56 1.000000
  56 18.713596 38.188381 0.082652 -0.618428 0.684155 -0.386624 -0.399957 0.758149 2 56 0.502800 54 0.497200
  54 18.839499 38.023777 -0.165740 -0.412381 0.211084 -0.886220 -0.405565 0.752236 2 54 0.500000 56 0.500000
pyro_hands_red
  56 17.999298 37.499977 0.101848 -0.422575 0.108427 -0.899819 -0.415095 0.769014 1 56 1.000000
  56 17.866198 37.664375 0.298978 -0.615986 0.645897 -0.450975 -0.410161 0.774293 1 56 1.000000
  56 18.713596 38.188381 0.082652 -0.618428 0.684155 -0.386624 -0.399957 0.758149 2 56 0.502800 54 0.497200
pyro_hands_red
  56 17.744896 37.278976 0.229683 -0.496902 -0.100441 -0.861974 -0.420164 0.778126 1 56 1.000000
  56 17.866198 37.664375 0.298978 -0.615986 0.645897 -0.450975 -0.410161 0.774293 1 56 1.000000
  56 17.999298 37.499977 0.101848 -0.422575 0.108427 -0.899819 -0.415095 0.769014 1 56 1.000000
pyro_hands_red
  56 17.866198 37.664375 0.298978 -0.615986 0.645897 -0.450975 -0.410161 0.774293 1 56 1.000000
  56 18.773598 38.282784 0.516153 -0.569435 0.812009 0.128001 -0.390347 0.764684 2 56 0.503900 54 0.496100
  56 18.713596 38.188381 0.082652 -0.618428 0.684155 -0.386624 -0.399957 0.758149 2 56 0.502800 54 0.497200
pyro_hands_red
  56 17.866198 37.664375 0.298978 -0.615986 0.645897 -0.450975 -0.410161 0.774293 1 56 1.000000
  56 17.882399 37.744881 0.711655 -0.569435 0.812009 0.128002 -0.402263 0.780826 1 56 1.000000
  56 18.773598 38.282784 0.516153 -0.569435 0.812009 0.128001 -0.390347 0.764684 2 56 0.503900 54 0.496100
pyro_hands_red
  56 17.603498 37.440281 0.378662 -0.774304 0.421457 -0.472046 -0.414471 0.781817 1 56 1.000000
  56 17.882399 37.744881 0.711655 -0.569435 0.812009 0.128002 -0.402263 0.780826 1 56 1.000000
  56 17.866198 37.664375 0.298978 -0.615986 0.645897 -0.450975 -0.410161 0.774293 1 56 1.000000
pyro_hands_red
  56 17.744896 37.278976 0.229683 -0.496902 -0.100441 -0.861974 -0.420164 0.778126 1 56 1.000000
  56 17.603498 37.440281 0.378662 -0.774304 0.421457 -0.472046 -0.414471 0.781817 1 56 1.000000
  56 17.866198 37.664375 0.298978 -0.615986 0.645897 -0.450975 -0.410161 0.774293 1 56 1.000000
pyro_hands_red
  56 17.499498 37.287182 0.422746 -0.944226 0.013327 -0.329027 -0.416293 0.785645 1 56 1.000000
  56 17.603498 37.440281 0.378662 -0.774304 0.421457 -0.472046 -0.414471 0.781817 1 56 1.000000
  56 17.744896 37.278976 0.229683 -0.496902 -0.100441 -0.861974 -0.420164 0.778126 1 56 1.000000
pyro_hands_red
  56 17.499498 37.287182 0.422746 -0.944226 0.013327 -0.329027 -0.416293 0.785645 1 56 1.000000
  56 17.744896 37.278976 0.229683 -0.496902 -0.100441 -0.861974 -0.420164 0.778126 1 56 1.000000
  56 17.595997 37.110676 0.385074 -0.738651 -0.420165 -0.527120 -0.420943 0.787921 1 56 1.000000
pyro_hands_red
  56 17.605099 37.022182 0.724186 -0.776073 -0.620570 0.112268 -0.414934 0.796528 1 56 1.000000
  56 17.499498 37.287182 0.422746 -0.944226 0.013327 -0.329027 -0.416293 0.785645 1 56 1.000000
  56 17.595997 37.110676 0.385074 -0.738651 -0.420165 -0.527120 -0.420943 0.787921 1 56 1.000000
pyro_hands_red
  56 17.605099 37.022182 0.724186 -0.776073 -0.620570 0.112268 -0.414934 0.796528 1 56 1.000000
  56 17.508698 37.266281 0.778326 -0.977346 -0.004633 0.211596 -0.410489 0.791459 1 56 1.000000
  56 17.499498 37.287182 0.422746 -0.944226 0.013327 -0.329027 -0.416293 0.785645 1 56 1.000000
pyro_hands_red
  56 17.499498 37.287182 0.422746 -0.944226 0.013327 -0.329027 -0.416293 0.785645 1 56 1.000000
  56 17.508698 37.266281 0.778326 -0.977346 -0.004633 0.211596 -0.410489 0.791459 1 56 1.000000
  56 17.597599 37.499580 0.773496 -0.766607 0.606358 0.211289 -0.407292 0.787465 1 56 1.000000
pyro_hands_red
  56 17.631096 37.226582 1.055717 -0.709907 -0.071522 0.700654 -0.404761 0.795603 1 56 1.000000
  56 17.597599 37.499580 0.773496 -0.766607 0.606358 0.211289 -0.407292 0.787465 1 56 1.000000
  56 17.508698 37.266281 0.778326 -0.977346 -0.004633 0.211596 -0.410489 0.791459 1 56 1.000000
pyro_hands_red
  56 17.631096 37.226582 1.055717 -0.709907 -0.071522 0.700654 -0.404761 0.795603 1 56 1.000000
  56 17.760798 37.406483 1.091027 -0.439665 0.301462 0.846058 -0.400846 0.792542 1 56 1.000000
  56 17.597599 37.499580 0.773496 -0.766607 0.606358 0.211289 -0.407292 0.787465 1 56 1.000000
pyro_hands_red
  56 17.631096 37.226582 1.055717 -0.709907 -0.071522 0.700654 -0.404761 0.795603 1 56 1.000000
  56 17.964397 37.199581 1.111427 0.104268 -0.311205 0.944606 -0.396256 0.798358 1 56 1.000000
  56 17.760798 37.406483 1.091027 -0.439665 0.301462 0.846058 -0.400846 0.792542 1 56 1.000000
pyro_hands_red
  56 17.964397 37.199581 1.111427 0.104268 -0.311205 0.944606 -0.396256 0.798358 1 56 1.000000
  56 18.044199 37.628983 1.082987 -0.275424 0.500873 0.820529 -0.394299 0.787240 1 56 1.000000
  56 17.760798 37.406483 1.091027 -0.439665 0.301462 0.846058 -0.400846 0.792542 1 56 1.000000
pyro_hands_red
  56 17.964397 37.199581 1.111427 0.104268 -0.311205 0.944606 -0.396256 0.798358 1 56 1.000000
  56 18.314798 37.445282 1.095906 0.203109 -0.197293 0.959074 -0.386775 0.790435 1 56 1.000000
  56 18.044199 37.628983 1.082987 -0.275424 0.500873 0.820529 -0.394299 0.787240 1 56 1.000000
pyro_hands_red
  56 18.314798 37.445282 1.095906 0.203109 -0.197293 0.959074 -0.386775 0.790435 1 56 1.000000
  56 18.898298 38.176182 0.979226 -0.294347 0.526260 0.797753 -0.381077 0.773557 2 56 0.516800 54 0.483200
  56 18.044199 37.628983 1.082987 -0.275424 0.500873 0.820529 -0.394299 0.787240 1 56 1.000000
pyro_hands_red
  56 18.314798 37.445282 1.095906 0.203109 -0.197293 0.959074 -0.386775 0.790435 1 56 1.000000
  56 19.142597 37.996582 0.993584 0.222905 -0.159116 0.961767 -0.374097 0.776895 2 56 0.502300 54 0.497700
  56 18.898298 38.176182 0.979226 -0.294347 0.526260 0.797753 -0.381077 0.773557 2 56 0.516800 54 0.483200
pyro_hands_red
  54 19.067898 38.322281 0.974316 -0.384748 0.442034 0.810293 -0.378039 0.771258 2 54 0.523200 56 0.476800
  56 18.898298 38.176182 0.979226 -0.294347 0.526260 0.797753 -0.381077 0.773557 2 56 0.516800 54 0.483200
  56 19.142597 37.996582 0.993584 0.222905 -0.159116 0.961767 -0.374097 0.776895 2 56 0.502300 54 0.497700
pyro_hands_red
  54 19.067898 38.322281 0.974316 -0.384748 0.442034 0.810293 -0.378039 0.771258 2 54 0.523200 56 0.476800
  56 19.142597 37.996582 0.993584 0.222905 -0.159116 0.961767 -0.374097 0.776895 2 56 0.502300 54 0.497700
  54 19.298698 38.159882 0.979608 0.272339 -0.129971 0.953383 -0.372220 0.775993 2 54 0.540700 56 0.459300
pyro_hands_red
  56 17.631096 37.226582 1.055717 -0.709907 -0.071522 0.700654 -0.404761 0.795603 1 56 1.000000
  56 17.732298 37.038380 1.036976 -0.397060 -0.598308 0.695968 -0.405460 0.801005 1 56 1.000000
  56 17.964397 37.199581 1.111427 0.104268 -0.311205 0.944606 -0.396256 0.798358 1 56 1.000000
pyro_hands_red
  56 17.631096 37.226582 1.055717 -0.709907 -0.071522 0.700654 -0.404761 0.795603 1 56 1.000000
  56 17.605099 37.022182 0.724186 -0.776073 -0.620570 0.112268 -0.414934 0.796528 1 56 1.000000
  56 17.732298 37.038380 1.036976 -0.397060 -0.598308 0.695968 -0.405460 0.801005 1 56 1.000000
pyro_hands_red
  56 17.631096 37.226582 1.055717 -0.709907 -0.071522 0.700654 -0.404761 0.795603 1 56 1.000000
  56 17.508698 37.266281 0.778326 -0.977346 -0.004633 0.211596 -0.410489 0.791459 1 56 1.000000
  56 17.605099 37.022182 0.724186 -0.776073 -0.620570 0.112268 -0.414934 0.796528 1 56 1.000000
pyro_hands_red
  32 17.845192 40.742592 7.424864 0.069027 0.477295 0.876028 -0.956004 0.770141 2 32 0.889401 30 0.110599
  32 18.356892 40.259789 7.555224 0.599240 0.330673 0.729086 -0.947050 0.788003 2 32 0.940100 30 0.059900
  32 18.416695 40.638592 7.305864 0.599240 0.330673 0.729086 -0.940276 0.776999 2 32 0.816801 30 0.183199
pyro_hands_red
  32 17.845192 40.742592 7.424864 0.069027 0.477295 0.876028 -0.956004 0.770141 2 32 0.889401 30 0.110599
  32 17.801392 40.348690 7.669434 0.061747 0.523343 0.849882 -0.961204 0.781850 1 32 1.000000
  32 18.356892 40.259789 7.555224 0.599240 0.330673 0.729086 -0.947050 0.788003 2 32 0.940100 30 0.059900
pyro_hands_red
  32 16.891592 40.546291 7.054904 -0.973835 0.045364 0.222681 -0.986536 0.761849 2 32 0.806500 30 0.193500
  32 16.936693 40.142891 7.346704 -0.965781 -0.058731 0.252623 -0.987490 0.775867 2 32 0.942800 30 0.057200
  32 17.225691 40.337891 7.591714 -0.463831 0.448713 0.763883 -0.975868 0.776926 1 32 1.000000
pyro_hands_red
  32 17.120790 39.792789 7.678154 -0.667255 -0.523724 0.529606 -0.983994 0.790382 1 32 1.000000
  32 17.225691 40.337891 7.591714 -0.463831 0.448713 0.763883 -0.975868 0.776926 1 32 1.000000
  32 16.936693 40.142891 7.346704 -0.965781 -0.058731 0.252623 -0.987490 0.775867 2 32 0.942800 30 0.057200
pyro_hands_red
  32 17.120790 39.792789 7.678154 -0.667255 -0.523724 0.529606 -0.983994 0.790382 1 32 1.000000
  32 17.241590 39.963890 7.847864 -0.441076 0.105658 0.891228 -0.977764 0.788132 1 32 1.000000
  32 17.225691 40.337891 7.591714 -0.463831 0.448713 0.763883 -0.975868 0.776926 1 32 1.000000
pyro_hands_red
  32 17.712091 39.655388 7.786524 -0.064754 -0.754525 0.653069 -0.969755 0.800247 1 32 1.000000
  32 17.241590 39.963890 7.847864 -0.441076 0.105658 0.891228 -0.977764 0.788132 1 32 1.000000
  32 17.120790 39.792789 7.678154 -0.667255 -0.523724 0.529606 -0.983994 0.790382 1 32 1.000000
pyro_hands_red
  32 17.712091 39.655388 7.786524 -0.064754 -0.754525 0.653069 -0.969755 0.800247 1 32 1.000000
  32 17.727690 39.915287 7.915834 0.007814 0.007831 0.999939 -0.966959 0.793237 1 32 1.000000
  32 17.241590 39.963890 7.847864 -0.441076 0.105658 0.891228 -0.977764 0.788132 1 32 1.000000
pyro_hands_red
  32 17.712091 39.655388 7.786524 -0.064754 -0.754525 0.653069 -0.969755 0.800247 1 32 1.000000
  32 18.222992 39.895187 7.842225 0.479235 0.006774 0.877661 -0.955525 0.797101 1 32 1.000000
  32 17.727690 39.915287 7.915834 0.007814 0.007831 0.999939 -0.966959 0.793237 1 32 1.000000
pyro_hands_red
  32 18.222992 39.895187 7.842225 0.479235 0.006774 0.877661 -0.955525 0.797101 1 32 1.000000
  32 17.801392 40.348690 7.669434 0.061747 0.523343 0.849882 -0.961204 0.781850 1 32 1.000000
  32 17.727690 39.915287 7.915834 0.007814 0.007831 0.999939 -0.966959 0.793237 1 32 1.000000
pyro_hands_red
  32 17.801392 40.348690 7.669434 0.061747 0.523343 0.849882 -0.961204 0.781850 1 32 1.000000
  32 17.241590 39.963890 7.847864 -0.441076 0.105658 0.891228 -0.977764 0.788132 1 32 1.000000
  32 17.727690 39.915287 7.915834 0.007814 0.007831 0.999939 -0.966959 0.793237 1 32 1.000000
pyro_hands_red
  32 17.801392 40.348690 7.669434 0.061747 0.523343 0.849882 -0.961204 0.781850 1 32 1.000000
  32 17.225691 40.337891 7.591714 -0.463831 0.448713 0.763883 -0.975868 0.776926 1 32 1.000000
  32 17.241590 39.963890 7.847864 -0.441076 0.105658 0.891228 -0.977764 0.788132 1 32 1.000000
pyro_hands_red
  32 17.238192 40.738693 7.344494 -0.463831 0.448713 0.763883 -0.972589 0.764289 2 32 0.852200 30 0.147800
  32 17.225691 40.337891 7.591714 -0.463831 0.448713 0.763883 -0.975868 0.776926 1 32 1.000000
  32 17.801392 40.348690 7.669434 0.061747 0.523343 0.849882 -0.961204 0.781850 1 32 1.000000
pyro_hands_red
  32 17.238192 40.738693 7.344494 -0.463831 0.448713 0.763883 -0.972589 0.764289 2 32 0.852200 30 0.147800
  32 17.801392 40.348690 7.669434 0.061747 0.523343 0.849882 -0.961204 0.781850 1 32 1.000000
  32 17.845192 40.742592 7.424864 0.069027 0.477295 0.876028 -0.956004 0.770141 2 32 0.889401 30 0.110599
pyro_hands_red
  32 17.884991 41.172791 7.216234 0.060477 0.435314 0.898245 -0.950594 0.757152 2 32 0.648002 30 0.351998
  32 17.238192 40.738693 7.344494 -0.463831 0.448713 0.763883 -0.972589 0.764289 2 32 0.852200 30 0.147800
  32 17.845192 40.742592 7.424864 0.069027 0.477295 0.876028 -0.956004 0.770141 2 32 0.889401 30 0.110599
pyro_hands_red
  32 17.884991 41.172791 7.216234 0.060477 0.435314 0.898245 -0.950594 0.757152 2 32 0.648002 30 0.351998
  32 17.845192 40.742592 7.424864 0.069027 0.477295 0.876028 -0.956004 0.770141 2 32 0.889401 30 0.110599
  32 18.416695 40.638592 7.305864 0.599240 0.330673 0.729086 -0.940276 0.776999 2 32 0.816801 30 0.183199
pyro_hands_red
  32 17.884991 41.172791 7.216234 0.060477 0.435314 0.898245 -0.950594 0.757152 2 32 0.648002 30 0.351998
  32 18.416695 40.638592 7.305864 0.599240 0.330673 0.729086 -0.940276 0.776999 2 32 0.816801 30 0.183199
  32 18.478992 41.060093 7.094883 0.617888 0.282491 0.733766 -0.933792 0.764461 2 32 0.604200 30 0.395800
pyro_hands_red
  32 17.712091 39.655388 7.786524 -0.064754 -0.754525 0.653069 -0.969755 0.800247 1 32 1.000000
  32 18.285692 39.693985 7.689855 0.571088 -0.619807 0.538236 -0.953228 0.803229 1 32 1.000000
  32 18.222992 39.895187 7.842225 0.479235 0.006774 0.877661 -0.955525 0.797101 1 32 1.000000
pyro_hands_red
  32 17.884991 41.172791 7.216234 0.060477 0.435314 0.898245 -0.950594 0.757152 2 32 0.648002 30 0.351998
  32 17.241495 41.175591 7.123795 -0.463831 0.448713 0.763883 -0.968754 0.750528 2 32 0.615100 30 0.384900
  32 17.238192 40.738693 7.344494 -0.463831 0.448713 0.763883 -0.972589 0.764289 2 32 0.852200 30 0.147800
pyro_hands_red
  32 18.222992 39.895187 7.842225 0.479235 0.006774 0.877661 -0.955525 0.797101 1 32 1.000000
  32 18.356892 40.259789 7.555224 0.599240 0.330673 0.729086 -0.947050 0.788003 2 32 0.940100 30 0.059900
  32 17.801392 40.348690 7.669434 0.061747 0.523343 0.849882 -0.961204 0.781850 1 32 1.000000
pyro_hands_red
  32 18.356892 40.259789 7.555224 0.599240 0.330673 0.729086 -0.947050 0.788003 2 32 0.940100 30 0.059900
  32 18.222992 39.895187 7.842225 0.479235 0.006774 0.877661 -0.955525 0.797101 1 32 1.000000
  32 18.285692 39.693985 7.689855 0.571088 -0.619807 0.538236 -0.953228 0.803229 1 32 1.000000
pyro_hands_red
  32 18.356892 40.259789 7.555224 0.599240 0.330673 0.729086 -0.947050 0.788003 2 32 0.940100 30 0.059900
  32 18.285692 39.693985 7.689855 0.571088 -0.619807 0.538236 -0.953228 0.803229 1 32 1.000000
  32 18.568392 40.035290 7.263994 0.947765 -0.241240 0.208675 -0.937549 0.795009 2 32 0.916599 30 0.083401
pyro_hands_red
  32 18.416695 40.638592 7.305864 0.599240 0.330673 0.729086 -0.940276 0.776999 2 32 0.816801 30 0.183199
  32 18.356892 40.259789 7.555224 0.599240 0.330673 0.729086 -0.947050 0.788003 2 32 0.940100 30 0.059900
  32 18.568392 40.035290 7.263994 0.947765 -0.241240 0.208675 -0.937549 0.795009 2 32 0.916599 30 0.083401
pyro_hands_red
  32 18.416695 40.638592 7.305864 0.599240 0.330673 0.729086 -0.940276 0.776999 2 32 0.816801 30 0.183199
  32 18.568392 40.035290 7.263994 0.947765 -0.241240 0.208675 -0.937549 0.795009 2 32 0.916599 30 0.083401
  32 18.656078 40.394981 6.950995 0.981394 -0.141745 0.129518 -0.927848 0.784534 2 32 0.767063 30 0.232937
pyro_hands_red
  32 18.478992 41.060093 7.094883 0.617888 0.282491 0.733766 -0.933792 0.764461 2 32 0.604200 30 0.395800
  32 18.416695 40.638592 7.305864 0.599240 0.330673 0.729086 -0.940276 0.776999 2 32 0.816801 30 0.183199
  32 18.656078 40.394981 6.950995 0.981394 -0.141745 0.129518 -0.927848 0.784534 2 32 0.767063 30 0.232937
pyro_hands_red
  32 18.478992 41.060093 7.094883 0.617888 0.282491 0.733766 -0.933792 0.764461 2 32 0.604200 30 0.395800
  32 18.656078 40.394981 6.950995 0.981394 -0.141745 0.129518 -0.927848 0.784534 2 32 0.767063 30 0.232937
  32 18.738594 40.776688 6.669093 0.988572 -0.113143 0.099620 -0.919019 0.773208 2 32 0.567132 30 0.432868
pyro_hands_red
  30 18.810095 41.389996 6.334943 0.988572 -0.113143 0.099620 -0.912170 0.763818 2 30 0.559600 32 0.440400
  32 18.478992 41.060093 7.094883 0.617888 0.282491 0.733766 -0.933792 0.764461 2 32 0.604200 30 0.395800
  32 18.738594 40.776688 6.669093 0.988572 -0.113143 0.099620 -0.919019 0.773208 2 32 0.567132 30 0.432868
pyro_hands_red
  30 18.810095 41.389996 6.334943 0.988572 -0.113143 0.099620 -0.912170 0.763818 2 30 0.559600 32 0.440400
  30 18.539492 41.696491 6.791391 0.617888 0.282491 0.733766 -0.928011 0.753917 2 30 0.569000 32 0.431000
  32 18.478992 41.060093 7.094883 0.617888 0.282491 0.733766 -0.933792 0.764461 2 32 0.604200 30 0.395800
pyro_hands_red
  30 17.938892 41.789391 6.919423 0.060477 0.435314 0.898245 -0.946064 0.746789 2 30 0.586900 32 0.413100
  32 18.478992 41.060093 7.094883 0.617888 0.282491 0.733766 -0.933792 0.764461 2 32 0.604200 30 0.395800
  30 18.539492 41.696491 6.791391 0.617888 0.282491 0.733766 -0.928011 0.753917 2 30 0.569000 32 0.431000
pyro_hands_red
  30 17.938892 41.789391 6.919423 0.060477 0.435314 0.898245 -0.946064 0.746789 2 30 0.586900 32 0.413100
  32 17.884991 41.172791 7.216234 0.060477 0.435314 0.898245 -0.950594 0.757152 2 32 0.648002 30 0.351998
  32 18.478992 41.060093 7.094883 0.617888 0.282491 0.733766 -0.933792 0.764461 2 32 0.604200 30 0.395800
pyro_hands_red
  30 17.283495 41.763493 6.803414 -0.529595 0.444251 0.722613 -0.965822 0.740213 2 30 0.591000 32 0.409000
  32 17.884991 41.172791 7.216234 0.060477 0.435314 0.898245 -0.950594 0.757152 2 32 0.648002 30 0.351998
  30 17.938892 41.789391 6.919423 0.060477 0.435314 0.898245 -0.946064 0.746789 2 30 0.586900 32 0.413100
pyro_hands_red
  30 17.283495 41.763493 6.803414 -0.529595 0.444251 0.722613 -0.965822 0.740213 2 30 0.591000 32 0.409000
  32 17.241495 41.175591 7.123795 -0.463831 0.448713 0.763883 -0.968754 0.750528 2 32 0.615100 30 0.384900
  32 17.884991 41.172791 7.216234 0.060477 0.435314 0.898245 -0.950594 0.757152 2 32 0.648002 30 0.351998
pyro_hands_red
  30 16.936592 41.500393 6.400344 -0.980802 0.174684 0.086672 -0.983851 0.736895 2 30 0.582700 32 0.417300
  32 17.241495 41.175591 7.123795 -0.463831 0.448713 0.763883 -0.968754 0.750528 2 32 0.615100 30 0.384900
  30 17.283495 41.763493 6.803414 -0.529595 0.444251 0.722613 -0.965822 0.740213 2 30 0.591000 32 0.409000
pyro_hands_red
  30 16.936592 41.500393 6.400344 -0.980802 0.174684 0.086672 -0.983851 0.736895 2 30 0.582700 32 0.417300
  32 16.866095 40.962196 6.773504 -0.978248 0.113416 0.173690 -0.984908 0.747174 2 32 0.579900 30 0.420100
  32 17.241495 41.175591 7.123795 -0.463831 0.448713 0.763883 -0.968754 0.750528 2 32 0.615100 30 0.384900
pyro_hands_red
  32 16.866095 40.962196 6.773504 -0.978248 0.113416 0.173690 -0.984908 0.747174 2 32 0.579900 30 0.420100
  32 17.238192 40.738693 7.344494 -0.463831 0.448713 0.763883 -0.972589 0.764289 2 32 0.852200 30 0.147800
  32 17.241495 41.175591 7.123795 -0.463831 0.448713 0.763883 -0.968754 0.750528 2 32 0.615100 30 0.384900
pyro_hands_red
  32 16.866095 40.962196 6.773504 -0.978248 0.113416 0.173690 -0.984908 0.747174 2 32 0.579900 30 0.420100
  32 16.891592 40.546291 7.054904 -0.973835 0.045364 0.222681 -0.986536 0.761849 2 32 0.806500 30 0.193500
  32 17.238192 40.738693 7.344494 -0.463831 0.448713 0.763883 -0.972589 0.764289 2 32 0.852200 30 0.147800
pyro_hands_red
  32 16.891592 40.546291 7.054904 -0.973835 0.045364 0.222681 -0.986536 0.761849 2 32 0.806500 30 0.193500
  32 17.225691 40.337891 7.591714 -0.463831 0.448713 0.763883 -0.975868 0.776926 1 32 1.000000
  32 17.238192 40.738693 7.344494 -0.463831 0.448713 0.763883 -0.972589 0.764289 2 32 0.852200 30 0.147800
pyro_hands_red
  42 20.748999 37.977379 3.187975 -0.127029 -0.235411 -0.963559 -0.646970 0.879630 1 42 1.000000
  42 20.843998 38.293282 3.098855 -0.150483 -0.289738 -0.945202 -0.642760 0.869817 1 42 1.000000
  42 21.587597 38.085377 3.278524 0.575682 -0.335444 -0.745699 -0.658693 0.868362 2 42 0.700000 40 0.300000
pyro_hands_red
  44 19.301600 37.081779 5.014525 0.060212 0.130862 0.989570 -0.696558 0.902209 2 44 0.507400 42 0.492600
  44 18.684702 36.202183 4.959866 0.375485 -0.636493 0.673712 -0.685096 0.924155 1 44 1.000000
  44 19.770700 36.696579 4.827536 0.386832 -0.566283 0.727794 -0.683756 0.897214 2 44 0.500100 42 0.499900
pyro_hands_red
  44 19.301600 37.081779 5.014525 0.060212 0.130862 0.989570 -0.696558 0.902209 2 44 0.507400 42 0.492600
  44 18.313103 36.450279 5.156235 0.043313 0.022282 0.998813 -0.695194 0.929587 1 44 1.000000
  44 18.684702 36.202183 4.959866 0.375485 -0.636493 0.673712 -0.685096 0.924155 1 44 1.000000
pyro_hands_red
  44 18.278801 35.987682 4.981056 0.458792 -0.652080 0.603574 -0.684654 0.935256 1 44 1.000000
  44 18.684702 36.202183 4.959866 0.375485 -0.636493 0.673712 -0.685096 0.924155 1 44 1.000000
  44 18.313103 36.450279 5.156235 0.043313 0.022282 0.998813 -0.695194 0.929587 1 44 1.000000
pyro_hands_red
  44 18.278801 35.987682 4.981056 0.458792 -0.652080 0.603574 -0.684654 0.935256 1 44 1.000000
  44 18.313103 36.450279 5.156235 0.043313 0.022282 0.998813 -0.695194 0.929587 1 44 1.000000
  44 17.943502 36.114281 5.160875 0.020618 -0.105927 0.994160 -0.692121 0.941174 1 44 1.000000
pyro_hands_red
  44 17.962101 35.689480 4.983886 0.299671 -0.791159 0.533164 -0.682724 0.944839 1 44 1.000000
  44 18.278801 35.987682 4.981056 0.458792 -0.652080 0.603574 -0.684654 0.935256 1 44 1.000000
  44 17.943502 36.114281 5.160875 0.020618 -0.105927 0.994160 -0.692121 0.941174 1 44 1.000000
pyro_hands_red
  44 17.962101 35.689480 4.983886 0.299671 -0.791159 0.533164 -0.682724 0.944839 1 44 1.000000
  44 17.943502 36.114281 5.160875 0.020618 -0.105927 0.994160 -0.692121 0.941174 1 44 1.000000
  44 17.725302 35.783981 5.091736 -0.280152 -0.537309 0.795496 -0.686562 0.949580 1 44 1.000000
pyro_hands_red
  44 17.585503 35.627384 4.645186 -0.564369 -0.799453 0.205821 -0.675113 0.953460 1 44 1.000000
  44 17.962101 35.689480 4.983886 0.299671 -0.791159 0.533164 -0.682724 0.944839 1 44 1.000000
  44 17.725302 35.783981 5.091736 -0.280152 -0.537309 0.795496 -0.686562 0.949580 1 44 1.000000
pyro_hands_red
  44 17.585503 35.627384 4.645186 -0.564369 -0.799453 0.205821 -0.675113 0.953460 1 44 1.000000
  44 17.861202 35.577682 4.619746 0.204366 -0.972244 0.113914 -0.674656 0.947066 1 44 1.000000
  44 17.962101 35.689480 4.983886 0.299671 -0.791159 0.533164 -0.682724 0.944839 1 44 1.000000
pyro_hands_red
  44 17.766800 35.552280 4.225456 0.146773 -0.921482 -0.359624 -0.666176 0.948368 1 44 1.000000
  44 17.861202 35.577682 4.619746 0.204366 -0.972244 0.113914 -0.674656 0.947066 1 44 1.000000
  44 17.585503 35.627384 4.645186 -0.564369 -0.799453 0.205821 -0.675113 0.953460 1 44 1.000000
pyro_hands_red
  44 17.861202 35.577682 4.619746 0.204366 -0.972244 0.113914 -0.674656 0.947066 1 44 1.000000
  44 17.766800 35.552280 4.225456 0.146773 -0.921482 -0.359624 -0.666176 0.948368 1 44 1.000000
  44 18.157001 35.864479 4.102606 0.338491 -0.791658 -0.508626 -0.663587 0.937301 1 44 1.000000
pyro_hands_red
  44 17.766800 35.552280 4.225456 0.146773 -0.921482 -0.359624 -0.666176 0.948368 1 44 1.000000
  44 17.887701 35.958981 3.961986 -0.150483 -0.289738 -0.945202 -0.657634 0.941893 1 44 1.000000
  44 18.157001 35.864479 4.102606 0.338491 -0.791658 -0.508626 -0.663587 0.937301 1 44 1.000000
pyro_hands_red
  44 18.270002 36.231380 3.850426 -0.127029 -0.235410 -0.963559 -0.654788 0.930608 1 44 1.000000
  44 18.157001 35.864479 4.102606 0.338491 -0.791658 -0.508626 -0.663587 0.937301 1 44 1.000000
  44 17.887701 35.958981 3.961986 -0.150483 -0.289738 -0.945202 -0.657634 0.941893 1 44 1.000000
pyro_hands_red
  44 18.270002 36.231380 3.850426 -0.127029 -0.235410 -0.963559 -0.654788 0.930608 1 44 1.000000
  44 18.559542 36.059258 4.023265 0.270896 -0.802979 -0.530886 -0.662564 0.926345 1 44 1.000000
  44 18.157001 35.864479 4.102606 0.338491 -0.791658 -0.508626 -0.663587 0.937301 1 44 1.000000
pyro_hands_red
  44 19.202801 36.851379 3.616565 -0.156817 -0.195430 -0.968099 -0.649449 0.904655 2 44 0.511601 42 0.488399
  44 18.559542 36.059258 4.023265 0.270896 -0.802979 -0.530886 -0.662564 0.926345 1 44 1.000000
  44 18.270002 36.231380 3.850426 -0.127029 -0.235410 -0.963559 -0.654788 0.930608 1 44 1.000000
pyro_hands_red
  44 19.202801 36.851379 3.616565 -0.156817 -0.195430 -0.968099 -0.649449 0.904655 2 44 0.511601 42 0.488399
  44 19.682899 36.548283 3.821046 0.238613 -0.774909 -0.585303 -0.661140 0.898306 2 44 0.500100 42 0.499900
  44 18.559542 36.059258 4.023265 0.270896 -0.802979 -0.530886 -0.662564 0.926345 1 44 1.000000
pyro_hands_red
  44 19.682899 36.548283 3.821046 0.238613 -0.774909 -0.585303 -0.661140 0.898306 2 44 0.500100 42 0.499900
  44 19.202801 36.851379 3.616565 -0.156817 -0.195430 -0.968099 -0.649449 0.904655 2 44 0.511601 42 0.488399
  42 19.411501 37.007576 3.551636 -0.156817 -0.195430 -0.968099 -0.649325 0.896719 2 42 0.517000 44 0.483000
pyro_hands_red
  44 19.682899 36.548283 3.821046 0.238613 -0.774909 -0.585303 -0.661140 0.898306 2 44 0.500100 42 0.499900
  42 19.411501 37.007576 3.551636 -0.156817 -0.195430 -0.968099 -0.649325 0.896719 2 42 0.517000 44 0.483000
  42 19.919498 36.658478 3.759315 0.287815 -0.732575 -0.616843 -0.661286 0.892938 2 42 0.534501 44 0.465499
pyro_hands_red
  42 19.919498 36.658478 3.759315 0.287815 -0.732575 -0.616843 -0.661286 0.892938 2 42 0.534501 44 0.465499
  42 19.411501 37.007576 3.551636 -0.156817 -0.195430 -0.968099 -0.649325 0.896719 2 42 0.517000 44 0.483000
  42 20.748999 37.977379 3.187975 -0.127029 -0.235411 -0.963559 -0.646970 0.879630 1 42 1.000000
pyro_hands_red
  42 19.919498 36.658478 3.759315 0.287815 -0.732575 -0.616843 -0.661286 0.892938 2 42 0.534501 44 0.465499
  42 20.748999 37.977379 3.187975 -0.127029 -0.235411 -0.963559 -0.646970 0.879630 1 42 1.000000
  42 21.459696 37.752079 3.373375 0.455329 -0.565733 -0.687475 -0.659281 0.872302 2 42 0.799999 40 0.200001
pyro_hands_red
  42 20.748999 37.977379 3.187975 -0.127029 -0.235411 -0.963559 -0.646970 0.879630 1 42 1.000000
  42 21.587597 38.085377 3.278524 0.575682 -0.335444 -0.745699 -0.658693 0.868362 2 42 0.700000 40 0.300000
  42 21.459696 37.752079 3.373375 0.455329 -0.565733 -0.687475 -0.659281 0.872302 2 42 0.799999 40 0.200001
pyro_hands_red
  42 21.459696 37.752079 3.373375 0.455329 -0.565733 -0.687475 -0.659281 0.872302 2 42 0.799999 40 0.200001
  42 21.587597 38.085377 3.278524 0.575682 -0.335444 -0.745699 -0.658693 0.868362 2 42 0.700000 40 0.300000
  42 21.862400 38.124779 3.898515 0.971575 -0.233408 -0.039531 -0.670763 0.868280 2 42 0.700000 40 0.300000
pyro_hands_red
  44 17.766800 35.552280 4.225456 0.146773 -0.921482 -0.359624 -0.666176 0.948368 1 44 1.000000
  44 17.582901 35.654980 4.168776 -0.494708 -0.691733 -0.526089 -0.663519 0.952037 1 44 1.000000
  44 17.887701 35.958981 3.961986 -0.150483 -0.289738 -0.945202 -0.657634 0.941893 1 44 1.000000
pyro_hands_red
  44 17.766800 35.552280 4.225456 0.146773 -0.921482 -0.359624 -0.666176 0.948368 1 44 1.000000
  44 17.585503 35.627384 4.645186 -0.564369 -0.799453 0.205821 -0.675113 0.953460 1 44 1.000000
  44 17.582901 35.654980 4.168776 -0.494708 -0.691733 -0.526089 -0.663519 0.952037 1 44 1.000000
pyro_hands_red
  44 17.861202 35.577682 4.619746 0.204366 -0.972244 0.113914 -0.674656 0.947066 1 44 1.000000
  44 18.157001 35.864479 4.102606 0.338491 -0.791658 -0.508626 -0.663587 0.937301 1 44 1.000000
  44 18.288202 35.877979 4.527276 0.514936 -0.856332 0.039204 -0.673689 0.935147 1 44 1.000000
pyro_hands_red
  44 18.559542 36.059258 4.023265 0.270896 -0.802979 -0.530886 -0.662564 0.926345 1 44 1.000000
  44 18.288202 35.877979 4.527276 0.514936 -0.856332 0.039204 -0.673689 0.935147 1 44 1.000000
  44 18.157001 35.864479 4.102606 0.338491 -0.791658 -0.508626 -0.663587 0.937301 1 44 1.000000
pyro_hands_red
  44 18.559542 36.059258 4.023265 0.270896 -0.802979 -0.530886 -0.662564 0.926345 1 44 1.000000
  44 18.736301 36.059181 4.469226 0.401171 -0.912593 0.078966 -0.673288 0.923581 1 44 1.000000
  44 18.288202 35.877979 4.527276 0.514936 -0.856332 0.039204 -0.673689 0.935147 1 44 1.000000
pyro_hands_red
  44 18.736301 36.059181 4.469226 0.401171 -0.912593 0.078966 -0.673288 0.923581 1 44 1.000000
  44 18.559542 36.059258 4.023265 0.270896 -0.802979 -0.530886 -0.662564 0.926345 1 44 1.000000
  44 19.682899 36.548283 3.821046 0.238613 -0.774909 -0.585303 -0.661140 0.898306 2 44 0.500100 42 0.499900
pyro_hands_red
  44 18.736301 36.059181 4.469226 0.401171 -0.912593 0.078966 -0.673288 0.923581 1 44 1.000000
  44 19.682899 36.548283 3.821046 0.238613 -0.774909 -0.585303 -0.661140 0.898306 2 44 0.500100 42 0.499900
  42 19.886200 36.503983 4.323166 0.401171 -0.912593 0.078966 -0.672290 0.895923 2 42 0.500500 44 0.499500
pyro_hands_red
  42 19.919498 36.658478 3.759315 0.287815 -0.732575 -0.616843 -0.661286 0.892938 2 42 0.534501 44 0.465499
  42 19.886200 36.503983 4.323166 0.401171 -0.912593 0.078966 -0.672290 0.895923 2 42 0.500500 44 0.499500
  44 19.682899 36.548283 3.821046 0.238613 -0.774909 -0.585303 -0.661140 0.898306 2 44 0.500100 42 0.499900
pyro_hands_red
  42 19.919498 36.658478 3.759315 0.287815 -0.732575 -0.616843 -0.661286 0.892938 2 42 0.534501 44 0.465499
  42 20.123798 36.615776 4.294715 0.516997 -0.850146 0.099830 -0.672223 0.891512 2 42 0.540800 44 0.459200
  42 19.886200 36.503983 4.323166 0.401171 -0.912593 0.078966 -0.672290 0.895923 2 42 0.500500 44 0.499500
pyro_hands_red
  42 20.123798 36.615776 4.294715 0.516997 -0.850146 0.099830 -0.672223 0.891512 2 42 0.540800 44 0.459200
  42 19.919498 36.658478 3.759315 0.287815 -0.732575 -0.616843 -0.661286 0.892938 2 42 0.534501 44 0.465499
  42 21.459696 37.752079 3.373375 0.455329 -0.565733 -0.687475 -0.659281 0.872302 2 42 0.799999 40 0.200001
pyro_hands_red
  42 20.123798 36.615776 4.294715 0.516997 -0.850146 0.099830 -0.672223 0.891512 2 42 0.540800 44 0.459200
  42 21.459696 37.752079 3.373375 0.455329 -0.565733 -0.687475 -0.659281 0.872302 2 42 0.799999 40 0.200001
  42 21.726099 37.782375 3.975295 0.790254 -0.610556 0.052148 -0.670679 0.870097 2 42 0.800000 40 0.200000
pyro_hands_red
  42 21.459696 37.752079 3.373375 0.455329 -0.565733 -0.687475 -0.659281 0.872302 2 42 0.799999 40 0.200001
  42 21.862400 38.124779 3.898515 0.971575 -0.233408 -0.039531 -0.670763 0.868280 2 42 0.700000 40 0.300000
  42 21.726099 37.782375 3.975295 0.790254 -0.610556 0.052148 -0.670679 0.870097 2 42 0.800000 40 0.200000
pyro_hands_red
  42 21.559097 37.967278 4.541535 0.585188 -0.316787 0.746459 -0.681399 0.871584 2 42 0.800000 40 0.200000
  42 21.726099 37.782375 3.975295 0.790254 -0.610556 0.052148 -0.670679 0.870097 2 42 0.800000 40 0.200000
  42 21.862400 38.124779 3.898515 0.971575 -0.233408 -0.039531 -0.670763 0.868280 2 42 0.700000 40 0.300000
pyro_hands_red
  42 21.559097 37.967278 4.541535 0.585188 -0.316787 0.746459 -0.681399 0.871584 2 42 0.800000 40 0.200000
  42 21.862400 38.124779 3.898515 0.971575 -0.233408 -0.039531 -0.670763 0.868280 2 42 0.700000 40 0.300000
  42 21.688398 38.324677 4.493595 0.718722 -0.041585 0.694053 -0.681930 0.868456 2 42 0.700000 40 0.300000
pyro_hands_red
  42 21.559097 37.967278 4.541535 0.585188 -0.316787 0.746459 -0.681399 0.871584 2 42 0.800000 40 0.200000
  42 21.688398 38.324677 4.493595 0.718722 -0.041585 0.694053 -0.681930 0.868456 2 42 0.700000 40 0.300000
  42 20.984598 38.567677 4.751095 0.060212 0.130862 0.989570 -0.696377 0.871160 1 42 1.000000
pyro_hands_red
  42 21.559097 37.967278 4.541535 0.585188 -0.316787 0.746459 -0.681399 0.871584 2 42 0.800000 40 0.200000
  42 20.984598 38.567677 4.751095 0.060212 0.130862 0.989570 -0.696377 0.871160 1 42 1.000000
  42 20.884398 38.258976 4.788835 0.060212 0.130862 0.989570 -0.693993 0.877771 1 42 1.000000
pyro_hands_red
  42 20.002399 36.817581 4.792595 0.425533 -0.495993 0.756909 -0.682755 0.892152 2 42 0.533000 44 0.467000
  42 21.559097 37.967278 4.541535 0.585188 -0.316787 0.746459 -0.681399 0.871584 2 42 0.800000 40 0.200000
  42 20.884398 38.258976 4.788835 0.060212 0.130862 0.989570 -0.693993 0.877771 1 42 1.000000
pyro_hands_red
  42 20.002399 36.817581 4.792595 0.425533 -0.495993 0.756909 -0.682755 0.892152 2 42 0.533000 44 0.467000
  42 20.884398 38.258976 4.788835 0.060212 0.130862 0.989570 -0.693993 0.877771 1 42 1.000000
  42 19.512800 37.234276 4.978625 0.060212 0.130862 0.989570 -0.695400 0.895012 2 42 0.513900 44 0.486100
pyro_hands_red
  44 19.770700 36.696579 4.827536 0.386832 -0.566283 0.727794 -0.683756 0.897214 2 44 0.500100 42 0.499900
  42 20.002399 36.817581 4.792595 0.425533 -0.495993 0.756909 -0.682755 0.892152 2 42 0.533000 44 0.467000
  42 19.512800 37.234276 4.978625 0.060212 0.130862 0.989570 -0.695400 0.895012 2 42 0.513900 44 0.486100
pyro_hands_red
  44 19.770700 36.696579 4.827536 0.386832 -0.566283 0.727794 -0.683756 0.897214 2 44 0.500100 42 0.499900
  42 19.512800 37.234276 4.978625 0.060212 0.130862 0.989570 -0.695400 0.895012 2 42 0.513900 44 0.486100
  44 19.301600 37.081779 5.014525 0.060212 0.130862 0.989570 -0.696558 0.902209 2 44 0.507400 42 0.492600
pyro_hands_red
  42 20.123798 36.615776 4.294715 0.516997 -0.850146 0.099830 -0.672223 0.891512 2 42 0.540800 44 0.459200
  42 21.726099 37.782375 3.975295 0.790254 -0.610556 0.052148 -0.670679 0.870097 2 42 0.800000 40 0.200000
  42 21.559097 37.967278 4.541535 0.585188 -0.316787 0.746459 -0.681399 0.871584 2 42 0.800000 40 0.200000
pyro_hands_red
  42 20.123798 36.615776 4.294715 0.516997 -0.850146 0.099830 -0.672223 0.891512 2 42 0.540800 44 0.459200
  42 21.559097 37.967278 4.541535 0.585188 -0.316787 0.746459 -0.681399 0.871584 2 42 0.800000 40 0.200000
  42 20.002399 36.817581 4.792595 0.425533 -0.495993 0.756909 -0.682755 0.892152 2 42 0.533000 44 0.467000
pyro_hands_red
  42 20.002399 36.817581 4.792595 0.425533 -0.495993 0.756909 -0.682755 0.892152 2 42 0.533000 44 0.467000
  42 19.886200 36.503983 4.323166 0.401171 -0.912593 0.078966 -0.672290 0.895923 2 42 0.500500 44 0.499500
  42 20.123798 36.615776 4.294715 0.516997 -0.850146 0.099830 -0.672223 0.891512 2 42 0.540800 44 0.459200
pyro_hands_red
  42 20.002399 36.817581 4.792595 0.425533 -0.495993 0.756909 -0.682755 0.892152 2 42 0.533000 44 0.467000
  44 19.770700 36.696579 4.827536 0.386832 -0.566283 0.727794 -0.683756 0.897214 2 44 0.500100 42 0.499900
  42 19.886200 36.503983 4.323166 0.401171 -0.912593 0.078966 -0.672290 0.895923 2 42 0.500500 44 0.499500
pyro_hands_red
  44 18.736301 36.059181 4.469226 0.401171 -0.912593 0.078966 -0.673288 0.923581 1 44 1.000000
  42 19.886200 36.503983 4.323166 0.401171 -0.912593 0.078966 -0.672290 0.895923 2 42 0.500500 44 0.499500
  44 19.770700 36.696579 4.827536 0.386832 -0.566283 0.727794 -0.683756 0.897214 2 44 0.500100 42 0.499900
pyro_hands_red
  44 18.736301 36.059181 4.469226 0.401171 -0.912593 0.078966 -0.673288 0.923581 1 44 1.000000
  44 19.770700 36.696579 4.827536 0.386832 -0.566283 0.727794 -0.683756 0.897214 2 44 0.500100 42 0.499900
  44 18.684702 36.202183 4.959866 0.375485 -0.636493 0.673712 -0.685096 0.924155 1 44 1.000000
pyro_hands_red
  44 18.288202 35.877979 4.527276 0.514936 -0.856332 0.039204 -0.673689 0.935147 1 44 1.000000
  44 18.736301 36.059181 4.469226 0.401171 -0.912593 0.078966 -0.673288 0.923581 1 44 1.000000
  44 18.684702 36.202183 4.959866 0.375485 -0.636493 0.673712 -0.685096 0.924155 1 44 1.000000
pyro_hands_red
  44 18.288202 35.877979 4.527276 0.514936 -0.856332 0.039204 -0.673689 0.935147 1 44 1.000000
  44 18.684702 36.202183 4.959866 0.375485 -0.636493 0.673712 -0.685096 0.924155 1 44 1.000000
  44 18.278801 35.987682 4.981056 0.458792 -0.652080 0.603574 -0.684654 0.935256 1 44 1.000000
pyro_hands_red
  44 17.962101 35.689480 4.983886 0.299671 -0.791159 0.533164 -0.682724 0.944839 1 44 1.000000
  44 18.288202 35.877979 4.527276 0.514936 -0.856332 0.039204 -0.673689 0.935147 1 44 1.000000
  44 18.278801 35.987682 4.981056 0.458792 -0.652080 0.603574 -0.684654 0.935256 1 44 1.000000
pyro_hands_red
  44 17.962101 35.689480 4.983886 0.299671 -0.791159 0.533164 -0.682724 0.944839 1 44 1.000000
  44 17.861202 35.577682 4.619746 0.204366 -0.972244 0.113914 -0.674656 0.947066 1 44 1.000000
  44 18.288202 35.877979 4.527276 0.514936 -0.856332 0.039204 -0.673689 0.935147 1 44 1.000000
pyro_hands_red
  36 21.615391 38.906578 5.228595 0.563472 -0.569906 -0.598085 -0.753139 0.838566 2 36 0.600000 34 0.400000
  36 20.762392 39.047676 4.922964 -0.073715 -0.233307 -0.969605 -0.730489 0.850434 2 36 0.750000 34 0.250000
  34 20.877090 39.309681 4.838804 -0.083661 -0.319735 -0.943806 -0.726124 0.843004 2 34 0.750000 36 0.250000
pyro_hands_red
  34 21.861092 40.778683 4.540944 0.858215 -0.455696 -0.236235 -0.725421 0.788190 1 34 1.000000
  34 20.887993 40.290882 4.492235 0.084124 -0.780331 -0.619683 -0.715294 0.819987 1 34 1.000000
  40 20.885696 40.320076 4.484236 0.244058 -0.674337 0.696926 -0.712142 0.819661 1 40 1.000000
pyro_hands_red
  34 20.887993 40.290882 4.492235 0.084124 -0.780331 -0.619683 -0.715294 0.819987 1 34 1.000000
  34 21.861092 40.778683 4.540944 0.858215 -0.455696 -0.236235 -0.725421 0.788190 1 34 1.000000
  34 21.800892 39.896881 4.897474 0.712000 -0.270168 -0.648124 -0.742054 0.815102 1 34 1.000000
pyro_hands_red
  34 20.887993 40.290882 4.492235 0.084124 -0.780331 -0.619683 -0.715294 0.819987 1 34 1.000000
  34 21.800892 39.896881 4.897474 0.712000 -0.270168 -0.648124 -0.742054 0.815102 1 34 1.000000
  34 20.881790 39.770481 4.658114 -0.072362 -0.367569 -0.927177 -0.720955 0.832157 1 34 1.000000
pyro_hands_red
  34 21.800892 39.896881 4.897474 0.712000 -0.270168 -0.648124 -0.742054 0.815102 1 34 1.000000
  34 20.877090 39.309681 4.838804 -0.083661 -0.319735 -0.943806 -0.726124 0.843004 2 34 0.750000 36 0.250000
  34 20.881790 39.770481 4.658114 -0.072362 -0.367569 -0.927177 -0.720955 0.832157 1 34 1.000000
pyro_hands_red
  34 21.800892 39.896881 4.897474 0.712000 -0.270168 -0.648124 -0.742054 0.815102 1 34 1.000000
  34 21.746689 39.173477 5.158764 0.668761 -0.373795 -0.642679 -0.752347 0.831684 2 34 0.600000 36 0.400000
  34 20.877090 39.309681 4.838804 -0.083661 -0.319735 -0.943806 -0.726124 0.843004 2 34 0.750000 36 0.250000
pyro_hands_red
  36 21.615391 38.906578 5.228595 0.563472 -0.569906 -0.598085 -0.753139 0.838566 2 36 0.600000 34 0.400000
  34 20.877090 39.309681 4.838804 -0.083661 -0.319735 -0.943806 -0.726124 0.843004 2 34 0.750000 36 0.250000
  34 21.746689 39.173477 5.158764 0.668761 -0.373795 -0.642679 -0.752347 0.831684 2 34 0.600000 36 0.400000
pyro_hands_red
  36 21.850393 38.985676 5.917305 0.809573 -0.563144 0.165713 -0.772386 0.832139 2 36 0.600000 34 0.400000
  36 21.615391 38.906578 5.228595 0.563472 -0.569906 -0.598085 -0.753139 0.838566 2 36 0.600000 34 0.400000
  34 21.746689 39.173477 5.158764 0.668761 -0.373795 -0.642679 -0.752347 0.831684 2 34 0.600000 36 0.400000
pyro_hands_red
  34 21.993893 40.013279 5.627424 0.993572 0.001877 0.113187 -0.766749 0.811522 1 34 1.000000
  34 21.963291 39.248577 5.864195 0.972833 -0.194997 0.124784 -0.771664 0.828365 2 34 0.600000 36 0.400000
  34 21.746689 39.173477 5.158764 0.668761 -0.373795 -0.642679 -0.752347 0.831684 2 34 0.600000 36 0.400000
pyro_hands_red
  34 21.993893 40.013279 5.627424 0.993572 0.001877 0.113187 -0.766749 0.811522 1 34 1.000000
  34 21.746689 39.173477 5.158764 0.668761 -0.373795 -0.642679 -0.752347 0.831684 2 34 0.600000 36 0.400000
  34 21.800892 39.896881 4.897474 0.712000 -0.270168 -0.648124 -0.742054 0.815102 1 34 1.000000
pyro_hands_red
  34 21.989590 40.930874 5.335254 0.982935 0.010897 0.183631 -0.759035 0.782761 1 34 1.000000
  34 21.993893 40.013279 5.627424 0.993572 0.001877 0.113187 -0.766749 0.811522 1 34 1.000000
  34 21.800892 39.896881 4.897474 0.712000 -0.270168 -0.648124 -0.742054 0.815102 1 34 1.000000
pyro_hands_red
  34 21.989590 40.930874 5.335254 0.982935 0.010897 0.183631 -0.759035 0.782761 1 34 1.000000
  34 21.800892 39.896881 4.897474 0.712000 -0.270168 -0.648124 -0.742054 0.815102 1 34 1.000000
  34 21.861092 40.778683 4.540944 0.858215 -0.455696 -0.236235 -0.725421 0.788190 1 34 1.000000
pyro_hands_red
  34 21.861092 40.778683 4.540944 0.858215 -0.455696 -0.236235 -0.725421 0.788190 1 34 1.000000
  34 21.987993 41.465572 5.165364 0.957707 0.078414 0.276856 -0.756368 0.761722 1 34 1.000000
  34 21.989590 40.930874 5.335254 0.982935 0.010897 0.183631 -0.759035 0.782761 1 34 1.000000
pyro_hands_red
  34 21.861092 40.778683 4.540944 0.858215 -0.455696 -0.236235 -0.725421 0.788190 1 34 1.000000
  34 22.072094 41.350178 4.382644 0.988876 -0.138225 0.054927 -0.723813 0.760370 1 34 1.000000
  34 21.987993 41.465572 5.165364 0.957707 0.078414 0.276856 -0.756368 0.761722 1 34 1.000000
pyro_hands_red
  34 21.947393 42.055477 4.956184 0.918892 0.206724 0.336009 -0.754597 0.736802 1 34 1.000000
  34 21.987993 41.465572 5.165364 0.957707 0.078414 0.276856 -0.756368 0.761722 1 34 1.000000
  34 22.072094 41.350178 4.382644 0.988876 -0.138225 0.054927 -0.723813 0.760370 1 34 1.000000
pyro_hands_red
  34 21.947393 42.055477 4.956184 0.918892 0.206724 0.336009 -0.754597 0.736802 1 34 1.000000
  34 22.072094 41.350178 4.382644 0.988876 -0.138225 0.054927 -0.723813 0.760370 1 34 1.000000
  34 22.105494 41.902878 4.133635 0.994597 0.056207 0.087281 -0.720281 0.735123 1 34 1.000000
pyro_hands_red
  40 22.072098 41.246078 3.828735 0.979783 -0.191766 0.057014 -0.700035 0.759919 1 40 1.000000
  34 22.105494 41.902878 4.133635 0.994597 0.056207 0.087281 -0.720281 0.735123 1 34 1.000000
  34 22.072094 41.350178 4.382644 0.988876 -0.138225 0.054927 -0.723813 0.760370 1 34 1.000000
pyro_hands_red
  40 22.072098 41.246078 3.828735 0.979783 -0.191766 0.057014 -0.700035 0.759919 1 40 1.000000
  40 22.124199 41.704079 3.480475 0.999632 -0.025802 -0.008428 -0.692272 0.736389 1 40 1.000000
  34 22.105494 41.902878 4.133635 0.994597 0.056207 0.087281 -0.720281 0.735123 1 34 1.000000
pyro_hands_red
  40 22.124199 41.704079 3.480475 0.999632 -0.025802 -0.008428 -0.692272 0.736389 1 40 1.000000
  40 22.072098 41.246078 3.828735 0.979783 -0.191766 0.057014 -0.700035 0.759919 1 40 1.000000
  40 22.066399 41.060276 3.102615 0.971575 -0.233409 -0.039531 -0.669634 0.759164 1 40 1.000000
pyro_hands_red
  40 22.072098 41.246078 3.828735 0.979783 -0.191766 0.057014 -0.700035 0.759919 1 40 1.000000
  40 21.992098 40.625477 3.297086 0.971575 -0.233409 -0.039531 -0.672416 0.779104 1 40 1.000000
  40 22.066399 41.060276 3.102615 0.971575 -0.233409 -0.039531 -0.669634 0.759164 1 40 1.000000
pyro_hands_red
  40 21.693098 40.467075 2.525966 0.834273 -0.507833 -0.214693 -0.640334 0.782782 1 40 1.000000
  40 22.066399 41.060276 3.102615 0.971575 -0.233409 -0.039531 -0.669634 0.759164 1 40 1.000000
  40 21.992098 40.625477 3.297086 0.971575 -0.233409 -0.039531 -0.672416 0.779104 1 40 1.000000
pyro_hands_red
  40 21.646896 39.265179 2.909456 0.588918 -0.248761 -0.768956 -0.651835 0.818214 1 40 1.000000
  40 21.693098 40.467075 2.525966 0.834273 -0.507833 -0.214693 -0.640334 0.782782 1 40 1.000000
  40 21.992098 40.625477 3.297086 0.971575 -0.233409 -0.039531 -0.672416 0.779104 1 40 1.000000
pyro_hands_red
  40 21.646896 39.265179 2.909456 0.588918 -0.248761 -0.768956 -0.651835 0.818214 1 40 1.000000
  40 20.763197 40.272778 2.566986 0.103600 -0.973933 -0.201795 -0.629458 0.805361 1 40 1.000000
  40 21.693098 40.467075 2.525966 0.834273 -0.507833 -0.214693 -0.640334 0.782782 1 40 1.000000
pyro_hands_red
  40 21.646896 39.265179 2.909456 0.588918 -0.248761 -0.768956 -0.651835 0.818214 1 40 1.000000
  40 20.797995 39.308277 2.802725 -0.150483 -0.289738 -0.945202 -0.634244 0.822157 1 40 1.000000
  40 20.763197 40.272778 2.566986 0.103600 -0.973933 -0.201795 -0.629458 0.805361 1 40 1.000000
pyro_hands_red
  42 20.843998 38.293282 3.098855 -0.150483 -0.289738 -0.945202 -0.640271 0.837643 1 42 1.000000
  40 20.797995 39.308277 2.802725 -0.150483 -0.289738 -0.945202 -0.634244 0.822157 1 40 1.000000
  40 21.646896 39.265179 2.909456 0.588918 -0.248761 -0.768956 -0.651835 0.818214 1 40 1.000000
pyro_hands_red
  42 20.843998 38.293282 3.098855 -0.150483 -0.289738 -0.945202 -0.640271 0.837643 1 42 1.000000
  40 21.646896 39.265179 2.909456 0.588918 -0.248761 -0.768956 -0.651835 0.818214 1 40 1.000000
  42 21.587597 38.085377 3.278524 0.575682 -0.335444 -0.745699 -0.657678 0.836053 2 42 0.700000 40 0.300000
pyro_hands_red
  42 21.587597 38.085377 3.278524 0.575682 -0.335444 -0.745699 -0.657678 0.836053 2 42 0.700000 40 0.300000
  40 21.646896 39.265179 2.909456 0.588918 -0.248761 -0.768956 -0.651835 0.818214 1 40 1.000000
  40 21.946896 39.380177 3.608506 0.993228 -0.096756 -0.064308 -0.671575 0.818059 1 40 1.000000
pyro_hands_red
  42 21.587597 38.085377 3.278524 0.575682 -0.335444 -0.745699 -0.657678 0.836053 2 42 0.700000 40 0.300000
  40 21.946896 39.380177 3.608506 0.993228 -0.096756 -0.064308 -0.671575 0.818059 1 40 1.000000
  42 21.862400 38.124779 3.898515 0.971575 -0.233408 -0.039531 -0.670865 0.835964 2 42 0.700000 40 0.300000
pyro_hands_red
  42 21.688398 38.324677 4.493595 0.718722 -0.041585 0.694053 -0.683066 0.836156 2 42 0.700000 40 0.300000
  42 21.862400 38.124779 3.898515 0.971575 -0.233408 -0.039531 -0.670865 0.835964 2 42 0.700000 40 0.300000
  40 21.946896 39.380177 3.608506 0.993228 -0.096756 -0.064308 -0.671575 0.818059 1 40 1.000000
pyro_hands_red
  42 21.688398 38.324677 4.493595 0.718722 -0.041585 0.694053 -0.683066 0.836156 2 42 0.700000 40 0.300000
  40 21.946896 39.380177 3.608506 0.993228 -0.096756 -0.064308 -0.671575 0.818059 1 40 1.000000
  40 21.758396 39.520977 4.300546 0.745695 0.075810 0.661961 -0.689386 0.821020 1 40 1.000000
pyro_hands_red
  42 20.984598 38.567677 4.751095 0.060212 0.130862 0.989570 -0.698849 0.839110 1 42 1.000000
  42 21.688398 38.324677 4.493595 0.718722 -0.041585 0.694053 -0.683066 0.836156 2 42 0.700000 40 0.300000
  40 21.758396 39.520977 4.300546 0.745695 0.075810 0.661961 -0.689386 0.821020 1 40 1.000000
pyro_hands_red
  42 20.984598 38.567677 4.751095 0.060212 0.130862 0.989570 -0.698849 0.839110 1 42 1.000000
  40 21.758396 39.520977 4.300546 0.745695 0.075810 0.661961 -0.689386 0.821020 1 40 1.000000
  40 20.926395 39.531578 4.628755 0.060212 0.130862 0.989570 -0.705282 0.828371 1 40 1.000000
pyro_hands_red
  40 21.758396 39.520977 4.300546 0.745695 0.075810 0.661961 -0.689386 0.821020 1 40 1.000000
  40 20.885696 40.320076 4.484236 0.244058 -0.674337 0.696926 -0.712142 0.819661 1 40 1.000000
  40 20.926395 39.531578 4.628755 0.060212 0.130862 0.989570 -0.705282 0.828371 1 40 1.000000
pyro_hands_red
  40 21.758396 39.520977 4.300546 0.745695 0.075810 0.661961 -0.689386 0.821020 1 40 1.000000
  40 21.838198 40.706879 4.116815 0.881144 -0.329801 0.338845 -0.703321 0.788596 1 40 1.000000
  40 20.885696 40.320076 4.484236 0.244058 -0.674337 0.696926 -0.712142 0.819661 1 40 1.000000
pyro_hands_red
  34 21.861092 40.778683 4.540944 0.858215 -0.455696 -0.236235 -0.725421 0.788190 1 34 1.000000
  40 20.885696 40.320076 4.484236 0.244058 -0.674337 0.696926 -0.712142 0.819661 1 40 1.000000
  40 21.838198 40.706879 4.116815 0.881144 -0.329801 0.338845 -0.703321 0.788596 1 40 1.000000
pyro_hands_red
  34 22.072094 41.350178 4.382644 0.988876 -0.138225 0.054927 -0.723813 0.760370 1 34 1.000000
  34 21.861092 40.778683 4.540944 0.858215 -0.455696 -0.236235 -0.725421 0.788190 1 34 1.000000
  40 21.838198 40.706879 4.116815 0.881144 -0.329801 0.338845 -0.703321 0.788596 1 40 1.000000
pyro_hands_red
  34 22.072094 41.350178 4.382644 0.988876 -0.138225 0.054927 -0.723813 0.760370 1 34 1.000000
  40 21.838198 40.706879 4.116815 0.881144 -0.329801 0.338845 -0.703321 0.788596 1 40 1.000000
  40 22.072098 41.246078 3.828735 0.979783 -0.191766 0.057014 -0.700035 0.759919 1 40 1.000000
pyro_hands_red
  40 22.072098 41.246078 3.828735 0.979783 -0.191766 0.057014 -0.700035 0.759919 1 40 1.000000
  40 21.838198 40.706879 4.116815 0.881144 -0.329801 0.338845 -0.703321 0.788596 1 40 1.000000
  40 21.992098 40.625477 3.297086 0.971575 -0.233409 -0.039531 -0.672416 0.779104 1 40 1.000000
pyro_hands_red
  40 21.946896 39.380177 3.608506 0.993228 -0.096756 -0.064308 -0.671575 0.818059 1 40 1.000000
  40 21.992098 40.625477 3.297086 0.971575 -0.233409 -0.039531 -0.672416 0.779104 1 40 1.000000
  40 21.838198 40.706879 4.116815 0.881144 -0.329801 0.338845 -0.703321 0.788596 1 40 1.000000
pyro_hands_red
  40 21.646896 39.265179 2.909456 0.588918 -0.248761 -0.768956 -0.651835 0.818214 1 40 1.000000
  40 21.992098 40.625477 3.297086 0.971575 -0.233409 -0.039531 -0.672416 0.779104 1 40 1.000000
  40 21.946896 39.380177 3.608506 0.993228 -0.096756 -0.064308 -0.671575 0.818059 1 40 1.000000
pyro_hands_red
  40 21.946896 39.380177 3.608506 0.993228 -0.096756 -0.064308 -0.671575 0.818059 1 40 1.000000
  40 21.838198 40.706879 4.116815 0.881144 -0.329801 0.338845 -0.703321 0.788596 1 40 1.000000
  40 21.758396 39.520977 4.300546 0.745695 0.075810 0.661961 -0.689386 0.821020 1 40 1.000000
pyro_hands_red
  32 17.779993 40.369690 6.060673 -0.083480 -0.640609 -0.763316 -0.053101 0.701642 2 32 0.625400 30 0.374600
  32 17.057293 40.571888 6.286632 -0.738651 -0.420166 -0.527120 -0.043898 0.689664 2 32 0.595000 30 0.405000
  30 17.121895 41.124893 5.872404 -0.740713 -0.303164 -0.599529 -0.050946 0.683083 2 30 0.593001 32 0.406999
pyro_hands_red
  32 17.057293 40.571888 6.286632 -0.738651 -0.420166 -0.527120 -0.043898 0.689664 2 32 0.595000 30 0.405000
  32 17.779993 40.369690 6.060673 -0.083480 -0.640609 -0.763316 -0.053101 0.701642 2 32 0.625400 30 0.374600
  32 17.762188 40.013088 6.448121 -0.109309 -0.761306 -0.639113 -0.044694 0.706437 2 32 0.928400 30 0.071600
pyro_hands_red
  32 17.057293 40.571888 6.286632 -0.738651 -0.420166 -0.527120 -0.043898 0.689664 2 32 0.595000 30 0.405000
  32 17.762188 40.013088 6.448121 -0.109309 -0.761306 -0.639113 -0.044694 0.706437 2 32 0.928400 30 0.071600
  32 17.087688 40.200085 6.640390 -0.710697 -0.540365 -0.450461 -0.036678 0.695949 2 32 0.870900 30 0.129100
pyro_hands_red
  32 17.087688 40.200085 6.640390 -0.710697 -0.540365 -0.450461 -0.036678 0.695949 2 32 0.870900 30 0.129100
  32 17.762188 40.013088 6.448121 -0.109309 -0.761306 -0.639113 -0.044694 0.706437 2 32 0.928400 30 0.071600
  32 17.742992 39.731194 6.878032 -0.104747 -0.887682 -0.448384 -0.036879 0.710892 1 32 1.000000
pyro_hands_red
  32 17.087688 40.200085 6.640390 -0.710697 -0.540365 -0.450461 -0.036678 0.695949 2 32 0.870900 30 0.129100
  32 17.742992 39.731194 6.878032 -0.104747 -0.887682 -0.448384 -0.036879 0.710892 1 32 1.000000
  32 17.124893 39.880493 7.012162 -0.651066 -0.686271 -0.324260 -0.029981 0.701772 1 32 1.000000
pyro_hands_red
  32 17.203892 39.663994 7.458214 -0.500076 -0.865886 -0.012828 -0.023220 0.707778 1 32 1.000000
  32 17.124893 39.880493 7.012162 -0.651066 -0.686271 -0.324260 -0.029981 0.701772 1 32 1.000000
  32 17.742992 39.731194 6.878032 -0.104747 -0.887682 -0.448384 -0.036879 0.710892 1 32 1.000000
pyro_hands_red
  32 17.203892 39.663994 7.458214 -0.500076 -0.865886 -0.012828 -0.023220 0.707778 1 32 1.000000
  32 16.936693 40.142891 7.346704 -0.965781 -0.058731 0.252623 -0.022697 0.696676 2 32 0.942800 30 0.057200
  32 17.124893 39.880493 7.012162 -0.651066 -0.686271 -0.324260 -0.029981 0.701772 1 32 1.000000
pyro_hands_red
  32 17.203892 39.663994 7.458214 -0.500076 -0.865886 -0.012828 -0.023220 0.707778 1 32 1.000000
  32 17.120790 39.792789 7.678154 -0.667255 -0.523724 0.529606 -0.018034 0.707302 1 32 1.000000
  32 16.936693 40.142891 7.346704 -0.965781 -0.058731 0.252623 -0.022697 0.696676 2 32 0.942800 30 0.057200
pyro_hands_red
  32 17.712091 39.655388 7.786524 -0.064754 -0.754525 0.653069 -0.021995 0.719262 1 32 1.000000
  32 17.120790 39.792789 7.678154 -0.667255 -0.523724 0.529606 -0.018034 0.707302 1 32 1.000000
  32 17.203892 39.663994 7.458214 -0.500076 -0.865886 -0.012828 -0.023220 0.707778 1 32 1.000000
pyro_hands_red
  32 17.712091 39.655388 7.786524 -0.064754 -0.754525 0.653069 -0.021995 0.719262 1 32 1.000000
  32 17.203892 39.663994 7.458214 -0.500076 -0.865886 -0.012828 -0.023220 0.707778 1 32 1.000000
  32 17.721392 39.560192 7.503894 -0.093630 -0.994801 0.040052 -0.027052 0.716556 1 32 1.000000
pyro_hands_red
  32 17.712091 39.655388 7.786524 -0.064754 -0.754525 0.653069 -0.021995 0.719262 1 32 1.000000
  32 17.721392 39.560192 7.503894 -0.093630 -0.994801 0.040052 -0.027052 0.716556 1 32 1.000000
  32 18.197992 39.566494 7.486874 0.343110 -0.938548 0.037452 -0.031999 0.723439 1 32 1.000000
pyro_hands_red
  32 18.197992 39.566494 7.486874 0.343110 -0.938548 0.037452 -0.031999 0.723439 1 32 1.000000
  32 17.721392 39.560192 7.503894 -0.093630 -0.994801 0.040052 -0.027052 0.716556 1 32 1.000000
  32 17.742992 39.731194 6.878032 -0.104747 -0.887682 -0.448384 -0.036879 0.710892 1 32 1.000000
pyro_hands_red
  32 18.197992 39.566494 7.486874 0.343110 -0.938548 0.037452 -0.031999 0.723439 1 32 1.000000
  32 17.742992 39.731194 6.878032 -0.104747 -0.887682 -0.448384 -0.036879 0.710892 1 32 1.000000
  32 18.334492 39.770691 6.912424 0.513021 -0.799783 -0.311701 -0.042111 0.719586 2 32 0.945200 30 0.054800
pyro_hands_red
  32 17.762188 40.013088 6.448121 -0.109309 -0.761306 -0.639113 -0.044694 0.706437 2 32 0.928400 30 0.071600
  32 18.334492 39.770691 6.912424 0.513021 -0.799783 -0.311701 -0.042111 0.719586 2 32 0.945200 30 0.054800
  32 17.742992 39.731194 6.878032 -0.104747 -0.887682 -0.448384 -0.036879 0.710892 1 32 1.000000
pyro_hands_red
  32 17.762188 40.013088 6.448121 -0.109309 -0.761306 -0.639113 -0.044694 0.706437 2 32 0.928400 30 0.071600
  32 18.391191 40.071892 6.521243 0.576682 -0.655721 -0.487307 -0.050009 0.716317 2 32 0.802000 30 0.198000
  32 18.334492 39.770691 6.912424 0.513021 -0.799783 -0.311701 -0.042111 0.719586 2 32 0.945200 30 0.054800
pyro_hands_red
  32 17.779993 40.369690 6.060673 -0.083480 -0.640609 -0.763316 -0.053101 0.701642 2 32 0.625400 30 0.374600
  32 18.391191 40.071892 6.521243 0.576682 -0.655721 -0.487307 -0.050009 0.716317 2 32 0.802000 30 0.198000
  32 17.762188 40.013088 6.448121 -0.109309 -0.761306 -0.639113 -0.044694 0.706437 2 32 0.928400 30 0.071600
pyro_hands_red
  32 17.779993 40.369690 6.060673 -0.083480 -0.640609 -0.763316 -0.053101 0.701642 2 32 0.625400 30 0.374600
  32 18.465694 40.442692 6.194814 0.625846 -0.532311 -0.570053 -0.058575 0.713675 2 32 0.562900 30 0.437100
  32 18.391191 40.071892 6.521243 0.576682 -0.655721 -0.487307 -0.050009 0.716317 2 32 0.802000 30 0.198000
pyro_hands_red
  30 17.819895 40.940994 5.641634 -0.042995 -0.536225 -0.842979 -0.061430 0.696089 2 30 0.615600 32 0.384400
  32 18.465694 40.442692 6.194814 0.625846 -0.532311 -0.570053 -0.058575 0.713675 2 32 0.562900 30 0.437100
  32 17.779993 40.369690 6.060673 -0.083480 -0.640609 -0.763316 -0.053101 0.701642 2 32 0.625400 30 0.374600
pyro_hands_red
  30 17.819895 40.940994 5.641634 -0.042995 -0.536225 -0.842979 -0.061430 0.696089 2 30 0.615600 32 0.384400
  30 18.553194 41.068493 5.850384 0.666776 -0.456096 -0.589394 -0.067877 0.712037 2 30 0.565000 32 0.435000
  32 18.465694 40.442692 6.194814 0.625846 -0.532311 -0.570053 -0.058575 0.713675 2 32 0.562900 30 0.437100
pyro_hands_red
  30 18.553194 41.068493 5.850384 0.666776 -0.456096 -0.589394 -0.067877 0.712037 2 30 0.565000 32 0.435000
  32 18.738594 40.776688 6.669093 0.988572 -0.113143 0.099620 -0.061684 0.725124 2 32 0.567132 30 0.432868
  32 18.465694 40.442692 6.194814 0.625846 -0.532311 -0.570053 -0.058575 0.713675 2 32 0.562900 30 0.437100
pyro_hands_red
  30 18.553194 41.068493 5.850384 0.666776 -0.456096 -0.589394 -0.067877 0.712037 2 30 0.565000 32 0.435000
  30 18.810095 41.389996 6.334943 0.988572 -0.113143 0.099620 -0.069851 0.723757 2 30 0.559600 32 0.440400
  32 18.738594 40.776688 6.669093 0.988572 -0.113143 0.099620 -0.061684 0.725124 2 32 0.567132 30 0.432868
pyro_hands_red
  32 17.203892 39.663994 7.458214 -0.500076 -0.865886 -0.012828 -0.023220 0.707778 1 32 1.000000
  32 17.742992 39.731194 6.878032 -0.104747 -0.887682 -0.448384 -0.036879 0.710892 1 32 1.000000
  32 17.721392 39.560192 7.503894 -0.093630 -0.994801 0.040052 -0.027052 0.716556 1 32 1.000000
pyro_hands_red
  32 17.712091 39.655388 7.786524 -0.064754 -0.754525 0.653069 -0.021995 0.719262 1 32 1.000000
  32 18.197992 39.566494 7.486874 0.343110 -0.938548 0.037452 -0.031999 0.723439 1 32 1.000000
  32 18.285692 39.693985 7.689855 0.571088 -0.619807 0.538236 -0.030389 0.727802 1 32 1.000000
pyro_hands_red
  32 18.197992 39.566494 7.486874 0.343110 -0.938548 0.037452 -0.031999 0.723439 1 32 1.000000
  32 18.568392 40.035290 7.263994 0.947765 -0.241240 0.208675 -0.042877 0.728527 2 32 0.916599 30 0.083401
  32 18.285692 39.693985 7.689855 0.571088 -0.619807 0.538236 -0.030389 0.727802 1 32 1.000000
pyro_hands_red
  32 18.197992 39.566494 7.486874 0.343110 -0.938548 0.037452 -0.031999 0.723439 1 32 1.000000
  32 18.334492 39.770691 6.912424 0.513021 -0.799783 -0.311701 -0.042111 0.719586 2 32 0.945200 30 0.054800
  32 18.568392 40.035290 7.263994 0.947765 -0.241240 0.208675 -0.042877 0.728527 2 32 0.916599 30 0.083401
pyro_hands_red
  32 18.656078 40.394981 6.950995 0.981394 -0.141745 0.129518 -0.052512 0.727013 2 32 0.767063 30 0.232937
  32 18.568392 40.035290 7.263994 0.947765 -0.241240 0.208675 -0.042877 0.728527 2 32 0.916599 30 0.083401
  32 18.334492 39.770691 6.912424 0.513021 -0.799783 -0.311701 -0.042111 0.719586 2 32 0.945200 30 0.054800
pyro_hands_red
  32 18.656078 40.394981 6.950995 0.981394 -0.141745 0.129518 -0.052512 0.727013 2 32 0.767063 30 0.232937
  32 18.334492 39.770691 6.912424 0.513021 -0.799783 -0.311701 -0.042111 0.719586 2 32 0.945200 30 0.054800
  32 18.391191 40.071892 6.521243 0.576682 -0.655721 -0.487307 -0.050009 0.716317 2 32 0.802000 30 0.198000
pyro_hands_red
  32 18.465694 40.442692 6.194814 0.625846 -0.532311 -0.570053 -0.058575 0.713675 2 32 0.562900 30 0.437100
  32 18.656078 40.394981 6.950995 0.981394 -0.141745 0.129518 -0.052512 0.727013 2 32 0.767063 30 0.232937
  32 18.391191 40.071892 6.521243 0.576682 -0.655721 -0.487307 -0.050009 0.716317 2 32 0.802000 30 0.198000
pyro_hands_red
  32 18.465694 40.442692 6.194814 0.625846 -0.532311 -0.570053 -0.058575 0.713675 2 32 0.562900 30 0.437100
  32 18.738594 40.776688 6.669093 0.988572 -0.113143 0.099620 -0.061684 0.725124 2 32 0.567132 30 0.432868
  32 18.656078 40.394981 6.950995 0.981394 -0.141745 0.129518 -0.052512 0.727013 2 32 0.767063 30 0.232937
pyro_hands_red
  32 17.779993 40.369690 6.060673 -0.083480 -0.640609 -0.763316 -0.053101 0.701642 2 32 0.625400 30 0.374600
  30 17.121895 41.124893 5.872404 -0.740713 -0.303164 -0.599529 -0.050946 0.683083 2 30 0.593001 32 0.406999
  30 17.819895 40.940994 5.641634 -0.042995 -0.536225 -0.842979 -0.061430 0.696089 2 30 0.615600 32 0.384400
pyro_hands_red
  32 16.891592 40.546291 7.054904 -0.973835 0.045364 0.222681 -0.028576 0.688380 2 32 0.806500 30 0.193500
  32 17.124893 39.880493 7.012162 -0.651066 -0.686271 -0.324260 -0.029981 0.701772 1 32 1.000000
  32 16.936693 40.142891 7.346704 -0.965781 -0.058731 0.252623 -0.022697 0.696676 2 32 0.942800 30 0.057200
pyro_hands_red
  32 16.891592 40.546291 7.054904 -0.973835 0.045364 0.222681 -0.028576 0.688380 2 32 0.806500 30 0.193500
  32 17.087688 40.200085 6.640390 -0.710697 -0.540365 -0.450461 -0.036678 0.695949 2 32 0.870900 30 0.129100
  32 17.124893 39.880493 7.012162 -0.651066 -0.686271 -0.324260 -0.029981 0.701772 1 32 1.000000
pyro_hands_red
  32 17.057293 40.571888 6.286632 -0.738651 -0.420166 -0.527120 -0.043898 0.689664 2 32 0.595000 30 0.405000
  32 17.087688 40.200085 6.640390 -0.710697 -0.540365 -0.450461 -0.036678 0.695949 2 32 0.870900 30 0.129100
  32 16.891592 40.546291 7.054904 -0.973835 0.045364 0.222681 -0.028576 0.688380 2 32 0.806500 30 0.193500
pyro_hands_red
  32 17.057293 40.571888 6.286632 -0.738651 -0.420166 -0.527120 -0.043898 0.689664 2 32 0.595000 30 0.405000
  32 16.891592 40.546291 7.054904 -0.973835 0.045364 0.222681 -0.028576 0.688380 2 32 0.806500 30 0.193500
  32 16.866095 40.962196 6.773504 -0.978248 0.113416 0.173690 -0.034980 0.680410 2 32 0.579900 30 0.420100
pyro_hands_red
  30 16.936592 41.500393 6.400344 -0.980802 0.174684 0.086672 -0.040623 0.673721 2 30 0.582700 32 0.417300
  32 17.057293 40.571888 6.286632 -0.738651 -0.420166 -0.527120 -0.043898 0.689664 2 32 0.595000 30 0.405000
  32 16.866095 40.962196 6.773504 -0.978248 0.113416 0.173690 -0.034980 0.680410 2 32 0.579900 30 0.420100
pyro_hands_red
  30 16.936592 41.500393 6.400344 -0.980802 0.174684 0.086672 -0.040623 0.673721 2 30 0.582700 32 0.417300
  30 17.121895 41.124893 5.872404 -0.740713 -0.303164 -0.599529 -0.050946 0.683083 2 30 0.593001 32 0.406999
  32 17.057293 40.571888 6.286632 -0.738651 -0.420166 -0.527120 -0.043898 0.689664 2 32 0.595000 30 0.405000
pyro_hands_red
  50 19.191986 37.942284 2.873805 -0.392598 0.595122 0.701211 -0.313243 0.824504 2 50 0.504700 48 0.495300
  50 19.416086 37.529083 3.044995 0.112798 0.103922 0.988168 -0.306839 0.831888 2 50 0.532500 48 0.467500
  48 19.599787 37.678284 3.012195 0.112798 0.103922 0.988168 -0.303516 0.829484 2 48 0.501000 50 0.499000
pyro_hands_red
  50 18.943287 37.945580 2.381855 -0.669260 0.742704 0.021934 -0.324151 0.819494 2 50 0.551600 48 0.448400
  50 19.010288 37.811886 2.898545 -0.323048 0.672710 0.665659 -0.316730 0.828355 2 50 0.596000 48 0.404000
  50 19.191986 37.942284 2.873805 -0.392598 0.595122 0.701211 -0.313243 0.824504 2 50 0.504700 48 0.495300
pyro_hands_red
  50 19.191986 37.942284 2.873805 -0.392598 0.595122 0.701211 -0.313243 0.824504 2 50 0.504700 48 0.495300
  50 19.010288 37.811886 2.898545 -0.323048 0.672710 0.665659 -0.316730 0.828355 2 50 0.596000 48 0.404000
  50 19.416086 37.529083 3.044995 0.112798 0.103922 0.988168 -0.306839 0.831888 2 50 0.532500 48 0.467500
pyro_hands_red
  50 19.010288 37.811886 2.898545 -0.323048 0.672710 0.665659 -0.316730 0.828355 2 50 0.596000 48 0.404000
  50 18.466087 36.985279 3.241605 0.112798 0.103922 0.988168 -0.320783 0.849091 1 50 1.000000
  50 19.416086 37.529083 3.044995 0.112798 0.103922 0.988168 -0.306839 0.831888 2 50 0.532500 48 0.467500
pyro_hands_red
  48 20.078289 38.929787 2.653725 -0.463831 0.448713 0.763883 -0.303413 0.812728 1 48 1.000000
  48 19.599787 37.678284 3.012195 0.112798 0.103922 0.988168 -0.303516 0.829484 2 48 0.501000 50 0.499000
  48 20.663887 38.785686 2.779584 0.112798 0.103922 0.988168 -0.293640 0.815579 1 48 1.000000
pyro_hands_red
  48 20.078289 38.929787 2.653725 -0.463831 0.448713 0.763883 -0.303413 0.812728 1 48 1.000000
  50 19.191986 37.942284 2.873805 -0.392598 0.595122 0.701211 -0.313243 0.824504 2 50 0.504700 48 0.495300
  48 19.599787 37.678284 3.012195 0.112798 0.103922 0.988168 -0.303516 0.829484 2 48 0.501000 50 0.499000
pyro_hands_red
  48 19.798491 38.939690 2.115376 -0.852686 0.504133 0.137028 -0.316066 0.806921 1 48 1.000000
  50 19.191986 37.942284 2.873805 -0.392598 0.595122 0.701211 -0.313243 0.824504 2 50 0.504700 48 0.495300
  48 20.078289 38.929787 2.653725 -0.463831 0.448713 0.763883 -0.303413 0.812728 1 48 1.000000
pyro_hands_red
  48 19.798491 38.939690 2.115376 -0.852686 0.504133 0.137028 -0.316066 0.806921 1 48 1.000000
  50 18.943287 37.945580 2.381855 -0.669260 0.742704 0.021934 -0.324151 0.819494 2 50 0.551600 48 0.448400
  50 19.191986 37.942284 2.873805 -0.392598 0.595122 0.701211 -0.313243 0.824504 2 50 0.504700 48 0.495300
pyro_hands_red
  48 19.794989 38.782383 1.546655 -0.822000 0.292387 -0.488698 -0.327877 0.801052 2 48 0.945600 50 0.054400
  50 18.943287 37.945580 2.381855 -0.669260 0.742704 0.021934 -0.324151 0.819494 2 50 0.551600 48 0.448400
  48 19.798491 38.939690 2.115376 -0.852686 0.504133 0.137028 -0.316066 0.806921 1 48 1.000000
pyro_hands_red
  48 19.794989 38.782383 1.546655 -0.822000 0.292387 -0.488698 -0.327877 0.801052 2 48 0.945600 50 0.054400
  50 18.960888 37.750282 1.908525 -0.661270 0.480028 -0.576451 -0.333909 0.814609 2 50 0.543800 48 0.456200
  50 18.943287 37.945580 2.381855 -0.669260 0.742704 0.021934 -0.324151 0.819494 2 50 0.551600 48 0.448400
pyro_hands_red
  50 18.943287 37.945580 2.381855 -0.669260 0.742704 0.021934 -0.324151 0.819494 2 50 0.551600 48 0.448400
  50 18.960888 37.750282 1.908525 -0.661270 0.480028 -0.576451 -0.333909 0.814609 2 50 0.543800 48 0.456200
  50 18.800289 37.646183 1.956315 -0.551363 0.542936 -0.633419 -0.335667 0.818623 2 50 0.676700 48 0.323300
pyro_hands_red
  50 18.943287 37.945580 2.381855 -0.669260 0.742704 0.021934 -0.324151 0.819494 2 50 0.551600 48 0.448400
  50 18.800289 37.646183 1.956315 -0.551363 0.542936 -0.633419 -0.335667 0.818623 2 50 0.676700 48 0.323300
  50 18.786388 37.841187 2.416255 -0.558554 0.828907 -0.030515 -0.326683 0.823527 2 50 0.701900 48 0.298100
pyro_hands_red
  50 18.943287 37.945580 2.381855 -0.669260 0.742704 0.021934 -0.324151 0.819494 2 50 0.551600 48 0.448400
  50 18.786388 37.841187 2.416255 -0.558554 0.828907 -0.030515 -0.326683 0.823527 2 50 0.701900 48 0.298100
  50 19.010288 37.811886 2.898545 -0.323048 0.672710 0.665659 -0.316730 0.828355 2 50 0.596000 48 0.404000
pyro_hands_red
  50 18.786388 37.841187 2.416255 -0.558554 0.828907 -0.030515 -0.326683 0.823527 2 50 0.701900 48 0.298100
  50 18.067787 37.231281 3.101005 -0.392598 0.595122 0.701211 -0.329819 0.846256 1 50 1.000000
  50 19.010288 37.811886 2.898545 -0.323048 0.672710 0.665659 -0.316730 0.828355 2 50 0.596000 48 0.404000
pyro_hands_red
  50 19.010288 37.811886 2.898545 -0.323048 0.672710 0.665659 -0.316730 0.828355 2 50 0.596000 48 0.404000
  50 18.067787 37.231281 3.101005 -0.392598 0.595122 0.701211 -0.329819 0.846256 1 50 1.000000
  50 18.466087 36.985279 3.241605 0.112798 0.103922 0.988168 -0.320783 0.849091 1 50 1.000000
pyro_hands_red
  50 18.067787 37.231281 3.101005 -0.392598 0.595122 0.701211 -0.329819 0.846256 1 50 1.000000
  50 18.008587 36.622280 3.279124 0.007814 0.007831 0.999939 -0.329339 0.858881 1 50 1.000000
  50 18.466087 36.985279 3.241605 0.112798 0.103922 0.988168 -0.320783 0.849091 1 50 1.000000
pyro_hands_red
  50 17.862686 37.067581 2.189895 -0.634404 0.453400 -0.626067 -0.345837 0.838049 1 50 1.000000
  50 18.186386 36.775181 1.984305 -0.285466 -0.127727 -0.949839 -0.352510 0.831688 1 50 1.000000
  50 17.805887 36.444782 2.176805 -0.384039 -0.301795 -0.872601 -0.356917 0.842822 1 50 1.000000
pyro_hands_red
  50 17.862686 37.067581 2.189895 -0.634404 0.453400 -0.626067 -0.345837 0.838049 1 50 1.000000
  50 17.805887 36.444782 2.176805 -0.384039 -0.301795 -0.872601 -0.356917 0.842822 1 50 1.000000
  50 17.568186 36.697578 2.328385 -0.830019 0.199753 -0.520738 -0.349971 0.846072 1 50 1.000000
pyro_hands_red
  50 17.805887 36.444782 2.176805 -0.384039 -0.301795 -0.872601 -0.356917 0.842822 1 50 1.000000
  50 17.454386 36.427578 2.484825 -0.962664 -0.126840 -0.239146 -0.351658 0.851764 1 50 1.000000
  50 17.568186 36.697578 2.328385 -0.830019 0.199753 -0.520738 -0.349971 0.846072 1 50 1.000000
pyro_hands_red
  50 17.563587 36.814281 2.769685 -0.878556 0.463774 0.114250 -0.342679 0.850552 1 50 1.000000
  50 17.568186 36.697578 2.328385 -0.830019 0.199753 -0.520738 -0.349971 0.846072 1 50 1.000000
  50 17.454386 36.427578 2.484825 -0.962664 -0.126840 -0.239146 -0.351658 0.851764 1 50 1.000000
pyro_hands_red
  50 17.563587 36.814281 2.769685 -0.878556 0.463774 0.114250 -0.342679 0.850552 1 50 1.000000
  50 17.454386 36.427578 2.484825 -0.962664 -0.126840 -0.239146 -0.351658 0.851764 1 50 1.000000
  50 17.495586 36.509583 2.846834 -0.965781 -0.058731 0.252623 -0.345375 0.855795 1 50 1.000000
pyro_hands_red
  50 17.563587 36.814281 2.769685 -0.878556 0.463774 0.114250 -0.342679 0.850552 1 50 1.000000
  50 17.495586 36.509583 2.846834 -0.965781 -0.058731 0.252623 -0.345375 0.855795 1 50 1.000000
  50 17.615788 36.545280 3.183424 -0.762467 0.021311 0.646677 -0.338665 0.859099 1 50 1.000000
pyro_hands_red
  50 17.615788 36.545280 3.183424 -0.762467 0.021311 0.646677 -0.338665 0.859099 1 50 1.000000
  50 17.495586 36.509583 2.846834 -0.965781 -0.058731 0.252623 -0.345375 0.855795 1 50 1.000000
  50 17.628084 36.200275 2.879242 -0.711834 -0.641550 0.285841 -0.348929 0.862514 1 50 1.000000
pyro_hands_red
  50 17.615788 36.545280 3.183424 -0.762467 0.021311 0.646677 -0.338665 0.859099 1 50 1.000000
  50 17.628084 36.200275 2.879242 -0.711834 -0.641550 0.285841 -0.348929 0.862514 1 50 1.000000
  50 17.746887 36.326180 3.218772 -0.423173 -0.395612 0.815117 -0.338114 0.864757 1 50 1.000000
pyro_hands_red
  50 18.008587 36.622280 3.279124 0.007814 0.007831 0.999939 -0.329339 0.858881 1 50 1.000000
  50 17.615788 36.545280 3.183424 -0.762467 0.021311 0.646677 -0.338665 0.859099 1 50 1.000000
  50 17.746887 36.326180 3.218772 -0.423173 -0.395612 0.815117 -0.338114 0.864757 1 50 1.000000
pyro_hands_red
  50 18.008587 36.622280 3.279124 0.007814 0.007831 0.999939 -0.329339 0.858881 1 50 1.000000
  50 17.733187 36.821281 3.167785 -0.592609 0.382680 0.708781 -0.335400 0.854340 1 50 1.000000
  50 17.615788 36.545280 3.183424 -0.762467 0.021311 0.646677 -0.338665 0.859099 1 50 1.000000
pyro_hands_red
  50 18.067787 37.231281 3.101005 -0.392598 0.595122 0.701211 -0.329819 0.846256 1 50 1.000000
  50 17.733187 36.821281 3.167785 -0.592609 0.382680 0.708781 -0.335400 0.854340 1 50 1.000000
  50 18.008587 36.622280 3.279124 0.007814 0.007831 0.999939 -0.329339 0.858881 1 50 1.000000
pyro_hands_red
  50 17.844286 37.223080 2.652585 -0.669260 0.742704 0.021934 -0.338265 0.842768 1 50 1.000000
  50 17.733187 36.821281 3.167785 -0.592609 0.382680 0.708781 -0.335400 0.854340 1 50 1.000000
  50 18.067787 37.231281 3.101005 -0.392598 0.595122 0.701211 -0.329819 0.846256 1 50 1.000000
pyro_hands_red
  50 18.786388 37.841187 2.416255 -0.558554 0.828907 -0.030515 -0.326683 0.823527 2 50 0.701900 48 0.298100
  50 17.844286 37.223080 2.652585 -0.669260 0.742704 0.021934 -0.338265 0.842768 1 50 1.000000
  50 18.067787 37.231281 3.101005 -0.392598 0.595122 0.701211 -0.329819 0.846256 1 50 1.000000
pyro_hands_red
  50 18.786388 37.841187 2.416255 -0.558554 0.828907 -0.030515 -0.326683 0.823527 2 50 0.701900 48 0.298100
  50 17.862686 37.067581 2.189895 -0.634404 0.453400 -0.626067 -0.345837 0.838049 1 50 1.000000
  50 17.844286 37.223080 2.652585 -0.669260 0.742704 0.021934 -0.338265 0.842768 1 50 1.000000
pyro_hands_red
  50 18.786388 37.841187 2.416255 -0.558554 0.828907 -0.030515 -0.326683 0.823527 2 50 0.701900 48 0.298100
  50 18.800289 37.646183 1.956315 -0.551363 0.542936 -0.633419 -0.335667 0.818623 2 50 0.676700 48 0.323300
  50 17.862686 37.067581 2.189895 -0.634404 0.453400 -0.626067 -0.345837 0.838049 1 50 1.000000
pyro_hands_red
  50 18.800289 37.646183 1.956315 -0.551363 0.542936 -0.633419 -0.335667 0.818623 2 50 0.676700 48 0.323300
  50 18.186386 36.775181 1.984305 -0.285466 -0.127727 -0.949839 -0.352510 0.831688 1 50 1.000000
  50 17.862686 37.067581 2.189895 -0.634404 0.453400 -0.626067 -0.345837 0.838049 1 50 1.000000
pyro_hands_red
  50 18.800289 37.646183 1.956315 -0.551363 0.542936 -0.633419 -0.335667 0.818623 2 50 0.676700 48 0.323300
  50 19.055588 37.306084 1.717035 -0.287429 -0.043674 -0.956806 -0.343538 0.813045 2 50 0.602300 48 0.397700
  50 18.186386 36.775181 1.984305 -0.285466 -0.127727 -0.949839 -0.352510 0.831688 1 50 1.000000
pyro_hands_red
  50 18.960888 37.750282 1.908525 -0.661270 0.480028 -0.576451 -0.333909 0.814609 2 50 0.543800 48 0.456200
  50 19.055588 37.306084 1.717035 -0.287429 -0.043674 -0.956806 -0.343538 0.813045 2 50 0.602300 48 0.397700
  50 18.800289 37.646183 1.956315 -0.551363 0.542936 -0.633419 -0.335667 0.818623 2 50 0.676700 48 0.323300
pyro_hands_red
  50 18.960888 37.750282 1.908525 -0.661270 0.480028 -0.576451 -0.333909 0.814609 2 50 0.543800 48 0.456200
  50 19.212891 37.466087 1.650285 -0.337903 -0.045250 -0.940093 -0.342385 0.810072 2 50 0.509800 48 0.490200
  50 19.055588 37.306084 1.717035 -0.287429 -0.043674 -0.956806 -0.343538 0.813045 2 50 0.602300 48 0.397700
pyro_hands_red
  48 19.794989 38.782383 1.546655 -0.822000 0.292387 -0.488698 -0.327877 0.801052 2 48 0.945600 50 0.054400
  50 19.212891 37.466087 1.650285 -0.337903 -0.045250 -0.940093 -0.342385 0.810072 2 50 0.509800 48 0.490200
  50 18.960888 37.750282 1.908525 -0.661270 0.480028 -0.576451 -0.333909 0.814609 2 50 0.543800 48 0.456200
pyro_hands_red
  48 19.794989 38.782383 1.546655 -0.822000 0.292387 -0.488698 -0.327877 0.801052 2 48 0.945600 50 0.054400
  48 20.157990 38.596489 1.209455 -0.372802 -0.088460 -0.923685 -0.335903 0.793734 2 48 0.938200 50 0.061800
  50 19.212891 37.466087 1.650285 -0.337903 -0.045250 -0.940093 -0.342385 0.810072 2 50 0.509800 48 0.490200
pyro_hands_red
  50 17.563587 36.814281 2.769685 -0.878556 0.463774 0.114250 -0.342679 0.850552 1 50 1.000000
  50 17.615788 36.545280 3.183424 -0.762467 0.021311 0.646677 -0.338665 0.859099 1 50 1.000000
  50 17.733187 36.821281 3.167785 -0.592609 0.382680 0.708781 -0.335400 0.854340 1 50 1.000000
pyro_hands_red
  50 17.844286 37.223080 2.652585 -0.669260 0.742704 0.021934 -0.338265 0.842768 1 50 1.000000
  50 17.563587 36.814281 2.769685 -0.878556 0.463774 0.114250 -0.342679 0.850552 1 50 1.000000
  50 17.733187 36.821281 3.167785 -0.592609 0.382680 0.708781 -0.335400 0.854340 1 50 1.000000
pyro_hands_red
  50 17.844286 37.223080 2.652585 -0.669260 0.742704 0.021934 -0.338265 0.842768 1 50 1.000000
  50 17.568186 36.697578 2.328385 -0.830019 0.199753 -0.520738 -0.349971 0.846072 1 50 1.000000
  50 17.563587 36.814281 2.769685 -0.878556 0.463774 0.114250 -0.342679 0.850552 1 50 1.000000
pyro_hands_red
  50 17.844286 37.223080 2.652585 -0.669260 0.742704 0.021934 -0.338265 0.842768 1 50 1.000000
  50 17.862686 37.067581 2.189895 -0.634404 0.453400 -0.626067 -0.345837 0.838049 1 50 1.000000
  50 17.568186 36.697578 2.328385 -0.830019 0.199753 -0.520738 -0.349971 0.846072 1 50 1.000000
pyro_hands_red
  50 17.805887 36.444782 2.176805 -0.384039 -0.301795 -0.872601 -0.356917 0.842822 1 50 1.000000
  50 17.585684 36.176178 2.452775 -0.693082 -0.615441 -0.375327 -0.357117 0.854452 1 50 1.000000
  50 17.454386 36.427578 2.484825 -0.962664 -0.126840 -0.239146 -0.351658 0.851764 1 50 1.000000
pyro_hands_red
  50 17.454386 36.427578 2.484825 -0.962664 -0.126840 -0.239146 -0.351658 0.851764 1 50 1.000000
  50 17.585684 36.176178 2.452775 -0.693082 -0.615441 -0.375327 -0.357117 0.854452 1 50 1.000000
  50 17.628084 36.200275 2.879242 -0.711834 -0.641550 0.285841 -0.348929 0.862514 1 50 1.000000
pyro_hands_red
  50 17.454386 36.427578 2.484825 -0.962664 -0.126840 -0.239146 -0.351658 0.851764 1 50 1.000000
  50 17.628084 36.200275 2.879242 -0.711834 -0.641550 0.285841 -0.348929 0.862514 1 50 1.000000
  50 17.495586 36.509583 2.846834 -0.965781 -0.058731 0.252623 -0.345375 0.855795 1 50 1.000000
pyro_hands_red
  56 17.605099 37.022182 0.724186 -0.776073 -0.620570 0.112268 -0.474071 0.868708 1 56 1.000000
  56 17.750399 36.923382 0.663716 -0.168396 -0.985072 -0.035707 -0.475024 0.864701 1 56 1.000000
  56 17.829597 36.938885 0.947263 0.022023 -0.920661 0.389741 -0.481071 0.866276 1 56 1.000000
pyro_hands_red
  56 17.605099 37.022182 0.724186 -0.776073 -0.620570 0.112268 -0.474071 0.868708 1 56 1.000000
  56 17.829597 36.938885 0.947263 0.022023 -0.920661 0.389741 -0.481071 0.866276 1 56 1.000000
  56 17.732298 37.038380 1.036976 -0.397060 -0.598308 0.695968 -0.482508 0.869652 1 56 1.000000
pyro_hands_red
  56 17.829597 36.938885 0.947263 0.022023 -0.920661 0.389741 -0.481071 0.866276 1 56 1.000000
  56 17.964397 37.199581 1.111427 0.104268 -0.311205 0.944606 -0.488407 0.864790 1 56 1.000000
  56 17.732298 37.038380 1.036976 -0.397060 -0.598308 0.695968 -0.482508 0.869652 1 56 1.000000
pyro_hands_red
  56 17.829597 36.938885 0.947263 0.022023 -0.920661 0.389741 -0.481071 0.866276 1 56 1.000000
  56 18.091198 37.056179 0.948575 0.367460 -0.817103 0.444201 -0.484203 0.861126 1 56 1.000000
  56 17.964397 37.199581 1.111427 0.104268 -0.311205 0.944606 -0.488407 0.864790 1 56 1.000000
pyro_hands_red
  56 18.091198 37.056179 0.948575 0.367460 -0.817103 0.444201 -0.484203 0.861126 1 56 1.000000
  56 18.314798 37.445282 1.095906 0.203109 -0.197293 0.959074 -0.493650 0.856167 1 56 1.000000
  56 17.964397 37.199581 1.111427 0.104268 -0.311205 0.944606 -0.488407 0.864790 1 56 1.000000
pyro_hands_red
  56 18.091198 37.056179 0.948575 0.367460 -0.817103 0.444201 -0.484203 0.861126 1 56 1.000000
  56 18.472599 37.220982 0.894114 0.424462 -0.761447 0.489929 -0.487238 0.852575 1 56 1.000000
  56 18.314798 37.445282 1.095906 0.203109 -0.197293 0.959074 -0.493650 0.856167 1 56 1.000000
pyro_hands_red
  56 18.472599 37.220982 0.894114 0.424462 -0.761447 0.489929 -0.487238 0.852575 1 56 1.000000
  56 19.142597 37.996582 0.993584 0.222905 -0.159116 0.961767 -0.501961 0.836315 2 56 0.502300 54 0.497700
  56 18.314798 37.445282 1.095906 0.203109 -0.197293 0.959074 -0.493650 0.856167 1 56 1.000000
pyro_hands_red
  56 18.472599 37.220982 0.894114 0.424462 -0.761447 0.489929 -0.487238 0.852575 1 56 1.000000
  54 19.493095 37.684780 0.676372 0.486294 -0.695962 0.528352 -0.492670 0.829321 2 54 0.505800 56 0.494200
  56 19.142597 37.996582 0.993584 0.222905 -0.159116 0.961767 -0.501961 0.836315 2 56 0.502300 54 0.497700
pyro_hands_red
  54 19.298698 38.159882 0.979608 0.272339 -0.129971 0.953383 -0.504066 0.832728 2 54 0.540700 56 0.459300
  56 19.142597 37.996582 0.993584 0.222905 -0.159116 0.961767 -0.501961 0.836315 2 56 0.502300 54 0.497700
  54 19.493095 37.684780 0.676372 0.486294 -0.695962 0.528352 -0.492670 0.829321 2 54 0.505800 56 0.494200
pyro_hands_red
  54 19.298698 38.159882 0.979608 0.272339 -0.129971 0.953383 -0.504066 0.832728 2 54 0.540700 56 0.459300
  54 19.493095 37.684780 0.676372 0.486294 -0.695962 0.528352 -0.492670 0.829321 2 54 0.505800 56 0.494200
  54 19.697601 37.804779 0.627708 0.571088 -0.619807 0.538236 -0.493009 0.826674 2 54 0.570801 56 0.429199
pyro_hands_red
  54 19.697601 37.804779 0.627708 0.571088 -0.619807 0.538236 -0.493009 0.826674 2 54 0.570801 56 0.429199
  54 19.493095 37.684780 0.676372 0.486294 -0.695962 0.528352 -0.492670 0.829321 2 54 0.505800 56 0.494200
  54 19.504599 37.606178 0.212347 0.437730 -0.890569 -0.123607 -0.484050 0.825706 2 54 0.514200 56 0.485800
pyro_hands_red
  54 19.697601 37.804779 0.627708 0.571088 -0.619807 0.538236 -0.493009 0.826674 2 54 0.570801 56 0.429199
  54 19.504599 37.606178 0.212347 0.437730 -0.890569 -0.123607 -0.484050 0.825706 2 54 0.514200 56 0.485800
  54 19.693199 37.725681 0.160759 0.603071 -0.774435 -0.191195 -0.484452 0.823723 2 54 0.582000 56 0.418000
pyro_hands_red
  54 19.504599 37.606178 0.212347 0.437730 -0.890569 -0.123607 -0.484050 0.825706 2 54 0.514200 56 0.485800
  54 19.462997 37.827278 -0.247106 0.215275 -0.449571 -0.866916 -0.475086 0.821611 2 54 0.573500 56 0.426500
  54 19.693199 37.725681 0.160759 0.603071 -0.774435 -0.191195 -0.484452 0.823723 2 54 0.582000 56 0.418000
pyro_hands_red
  54 19.504599 37.606178 0.212347 0.437730 -0.890569 -0.123607 -0.484050 0.825706 2 54 0.514200 56 0.485800
  54 19.288599 37.701283 -0.209767 0.111688 -0.579326 -0.807408 -0.474372 0.824409 2 54 0.511800 56 0.488200
  54 19.462997 37.827278 -0.247106 0.215275 -0.449571 -0.866916 -0.475086 0.821611 2 54 0.573500 56 0.426500
pyro_hands_red
  54 19.288599 37.701283 -0.209767 0.111688 -0.579326 -0.807408 -0.474372 0.824409 2 54 0.511800 56 0.488200
  54 18.979498 38.189682 -0.195315 -0.443760 0.218343 -0.869139 -0.461965 0.820193 2 54 0.561700 56 0.438300
  54 19.462997 37.827278 -0.247106 0.215275 -0.449571 -0.866916 -0.475086 0.821611 2 54 0.573500 56 0.426500
pyro_hands_red
  54 19.288599 37.701283 -0.209767 0.111688 -0.579326 -0.807408 -0.474372 0.824409 2 54 0.511800 56 0.488200
  54 18.839499 38.023777 -0.165740 -0.412381 0.211084 -0.886220 -0.463026 0.827646 2 54 0.500000 56 0.500000
  54 18.979498 38.189682 -0.195315 -0.443760 0.218343 -0.869139 -0.461965 0.820193 2 54 0.561700 56 0.438300
pyro_hands_red
  56 18.256998 37.241180 0.094793 0.032793 -0.671101 -0.740640 -0.469860 0.848834 1 56 1.000000
  54 18.839499 38.023777 -0.165740 -0.412381 0.211084 -0.886220 -0.463026 0.827646 2 54 0.500000 56 0.500000
  54 19.288599 37.701283 -0.209767 0.111688 -0.579326 -0.807408 -0.474372 0.824409 2 54 0.511800 56 0.488200
pyro_hands_red
  56 18.256998 37.241180 0.094793 0.032793 -0.671101 -0.740640 -0.469860 0.848834 1 56 1.000000
  56 17.999298 37.499977 0.101848 -0.422575 0.108427 -0.899819 -0.462144 0.850503 1 56 1.000000
  54 18.839499 38.023777 -0.165740 -0.412381 0.211084 -0.886220 -0.463026 0.827646 2 54 0.500000 56 0.500000
pyro_hands_red
  56 17.898197 37.082180 0.250453 -0.030063 -0.733835 -0.678662 -0.469514 0.857442 1 56 1.000000
  56 17.999298 37.499977 0.101848 -0.422575 0.108427 -0.899819 -0.462144 0.850503 1 56 1.000000
  56 18.256998 37.241180 0.094793 0.032793 -0.671101 -0.740640 -0.469860 0.848834 1 56 1.000000
pyro_hands_red
  56 17.898197 37.082180 0.250453 -0.030063 -0.733835 -0.678662 -0.469514 0.857442 1 56 1.000000
  56 17.744896 37.278976 0.229683 -0.496902 -0.100441 -0.861974 -0.464275 0.858404 1 56 1.000000
  56 17.999298 37.499977 0.101848 -0.422575 0.108427 -0.899819 -0.462144 0.850503 1 56 1.000000
pyro_hands_red
  56 17.595997 37.110676 0.385074 -0.738651 -0.420165 -0.527120 -0.467116 0.863870 1 56 1.000000
  56 17.744896 37.278976 0.229683 -0.496902 -0.100441 -0.861974 -0.464275 0.858404 1 56 1.000000
  56 17.898197 37.082180 0.250453 -0.030063 -0.733835 -0.678662 -0.469514 0.857442 1 56 1.000000
pyro_hands_red
  56 17.595997 37.110676 0.385074 -0.738651 -0.420165 -0.527120 -0.467116 0.863870 1 56 1.000000
  56 17.898197 37.082180 0.250453 -0.030063 -0.733835 -0.678662 -0.469514 0.857442 1 56 1.000000
  56 17.697796 36.974480 0.388387 -0.332838 -0.812903 -0.477921 -0.470046 0.862169 1 56 1.000000
pyro_hands_red
  56 17.697796 36.974480 0.388387 -0.332838 -0.812903 -0.477921 -0.470046 0.862169 1 56 1.000000
  56 17.605099 37.022182 0.724186 -0.776073 -0.620570 0.112268 -0.474071 0.868708 1 56 1.000000
  56 17.595997 37.110676 0.385074 -0.738651 -0.420165 -0.527120 -0.467116 0.863870 1 56 1.000000
pyro_hands_red
  56 17.697796 36.974480 0.388387 -0.332838 -0.812903 -0.477921 -0.470046 0.862169 1 56 1.000000
  56 17.750399 36.923382 0.663716 -0.168396 -0.985072 -0.035707 -0.475024 0.864701 1 56 1.000000
  56 17.605099 37.022182 0.724186 -0.776073 -0.620570 0.112268 -0.474071 0.868708 1 56 1.000000
pyro_hands_red
  56 17.697796 36.974480 0.388387 -0.332838 -0.812903 -0.477921 -0.470046 0.862169 1 56 1.000000
  56 18.029799 37.018585 0.595744 0.352700 -0.929476 -0.108063 -0.476967 0.858823 1 56 1.000000
  56 17.750399 36.923382 0.663716 -0.168396 -0.985072 -0.035707 -0.475024 0.864701 1 56 1.000000
pyro_hands_red
  56 17.829597 36.938885 0.947263 0.022023 -0.920661 0.389741 -0.481071 0.866276 1 56 1.000000
  56 17.750399 36.923382 0.663716 -0.168396 -0.985072 -0.035707 -0.475024 0.864701 1 56 1.000000
  56 18.029799 37.018585 0.595744 0.352700 -0.929476 -0.108063 -0.476967 0.858823 1 56 1.000000
pyro_hands_red
  56 17.829597 36.938885 0.947263 0.022023 -0.920661 0.389741 -0.481071 0.866276 1 56 1.000000
  56 18.029799 37.018585 0.595744 0.352700 -0.929476 -0.108063 -0.476967 0.858823 1 56 1.000000
  56 18.091198 37.056179 0.948575 0.367460 -0.817103 0.444201 -0.484203 0.861126 1 56 1.000000
pyro_hands_red
  56 18.029799 37.018585 0.595744 0.352700 -0.929476 -0.108063 -0.476967 0.858823 1 56 1.000000
  56 18.472599 37.220982 0.894114 0.424462 -0.761447 0.489929 -0.487238 0.852575 1 56 1.000000
  56 18.091198 37.056179 0.948575 0.367460 -0.817103 0.444201 -0.484203 0.861126 1 56 1.000000
pyro_hands_red
  56 18.029799 37.018585 0.595744 0.352700 -0.929476 -0.108063 -0.476967 0.858823 1 56 1.000000
  56 18.457699 37.184181 0.492543 0.352700 -0.929476 -0.108063 -0.479284 0.849442 1 56 1.000000
  56 18.472599 37.220982 0.894114 0.424462 -0.761447 0.489929 -0.487238 0.852575 1 56 1.000000
pyro_hands_red
  56 18.457699 37.184181 0.492543 0.352700 -0.929476 -0.108063 -0.479284 0.849442 1 56 1.000000
  54 19.493095 37.684780 0.676372 0.486294 -0.695962 0.528352 -0.492670 0.829321 2 54 0.505800 56 0.494200
  56 18.472599 37.220982 0.894114 0.424462 -0.761447 0.489929 -0.487238 0.852575 1 56 1.000000
pyro_hands_red
  56 18.457699 37.184181 0.492543 0.352700 -0.929476 -0.108063 -0.479284 0.849442 1 56 1.000000
  54 19.504599 37.606178 0.212347 0.437730 -0.890569 -0.123607 -0.484050 0.825706 2 54 0.514200 56 0.485800
  54 19.493095 37.684780 0.676372 0.486294 -0.695962 0.528352 -0.492670 0.829321 2 54 0.505800 56 0.494200
pyro_hands_red
  56 18.457699 37.184181 0.492543 0.352700 -0.929476 -0.108063 -0.479284 0.849442 1 56 1.000000
  54 19.288599 37.701283 -0.209767 0.111688 -0.579326 -0.807408 -0.474372 0.824409 2 54 0.511800 56 0.488200
  54 19.504599 37.606178 0.212347 0.437730 -0.890569 -0.123607 -0.484050 0.825706 2 54 0.514200 56 0.485800
pyro_hands_red
  56 18.457699 37.184181 0.492543 0.352700 -0.929476 -0.108063 -0.479284 0.849442 1 56 1.000000
  56 18.256998 37.241180 0.094793 0.032793 -0.671101 -0.740640 -0.469860 0.848834 1 56 1.000000
  54 19.288599 37.701283 -0.209767 0.111688 -0.579326 -0.807408 -0.474372 0.824409 2 54 0.511800 56 0.488200
pyro_hands_red
  56 18.029799 37.018585 0.595744 0.352700 -0.929476 -0.108063 -0.476967 0.858823 1 56 1.000000
  56 18.256998 37.241180 0.094793 0.032793 -0.671101 -0.740640 -0.469860 0.848834 1 56 1.000000
  56 18.457699 37.184181 0.492543 0.352700 -0.929476 -0.108063 -0.479284 0.849442 1 56 1.000000
pyro_hands_red
  56 18.029799 37.018585 0.595744 0.352700 -0.929476 -0.108063 -0.476967 0.858823 1 56 1.000000
  56 17.898197 37.082180 0.250453 -0.030063 -0.733835 -0.678662 -0.469514 0.857442 1 56 1.000000
  56 18.256998 37.241180 0.094793 0.032793 -0.671101 -0.740640 -0.469860 0.848834 1 56 1.000000
pyro_hands_red
  56 17.697796 36.974480 0.388387 -0.332838 -0.812903 -0.477921 -0.470046 0.862169 1 56 1.000000
  56 17.898197 37.082180 0.250453 -0.030063 -0.733835 -0.678662 -0.469514 0.857442 1 56 1.000000
  56 18.029799 37.018585 0.595744 0.352700 -0.929476 -0.108063 -0.476967 0.858823 1 56 1.000000
pyro_hands_red
  50 17.628084 36.200275 2.879242 -0.711834 -0.641550 0.285841 -0.585946 0.936253 1 50 1.000000
  50 17.885386 36.062675 2.837613 0.000403 -0.981255 0.192713 -0.585240 0.929432 1 50 1.000000
  50 17.950087 36.166882 3.178512 0.084243 -0.740119 0.667178 -0.592825 0.928832 1 50 1.000000
pyro_hands_red
  50 17.628084 36.200275 2.879242 -0.711834 -0.641550 0.285841 -0.585946 0.936253 1 50 1.000000
  50 17.950087 36.166882 3.178512 0.084243 -0.740119 0.667178 -0.592825 0.928832 1 50 1.000000
  50 17.746887 36.326180 3.218772 -0.423173 -0.395612 0.815117 -0.596007 0.933618 1 50 1.000000
pyro_hands_red
  50 18.008587 36.622280 3.279124 0.007814 0.007831 0.999939 -0.602874 0.925084 1 50 1.000000
  50 17.746887 36.326180 3.218772 -0.423173 -0.395612 0.815117 -0.596007 0.933618 1 50 1.000000
  50 17.950087 36.166882 3.178512 0.084243 -0.740119 0.667178 -0.592825 0.928832 1 50 1.000000
pyro_hands_red
  50 18.008587 36.622280 3.279124 0.007814 0.007831 0.999939 -0.602874 0.925084 1 50 1.000000
  50 17.950087 36.166882 3.178512 0.084243 -0.740119 0.667178 -0.592825 0.928832 1 50 1.000000
  50 18.270086 36.393883 3.158854 0.419882 -0.589085 0.690419 -0.595233 0.920669 1 50 1.000000
pyro_hands_red
  50 18.466087 36.985279 3.241605 0.112798 0.103922 0.988168 -0.606768 0.911036 1 50 1.000000
  50 18.008587 36.622280 3.279124 0.007814 0.007831 0.999939 -0.602874 0.925084 1 50 1.000000
  50 18.270086 36.393883 3.158854 0.419882 -0.589085 0.690419 -0.595233 0.920669 1 50 1.000000
pyro_hands_red
  50 18.466087 36.985279 3.241605 0.112798 0.103922 0.988168 -0.606768 0.911036 1 50 1.000000
  50 18.270086 36.393883 3.158854 0.419882 -0.589085 0.690419 -0.595233 0.920669 1 50 1.000000
  50 18.801586 36.660080 3.069854 0.419882 -0.589085 0.690419 -0.596068 0.906860 1 50 1.000000
pyro_hands_red
  50 19.416086 37.529083 3.044995 0.112798 0.103922 0.988168 -0.607345 0.885321 2 50 0.532500 48 0.467500
  50 18.466087 36.985279 3.241605 0.112798 0.103922 0.988168 -0.606768 0.911036 1 50 1.000000
  50 18.801586 36.660080 3.069854 0.419882 -0.589085 0.690419 -0.596068 0.906860 1 50 1.000000
pyro_hands_red
  50 19.416086 37.529083 3.044995 0.112798 0.103922 0.988168 -0.607345 0.885321 2 50 0.532500 48 0.467500
  50 18.801586 36.660080 3.069854 0.419882 -0.589085 0.690419 -0.596068 0.906860 1 50 1.000000
  50 19.787086 37.120483 2.832824 0.474955 -0.558350 0.680193 -0.594616 0.882067 2 50 0.510500 48 0.489500
pyro_hands_red
  48 19.599787 37.678284 3.012195 0.112798 0.103922 0.988168 -0.607144 0.878567 2 48 0.501000 50 0.499000
  50 19.416086 37.529083 3.044995 0.112798 0.103922 0.988168 -0.607345 0.885321 2 50 0.532500 48 0.467500
  50 19.787086 37.120483 2.832824 0.474955 -0.558350 0.680193 -0.594616 0.882067 2 50 0.510500 48 0.489500
pyro_hands_red
  48 19.599787 37.678284 3.012195 0.112798 0.103922 0.988168 -0.607144 0.878567 2 48 0.501000 50 0.499000
  50 19.787086 37.120483 2.832824 0.474955 -0.558350 0.680193 -0.594616 0.882067 2 50 0.510500 48 0.489500
  48 19.995987 37.259483 2.789195 0.569556 -0.504096 0.649225 -0.594229 0.877380 2 48 0.502700 50 0.497300
pyro_hands_red
  48 20.663887 38.785686 2.779584 0.112798 0.103922 0.988168 -0.609350 0.862538 1 48 1.000000
  48 19.599787 37.678284 3.012195 0.112798 0.103922 0.988168 -0.607144 0.878567 2 48 0.501000 50 0.499000
  48 19.995987 37.259483 2.789195 0.569556 -0.504096 0.649225 -0.594229 0.877380 2 48 0.502700 50 0.497300
pyro_hands_red
  48 20.663887 38.785686 2.779584 0.112798 0.103922 0.988168 -0.609350 0.862538 1 48 1.000000
  48 19.995987 37.259483 2.789195 0.569556 -0.504096 0.649225 -0.594229 0.877380 2 48 0.502700 50 0.497300
  48 21.307388 38.543583 2.455925 0.707458 -0.351179 0.613332 -0.595815 0.855481 1 48 1.000000
pyro_hands_red
  48 21.307388 38.543583 2.455925 0.707458 -0.351179 0.613332 -0.595815 0.855481 1 48 1.000000
  48 19.995987 37.259483 2.789195 0.569556 -0.504096 0.649225 -0.594229 0.877380 2 48 0.502700 50 0.497300
  48 20.002388 37.093185 2.256985 0.634002 -0.772505 -0.035730 -0.582642 0.877163 2 48 0.502700 50 0.497300
pyro_hands_red
  48 21.307388 38.543583 2.455925 0.707458 -0.351179 0.613332 -0.595815 0.855481 1 48 1.000000
  48 20.002388 37.093185 2.256985 0.634002 -0.772505 -0.035730 -0.582642 0.877163 2 48 0.502700 50 0.497300
  48 21.342991 38.420490 1.832025 0.812725 -0.573208 -0.104452 -0.583290 0.853838 1 48 1.000000
pyro_hands_red
  48 21.030790 38.408489 1.211785 0.386243 -0.498472 -0.776107 -0.569313 0.854914 2 48 0.948800 50 0.051200
  48 21.342991 38.420490 1.832025 0.812725 -0.573208 -0.104452 -0.583290 0.853838 1 48 1.000000
  48 20.002388 37.093185 2.256985 0.634002 -0.772505 -0.035730 -0.582642 0.877163 2 48 0.502700 50 0.497300
pyro_hands_red
  48 21.030790 38.408489 1.211785 0.386243 -0.498472 -0.776107 -0.569313 0.854914 2 48 0.948800 50 0.051200
  48 20.002388 37.093185 2.256985 0.634002 -0.772505 -0.035730 -0.582642 0.877163 2 48 0.502700 50 0.497300
  48 19.741789 37.110786 1.719545 0.282019 -0.629176 -0.724294 -0.570286 0.878260 2 48 0.500000 50 0.500000
pyro_hands_red
  48 20.157990 38.596489 1.209455 -0.372802 -0.088460 -0.923685 -0.553011 0.864472 2 48 0.938200 50 0.061800
  48 21.030790 38.408489 1.211785 0.386243 -0.498472 -0.776107 -0.569313 0.854914 2 48 0.948800 50 0.051200
  48 19.741789 37.110786 1.719545 0.282019 -0.629176 -0.724294 -0.570286 0.878260 2 48 0.500000 50 0.500000
pyro_hands_red
  48 20.157990 38.596489 1.209455 -0.372802 -0.088460 -0.923685 -0.553011 0.864472 2 48 0.938200 50 0.061800
  48 19.741789 37.110786 1.719545 0.282019 -0.629176 -0.724294 -0.570286 0.878260 2 48 0.500000 50 0.500000
  50 19.212891 37.466087 1.650285 -0.337903 -0.045250 -0.940093 -0.556841 0.880946 2 50 0.509800 48 0.490200
pyro_hands_red
  50 19.212891 37.466087 1.650285 -0.337903 -0.045250 -0.940093 -0.556841 0.880946 2 50 0.509800 48 0.490200
  48 19.741789 37.110786 1.719545 0.282019 -0.629176 -0.724294 -0.570286 0.878260 2 48 0.500000 50 0.500000
  50 19.529888 36.960186 1.789335 0.206924 -0.695718 -0.687865 -0.570465 0.883987 2 50 0.526600 48 0.473400
pyro_hands_red
  50 19.212891 37.466087 1.650285 -0.337903 -0.045250 -0.940093 -0.556841 0.880946 2 50 0.509800 48 0.490200
  50 19.529888 36.960186 1.789335 0.206924 -0.695718 -0.687865 -0.570465 0.883987 2 50 0.526600 48 0.473400
  50 19.055588 37.306084 1.717035 -0.287429 -0.043674 -0.956806 -0.558401 0.889571 2 50 0.602300 48 0.397700
pyro_hands_red
  50 19.055588 37.306084 1.717035 -0.287429 -0.043674 -0.956806 -0.558401 0.889571 2 50 0.602300 48 0.397700
  50 19.529888 36.960186 1.789335 0.206924 -0.695718 -0.687865 -0.570465 0.883987 2 50 0.526600 48 0.473400
  50 18.597887 36.499081 2.064715 0.168819 -0.757001 -0.631229 -0.572116 0.908276 1 50 1.000000
pyro_hands_red
  50 19.055588 37.306084 1.717035 -0.287429 -0.043674 -0.956806 -0.558401 0.889571 2 50 0.602300 48 0.397700
  50 18.597887 36.499081 2.064715 0.168819 -0.757001 -0.631229 -0.572116 0.908276 1 50 1.000000
  50 18.186386 36.775181 1.984305 -0.285466 -0.127727 -0.949839 -0.561999 0.913937 1 50 1.000000
pyro_hands_red
  50 18.186386 36.775181 1.984305 -0.285466 -0.127727 -0.949839 -0.561999 0.913937 1 50 1.000000
  50 18.597887 36.499081 2.064715 0.168819 -0.757001 -0.631229 -0.572116 0.908276 1 50 1.000000
  50 18.109287 36.244080 2.257725 0.148702 -0.811615 -0.564950 -0.574160 0.921136 1 50 1.000000
pyro_hands_red
  50 18.186386 36.775181 1.984305 -0.285466 -0.127727 -0.949839 -0.561999 0.913937 1 50 1.000000
  50 18.109287 36.244080 2.257725 0.148702 -0.811615 -0.564950 -0.574160 0.921136 1 50 1.000000
  50 17.805887 36.444782 2.176805 -0.384039 -0.301795 -0.872601 -0.567093 0.925912 1 50 1.000000
pyro_hands_red
  50 17.805887 36.444782 2.176805 -0.384039 -0.301795 -0.872601 -0.567093 0.925912 1 50 1.000000
  50 18.109287 36.244080 2.257725 0.148702 -0.811615 -0.564950 -0.574160 0.921136 1 50 1.000000
  50 17.780884 36.031876 2.474285 -0.123119 -0.943196 -0.308581 -0.577489 0.929849 1 50 1.000000
pyro_hands_red
  50 17.805887 36.444782 2.176805 -0.384039 -0.301795 -0.872601 -0.567093 0.925912 1 50 1.000000
  50 17.780884 36.031876 2.474285 -0.123119 -0.943196 -0.308581 -0.577489 0.929849 1 50 1.000000
  50 17.585684 36.176178 2.452775 -0.693082 -0.615441 -0.375327 -0.574314 0.934104 1 50 1.000000
pyro_hands_red
  50 17.780884 36.031876 2.474285 -0.123119 -0.943196 -0.308581 -0.577489 0.929849 1 50 1.000000
  50 17.628084 36.200275 2.879242 -0.711834 -0.641550 0.285841 -0.585946 0.936253 1 50 1.000000
  50 17.585684 36.176178 2.452775 -0.693082 -0.615441 -0.375327 -0.574314 0.934104 1 50 1.000000
pyro_hands_red
  50 17.780884 36.031876 2.474285 -0.123119 -0.943196 -0.308581 -0.577489 0.929849 1 50 1.000000
  50 17.885386 36.062675 2.837613 0.000403 -0.981255 0.192713 -0.585240 0.929432 1 50 1.000000
  50 17.628084 36.200275 2.879242 -0.711834 -0.641550 0.285841 -0.585946 0.936253 1 50 1.000000
pyro_hands_red
  50 18.283186 36.253281 2.707215 0.434011 -0.899125 0.056636 -0.584711 0.919527 1 50 1.000000
  50 17.885386 36.062675 2.837613 0.000403 -0.981255 0.192713 -0.585240 0.929432 1 50 1.000000
  50 17.780884 36.031876 2.474285 -0.123119 -0.943196 -0.308581 -0.577489 0.929849 1 50 1.000000
pyro_hands_red
  50 18.283186 36.253281 2.707215 0.434011 -0.899125 0.056636 -0.584711 0.919527 1 50 1.000000
  50 17.950087 36.166882 3.178512 0.084243 -0.740119 0.667178 -0.592825 0.928832 1 50 1.000000
  50 17.885386 36.062675 2.837613 0.000403 -0.981255 0.192713 -0.585240 0.929432 1 50 1.000000
pyro_hands_red
  50 18.283186 36.253281 2.707215 0.434011 -0.899125 0.056636 -0.584711 0.919527 1 50 1.000000
  50 18.270086 36.393883 3.158854 0.419882 -0.589085 0.690419 -0.595233 0.920669 1 50 1.000000
  50 17.950087 36.166882 3.178512 0.084243 -0.740119 0.667178 -0.592825 0.928832 1 50 1.000000
pyro_hands_red
  50 18.801586 36.660080 3.069854 0.419882 -0.589085 0.690419 -0.596068 0.906860 1 50 1.000000
  50 18.270086 36.393883 3.158854 0.419882 -0.589085 0.690419 -0.595233 0.920669 1 50 1.000000
  50 18.283186 36.253281 2.707215 0.434011 -0.899125 0.056636 -0.584711 0.919527 1 50 1.000000
pyro_hands_red
  50 18.801586 36.660080 3.069854 0.419882 -0.589085 0.690419 -0.596068 0.906860 1 50 1.000000
  50 18.283186 36.253281 2.707215 0.434011 -0.899125 0.056636 -0.584711 0.919527 1 50 1.000000
  50 18.829687 36.502380 2.561695 0.434011 -0.899125 0.056636 -0.584075 0.905746 1 50 1.000000
pyro_hands_red
  50 19.787086 37.120483 2.832824 0.474955 -0.558350 0.680193 -0.594616 0.882067 2 50 0.510500 48 0.489500
  50 18.801586 36.660080 3.069854 0.419882 -0.589085 0.690419 -0.596068 0.906860 1 50 1.000000
  50 18.829687 36.502380 2.561695 0.434011 -0.899125 0.056636 -0.584075 0.905746 1 50 1.000000
pyro_hands_red
  50 19.787086 37.120483 2.832824 0.474955 -0.558350 0.680193 -0.594616 0.882067 2 50 0.510500 48 0.489500
  50 18.829687 36.502380 2.561695 0.434011 -0.899125 0.056636 -0.584075 0.905746 1 50 1.000000
  50 19.794987 36.938385 2.311635 0.514936 -0.856331 0.039204 -0.582798 0.881812 2 50 0.511400 48 0.488600
pyro_hands_red
  48 19.995987 37.259483 2.789195 0.569556 -0.504096 0.649225 -0.594229 0.877380 2 48 0.502700 50 0.497300
  50 19.787086 37.120483 2.832824 0.474955 -0.558350 0.680193 -0.594616 0.882067 2 50 0.510500 48 0.489500
  50 19.794987 36.938385 2.311635 0.514936 -0.856331 0.039204 -0.582798 0.881812 2 50 0.511400 48 0.488600
pyro_hands_red
  48 19.995987 37.259483 2.789195 0.569556 -0.504096 0.649225 -0.594229 0.877380 2 48 0.502700 50 0.497300
  50 19.794987 36.938385 2.311635 0.514936 -0.856331 0.039204 -0.582798 0.881812 2 50 0.511400 48 0.488600
  48 20.002388 37.093185 2.256985 0.634002 -0.772505 -0.035730 -0.582642 0.877163 2 48 0.502700 50 0.497300
pyro_hands_red
  48 19.741789 37.110786 1.719545 0.282019 -0.629176 -0.724294 -0.570286 0.878260 2 48 0.500000 50 0.500000
  48 20.002388 37.093185 2.256985 0.634002 -0.772505 -0.035730 -0.582642 0.877163 2 48 0.502700 50 0.497300
  50 19.794987 36.938385 2.311635 0.514936 -0.856331 0.039204 -0.582798 0.881812 2 50 0.511400 48 0.488600
pyro_hands_red
  48 19.741789 37.110786 1.719545 0.282019 -0.629176 -0.724294 -0.570286 0.878260 2 48 0.500000 50 0.500000
  50 19.794987 36.938385 2.311635 0.514936 -0.856331 0.039204 -0.582798 0.881812 2 50 0.511400 48 0.488600
  50 19.529888 36.960186 1.789335 0.206924 -0.695718 -0.687865 -0.570465 0.883987 2 50 0.526600 48 0.473400
pyro_hands_red
  50 19.529888 36.960186 1.789335 0.206924 -0.695718 -0.687865 -0.570465 0.883987 2 50 0.526600 48 0.473400
  50 19.794987 36.938385 2.311635 0.514936 -0.856331 0.039204 -0.582798 0.881812 2 50 0.511400 48 0.488600
  50 18.829687 36.502380 2.561695 0.434011 -0.899125 0.056636 -0.584075 0.905746 1 50 1.000000
pyro_hands_red
  50 19.529888 36.960186 1.789335 0.206924 -0.695718 -0.687865 -0.570465 0.883987 2 50 0.526600 48 0.473400
  50 18.829687 36.502380 2.561695 0.434011 -0.899125 0.056636 -0.584075 0.905746 1 50 1.000000
  50 18.597887 36.499081 2.064715 0.168819 -0.757001 -0.631229 -0.572116 0.908276 1 50 1.000000
pyro_hands_red
  50 18.597887 36.499081 2.064715 0.168819 -0.757001 -0.631229 -0.572116 0.908276 1 50 1.000000
  50 18.829687 36.502380 2.561695 0.434011 -0.899125 0.056636 -0.584075 0.905746 1 50 1.000000
  50 18.283186 36.253281 2.707215 0.434011 -0.899125 0.056636 -0.584711 0.919527 1 50 1.000000
pyro_hands_red
  50 18.597887 36.499081 2.064715 0.168819 -0.757001 -0.631229 -0.572116 0.908276 1 50 1.000000
  50 18.283186 36.253281 2.707215 0.434011 -0.899125 0.056636 -0.584711 0.919527 1 50 1.000000
  50 18.109287 36.244080 2.257725 0.148702 -0.811615 -0.564950 -0.574160 0.921136 1 50 1.000000
pyro_hands_red
  50 18.283186 36.253281 2.707215 0.434011 -0.899125 0.056636 -0.584711 0.919527 1 50 1.000000
  50 17.780884 36.031876 2.474285 -0.123119 -0.943196 -0.308581 -0.577489 0.929849 1 50 1.000000
  50 18.109287 36.244080 2.257725 0.148702 -0.811615 -0.564950 -0.574160 0.921136 1 50 1.000000
pyro_hands_red
  5 18.786102 51.162117 2.942823 0.358106 0.329589 0.873574 -0.808010 0.296776 1 5 1.000000
  5 17.215973 52.583500 2.877803 0.155319 0.255690 0.954200 -0.848850 0.255434 1 5 1.000000
  5 17.659517 50.924259 3.300259 0.155319 0.255690 0.954200 -0.844051 0.303969 1 5 1.000000
pyro_hands_red
  5 17.659517 50.924259 3.300259 0.155319 0.255690 0.954200 -0.844051 0.303969 1 5 1.000000
  5 17.215973 52.583500 2.877803 0.155319 0.255690 0.954200 -0.848850 0.255434 1 5 1.000000
  5 16.319908 52.194809 3.026414 -0.058778 0.203482 0.977313 -0.876614 0.267687 1 5 1.000000
pyro_hands_red
  5 17.659517 50.924259 3.300259 0.155319 0.255690 0.954200 -0.844051 0.303969 1 5 1.000000
  5 16.319908 52.194809 3.026414 -0.058778 0.203482 0.977313 -0.876614 0.267687 1 5 1.000000
  5 16.761902 50.629471 3.402558 -0.113301 0.205601 0.972055 -0.872167 0.311736 1 5 1.000000
pyro_hands_red
  5 16.761902 50.629471 3.402558 -0.113301 0.205601 0.972055 -0.872167 0.311736 1 5 1.000000
  5 16.319908 52.194809 3.026414 -0.058778 0.203482 0.977313 -0.876614 0.267687 1 5 1.000000
  5 15.446353 51.721951 2.968552 -0.229668 0.125518 0.965141 -0.904091 0.281392 1 5 1.000000
pyro_hands_red
  5 16.761902 50.629471 3.402558 -0.113301 0.205601 0.972055 -0.872167 0.311736 1 5 1.000000
  5 15.446353 51.721951 2.968552 -0.229668 0.125518 0.965141 -0.904091 0.281392 1 5 1.000000
  5 15.976549 50.253902 3.294057 -0.297444 0.090654 0.950426 -0.897553 0.320880 1 5 1.000000
pyro_hands_red
  5 15.976549 50.253902 3.294057 -0.297444 0.090654 0.950426 -0.897553 0.320880 1 5 1.000000
  5 14.676914 51.281471 2.804829 -0.480007 -0.047435 0.875981 -0.929139 0.293731 1 5 1.000000
  5 15.304496 49.871326 3.032150 -0.540399 -0.101204 0.835300 -0.921433 0.329030 1 5 1.000000
pyro_hands_red
  5 15.976549 50.253902 3.294057 -0.297444 0.090654 0.950426 -0.897553 0.320880 1 5 1.000000
  5 15.446353 51.721951 2.968552 -0.229668 0.125518 0.965141 -0.904091 0.281392 1 5 1.000000
  5 14.676914 51.281471 2.804829 -0.480007 -0.047435 0.875981 -0.929139 0.293731 1 5 1.000000
pyro_hands_red
  5 15.446353 51.721951 2.968552 -0.229668 0.125518 0.965141 -0.904091 0.281392 1 5 1.000000
  5 14.670744 51.300900 2.801405 -0.631171 0.540370 0.556439 -0.929359 0.293110 1 5 1.000000
  5 14.676914 51.281471 2.804829 -0.480007 -0.047435 0.875981 -0.929139 0.293731 1 5 1.000000
pyro_hands_red
  5 15.446353 51.721951 2.968552 -0.229668 0.125518 0.965141 -0.904091 0.281392 1 5 1.000000
  5 15.439507 51.742462 2.964013 -0.443180 0.636432 0.631305 -0.904268 0.280740 1 5 1.000000
  5 14.670744 51.300900 2.801405 -0.631171 0.540370 0.556439 -0.929359 0.293110 1 5 1.000000
pyro_hands_red
  5 16.319908 52.194809 3.026414 -0.058778 0.203482 0.977313 -0.876614 0.267687 1 5 1.000000
  5 15.439507 51.742462 2.964013 -0.443180 0.636432 0.631305 -0.904268 0.280740 1 5 1.000000
  5 15.446353 51.721951 2.968552 -0.229668 0.125518 0.965141 -0.904091 0.281392 1 5 1.000000
pyro_hands_red
  5 16.319908 52.194809 3.026414 -0.058778 0.203482 0.977313 -0.876614 0.267687 1 5 1.000000
  5 16.316013 52.218311 3.021382 -0.323048 0.672710 0.665658 -0.876696 0.266911 1 5 1.000000
  5 15.439507 51.742462 2.964013 -0.443180 0.636432 0.631305 -0.904268 0.280740 1 5 1.000000
pyro_hands_red
  5 17.215973 52.583500 2.877803 0.155319 0.255690 0.954200 -0.848850 0.255434 1 5 1.000000
  5 16.316013 52.218311 3.021382 -0.323048 0.672710 0.665658 -0.876696 0.266911 1 5 1.000000
  5 16.319908 52.194809 3.026414 -0.058778 0.203482 0.977313 -0.876614 0.267687 1 5 1.000000
pyro_hands_red
  5 17.215973 52.583500 2.877803 0.155319 0.255690 0.954200 -0.848850 0.255434 1 5 1.000000
  5 17.211525 52.608444 2.872505 -0.101489 0.720627 0.685855 -0.848948 0.254627 1 5 1.000000
  5 16.316013 52.218311 3.021382 -0.323048 0.672710 0.665658 -0.876696 0.266911 1 5 1.000000
pyro_hands_red
  5 18.262932 52.972183 2.468553 0.388287 0.287369 0.875587 -0.815106 0.241502 1 5 1.000000
  5 17.211525 52.608444 2.872505 -0.101489 0.720627 0.685855 -0.848948 0.254627 1 5 1.000000
  5 17.215973 52.583500 2.877803 0.155319 0.255690 0.954200 -0.848850 0.255434 1 5 1.000000
pyro_hands_red
  5 18.786102 51.162117 2.942823 0.358106 0.329589 0.873574 -0.808010 0.296776 1 5 1.000000
  5 18.262932 52.972183 2.468553 0.388287 0.287369 0.875587 -0.815106 0.241502 1 5 1.000000
  5 17.215973 52.583500 2.877803 0.155319 0.255690 0.954200 -0.848850 0.255434 1 5 1.000000
pyro_hands_red
  5 19.044518 53.151588 1.905256 0.658913 0.290414 0.693897 -0.786284 0.232501 1 5 1.000000
  5 18.262932 52.972183 2.468553 0.388287 0.287369 0.875587 -0.815106 0.241502 1 5 1.000000
  5 18.786102 51.162117 2.942823 0.358106 0.329589 0.873574 -0.808010 0.296776 1 5 1.000000
pyro_hands_red
  5 19.044518 53.151588 1.905256 0.658913 0.290414 0.693897 -0.786284 0.232501 1 5 1.000000
  5 18.786102 51.162117 2.942823 0.358106 0.329589 0.873574 -0.808010 0.296776 1 5 1.000000
  5 19.632755 51.139484 2.428184 0.659727 0.355569 0.662066 -0.777877 0.295465 1 5 1.000000
pyro_hands_red
  5 20.118427 51.112164 1.670743 0.877691 0.316488 0.359852 -0.750109 0.290812 1 5 1.000000
  5 19.044518 53.151588 1.905256 0.658913 0.290414 0.693897 -0.786284 0.232501 1 5 1.000000
  5 19.632755 51.139484 2.428184 0.659727 0.355569 0.662066 -0.777877 0.295465 1 5 1.000000
pyro_hands_red
  5 20.118427 51.112164 1.670743 0.877691 0.316488 0.359852 -0.750109 0.290812 1 5 1.000000
  5 19.550230 53.231518 1.189960 0.864617 0.276518 0.419493 -0.760029 0.224909 1 5 1.000000
  5 19.044518 53.151588 1.905256 0.658913 0.290414 0.693897 -0.786284 0.232501 1 5 1.000000
pyro_hands_red
  5 20.346947 51.013443 0.797632 0.961578 0.250297 0.112780 -0.721812 0.286560 1 5 1.000000
  5 19.550230 53.231518 1.189960 0.864617 0.276518 0.419493 -0.760029 0.224909 1 5 1.000000
  5 20.118427 51.112164 1.670743 0.877691 0.316488 0.359852 -0.750109 0.290812 1 5 1.000000
pyro_hands_red
  5 20.346947 51.013443 0.797632 0.961578 0.250297 0.112780 -0.721812 0.286560 1 5 1.000000
  5 19.836391 53.205769 0.331814 0.965869 0.189677 0.176407 -0.732373 0.218910 1 5 1.000000
  5 19.550230 53.231518 1.189960 0.864617 0.276518 0.419493 -0.760029 0.224909 1 5 1.000000
pyro_hands_red
  5 20.394714 50.850334 -0.118415 0.979414 0.194471 -0.054119 -0.692632 0.283277 1 5 1.000000
  5 19.836391 53.205769 0.331814 0.965869 0.189677 0.176407 -0.732373 0.218910 1 5 1.000000
  5 20.346947 51.013443 0.797632 0.961578 0.250297 0.112780 -0.721812 0.286560 1 5 1.000000
pyro_hands_red
  5 20.394714 50.850334 -0.118415 0.979414 0.194471 -0.054119 -0.692632 0.283277 1 5 1.000000
  5 19.931324 53.090748 -0.567312 0.991214 0.132156 -0.005424 -0.704078 0.214725 1 5 1.000000
  5 19.836391 53.205769 0.331814 0.965869 0.189677 0.176407 -0.732373 0.218910 1 5 1.000000
pyro_hands_red
  5 19.888268 52.904575 -1.455987 0.979803 0.110585 -0.166604 -0.675707 0.212362 1 5 1.000000
  5 19.631329 52.585468 -2.561228 0.707894 0.525087 -0.472409 -0.638692 0.211554 1 5 1.000000
  5 19.887486 52.933460 -1.460315 0.767116 0.586992 -0.258793 -0.675819 0.211486 1 5 1.000000
pyro_hands_red
  5 19.931324 53.090748 -0.567312 0.991214 0.132156 -0.005424 -0.704078 0.214725 1 5 1.000000
  5 19.888268 52.904575 -1.455987 0.979803 0.110585 -0.166604 -0.675707 0.212362 1 5 1.000000
  5 19.887486 52.933460 -1.460315 0.767116 0.586992 -0.258793 -0.675819 0.211486 1 5 1.000000
pyro_hands_red
  5 19.931324 53.090748 -0.567312 0.991214 0.132156 -0.005424 -0.704078 0.214725 1 5 1.000000
  5 19.887486 52.933460 -1.460315 0.767116 0.586992 -0.258793 -0.675819 0.211486 1 5 1.000000
  5 19.929535 53.119717 -0.570981 0.767080 0.636040 -0.083918 -0.704263 0.213811 1 5 1.000000
pyro_hands_red
  5 19.836391 53.205769 0.331814 0.965869 0.189677 0.176407 -0.732373 0.218910 1 5 1.000000
  5 19.931324 53.090748 -0.567312 0.991214 0.132156 -0.005424 -0.704078 0.214725 1 5 1.000000
  5 19.929535 53.119717 -0.570981 0.767080 0.636040 -0.083918 -0.704263 0.213811 1 5 1.000000
pyro_hands_red
  5 19.836391 53.205769 0.331814 0.965869 0.189677 0.176407 -0.732373 0.218910 1 5 1.000000
  5 19.929535 53.119717 -0.570981 0.767080 0.636040 -0.083918 -0.704263 0.213811 1 5 1.000000
  5 19.833563 53.234955 0.327661 0.722947 0.683124 0.103384 -0.732460 0.217962 1 5 1.000000
pyro_hands_red
  5 19.836391 53.205769 0.331814 0.965869 0.189677 0.176407 -0.732373 0.218910 1 5 1.000000
  5 19.833563 53.234955 0.327661 0.722947 0.683124 0.103384 -0.732460 0.217962 1 5 1.000000
  5 19.546659 53.260357 1.185227 0.601278 0.727356 0.330785 -0.760126 0.224005 1 5 1.000000
pyro_hands_red
  5 19.836391 53.205769 0.331814 0.965869 0.189677 0.176407 -0.732373 0.218910 1 5 1.000000
  5 19.546659 53.260357 1.185227 0.601278 0.727356 0.330785 -0.760126 0.224005 1 5 1.000000
  5 19.550230 53.231518 1.189960 0.864617 0.276518 0.419493 -0.760029 0.224909 1 5 1.000000
pyro_hands_red
  5 19.550230 53.231518 1.189960 0.864617 0.276518 0.419493 -0.760029 0.224909 1 5 1.000000
  5 19.546659 53.260357 1.185227 0.601278 0.727356 0.330785 -0.760126 0.224005 1 5 1.000000
  5 19.040829 53.179035 1.900018 0.388017 0.752496 0.532158 -0.786401 0.231611 1 5 1.000000
pyro_hands_red
  5 19.550230 53.231518 1.189960 0.864617 0.276518 0.419493 -0.760029 0.224909 1 5 1.000000
  5 19.040829 53.179035 1.900018 0.388017 0.752496 0.532158 -0.786401 0.231611 1 5 1.000000
  5 19.044518 53.151588 1.905256 0.658913 0.290414 0.693897 -0.786284 0.232501 1 5 1.000000
pyro_hands_red
  5 19.044518 53.151588 1.905256 0.658913 0.290414 0.693897 -0.786284 0.232501 1 5 1.000000
  5 19.040829 53.179035 1.900018 0.388017 0.752496 0.532158 -0.786401 0.231611 1 5 1.000000
  5 18.259174 52.998432 2.462928 0.128045 0.748057 0.651165 -0.815190 0.240640 1 5 1.000000
pyro_hands_red
  5 19.044518 53.151588 1.905256 0.658913 0.290414 0.693897 -0.786284 0.232501 1 5 1.000000
  5 18.259174 52.998432 2.462928 0.128045 0.748057 0.651165 -0.815190 0.240640 1 5 1.000000
  5 18.262932 52.972183 2.468553 0.388287 0.287369 0.875587 -0.815106 0.241502 1 5 1.000000
pyro_hands_red
  5 18.262932 52.972183 2.468553 0.388287 0.287369 0.875587 -0.815106 0.241502 1 5 1.000000
  5 18.259174 52.998432 2.462928 0.128045 0.748057 0.651165 -0.815190 0.240640 1 5 1.000000
  5 17.211525 52.608444 2.872505 -0.101489 0.720627 0.685855 -0.848948 0.254627 1 5 1.000000
pyro_hands_red
  5 20.320580 50.658035 -1.001052 0.967763 0.144062 -0.206591 -0.664294 0.280815 1 5 1.000000
  5 19.931324 53.090748 -0.567312 0.991214 0.132156 -0.005424 -0.704078 0.214725 1 5 1.000000
  5 20.394714 50.850334 -0.118415 0.979414 0.194471 -0.054119 -0.692632 0.283277 1 5 1.000000
pyro_hands_red
  5 20.320580 50.658035 -1.001052 0.967763 0.144062 -0.206591 -0.664294 0.280815 1 5 1.000000
  5 19.888268 52.904575 -1.455987 0.979803 0.110585 -0.166604 -0.675707 0.212362 1 5 1.000000
  5 19.931324 53.090748 -0.567312 0.991214 0.132156 -0.005424 -0.704078 0.214725 1 5 1.000000
pyro_hands_red
  5 19.631525 52.557381 -2.555294 0.928709 0.002445 -0.370801 -0.638579 0.212489 1 5 1.000000
  5 19.888268 52.904575 -1.455987 0.979803 0.110585 -0.166604 -0.675707 0.212362 1 5 1.000000
  5 20.320580 50.658035 -1.001052 0.967763 0.144062 -0.206591 -0.664294 0.280815 1 5 1.000000
pyro_hands_red
  5 19.888268 52.904575 -1.455987 0.979803 0.110585 -0.166604 -0.675707 0.212362 1 5 1.000000
  5 19.631525 52.557381 -2.555294 0.928709 0.002445 -0.370801 -0.638579 0.212489 1 5 1.000000
  5 19.631329 52.585468 -2.561228 0.707894 0.525087 -0.472409 -0.638692 0.211554 1 5 1.000000
pyro_hands_red
  5 19.631525 52.557381 -2.555294 0.928709 0.002445 -0.370801 -0.638579 0.212489 1 5 1.000000
  5 19.012558 52.085922 -3.660815 0.506508 0.420523 -0.752735 -0.596432 0.215359 1 5 1.000000
  5 19.631329 52.585468 -2.561228 0.707894 0.525087 -0.472409 -0.638692 0.211554 1 5 1.000000
pyro_hands_red
  5 19.631525 52.557381 -2.555294 0.928709 0.002445 -0.370801 -0.638579 0.212489 1 5 1.000000
  5 19.012993 52.059372 -3.652796 0.734381 -0.145288 -0.663005 -0.596458 0.216248 1 5 1.000000
  5 19.012558 52.085922 -3.660815 0.506508 0.420523 -0.752735 -0.596432 0.215359 1 5 1.000000
pyro_hands_red
  5 19.012993 52.059372 -3.652796 0.734381 -0.145288 -0.663005 -0.596458 0.216248 1 5 1.000000
  5 18.008009 51.550121 -4.247180 0.071054 0.251433 -0.965263 -0.558305 0.224273 1 5 1.000000
  5 19.012558 52.085922 -3.660815 0.506508 0.420523 -0.752735 -0.596432 0.215359 1 5 1.000000
pyro_hands_red
  5 19.012993 52.059372 -3.652796 0.734381 -0.145288 -0.663005 -0.596458 0.216248 1 5 1.000000
  5 18.009443 51.526470 -4.236282 0.319352 -0.345797 -0.882292 -0.558339 0.225102 1 5 1.000000
  5 18.008009 51.550121 -4.247180 0.071054 0.251433 -0.965263 -0.558305 0.224273 1 5 1.000000
pyro_hands_red
  5 18.009443 51.526470 -4.236282 0.319352 -0.345797 -0.882292 -0.558339 0.225102 1 5 1.000000
  5 16.020042 50.705795 -3.966475 -0.394483 0.135736 -0.908823 -0.498102 0.242637 1 5 1.000000
  5 18.008009 51.550121 -4.247180 0.071054 0.251433 -0.965263 -0.558305 0.224273 1 5 1.000000
pyro_hands_red
  5 18.009443 51.526470 -4.236282 0.319352 -0.345797 -0.882292 -0.558339 0.225102 1 5 1.000000
  5 16.022289 50.686657 -3.954739 -0.147661 -0.485372 -0.861748 -0.497965 0.243097 1 5 1.000000
  5 16.020042 50.705795 -3.966475 -0.394483 0.135736 -0.908823 -0.498102 0.242637 1 5 1.000000
pyro_hands_red
  5 16.022289 50.686657 -3.954739 -0.147661 -0.485372 -0.861748 -0.497965 0.243097 1 5 1.000000
  5 18.009443 51.526470 -4.236282 0.319352 -0.345797 -0.882292 -0.558339 0.225102 1 5 1.000000
  5 18.504147 49.616272 -3.404072 0.270189 -0.319812 -0.908140 -0.559265 0.278335 1 5 1.000000
pyro_hands_red
  5 16.022289 50.686657 -3.954739 -0.147661 -0.485372 -0.861748 -0.497965 0.243097 1 5 1.000000
  5 18.504147 49.616272 -3.404072 0.270189 -0.319812 -0.908140 -0.559265 0.278335 1 5 1.000000
  5 16.678749 48.995346 -3.164394 -0.147661 -0.485372 -0.861748 -0.504744 0.285462 1 5 1.000000
pyro_hands_red
  5 18.009443 51.526470 -4.236282 0.319352 -0.345797 -0.882292 -0.558339 0.225102 1 5 1.000000
  5 19.463665 49.998367 -2.917975 0.694012 -0.105072 -0.712255 -0.594317 0.277441 1 5 1.000000
  5 18.504147 49.616272 -3.404072 0.270189 -0.319812 -0.908140 -0.559265 0.278335 1 5 1.000000
pyro_hands_red
  5 18.009443 51.526470 -4.236282 0.319352 -0.345797 -0.882292 -0.558339 0.225102 1 5 1.000000
  5 19.012993 52.059372 -3.652796 0.734381 -0.145288 -0.663005 -0.596458 0.216248 1 5 1.000000
  5 19.463665 49.998367 -2.917975 0.694012 -0.105072 -0.712255 -0.594317 0.277441 1 5 1.000000
pyro_hands_red
  5 19.012993 52.059372 -3.652796 0.734381 -0.145288 -0.663005 -0.596458 0.216248 1 5 1.000000
  5 20.051275 50.374413 -1.995471 0.904719 0.062069 -0.421462 -0.630691 0.279588 1 5 1.000000
  5 19.463665 49.998367 -2.917975 0.694012 -0.105072 -0.712255 -0.594317 0.277441 1 5 1.000000
pyro_hands_red
  5 19.012993 52.059372 -3.652796 0.734381 -0.145288 -0.663005 -0.596458 0.216248 1 5 1.000000
  5 19.631525 52.557381 -2.555294 0.928709 0.002445 -0.370801 -0.638579 0.212489 1 5 1.000000
  5 20.051275 50.374413 -1.995471 0.904719 0.062069 -0.421462 -0.630691 0.279588 1 5 1.000000
pyro_hands_red
  5 19.631525 52.557381 -2.555294 0.928709 0.002445 -0.370801 -0.638579 0.212489 1 5 1.000000
  5 20.320580 50.658035 -1.001052 0.967763 0.144062 -0.206591 -0.664294 0.280815 1 5 1.000000
  5 20.051275 50.374413 -1.995471 0.904719 0.062069 -0.421462 -0.630691 0.279588 1 5 1.000000
pyro_hands_red
  5 19.692564 52.903187 -1.416553 -0.874002 0.485588 -0.018043 -0.696469 0.025697 1 5 1.000000
  5 19.451117 52.571033 -2.467287 -0.840713 0.530569 0.108158 -0.728743 0.037622 1 5 1.000000
  5 19.625801 50.269184 -1.432761 -0.946154 0.070899 0.315856 -0.699792 0.129007 1 5 1.000000
pyro_hands_red
  5 19.692564 52.903187 -1.416553 -0.874002 0.485588 -0.018043 -0.696469 0.025697 1 5 1.000000
  5 19.625801 50.269184 -1.432761 -0.946154 0.070899 0.315856 -0.699792 0.129007 1 5 1.000000
  5 19.767002 50.567986 -0.657580 -0.993761 0.011938 0.110887 -0.675250 0.120196 1 5 1.000000
pyro_hands_red
  5 19.730019 53.078102 -0.569236 -0.888060 0.449825 -0.094900 -0.670804 0.019284 1 5 1.000000
  5 19.692564 52.903187 -1.416553 -0.874002 0.485588 -0.018043 -0.696469 0.025697 1 5 1.000000
  5 19.767002 50.567986 -0.657580 -0.993761 0.011938 0.110887 -0.675250 0.120196 1 5 1.000000
pyro_hands_red
  5 19.730019 53.078102 -0.569236 -0.888060 0.449825 -0.094900 -0.670804 0.019284 1 5 1.000000
  5 19.767002 50.567986 -0.657580 -0.993761 0.011938 0.110887 -0.675250 0.120196 1 5 1.000000
  5 19.780903 50.755882 0.095481 -0.998904 -0.033708 -0.032465 -0.652533 0.114575 1 5 1.000000
pyro_hands_red
  5 19.636826 53.183830 0.281417 -0.876179 0.428433 -0.220805 -0.644804 0.015093 1 5 1.000000
  5 19.730019 53.078102 -0.569236 -0.888060 0.449825 -0.094900 -0.670804 0.019284 1 5 1.000000
  5 19.780903 50.755882 0.095481 -0.998904 -0.033708 -0.032465 -0.652533 0.114575 1 5 1.000000
pyro_hands_red
  5 19.636826 53.183830 0.281417 -0.876179 0.428433 -0.220805 -0.644804 0.015093 1 5 1.000000
  5 19.780903 50.755882 0.095481 -0.998904 -0.033708 -0.032465 -0.652533 0.114575 1 5 1.000000
  5 19.698601 50.893585 0.856417 -0.976625 -0.079454 -0.199728 -0.629002 0.109637 1 5 1.000000
pyro_hands_red
  5 19.367550 53.201366 1.084663 -0.833651 0.389609 -0.391448 -0.619045 0.013530 1 5 1.000000
  5 19.636826 53.183830 0.281417 -0.876179 0.428433 -0.220805 -0.644804 0.015093 1 5 1.000000
  5 19.698601 50.893585 0.856417 -0.976625 -0.079454 -0.199728 -0.629002 0.109637 1 5 1.000000
pyro_hands_red
  5 19.367550 53.201366 1.084663 -0.833651 0.389609 -0.391448 -0.619045 0.013530 1 5 1.000000
  5 19.698601 50.893585 0.856417 -0.976625 -0.079454 -0.199728 -0.629002 0.109637 1 5 1.000000
  5 19.487400 50.956787 1.560249 -0.890407 -0.141325 -0.432669 -0.606533 0.106384 1 5 1.000000
pyro_hands_red
  5 18.899311 53.113579 1.747927 -0.712845 0.356140 -0.604165 -0.594398 0.014781 1 5 1.000000
  5 19.367550 53.201366 1.084663 -0.833651 0.389609 -0.391448 -0.619045 0.013530 1 5 1.000000
  5 19.487400 50.956787 1.560249 -0.890407 -0.141325 -0.432669 -0.606533 0.106384 1 5 1.000000
pyro_hands_red
  5 18.899311 53.113579 1.747927 -0.712845 0.356140 -0.604165 -0.594398 0.014781 1 5 1.000000
  5 19.487400 50.956787 1.560249 -0.890407 -0.141325 -0.432669 -0.606533 0.106384 1 5 1.000000
  5 19.111900 50.938488 2.155369 -0.698157 -0.198765 -0.687800 -0.584994 0.104349 1 5 1.000000
pyro_hands_red
  5 18.171249 52.932640 2.273300 -0.542554 0.341225 -0.767594 -0.567177 0.017777 1 5 1.000000
  5 18.899311 53.113579 1.747927 -0.712845 0.356140 -0.604165 -0.594398 0.014781 1 5 1.000000
  5 19.111900 50.938488 2.155369 -0.698157 -0.198765 -0.687800 -0.584994 0.104349 1 5 1.000000
pyro_hands_red
  5 18.171249 52.932640 2.273300 -0.542554 0.341225 -0.767594 -0.567177 0.017777 1 5 1.000000
  5 19.111900 50.938488 2.155369 -0.698157 -0.198765 -0.687800 -0.584994 0.104349 1 5 1.000000
  5 18.571901 50.826794 2.608449 -0.426713 -0.235606 -0.873159 -0.563436 0.102291 1 5 1.000000
pyro_hands_red
  5 17.182102 52.553391 2.661834 -0.379828 0.363082 -0.850824 -0.534442 0.025249 1 5 1.000000
  5 18.171249 52.932640 2.273300 -0.542554 0.341225 -0.767594 -0.567177 0.017777 1 5 1.000000
  5 18.571901 50.826794 2.608449 -0.426713 -0.235606 -0.873159 -0.563436 0.102291 1 5 1.000000
pyro_hands_red
  5 17.182102 52.553391 2.661834 -0.379828 0.363082 -0.850824 -0.534442 0.025249 1 5 1.000000
  5 18.571901 50.826794 2.608449 -0.426713 -0.235606 -0.873159 -0.563436 0.102291 1 5 1.000000
  5 17.871403 50.516788 2.917069 -0.185896 -0.173079 -0.967205 -0.537224 0.105259 1 5 1.000000
pyro_hands_red
  5 16.340849 52.173458 2.805007 -0.231299 0.414139 -0.880335 -0.507736 0.032824 1 5 1.000000
  5 17.182102 52.553391 2.661834 -0.379828 0.363082 -0.850824 -0.534442 0.025249 1 5 1.000000
  5 17.871403 50.516788 2.917069 -0.185896 -0.173079 -0.967205 -0.537224 0.105259 1 5 1.000000
pyro_hands_red
  5 16.340849 52.173458 2.805007 -0.231299 0.414139 -0.880335 -0.507736 0.032824 1 5 1.000000
  5 17.871403 50.516788 2.917069 -0.185896 -0.173079 -0.967205 -0.537224 0.105259 1 5 1.000000
  5 17.137001 50.202480 2.979949 0.022534 -0.078924 -0.996626 -0.512533 0.105425 1 5 1.000000
pyro_hands_red
  5 15.501801 51.710358 2.752117 -0.113150 0.481017 -0.869379 -0.480887 0.042612 1 5 1.000000
  5 16.340849 52.173458 2.805007 -0.231299 0.414139 -0.880335 -0.507736 0.032824 1 5 1.000000
  5 17.137001 50.202480 2.979949 0.022534 -0.078924 -0.996626 -0.512533 0.105425 1 5 1.000000
pyro_hands_red
  5 15.501801 51.710358 2.752117 -0.113150 0.481017 -0.869379 -0.480887 0.042612 1 5 1.000000
  5 17.137001 50.202480 2.979949 0.022534 -0.078924 -0.996626 -0.512533 0.105425 1 5 1.000000
  5 16.476501 49.793282 2.879569 0.182398 0.039735 -0.982422 -0.488284 0.110289 1 5 1.000000
pyro_hands_red
  7 17.390898 43.630383 2.430695 -0.870935 -0.432738 -0.232831 -0.188000 0.561790 2 7 0.500000 28 0.500000
  7 18.221998 42.363480 2.968885 -0.593652 -0.757027 -0.272923 -0.187990 0.633666 2 7 0.655800 28 0.344200
  28 17.455696 42.710884 3.325264 -0.713548 -0.586519 -0.383204 -0.158290 0.608086 2 28 0.750000 7 0.250000
pyro_hands_red
  28 17.042498 43.056984 3.830225 -0.930812 -0.269150 -0.247279 -0.131237 0.594229 2 28 0.750000 7 0.250000
  7 17.390898 43.630383 2.430695 -0.870935 -0.432738 -0.232831 -0.188000 0.561790 2 7 0.500000 28 0.500000
  28 17.455696 42.710884 3.325264 -0.713548 -0.586519 -0.383204 -0.158290 0.608086 2 28 0.750000 7 0.250000
pyro_hands_red
  28 17.042498 43.056984 3.830225 -0.930812 -0.269150 -0.247279 -0.131237 0.594229 2 28 0.750000 7 0.250000
  28 17.455696 42.710884 3.325264 -0.713548 -0.586519 -0.383204 -0.158290 0.608086 2 28 0.750000 7 0.250000
  28 17.727694 42.054489 4.077093 -0.494166 -0.787678 -0.367916 -0.135662 0.645041 2 28 0.500000 30 0.500000
pyro_hands_red
  28 17.042498 43.056984 3.830225 -0.930812 -0.269150 -0.247279 -0.131237 0.594229 2 28 0.750000 7 0.250000
  28 17.727694 42.054489 4.077093 -0.494166 -0.787678 -0.367916 -0.135662 0.645041 2 28 0.500000 30 0.500000
  28 17.164099 42.348087 4.487763 -0.848861 -0.477704 -0.226350 -0.110369 0.627637 2 28 0.500002 30 0.499998
pyro_hands_red
  30 17.884295 41.755386 4.586414 -0.305207 -0.898502 -0.315502 -0.119367 0.664447 2 30 0.500001 28 0.499999
  28 17.164099 42.348087 4.487763 -0.848861 -0.477704 -0.226350 -0.110369 0.627637 2 28 0.500002 30 0.499998
  28 17.727694 42.054489 4.077093 -0.494166 -0.787678 -0.367916 -0.135662 0.645041 2 28 0.500000 30 0.500000
pyro_hands_red
  7 18.581802 41.862293 3.825584 -0.368398 -0.896117 -0.247502 -0.162986 0.672660 3 7 0.400000 28 0.312660 30 0.287340
  30 17.884295 41.755386 4.586414 -0.305207 -0.898502 -0.315502 -0.119367 0.664447 2 30 0.500001 28 0.499999
  28 17.727694 42.054489 4.077093 -0.494166 -0.787678 -0.367916 -0.135662 0.645041 2 28 0.500000 30 0.500000
pyro_hands_red
  7 18.581802 41.862293 3.825584 -0.368398 -0.896117 -0.247502 -0.162986 0.672660 3 7 0.400000 28 0.312660 30 0.287340
  30 18.766003 41.669487 4.529564 -0.102669 -0.989598 -0.100769 -0.139535 0.695719 2 30 0.600000 7 0.400000
  30 17.884295 41.755386 4.586414 -0.305207 -0.898502 -0.315502 -0.119367 0.664447 2 30 0.500001 28 0.499999
pyro_hands_red
  7 19.303406 41.559887 3.647846 -0.642170 -0.766530 0.007000 -0.185129 0.700037 2 7 0.938200 28 0.061800
  30 18.766003 41.669487 4.529564 -0.102669 -0.989598 -0.100769 -0.139535 0.695719 2 30 0.600000 7 0.400000
  7 18.581802 41.862293 3.825584 -0.368398 -0.896117 -0.247502 -0.162986 0.672660 3 7 0.400000 28 0.312660 30 0.287340
pyro_hands_red
  7 19.303406 41.559887 3.647846 -0.642170 -0.766530 0.007000 -0.185129 0.700037 2 7 0.938200 28 0.061800
  7 19.432507 41.540489 4.517875 -0.464001 -0.869178 0.170974 -0.152768 0.722096 2 7 0.806500 28 0.193500
  30 18.766003 41.669487 4.529564 -0.102669 -0.989598 -0.100769 -0.139535 0.695719 2 30 0.600000 7 0.400000
pyro_hands_red
  40 19.565199 41.186073 3.623615 -0.841074 -0.516143 0.161838 -0.195000 0.717281 1 40 1.000000
  7 19.432507 41.540489 4.517875 -0.464001 -0.869178 0.170974 -0.152768 0.722096 2 7 0.806500 28 0.193500
  7 19.303406 41.559887 3.647846 -0.642170 -0.766530 0.007000 -0.185129 0.700037 2 7 0.938200 28 0.061800
pyro_hands_red
  40 19.565199 41.186073 3.623615 -0.841074 -0.516143 0.161838 -0.195000 0.717281 1 40 1.000000
  34 19.701393 41.289776 4.596704 -0.798885 -0.534316 0.276205 -0.158784 0.737620 1 34 1.000000
  7 19.432507 41.540489 4.517875 -0.464001 -0.869178 0.170974 -0.152768 0.722096 2 7 0.806500 28 0.193500
pyro_hands_red
  40 19.842997 40.684078 3.631215 -0.903792 -0.393188 0.169007 -0.206315 0.738244 1 40 1.000000
  34 19.701393 41.289776 4.596704 -0.798885 -0.534316 0.276205 -0.158784 0.737620 1 34 1.000000
  40 19.565199 41.186073 3.623615 -0.841074 -0.516143 0.161838 -0.195000 0.717281 1 40 1.000000
pyro_hands_red
  40 19.842997 40.684078 3.631215 -0.903792 -0.393188 0.169007 -0.206315 0.738244 1 40 1.000000
  34 19.967390 40.873383 4.744804 -0.914615 -0.322540 0.243820 -0.165275 0.758033 1 34 1.000000
  34 19.701393 41.289776 4.596704 -0.798885 -0.534316 0.276205 -0.158784 0.737620 1 34 1.000000
pyro_hands_red
  40 20.134697 40.333878 4.446986 -0.804258 -0.469303 0.364587 -0.189461 0.770382 1 40 1.000000
  34 19.967390 40.873383 4.744804 -0.914615 -0.322540 0.243820 -0.165275 0.758033 1 34 1.000000
  40 19.842997 40.684078 3.631215 -0.903792 -0.393188 0.169007 -0.206315 0.738244 1 40 1.000000
pyro_hands_red
  40 20.134697 40.333878 4.446986 -0.804258 -0.469303 0.364587 -0.189461 0.770382 1 40 1.000000
  40 19.842997 40.684078 3.631215 -0.903792 -0.393188 0.169007 -0.206315 0.738244 1 40 1.000000
  40 19.905893 40.241577 3.659986 -0.965365 -0.224705 0.132584 -0.214180 0.754024 1 40 1.000000
pyro_hands_red
  40 20.012295 39.450977 3.806546 -0.980258 -0.152002 0.126449 -0.222039 0.777090 1 40 1.000000
  40 20.134697 40.333878 4.446986 -0.804258 -0.469303 0.364587 -0.189461 0.770382 1 40 1.000000
  40 19.905893 40.241577 3.659986 -0.965365 -0.224705 0.132584 -0.214180 0.754024 1 40 1.000000
pyro_hands_red
  40 20.095594 39.328377 3.138965 -0.795259 -0.255989 -0.549575 -0.240510 0.771284 1 40 1.000000
  40 20.012295 39.450977 3.806546 -0.980258 -0.152002 0.126449 -0.222039 0.777090 1 40 1.000000
  40 19.905893 40.241577 3.659986 -0.965365 -0.224705 0.132584 -0.214180 0.754024 1 40 1.000000
pyro_hands_red
  7 18.221998 42.363480 2.968885 -0.593652 -0.757027 -0.272923 -0.187990 0.633666 2 7 0.655800 28 0.344200
  28 17.727694 42.054489 4.077093 -0.494166 -0.787678 -0.367916 -0.135662 0.645041 2 28 0.500000 30 0.500000
  28 17.455696 42.710884 3.325264 -0.713548 -0.586519 -0.383204 -0.158290 0.608086 2 28 0.750000 7 0.250000
pyro_hands_red
  7 18.221998 42.363480 2.968885 -0.593652 -0.757027 -0.272923 -0.187990 0.633666 2 7 0.655800 28 0.344200
  7 18.581802 41.862293 3.825584 -0.368398 -0.896117 -0.247502 -0.162986 0.672660 3 7 0.400000 28 0.312660 30 0.287340
  28 17.727694 42.054489 4.077093 -0.494166 -0.787678 -0.367916 -0.135662 0.645041 2 28 0.500000 30 0.500000
pyro_hands_red
  7 18.581802 41.862293 3.825584 -0.368398 -0.896117 -0.247502 -0.162986 0.672660 3 7 0.400000 28 0.312660 30 0.287340
  7 18.221998 42.363480 2.968885 -0.593652 -0.757027 -0.272923 -0.187990 0.633666 2 7 0.655800 28 0.344200
  7 19.140257 41.724701 2.835034 -0.771531 -0.636189 -0.002051 -0.213398 0.675883 1 7 1.000000
pyro_hands_red
  7 18.581802 41.862293 3.825584 -0.368398 -0.896117 -0.247502 -0.162986 0.672660 3 7 0.400000 28 0.312660 30 0.287340
  7 19.140257 41.724701 2.835034 -0.771531 -0.636189 -0.002051 -0.213398 0.675883 1 7 1.000000
  7 19.303406 41.559887 3.647846 -0.642170 -0.766530 0.007000 -0.185129 0.700037 2 7 0.938200 28 0.061800
pyro_hands_red
  7 19.303406 41.559887 3.647846 -0.642170 -0.766530 0.007000 -0.185129 0.700037 2 7 0.938200 28 0.061800
  7 19.140257 41.724701 2.835034 -0.771531 -0.636189 -0.002051 -0.213398 0.675883 1 7 1.000000
  40 19.410297 41.156078 2.827735 -0.878878 -0.448540 0.162432 -0.225156 0.700685 1 40 1.000000
pyro_hands_red
  7 19.303406 41.559887 3.647846 -0.642170 -0.766530 0.007000 -0.185129 0.700037 2 7 0.938200 28 0.061800
  40 19.410297 41.156078 2.827735 -0.878878 -0.448540 0.162432 -0.225156 0.700685 1 40 1.000000
  40 19.565199 41.186073 3.623615 -0.841074 -0.516143 0.161838 -0.195000 0.717281 1 40 1.000000
pyro_hands_red
  40 19.718496 40.556175 2.874626 -0.870517 -0.472606 0.137272 -0.235126 0.727981 1 40 1.000000
  40 19.565199 41.186073 3.623615 -0.841074 -0.516143 0.161838 -0.195000 0.717281 1 40 1.000000
  40 19.410297 41.156078 2.827735 -0.878878 -0.448540 0.162432 -0.225156 0.700685 1 40 1.000000
pyro_hands_red
  40 19.718496 40.556175 2.874626 -0.870517 -0.472606 0.137272 -0.235126 0.727981 1 40 1.000000
  40 19.842997 40.684078 3.631215 -0.903792 -0.393188 0.169007 -0.206315 0.738244 1 40 1.000000
  40 19.565199 41.186073 3.623615 -0.841074 -0.516143 0.161838 -0.195000 0.717281 1 40 1.000000
pyro_hands_red
  40 19.718496 40.556175 2.874626 -0.870517 -0.472606 0.137272 -0.235126 0.727981 1 40 1.000000
  40 19.905893 40.241577 3.659986 -0.965365 -0.224705 0.132584 -0.214180 0.754024 1 40 1.000000
  40 19.842997 40.684078 3.631215 -0.903792 -0.393188 0.169007 -0.206315 0.738244 1 40 1.000000
pyro_hands_red
  5 14.676914 51.281471 2.804829 -0.480007 -0.047435 0.875981 -0.129303 0.243241 1 5 1.000000
  5 14.670744 51.300900 2.801405 -0.631171 0.540370 0.556439 -0.129180 0.242767 1 5 1.000000
  5 13.884862 50.783852 2.039561 -0.884284 0.333698 0.326629 -0.162572 0.239496 1 5 1.000000
pyro_hands_red
  5 14.676914 51.281471 2.804829 -0.480007 -0.047435 0.875981 -0.129303 0.243241 1 5 1.000000
  5 13.884862 50.783852 2.039561 -0.884284 0.333698 0.326629 -0.162572 0.239496 1 5 1.000000
  5 13.894675 50.766148 2.042700 -0.775305 -0.316189 0.546742 -0.162654 0.240035 1 5 1.000000
pyro_hands_red
  5 15.304496 49.871326 3.032150 -0.540399 -0.101204 0.835300 -0.137648 0.278746 1 5 1.000000
  5 14.676914 51.281471 2.804829 -0.480007 -0.047435 0.875981 -0.129303 0.243241 1 5 1.000000
  5 13.894675 50.766148 2.042700 -0.775305 -0.316189 0.546742 -0.162654 0.240035 1 5 1.000000
pyro_hands_red
  5 15.304496 49.871326 3.032150 -0.540399 -0.101204 0.835300 -0.137648 0.278746 1 5 1.000000
  5 13.894675 50.766148 2.042700 -0.775305 -0.316189 0.546742 -0.162654 0.240035 1 5 1.000000
  5 14.642737 49.353836 2.241668 -0.792479 -0.336861 0.508431 -0.169237 0.278075 1 5 1.000000
pyro_hands_red
  5 14.642737 49.353836 2.241668 -0.792479 -0.336861 0.508431 -0.169237 0.278075 1 5 1.000000
  5 13.894675 50.766148 2.042700 -0.775305 -0.316189 0.546742 -0.162654 0.240035 1 5 1.000000
  5 13.657291 50.446953 0.959423 -0.861438 -0.475992 0.177079 -0.195202 0.237114 1 5 1.000000
pyro_hands_red
  5 14.642737 49.353836 2.241668 -0.792479 -0.336861 0.508431 -0.169237 0.278075 1 5 1.000000
  5 13.657291 50.446953 0.959423 -0.861438 -0.475992 0.177079 -0.195202 0.237114 1 5 1.000000
  5 14.507277 48.969269 1.231931 -0.861438 -0.475992 0.177079 -0.200056 0.278399 1 5 1.000000
pyro_hands_red
  5 14.507277 48.969269 1.231931 -0.861438 -0.475992 0.177079 -0.200056 0.278399 1 5 1.000000
  5 13.657291 50.446953 0.959423 -0.861438 -0.475992 0.177079 -0.195202 0.237114 1 5 1.000000
  5 13.668233 50.187103 -0.274620 -0.853049 -0.521107 0.027469 -0.231311 0.234790 1 5 1.000000
pyro_hands_red
  5 14.507277 48.969269 1.231931 -0.861438 -0.475992 0.177079 -0.200056 0.278399 1 5 1.000000
  5 13.668233 50.187103 -0.274620 -0.853049 -0.521107 0.027469 -0.231311 0.234790 1 5 1.000000
  5 14.587477 48.663788 0.132339 -0.853049 -0.521107 0.027469 -0.232902 0.278682 1 5 1.000000
pyro_hands_red
  5 14.782189 48.518990 -0.864767 -0.813612 -0.561244 -0.151788 -0.262340 0.277216 1 5 1.000000
  5 14.587477 48.663788 0.132339 -0.853049 -0.521107 0.027469 -0.232902 0.278682 1 5 1.000000
  5 13.668233 50.187103 -0.274620 -0.853049 -0.521107 0.027469 -0.231311 0.234790 1 5 1.000000
pyro_hands_red
  5 14.782189 48.518990 -0.864767 -0.813612 -0.561244 -0.151788 -0.262340 0.277216 1 5 1.000000
  5 13.668233 50.187103 -0.274620 -0.853049 -0.521107 0.027469 -0.231311 0.234790 1 5 1.000000
  5 13.819362 50.066147 -1.313543 -0.813612 -0.561244 -0.151788 -0.261600 0.232215 1 5 1.000000
pyro_hands_red
  5 13.819362 50.066147 -1.313543 -0.813612 -0.561244 -0.151788 -0.261600 0.232215 1 5 1.000000
  5 15.033701 48.501427 -1.629766 -0.713547 -0.586519 -0.383204 -0.285215 0.275073 1 5 1.000000
  5 14.782189 48.518990 -0.864767 -0.813612 -0.561244 -0.151788 -0.262340 0.277216 1 5 1.000000
pyro_hands_red
  5 13.819362 50.066147 -1.313543 -0.813612 -0.561244 -0.151788 -0.261600 0.232215 1 5 1.000000
  5 14.071015 50.054455 -2.126422 -0.713547 -0.586519 -0.383204 -0.285950 0.229688 1 5 1.000000
  5 15.033701 48.501427 -1.629766 -0.713547 -0.586519 -0.383204 -0.285215 0.275073 1 5 1.000000
pyro_hands_red
  5 14.071015 50.054455 -2.126422 -0.713547 -0.586519 -0.383204 -0.285950 0.229688 1 5 1.000000
  5 15.517036 48.622898 -2.415274 -0.513555 -0.551894 -0.657019 -0.311724 0.272155 1 5 1.000000
  5 15.033701 48.501427 -1.629766 -0.713547 -0.586519 -0.383204 -0.285215 0.275073 1 5 1.000000
pyro_hands_red
  5 14.071015 50.054455 -2.126422 -0.713547 -0.586519 -0.383204 -0.285950 0.229688 1 5 1.000000
  5 14.624363 50.205612 -3.036489 -0.513555 -0.551894 -0.657019 -0.316908 0.226145 1 5 1.000000
  5 15.517036 48.622898 -2.415274 -0.513555 -0.551894 -0.657019 -0.311724 0.272155 1 5 1.000000
pyro_hands_red
  5 14.624363 50.205612 -3.036489 -0.513555 -0.551894 -0.657019 -0.316908 0.226145 1 5 1.000000
  5 16.678749 48.995346 -3.164394 -0.147661 -0.485372 -0.861748 -0.352867 0.271990 1 5 1.000000
  5 15.517036 48.622898 -2.415274 -0.513555 -0.551894 -0.657019 -0.311724 0.272155 1 5 1.000000
pyro_hands_red
  5 14.624363 50.205612 -3.036489 -0.513555 -0.551894 -0.657019 -0.316908 0.226145 1 5 1.000000
  5 16.022289 50.686657 -3.954739 -0.147661 -0.485372 -0.861748 -0.367317 0.225741 1 5 1.000000
  5 16.678749 48.995346 -3.164394 -0.147661 -0.485372 -0.861748 -0.352867 0.271990 1 5 1.000000
pyro_hands_red
  5 16.022289 50.686657 -3.954739 -0.147661 -0.485372 -0.861748 -0.367317 0.225741 1 5 1.000000
  5 14.624363 50.205612 -3.036489 -0.513555 -0.551894 -0.657019 -0.316908 0.226145 1 5 1.000000
  5 14.617911 50.222164 -3.045258 -0.732165 0.122528 -0.670016 -0.317017 0.225636 1 5 1.000000
pyro_hands_red
  5 16.022289 50.686657 -3.954739 -0.147661 -0.485372 -0.861748 -0.367317 0.225741 1 5 1.000000
  5 14.617911 50.222164 -3.045258 -0.732165 0.122528 -0.670016 -0.317017 0.225636 1 5 1.000000
  5 16.020042 50.705795 -3.966475 -0.394483 0.135736 -0.908823 -0.367888 0.225144 1 5 1.000000
pyro_hands_red
  5 14.624363 50.205612 -3.036489 -0.513555 -0.551894 -0.657019 -0.316908 0.226145 1 5 1.000000
  5 14.062627 50.069916 -2.133327 -0.908395 0.117296 -0.401322 -0.286008 0.229201 1 5 1.000000
  5 14.617911 50.222164 -3.045258 -0.732165 0.122528 -0.670016 -0.317017 0.225636 1 5 1.000000
pyro_hands_red
  5 14.624363 50.205612 -3.036489 -0.513555 -0.551894 -0.657019 -0.316908 0.226145 1 5 1.000000
  5 14.071015 50.054455 -2.126422 -0.713547 -0.586519 -0.383204 -0.285950 0.229688 1 5 1.000000
  5 14.062627 50.069916 -2.133327 -0.908395 0.117296 -0.401322 -0.286008 0.229201 1 5 1.000000
pyro_hands_red
  5 14.071015 50.054455 -2.126422 -0.713547 -0.586519 -0.383204 -0.285950 0.229688 1 5 1.000000
  5 13.809138 50.082043 -1.318889 -0.968804 0.099431 -0.227008 -0.261612 0.231712 1 5 1.000000
  5 14.062627 50.069916 -2.133327 -0.908395 0.117296 -0.401322 -0.286008 0.229201 1 5 1.000000
pyro_hands_red
  5 14.071015 50.054455 -2.126422 -0.713547 -0.586519 -0.383204 -0.285950 0.229688 1 5 1.000000
  5 13.819362 50.066147 -1.313543 -0.813612 -0.561244 -0.151788 -0.261600 0.232215 1 5 1.000000
  5 13.809138 50.082043 -1.318889 -0.968804 0.099431 -0.227008 -0.261612 0.231712 1 5 1.000000
pyro_hands_red
  5 13.819362 50.066147 -1.313543 -0.813612 -0.561244 -0.151788 -0.261600 0.232215 1 5 1.000000
  5 13.656722 50.203136 -0.278894 -0.991285 0.093754 -0.092546 -0.231261 0.234291 1 5 1.000000
  5 13.809138 50.082043 -1.318889 -0.968804 0.099431 -0.227008 -0.261612 0.231712 1 5 1.000000
pyro_hands_red
  5 13.819362 50.066147 -1.313543 -0.813612 -0.561244 -0.151788 -0.261600 0.232215 1 5 1.000000
  5 13.668233 50.187103 -0.274620 -0.853049 -0.521107 0.027469 -0.231311 0.234790 1 5 1.000000
  5 13.656722 50.203136 -0.278894 -0.991285 0.093754 -0.092546 -0.231261 0.234291 1 5 1.000000
pyro_hands_red
  5 13.668233 50.187103 -0.274620 -0.853049 -0.521107 0.027469 -0.231311 0.234790 1 5 1.000000
  5 13.645981 50.464252 0.955755 -0.980803 0.174683 0.086672 -0.195166 0.236620 1 5 1.000000
  5 13.656722 50.203136 -0.278894 -0.991285 0.093754 -0.092546 -0.231261 0.234291 1 5 1.000000
pyro_hands_red
  5 13.668233 50.187103 -0.274620 -0.853049 -0.521107 0.027469 -0.231311 0.234790 1 5 1.000000
  5 13.657291 50.446953 0.959423 -0.861438 -0.475992 0.177079 -0.195202 0.237114 1 5 1.000000
  5 13.645981 50.464252 0.955755 -0.980803 0.174683 0.086672 -0.195166 0.236620 1 5 1.000000
pyro_hands_red
  5 13.657291 50.446953 0.959423 -0.861438 -0.475992 0.177079 -0.195202 0.237114 1 5 1.000000
  5 13.884862 50.783852 2.039561 -0.884284 0.333698 0.326629 -0.162572 0.239496 1 5 1.000000
  5 13.645981 50.464252 0.955755 -0.980803 0.174683 0.086672 -0.195166 0.236620 1 5 1.000000
pyro_hands_red
  5 13.657291 50.446953 0.959423 -0.861438 -0.475992 0.177079 -0.195202 0.237114 1 5 1.000000
  5 13.894675 50.766148 2.042700 -0.775305 -0.316189 0.546742 -0.162654 0.240035 1 5 1.000000
  5 13.884862 50.783852 2.039561 -0.884284 0.333698 0.326629 -0.162572 0.239496 1 5 1.000000
end
