// Created by Crowbar 0.68
version 1
nodes
  0 "root" -1
  1 "bip_collar_L" 0
  2 "bip_collar_R" 0
  3 "bip_upperArm_L" 1
  4 "bip_upperArm_R" 2
  5 "bip_lowerArm_L" 3
  6 "bip_lowerArm_R" 4
  7 "bip_hand_L" 5
  8 "bip_hand_R" 6
  9 "effect_hand_L" 7
  10 "effect_hand_R" 8
  11 "vm_weapon_bone" 8
  12 "vm_weapon_bone_1" 8
  13 "vm_weapon_bone_2" 8
  14 "vm_weapon_bone_3" 8
  15 "vm_weapon_bone_4" 8
  16 "vm_weapon_bone_5" 8
  17 "vm_weapon_bone_6" 8
  18 "vm_weapon_bone_7" 8
  19 "vm_weapon_bone_L" 7
  20 "vm_weapon_bone_L_1" 7
  21 "vm_weapon_bone_L_2" 7
  22 "weapon_bone" 8
  23 "weapon_bone_1" 8
  24 "weapon_bone_2" 8
  25 "weapon_bone_3" 8
  26 "weapon_bone_4" 8
  27 "weapon_bone_L" 7
  28 "bip_thumb_0_L" 7
  29 "bip_thumb_0_R" 8
  30 "bip_thumb_1_L" 28
  31 "bip_thumb_1_R" 29
  32 "bip_thumb_2_L" 30
  33 "bip_thumb_2_R" 31
  34 "bip_index_0_L" 7
  35 "bip_index_0_R" 8
  36 "bip_index_1_L" 34
  37 "bip_index_1_R" 35
  38 "bip_index_2_L" 36
  39 "bip_index_2_R" 37
  40 "bip_middle_0_L" 7
  41 "bip_middle_0_R" 8
  42 "bip_middle_1_L" 40
  43 "bip_middle_1_R" 41
  44 "bip_middle_2_L" 42
  45 "bip_middle_2_R" 43
  46 "bip_ring_0_L" 7
  47 "bip_ring_0_R" 8
  48 "bip_ring_1_L" 46
  49 "bip_ring_1_R" 47
  50 "bip_ring_2_L" 48
  51 "bip_ring_2_R" 49
  52 "bip_pinky_0_L" 7
  53 "bip_pinky_0_R" 8
  54 "bip_pinky_1_L" 52
  55 "bip_pinky_1_R" 53
  56 "bip_pinky_2_L" 54
  57 "bip_pinky_2_R" 55
end
skeleton
  time 0
    0 0.000000 70.574600 1.210840 0.000000 0.000000 0.000000
    1 1.305631 0.000000 0.654511 0.498109 0.064955 1.290696
    2 -1.305630 0.000000 0.654510 -2.643484 -0.064955 -1.290696
    3 -0.000015 -8.747574 0.000000 -0.279509 -0.330711 -0.821869
    4 -0.000015 8.747572 0.000000 -0.279510 -0.330711 -0.821869
    5 0.000004 -12.789986 -0.000001 -0.312765 0.000000 0.000000
    6 0.000031 12.789986 0.000000 -0.312765 0.000000 0.000000
    7 0.000000 -11.535656 -0.000005 0.000000 0.000000 0.000000
    8 -0.000019 11.535679 0.000011 0.000000 0.000000 0.000000
    9 -1.973114 -3.060043 -0.496675 0.082356 -0.062431 2.920741
    10 1.973125 3.060036 0.496675 -0.082354 0.062439 -0.220853
    11 2.988033 5.244392 0.161969 -1.252075 0.047682 -0.423161
    12 3.320210 5.952023 0.419589 -1.252075 0.047682 -0.423161
    13 3.786766 6.945927 0.781427 -1.252075 0.047682 -0.423161
    14 4.215763 7.859806 1.114133 -1.252075 0.047682 -0.423161
    15 4.801836 9.108303 1.568659 -1.252075 0.047682 -0.423161
    16 5.491838 10.578205 2.103789 -1.252075 0.047682 -0.423161
    17 6.138348 11.955448 2.605187 -1.252075 0.047682 -0.423161
    18 6.642494 13.029421 2.996177 -1.252075 0.047682 -0.423161
    19 -4.215206 -4.691710 -0.097744 1.889518 0.047682 -0.423161
    20 -4.829796 -6.000950 -0.574386 1.889518 0.047682 -0.423161
    21 -5.357635 -7.125397 -0.983751 1.889518 0.047682 -0.423161
    22 2.227039 5.587126 0.201796 -1.252075 0.047682 -0.423161
    23 2.227039 5.587126 0.201796 -1.252075 0.047682 -0.423161
    24 2.227039 5.587126 0.201796 -1.252075 0.047682 -0.423161
    25 2.227039 5.587126 0.201796 -1.252075 0.047682 -0.423161
    26 2.227039 5.587126 0.201796 -1.252075 0.047682 -0.423161
    27 -2.227024 -5.587128 -0.201794 1.889518 0.047682 -0.423161
    28 -1.533504 -2.157135 2.270475 -0.195815 0.068457 -0.467592
    29 1.533531 2.157104 -2.270484 -0.195815 0.068457 -0.467592
    30 0.000003 -2.788845 0.000000 0.036810 0.000000 0.000000
    31 -0.000025 2.788849 -0.000006 0.036809 0.000000 0.000000
    32 -0.000003 -1.626434 0.000002 -0.306075 0.000000 0.000000
    33 -0.000021 1.626461 0.000015 -0.306075 0.000000 0.000000
    34 -0.224178 -6.146786 2.425699 1.548564 1.409217 1.120112
    35 0.224171 6.146811 -2.425689 1.548564 1.409218 1.120113
    36 -0.000002 -2.470013 0.000004 0.742416 0.000000 0.000000
    37 0.000023 2.469940 0.000065 0.742417 0.000000 0.000000
    38 0.000001 -1.775543 0.000000 -0.033990 0.000000 0.000000
    39 -0.000003 1.775558 -0.000022 -0.033990 0.000000 0.000000
    40 -0.335812 -5.901419 0.441528 2.100668 1.382335 1.766289
    41 0.335846 5.901382 -0.441533 2.100669 1.382335 1.766291
    42 0.000001 -2.973972 0.000000 0.922890 0.000000 0.000000
    43 0.000002 2.974030 -0.000013 0.922891 0.000000 0.000000
    44 -0.000004 -2.194397 -0.000001 0.230223 0.000000 0.000000
    45 0.000010 2.194370 0.000061 0.230221 0.000000 0.000000
    46 -0.681835 -5.259802 -1.236480 2.261887 1.309134 1.986278
    47 0.681850 5.259848 1.236489 2.261887 1.309134 1.986278
    48 -0.000001 -2.601486 0.000002 0.923005 0.000000 0.000000
    49 0.000008 2.601433 -0.000053 0.923006 0.000000 0.000000
    50 0.000001 -1.651787 0.000004 0.068782 0.000000 0.000000
    51 -0.000015 1.651848 -0.000021 0.068781 0.000000 0.000000
    52 -0.761402 -4.822300 -2.782144 2.391388 1.155843 1.980822
    53 0.761452 4.822269 2.782139 2.391387 1.155843 1.980821
    54 -0.000001 -2.219696 0.000006 0.839391 0.000000 0.000000
    55 0.000008 2.219704 -0.000032 0.839391 0.000000 0.000000
    56 0.000000 -1.372696 0.000000 -0.013618 0.000000 0.000000
    57 0.000003 1.372696 -0.000017 -0.013618 0.000000 0.000000
end
triangles
pyro_hands_red
  31 -17.001188 41.820881 6.178345 0.988681 0.143281 0.044510 0.941921 0.647937 2 31 0.774000 33 0.226000
  31 -16.936590 41.500389 6.400354 0.980803 0.174680 0.086673 0.944722 0.653114 2 31 0.582700 33 0.417300
  31 -17.121891 41.124886 5.872416 0.740714 -0.303165 -0.599528 0.931088 0.665479 2 31 0.593000 33 0.407000
pyro_hands_red
  31 -17.819889 40.940983 5.641645 0.042993 -0.536226 -0.842979 0.917242 0.682656 2 31 0.615600 33 0.384400
  31 -17.181688 41.441784 5.663974 0.740714 -0.303165 -0.599528 0.925413 0.660360 2 31 0.820500 33 0.179500
  31 -17.121891 41.124886 5.872416 0.740714 -0.303165 -0.599528 0.931088 0.665479 2 31 0.593000 33 0.407000
pyro_hands_red
  31 -17.001188 41.820881 6.178345 0.988681 0.143281 0.044510 0.941921 0.647937 2 31 0.774000 33 0.226000
  31 -17.121891 41.124886 5.872416 0.740714 -0.303165 -0.599528 0.931088 0.665479 2 31 0.593000 33 0.407000
  31 -17.181688 41.441784 5.663974 0.740714 -0.303165 -0.599528 0.925413 0.660360 2 31 0.820500 33 0.179500
pyro_hands_red
  31 -17.043289 42.129883 5.953225 0.997336 0.034590 0.064221 0.936664 0.638391 2 31 0.906900 33 0.093100
  31 -17.001188 41.820881 6.178345 0.988681 0.143281 0.044510 0.941921 0.647937 2 31 0.774000 33 0.226000
  31 -17.181688 41.441784 5.663974 0.740714 -0.303165 -0.599528 0.925413 0.660360 2 31 0.820500 33 0.179500
pyro_hands_red
  35 -20.729488 41.366787 6.074739 0.194203 0.280954 0.939867 0.882876 0.781138 1 35 1.000000
  35 -20.352488 40.858490 5.975949 0.775396 0.161578 0.610453 0.869938 0.787293 1 35 1.000000
  35 -20.253088 41.209385 5.754949 0.780153 -0.007211 0.625547 0.870934 0.773967 1 35 1.000000
pyro_hands_red
  35 -20.578989 41.813091 5.916229 0.150866 0.204293 0.967214 0.887106 0.772147 1 35 1.000000
  35 -20.729488 41.366787 6.074739 0.194203 0.280954 0.939867 0.882876 0.781138 1 35 1.000000
  35 -20.253088 41.209385 5.754949 0.780153 -0.007211 0.625547 0.870934 0.773967 1 35 1.000000
pyro_hands_red
  35 -20.578989 41.813091 5.916229 0.150866 0.204293 0.967214 0.887106 0.772147 1 35 1.000000
  35 -20.253088 41.209385 5.754949 0.780153 -0.007211 0.625547 0.870934 0.773967 1 35 1.000000
  35 -20.039190 41.576294 5.610718 0.667378 -0.264682 0.696096 0.875630 0.760714 1 35 1.000000
pyro_hands_red
  8 -20.372093 42.269295 5.775014 -0.094184 0.084057 0.992000 0.895260 0.765193 3 8 0.750000 29 0.187500 35 0.062500
  35 -20.578989 41.813091 5.916229 0.150866 0.204293 0.967214 0.887106 0.772147 1 35 1.000000
  35 -20.039190 41.576294 5.610718 0.667378 -0.264682 0.696096 0.875630 0.760714 1 35 1.000000
pyro_hands_red
  8 -20.372093 42.269295 5.775014 -0.094184 0.084057 0.992000 0.895260 0.765193 3 8 0.750000 29 0.187500 35 0.062500
  35 -20.039190 41.576294 5.610718 0.667378 -0.264682 0.696096 0.875630 0.760714 1 35 1.000000
  29 -19.746593 41.884495 5.590403 0.087782 -0.647874 0.756673 0.883790 0.749165 3 29 0.637500 35 0.212500 8 0.150000
pyro_hands_red
  29 -19.746593 41.884495 5.590403 0.087782 -0.647874 0.756673 0.883790 0.749165 3 29 0.637500 35 0.212500 8 0.150000
  8 -20.128691 42.490486 5.829614 -0.232706 -0.174074 0.956842 0.900816 0.761304 3 8 0.500000 29 0.406250 35 0.093750
  8 -20.372093 42.269295 5.775014 -0.094184 0.084057 0.992000 0.895260 0.765193 3 8 0.750000 29 0.187500 35 0.062500
pyro_hands_red
  29 -19.613693 42.279495 5.918855 -0.354603 -0.399298 0.845469 0.899104 0.750068 2 29 0.700000 8 0.300000
  8 -20.128691 42.490486 5.829614 -0.232706 -0.174074 0.956842 0.900816 0.761304 3 8 0.500000 29 0.406250 35 0.093750
  29 -19.746593 41.884495 5.590403 0.087782 -0.647874 0.756673 0.883790 0.749165 3 29 0.637500 35 0.212500 8 0.150000
pyro_hands_red
  31 -19.070988 41.965286 6.030785 -0.659156 -0.429656 0.617178 0.898656 0.727106 2 31 0.750000 29 0.250000
  29 -19.613693 42.279495 5.918855 -0.354603 -0.399298 0.845469 0.899104 0.750068 2 29 0.700000 8 0.300000
  29 -19.746593 41.884495 5.590403 0.087782 -0.647874 0.756673 0.883790 0.749165 3 29 0.637500 35 0.212500 8 0.150000
pyro_hands_red
  31 -19.070988 41.965286 6.030785 -0.659156 -0.429656 0.617178 0.898656 0.727106 2 31 0.750000 29 0.250000
  29 -19.746593 41.884495 5.590403 0.087782 -0.647874 0.756673 0.883790 0.749165 3 29 0.637500 35 0.212500 8 0.150000
  31 -18.903889 41.670883 5.493085 -0.349775 -0.936830 0.002556 0.885172 0.713310 2 31 0.758100 33 0.241900
pyro_hands_red
  31 -18.875389 41.698685 6.175303 -0.931495 -0.248980 0.265192 0.902466 0.722375 2 31 0.667100 33 0.332900
  31 -19.070988 41.965286 6.030785 -0.659156 -0.429656 0.617178 0.898656 0.727106 2 31 0.750000 29 0.250000
  31 -18.903889 41.670883 5.493085 -0.349775 -0.936830 0.002556 0.885172 0.713310 2 31 0.758100 33 0.241900
pyro_hands_red
  31 -18.875389 41.698685 6.175303 -0.931495 -0.248980 0.265192 0.902466 0.722375 2 31 0.667100 33 0.332900
  31 -18.903889 41.670883 5.493085 -0.349775 -0.936830 0.002556 0.885172 0.713310 2 31 0.758100 33 0.241900
  31 -18.648689 41.394180 5.713275 -0.658508 -0.603437 -0.449702 0.900271 0.707853 2 31 0.701400 33 0.298600
pyro_hands_red
  31 -18.810089 41.389992 6.334952 -0.988867 -0.106831 0.103585 0.906120 0.719198 2 31 0.559600 33 0.440400
  31 -18.875389 41.698685 6.175303 -0.931495 -0.248980 0.265192 0.902466 0.722375 2 31 0.667100 33 0.332900
  31 -18.648689 41.394180 5.713275 -0.658508 -0.603437 -0.449702 0.900271 0.707853 2 31 0.701400 33 0.298600
pyro_hands_red
  31 -18.810089 41.389992 6.334952 -0.988867 -0.106831 0.103585 0.906120 0.719198 2 31 0.559600 33 0.440400
  31 -18.648689 41.394180 5.713275 -0.658508 -0.603437 -0.449702 0.900271 0.707853 2 31 0.701400 33 0.298600
  31 -18.553190 41.068489 5.850394 -0.666777 -0.456097 -0.589393 0.908727 0.703719 2 31 0.565000 33 0.435000
pyro_hands_red
  31 -17.866291 41.233788 5.456615 0.030573 -0.598412 -0.800605 0.909710 0.679796 2 31 0.829100 33 0.170900
  31 -18.553190 41.068489 5.850394 -0.666777 -0.456097 -0.589393 0.908727 0.703719 2 31 0.565000 33 0.435000
  31 -18.648689 41.394180 5.713275 -0.658508 -0.603437 -0.449702 0.900271 0.707853 2 31 0.701400 33 0.298600
pyro_hands_red
  31 -17.866291 41.233788 5.456615 0.030573 -0.598412 -0.800605 0.909710 0.679796 2 31 0.829100 33 0.170900
  31 -17.819889 40.940983 5.641645 0.042993 -0.536226 -0.842979 0.917242 0.682656 2 31 0.615600 33 0.384400
  31 -18.553190 41.068489 5.850394 -0.666777 -0.456097 -0.589393 0.908727 0.703719 2 31 0.565000 33 0.435000
pyro_hands_red
  31 -17.819889 40.940983 5.641645 0.042993 -0.536226 -0.842979 0.917242 0.682656 2 31 0.615600 33 0.384400
  31 -17.866291 41.233788 5.456615 0.030573 -0.598412 -0.800605 0.909710 0.679796 2 31 0.829100 33 0.170900
  31 -17.181688 41.441784 5.663974 0.740714 -0.303165 -0.599528 0.925413 0.660360 2 31 0.820500 33 0.179500
pyro_hands_red
  31 -17.866291 41.233788 5.456615 0.030573 -0.598412 -0.800605 0.909710 0.679796 2 31 0.829100 33 0.170900
  31 -17.241085 41.712986 5.422993 0.770714 -0.461566 -0.439268 0.915640 0.652311 2 31 0.927500 33 0.072500
  31 -17.181688 41.441784 5.663974 0.740714 -0.303165 -0.599528 0.925413 0.660360 2 31 0.820500 33 0.179500
pyro_hands_red
  31 -17.043289 42.129883 5.953225 0.997336 0.034590 0.064221 0.936664 0.638391 2 31 0.906900 33 0.093100
  31 -17.181688 41.441784 5.663974 0.740714 -0.303165 -0.599528 0.925413 0.660360 2 31 0.820500 33 0.179500
  31 -17.241085 41.712986 5.422993 0.770714 -0.461566 -0.439268 0.915640 0.652311 2 31 0.927500 33 0.072500
pyro_hands_red
  35 -20.039190 41.576294 5.610718 0.667378 -0.264682 0.696096 0.875630 0.760714 1 35 1.000000
  35 -20.253088 41.209385 5.754949 0.780153 -0.007211 0.625547 0.870934 0.773967 1 35 1.000000
  35 -19.967386 40.873390 4.744809 0.914615 -0.322538 0.243819 0.834725 0.758033 1 35 1.000000
pyro_hands_red
  35 -20.366789 40.325790 6.151429 0.753345 0.161309 0.637534 0.867022 0.802288 1 35 1.000000
  35 -20.367094 39.814987 6.284420 0.739581 0.261113 0.620355 0.868518 0.813443 2 35 0.750000 37 0.250000
  35 -20.170090 39.709190 5.671850 0.991568 0.128360 -0.017775 0.847632 0.811433 2 35 0.750000 37 0.250000
pyro_hands_red
  35 -20.366789 40.325790 6.151429 0.753345 0.161309 0.637534 0.867022 0.802288 1 35 1.000000
  35 -20.170090 39.709190 5.671850 0.991568 0.128360 -0.017775 0.847632 0.811433 2 35 0.750000 37 0.250000
  35 -20.144886 40.142990 5.561439 0.997151 -0.051732 0.054898 0.846196 0.799001 1 35 1.000000
pyro_hands_red
  35 -20.352488 40.858490 5.975949 0.775396 0.161578 0.610453 0.869938 0.787293 1 35 1.000000
  35 -20.366789 40.325790 6.151429 0.753345 0.161309 0.637534 0.867022 0.802288 1 35 1.000000
  35 -20.144886 40.142990 5.561439 0.997151 -0.051732 0.054898 0.846196 0.799001 1 35 1.000000
pyro_hands_red
  35 -20.352488 40.858490 5.975949 0.775396 0.161578 0.610453 0.869938 0.787293 1 35 1.000000
  35 -20.144886 40.142990 5.561439 0.997151 -0.051732 0.054898 0.846196 0.799001 1 35 1.000000
  35 -20.109186 40.623287 5.362188 0.980258 -0.152002 0.126447 0.847635 0.780432 1 35 1.000000
pyro_hands_red
  35 -20.109186 40.623287 5.362188 0.980258 -0.152002 0.126447 0.847635 0.780432 1 35 1.000000
  35 -20.253088 41.209385 5.754949 0.780153 -0.007211 0.625547 0.870934 0.773967 1 35 1.000000
  35 -20.352488 40.858490 5.975949 0.775396 0.161578 0.610453 0.869938 0.787293 1 35 1.000000
pyro_hands_red
  35 -20.109186 40.623287 5.362188 0.980258 -0.152002 0.126447 0.847635 0.780432 1 35 1.000000
  35 -19.967386 40.873390 4.744809 0.914615 -0.322538 0.243819 0.834725 0.758033 1 35 1.000000
  35 -20.253088 41.209385 5.754949 0.780153 -0.007211 0.625547 0.870934 0.773967 1 35 1.000000
pyro_hands_red
  35 -20.291389 40.267590 4.708339 0.713546 -0.586521 -0.383204 0.819132 0.780514 1 35 1.000000
  35 -19.967386 40.873390 4.744809 0.914615 -0.322538 0.243819 0.834725 0.758033 1 35 1.000000
  35 -20.109186 40.623287 5.362188 0.980258 -0.152002 0.126447 0.847635 0.780432 1 35 1.000000
pyro_hands_red
  35 -20.291389 40.267590 4.708339 0.713546 -0.586521 -0.383204 0.819132 0.780514 1 35 1.000000
  41 -20.134686 40.333885 4.446992 0.804257 -0.469302 0.364590 0.810539 0.770382 1 41 1.000000
  35 -19.967386 40.873390 4.744809 0.914615 -0.322538 0.243819 0.834725 0.758033 1 35 1.000000
pyro_hands_red
  35 -20.170090 39.709190 5.671850 0.991568 0.128360 -0.017775 0.847632 0.811433 2 35 0.750000 37 0.250000
  35 -20.352489 39.853088 4.889750 0.740714 -0.303165 -0.599528 0.819301 0.796741 1 35 1.000000
  35 -20.144886 40.142990 5.561439 0.997151 -0.051732 0.054898 0.846196 0.799001 1 35 1.000000
pyro_hands_red
  35 -20.170090 39.709190 5.671850 0.991568 0.128360 -0.017775 0.847632 0.811433 2 35 0.750000 37 0.250000
  35 -20.379791 39.492088 5.039731 0.751704 -0.105893 -0.650943 0.821661 0.807437 2 35 0.750000 37 0.250000
  35 -20.352489 39.853088 4.889750 0.740714 -0.303165 -0.599528 0.819301 0.796741 1 35 1.000000
pyro_hands_red
  35 -20.144886 40.142990 5.561439 0.997151 -0.051732 0.054898 0.846196 0.799001 1 35 1.000000
  35 -20.291389 40.267590 4.708339 0.713546 -0.586521 -0.383204 0.819132 0.780514 1 35 1.000000
  35 -20.109186 40.623287 5.362188 0.980258 -0.152002 0.126447 0.847635 0.780432 1 35 1.000000
pyro_hands_red
  35 -20.144886 40.142990 5.561439 0.997151 -0.051732 0.054898 0.846196 0.799001 1 35 1.000000
  35 -20.352489 39.853088 4.889750 0.740714 -0.303165 -0.599528 0.819301 0.796741 1 35 1.000000
  35 -20.291389 40.267590 4.708339 0.713546 -0.586521 -0.383204 0.819132 0.780514 1 35 1.000000
pyro_hands_red
  35 -20.291389 40.267590 4.708339 0.713546 -0.586521 -0.383204 0.819132 0.780514 1 35 1.000000
  35 -20.352489 39.853088 4.889750 0.740714 -0.303165 -0.599528 0.819301 0.796741 1 35 1.000000
  35 -20.881847 39.770599 4.658133 0.072334 -0.367564 -0.927181 0.807636 0.795552 1 35 1.000000
pyro_hands_red
  35 -20.379791 39.492088 5.039731 0.751704 -0.105893 -0.650943 0.821661 0.807437 2 35 0.750000 37 0.250000
  35 -20.881847 39.770599 4.658133 0.072334 -0.367564 -0.927181 0.807636 0.795552 1 35 1.000000
  35 -20.352489 39.853088 4.889750 0.740714 -0.303165 -0.599528 0.819301 0.796741 1 35 1.000000
pyro_hands_red
  35 -20.379791 39.492088 5.039731 0.751704 -0.105893 -0.650943 0.821661 0.807437 2 35 0.750000 37 0.250000
  35 -20.877090 39.309689 4.838809 0.083646 -0.319707 -0.943817 0.806521 0.805785 2 35 0.750000 37 0.250000
  35 -20.881847 39.770599 4.658133 0.072334 -0.367564 -0.927181 0.807636 0.795552 1 35 1.000000
pyro_hands_red
  37 -20.762398 39.047691 4.922972 0.073715 -0.233306 -0.969605 0.805657 0.810418 2 37 0.750000 35 0.250000
  35 -20.877090 39.309689 4.838809 0.083646 -0.319707 -0.943817 0.806521 0.805785 2 35 0.750000 37 0.250000
  35 -20.379791 39.492088 5.039731 0.751704 -0.105893 -0.650943 0.821661 0.807437 2 35 0.750000 37 0.250000
pyro_hands_red
  37 -20.762398 39.047691 4.922972 0.073715 -0.233306 -0.969605 0.805657 0.810418 2 37 0.750000 35 0.250000
  35 -20.379791 39.492088 5.039731 0.751704 -0.105893 -0.650943 0.821661 0.807437 2 35 0.750000 37 0.250000
  37 -20.276897 39.246994 5.120702 0.673703 0.194186 -0.713033 0.822039 0.814211 2 37 0.750000 35 0.250000
pyro_hands_red
  37 -20.276897 39.246994 5.120702 0.673703 0.194186 -0.713033 0.822039 0.814211 2 37 0.750000 35 0.250000
  35 -20.379791 39.492088 5.039731 0.751704 -0.105893 -0.650943 0.821661 0.807437 2 35 0.750000 37 0.250000
  35 -20.170090 39.709190 5.671850 0.991568 0.128360 -0.017775 0.847632 0.811433 2 35 0.750000 37 0.250000
pyro_hands_red
  37 -20.276897 39.246994 5.120702 0.673703 0.194186 -0.713033 0.822039 0.814211 2 37 0.750000 35 0.250000
  35 -20.170090 39.709190 5.671850 0.991568 0.128360 -0.017775 0.847632 0.811433 2 35 0.750000 37 0.250000
  37 -20.087297 39.445194 5.734762 0.888063 0.449819 -0.094905 0.846755 0.818176 2 37 0.750000 35 0.250000
pyro_hands_red
  37 -20.087297 39.445194 5.734762 0.888063 0.449819 -0.094905 0.846755 0.818176 2 37 0.750000 35 0.250000
  35 -20.170090 39.709190 5.671850 0.991568 0.128360 -0.017775 0.847632 0.811433 2 35 0.750000 37 0.250000
  35 -20.367094 39.814987 6.284420 0.739581 0.261113 0.620355 0.868518 0.813443 2 35 0.750000 37 0.250000
pyro_hands_red
  37 -20.087297 39.445194 5.734762 0.888063 0.449819 -0.094905 0.846755 0.818176 2 37 0.750000 35 0.250000
  35 -20.367094 39.814987 6.284420 0.739581 0.261113 0.620355 0.868518 0.813443 2 35 0.750000 37 0.250000
  37 -20.277496 39.527496 6.363401 0.673610 0.458200 0.579916 0.868703 0.818615 2 37 0.750000 35 0.250000
pyro_hands_red
  37 -20.797096 39.437294 6.633971 0.113301 0.205601 0.972055 0.880906 0.817531 2 37 0.750000 35 0.250000
  37 -20.277496 39.527496 6.363401 0.673610 0.458200 0.579916 0.868703 0.818615 2 37 0.750000 35 0.250000
  35 -20.367094 39.814987 6.284420 0.739581 0.261113 0.620355 0.868518 0.813443 2 35 0.750000 37 0.250000
pyro_hands_red
  37 -20.797096 39.437294 6.633971 0.113301 0.205601 0.972055 0.880906 0.817531 2 37 0.750000 35 0.250000
  35 -20.367094 39.814987 6.284420 0.739581 0.261113 0.620355 0.868518 0.813443 2 35 0.750000 37 0.250000
  35 -20.887096 39.718895 6.574279 0.121521 0.254177 0.959493 0.881201 0.815114 2 35 0.750000 37 0.250000
pyro_hands_red
  35 -20.864290 40.305988 6.416049 0.121521 0.254177 0.959493 0.881104 0.804878 1 35 1.000000
  35 -20.887096 39.718895 6.574279 0.121521 0.254177 0.959493 0.881201 0.815114 2 35 0.750000 37 0.250000
  35 -20.367094 39.814987 6.284420 0.739581 0.261113 0.620355 0.868518 0.813443 2 35 0.750000 37 0.250000
pyro_hands_red
  35 -20.864290 40.305988 6.416049 0.121521 0.254177 0.959493 0.881104 0.804878 1 35 1.000000
  35 -20.367094 39.814987 6.284420 0.739581 0.261113 0.620355 0.868518 0.813443 2 35 0.750000 37 0.250000
  35 -20.366789 40.325790 6.151429 0.753345 0.161309 0.637534 0.867022 0.802288 1 35 1.000000
pyro_hands_red
  35 -20.820589 40.971188 6.214349 0.162052 0.304710 0.938558 0.882052 0.789455 1 35 1.000000
  35 -20.864290 40.305988 6.416049 0.121521 0.254177 0.959493 0.881104 0.804878 1 35 1.000000
  35 -20.366789 40.325790 6.151429 0.753345 0.161309 0.637534 0.867022 0.802288 1 35 1.000000
pyro_hands_red
  35 -20.820589 40.971188 6.214349 0.162052 0.304710 0.938558 0.882052 0.789455 1 35 1.000000
  35 -20.366789 40.325790 6.151429 0.753345 0.161309 0.637534 0.867022 0.802288 1 35 1.000000
  35 -20.352488 40.858490 5.975949 0.775396 0.161578 0.610453 0.869938 0.787293 1 35 1.000000
pyro_hands_red
  35 -20.729488 41.366787 6.074739 0.194203 0.280954 0.939867 0.882876 0.781138 1 35 1.000000
  35 -20.820589 40.971188 6.214349 0.162052 0.304710 0.938558 0.882052 0.789455 1 35 1.000000
  35 -20.352488 40.858490 5.975949 0.775396 0.161578 0.610453 0.869938 0.787293 1 35 1.000000
pyro_hands_red
  35 -20.291389 40.267590 4.708339 0.713546 -0.586521 -0.383204 0.819132 0.780514 1 35 1.000000
  35 -20.881847 39.770599 4.658133 0.072334 -0.367564 -0.927181 0.807636 0.795552 1 35 1.000000
  35 -20.887989 40.290890 4.492239 -0.084138 -0.780344 -0.619664 0.813276 0.783185 1 35 1.000000
pyro_hands_red
  41 -20.885685 40.320084 4.484242 -0.244057 -0.674335 0.696928 0.811451 0.782678 1 41 1.000000
  35 -20.291389 40.267590 4.708339 0.713546 -0.586521 -0.383204 0.819132 0.780514 1 35 1.000000
  35 -20.887989 40.290890 4.492239 -0.084138 -0.780344 -0.619664 0.813276 0.783185 1 35 1.000000
pyro_hands_red
  41 -20.885685 40.320084 4.484242 -0.244057 -0.674335 0.696928 0.811451 0.782678 1 41 1.000000
  41 -20.134686 40.333885 4.446992 0.804257 -0.469302 0.364590 0.810539 0.770382 1 41 1.000000
  35 -20.291389 40.267590 4.708339 0.713546 -0.586521 -0.383204 0.819132 0.780514 1 35 1.000000
pyro_hands_red
  41 -20.244984 39.537586 4.469263 0.656128 -0.015387 0.754493 0.795669 0.786340 1 41 1.000000
  41 -20.134686 40.333885 4.446992 0.804257 -0.469302 0.364590 0.810539 0.770382 1 41 1.000000
  41 -20.885685 40.320084 4.484242 -0.244057 -0.674335 0.696928 0.811451 0.782678 1 41 1.000000
pyro_hands_red
  41 -20.012281 39.450985 3.806553 0.980259 -0.152001 0.126447 0.777961 0.777090 1 41 1.000000
  41 -20.134686 40.333885 4.446992 0.804257 -0.469302 0.364590 0.810539 0.770382 1 41 1.000000
  41 -20.244984 39.537586 4.469263 0.656128 -0.015387 0.754493 0.795669 0.786340 1 41 1.000000
pyro_hands_red
  43 -20.161787 38.674282 3.947046 0.993761 0.011938 0.110887 0.772182 0.793197 2 43 0.800000 41 0.200000
  41 -20.012281 39.450985 3.806553 0.980259 -0.152001 0.126447 0.777961 0.777090 1 41 1.000000
  41 -20.244984 39.537586 4.469263 0.656128 -0.015387 0.754493 0.795669 0.786340 1 41 1.000000
pyro_hands_red
  43 -20.161787 38.674282 3.947046 0.993761 0.011938 0.110887 0.772182 0.793197 2 43 0.800000 41 0.200000
  41 -20.244984 39.537586 4.469263 0.656128 -0.015387 0.754493 0.795669 0.786340 1 41 1.000000
  43 -20.388889 38.736179 4.542485 0.676022 0.103426 0.729587 0.790171 0.799787 2 43 0.800000 41 0.200000
pyro_hands_red
  43 -20.388889 38.736179 4.542485 0.676022 0.103426 0.729587 0.790171 0.799787 2 43 0.800000 41 0.200000
  41 -20.244984 39.537586 4.469263 0.656128 -0.015387 0.754493 0.795669 0.786340 1 41 1.000000
  41 -20.926382 39.531586 4.628763 -0.060213 0.130863 0.989570 0.806840 0.794937 1 41 1.000000
pyro_hands_red
  43 -20.388889 38.736179 4.542485 0.676022 0.103426 0.729587 0.790171 0.799787 2 43 0.800000 41 0.200000
  41 -20.926382 39.531586 4.628763 -0.060213 0.130863 0.989570 0.806840 0.794937 1 41 1.000000
  43 -20.984589 38.567680 4.751106 -0.060213 0.130863 0.989570 0.801967 0.806627 1 43 1.000000
pyro_hands_red
  41 -20.244984 39.537586 4.469263 0.656128 -0.015387 0.754493 0.795669 0.786340 1 41 1.000000
  41 -20.885685 40.320084 4.484242 -0.244057 -0.674335 0.696928 0.811451 0.782678 1 41 1.000000
  41 -20.926382 39.531586 4.628763 -0.060213 0.130863 0.989570 0.806840 0.794937 1 41 1.000000
pyro_hands_red
  35 -19.701389 41.289787 4.596708 0.798887 -0.534312 0.276205 0.841216 0.737620 1 35 1.000000
  29 -19.746593 41.884495 5.590403 0.087782 -0.647874 0.756673 0.883790 0.749165 3 29 0.637500 35 0.212500 8 0.150000
  35 -20.039190 41.576294 5.610718 0.667378 -0.264682 0.696096 0.875630 0.760714 1 35 1.000000
pyro_hands_red
  35 -20.039190 41.576294 5.610718 0.667378 -0.264682 0.696096 0.875630 0.760714 1 35 1.000000
  35 -19.967386 40.873390 4.744809 0.914615 -0.322538 0.243819 0.834725 0.758033 1 35 1.000000
  35 -19.701389 41.289787 4.596708 0.798887 -0.534312 0.276205 0.841216 0.737620 1 35 1.000000
pyro_hands_red
  41 -19.842981 40.684086 3.631222 0.903791 -0.393189 0.169008 0.793685 0.738244 1 41 1.000000
  35 -19.701389 41.289787 4.596708 0.798887 -0.534312 0.276205 0.841216 0.737620 1 35 1.000000
  35 -19.967386 40.873390 4.744809 0.914615 -0.322538 0.243819 0.834725 0.758033 1 35 1.000000
pyro_hands_red
  41 -19.842981 40.684086 3.631222 0.903791 -0.393189 0.169008 0.793685 0.738244 1 41 1.000000
  35 -19.967386 40.873390 4.744809 0.914615 -0.322538 0.243819 0.834725 0.758033 1 35 1.000000
  41 -20.134686 40.333885 4.446992 0.804257 -0.469302 0.364590 0.810539 0.770382 1 41 1.000000
pyro_hands_red
  41 -19.842981 40.684086 3.631222 0.903791 -0.393189 0.169008 0.793685 0.738244 1 41 1.000000
  41 -20.134686 40.333885 4.446992 0.804257 -0.469302 0.364590 0.810539 0.770382 1 41 1.000000
  41 -19.905882 40.241585 3.659992 0.965364 -0.224707 0.132584 0.785820 0.754024 1 41 1.000000
pyro_hands_red
  41 -20.012281 39.450985 3.806553 0.980259 -0.152001 0.126447 0.777961 0.777090 1 41 1.000000
  41 -19.905882 40.241585 3.659992 0.965364 -0.224707 0.132584 0.785820 0.754024 1 41 1.000000
  41 -20.134686 40.333885 4.446992 0.804257 -0.469302 0.364590 0.810539 0.770382 1 41 1.000000
pyro_hands_red
  41 -20.095581 39.328384 3.138973 0.795259 -0.255989 -0.549575 0.759490 0.771284 1 41 1.000000
  41 -19.905882 40.241585 3.659992 0.965364 -0.224707 0.132584 0.785820 0.754024 1 41 1.000000
  41 -20.012281 39.450985 3.806553 0.980259 -0.152001 0.126447 0.777961 0.777090 1 41 1.000000
pyro_hands_red
  41 -20.095581 39.328384 3.138973 0.795259 -0.255989 -0.549575 0.759490 0.771284 1 41 1.000000
  41 -20.012281 39.450985 3.806553 0.980259 -0.152001 0.126447 0.777961 0.777090 1 41 1.000000
  43 -20.161787 38.674282 3.947046 0.993761 0.011938 0.110887 0.772182 0.793197 2 43 0.800000 41 0.200000
pyro_hands_red
  41 -20.095581 39.328384 3.138973 0.795259 -0.255989 -0.549575 0.759490 0.771284 1 41 1.000000
  43 -20.161787 38.674282 3.947046 0.993761 0.011938 0.110887 0.772182 0.793197 2 43 0.800000 41 0.200000
  43 -20.250689 38.496284 3.331275 0.800884 -0.135222 -0.583352 0.753828 0.786549 2 43 0.800000 41 0.200000
pyro_hands_red
  41 -20.797979 39.308281 2.802732 0.150482 -0.289740 -0.945201 0.743274 0.769320 1 41 1.000000
  43 -20.250689 38.496284 3.331275 0.800884 -0.135222 -0.583352 0.753828 0.786549 2 43 0.800000 41 0.200000
  43 -20.843988 38.293285 3.098865 0.150482 -0.289740 -0.945202 0.740100 0.783115 1 43 1.000000
pyro_hands_red
  41 -20.797979 39.308281 2.802732 0.150482 -0.289740 -0.945201 0.743274 0.769320 1 41 1.000000
  41 -20.095581 39.328384 3.138973 0.795259 -0.255989 -0.549575 0.759490 0.771284 1 41 1.000000
  43 -20.250689 38.496284 3.331275 0.800884 -0.135222 -0.583352 0.753828 0.786549 2 43 0.800000 41 0.200000
pyro_hands_red
  41 -20.797979 39.308281 2.802732 0.150482 -0.289740 -0.945201 0.743274 0.769320 1 41 1.000000
  41 -19.979183 40.162884 2.909223 0.813938 -0.580689 -0.017440 0.759377 0.748307 1 41 1.000000
  41 -20.095581 39.328384 3.138973 0.795259 -0.255989 -0.549575 0.759490 0.771284 1 41 1.000000
pyro_hands_red
  41 -20.095581 39.328384 3.138973 0.795259 -0.255989 -0.549575 0.759490 0.771284 1 41 1.000000
  41 -19.979183 40.162884 2.909223 0.813938 -0.580689 -0.017440 0.759377 0.748307 1 41 1.000000
  41 -19.905882 40.241585 3.659992 0.965364 -0.224707 0.132584 0.785820 0.754024 1 41 1.000000
pyro_hands_red
  41 -19.905882 40.241585 3.659992 0.965364 -0.224707 0.132584 0.785820 0.754024 1 41 1.000000
  41 -19.979183 40.162884 2.909223 0.813938 -0.580689 -0.017440 0.759377 0.748307 1 41 1.000000
  41 -19.718481 40.556183 2.874632 0.870515 -0.472608 0.137274 0.764874 0.727981 1 41 1.000000
pyro_hands_red
  41 -19.905882 40.241585 3.659992 0.965364 -0.224707 0.132584 0.785820 0.754024 1 41 1.000000
  41 -19.718481 40.556183 2.874632 0.870515 -0.472608 0.137274 0.764874 0.727981 1 41 1.000000
  41 -19.842981 40.684086 3.631222 0.903791 -0.393189 0.169008 0.793685 0.738244 1 41 1.000000
pyro_hands_red
  41 -19.565186 41.186081 3.623621 0.841067 -0.516150 0.161848 0.805000 0.717281 1 41 1.000000
  41 -19.842981 40.684086 3.631222 0.903791 -0.393189 0.169008 0.793685 0.738244 1 41 1.000000
  41 -19.718481 40.556183 2.874632 0.870515 -0.472608 0.137274 0.764874 0.727981 1 41 1.000000
pyro_hands_red
  41 -19.842981 40.684086 3.631222 0.903791 -0.393189 0.169008 0.793685 0.738244 1 41 1.000000
  41 -19.565186 41.186081 3.623621 0.841067 -0.516150 0.161848 0.805000 0.717281 1 41 1.000000
  35 -19.701389 41.289787 4.596708 0.798887 -0.534312 0.276205 0.841216 0.737620 1 35 1.000000
pyro_hands_red
  41 -19.565186 41.186081 3.623621 0.841067 -0.516150 0.161848 0.805000 0.717281 1 41 1.000000
  8 -19.432499 41.540501 4.517882 0.464004 -0.869177 0.170973 0.847232 0.722096 2 8 0.806500 29 0.193500
  35 -19.701389 41.289787 4.596708 0.798887 -0.534312 0.276205 0.841216 0.737620 1 35 1.000000
pyro_hands_red
  35 -19.701389 41.289787 4.596708 0.798887 -0.534312 0.276205 0.841216 0.737620 1 35 1.000000
  8 -19.432499 41.540501 4.517882 0.464004 -0.869177 0.170973 0.847232 0.722096 2 8 0.806500 29 0.193500
  29 -19.746593 41.884495 5.590403 0.087782 -0.647874 0.756673 0.883790 0.749165 3 29 0.637500 35 0.212500 8 0.150000
pyro_hands_red
  8 -19.432499 41.540501 4.517882 0.464004 -0.869177 0.170973 0.847232 0.722096 2 8 0.806500 29 0.193500
  31 -18.903889 41.670883 5.493085 -0.349775 -0.936830 0.002556 0.885172 0.713310 2 31 0.758100 33 0.241900
  29 -19.746593 41.884495 5.590403 0.087782 -0.647874 0.756673 0.883790 0.749165 3 29 0.637500 35 0.212500 8 0.150000
pyro_hands_red
  41 -20.797979 39.308281 2.802732 0.150482 -0.289740 -0.945201 0.743274 0.769320 1 41 1.000000
  41 -20.763186 40.272781 2.566993 -0.103599 -0.973932 -0.201798 0.747070 0.753963 1 41 1.000000
  41 -19.979183 40.162884 2.909223 0.813938 -0.580689 -0.017440 0.759377 0.748307 1 41 1.000000
pyro_hands_red
  47 -19.861298 39.016586 1.490673 0.904715 0.083689 -0.417716 0.688965 0.750980 2 47 0.551800 49 0.448200
  47 -20.280899 39.275288 1.052073 0.398100 -0.178716 -0.899765 0.677441 0.741873 2 47 0.671100 49 0.328900
  47 -19.885399 39.366486 1.436994 0.920835 -0.046706 -0.387144 0.690378 0.744931 2 47 0.789100 49 0.210900
pyro_hands_red
  47 -19.861298 39.016586 1.490673 0.904715 0.083689 -0.417716 0.688965 0.750980 2 47 0.551800 49 0.448200
  47 -20.246700 38.844086 1.139373 0.392214 -0.137882 -0.909482 0.676415 0.744708 2 47 0.513300 49 0.486700
  47 -20.280899 39.275288 1.052073 0.398100 -0.178716 -0.899765 0.677441 0.741873 2 47 0.671100 49 0.328900
pyro_hands_red
  47 -19.861298 39.016586 1.490673 0.904715 0.083689 -0.417716 0.688965 0.750980 2 47 0.551800 49 0.448200
  49 -20.158003 38.596485 1.209462 0.372802 -0.088462 -0.923685 0.674397 0.748564 2 49 0.938200 51 0.061800
  47 -20.246700 38.844086 1.139373 0.392214 -0.137882 -0.909482 0.676415 0.744708 2 47 0.513300 49 0.486700
pyro_hands_red
  47 -19.861298 39.016586 1.490673 0.904715 0.083689 -0.417716 0.688965 0.750980 2 47 0.551800 49 0.448200
  49 -19.794996 38.782379 1.546662 0.822001 0.292382 -0.488700 0.685559 0.759165 2 49 0.945600 51 0.054400
  49 -20.158003 38.596485 1.209462 0.372802 -0.088462 -0.923685 0.674397 0.748564 2 49 0.938200 51 0.061800
pyro_hands_red
  47 -19.847599 39.109383 2.076073 0.943739 0.247500 0.219317 0.707586 0.760649 2 47 0.556400 49 0.443600
  49 -19.794996 38.782379 1.546662 0.822001 0.292382 -0.488700 0.685559 0.759165 2 49 0.945600 51 0.054400
  47 -19.861298 39.016586 1.490673 0.904715 0.083689 -0.417716 0.688965 0.750980 2 47 0.551800 49 0.448200
pyro_hands_red
  47 -19.847599 39.109383 2.076073 0.943739 0.247500 0.219317 0.707586 0.760649 2 47 0.556400 49 0.443600
  49 -19.798498 38.939682 2.115382 0.852687 0.504132 0.137028 0.703812 0.768234 1 49 1.000000
  49 -19.794996 38.782379 1.546662 0.822001 0.292382 -0.488700 0.685559 0.759165 2 49 0.945600 51 0.054400
pyro_hands_red
  47 -20.141598 39.103188 2.598043 0.576448 0.264656 0.773088 0.727296 0.770113 2 47 0.522000 49 0.478000
  49 -19.798498 38.939682 2.115382 0.852687 0.504132 0.137028 0.703812 0.768234 1 49 1.000000
  47 -19.847599 39.109383 2.076073 0.943739 0.247500 0.219317 0.707586 0.760649 2 47 0.556400 49 0.443600
pyro_hands_red
  47 -20.188398 39.462887 2.534833 0.628396 0.107487 0.770431 0.730183 0.763129 2 47 0.761600 49 0.238400
  47 -20.141598 39.103188 2.598043 0.576448 0.264656 0.773088 0.727296 0.770113 2 47 0.522000 49 0.478000
  47 -19.847599 39.109383 2.076073 0.943739 0.247500 0.219317 0.707586 0.760649 2 47 0.556400 49 0.443600
pyro_hands_red
  47 -20.701700 39.481285 2.719094 -0.094184 0.084057 0.992000 0.741638 0.767446 2 47 0.646500 49 0.353500
  47 -20.141598 39.103188 2.598043 0.576448 0.264656 0.773088 0.727296 0.770113 2 47 0.522000 49 0.478000
  47 -20.188398 39.462887 2.534833 0.628396 0.107487 0.770431 0.730183 0.763129 2 47 0.761600 49 0.238400
pyro_hands_red
  47 -20.701700 39.481285 2.719094 -0.094184 0.084057 0.992000 0.741638 0.767446 2 47 0.646500 49 0.353500
  47 -20.188398 39.462887 2.534833 0.628396 0.107487 0.770431 0.730183 0.763129 2 47 0.761600 49 0.238400
  47 -20.131298 39.990189 2.497694 0.617350 -0.434013 0.656133 0.740518 0.746077 1 47 1.000000
pyro_hands_red
  47 -20.701700 39.481285 2.719094 -0.094184 0.084057 0.992000 0.741638 0.767446 2 47 0.646500 49 0.353500
  47 -20.131298 39.990189 2.497694 0.617350 -0.434013 0.656133 0.740518 0.746077 1 47 1.000000
  47 -20.692600 40.076389 2.629465 -0.167752 -0.297282 0.939938 0.745945 0.753714 1 47 1.000000
pyro_hands_red
  41 -20.763186 40.272781 2.566993 -0.103599 -0.973932 -0.201798 0.747070 0.753963 1 41 1.000000
  47 -20.692600 40.076389 2.629465 -0.167752 -0.297282 0.939938 0.745945 0.753714 1 47 1.000000
  47 -20.131298 39.990189 2.497694 0.617350 -0.434013 0.656133 0.740518 0.746077 1 47 1.000000
pyro_hands_red
  41 -20.763186 40.272781 2.566993 -0.103599 -0.973932 -0.201798 0.747070 0.753963 1 41 1.000000
  47 -20.131298 39.990189 2.497694 0.617350 -0.434013 0.656133 0.740518 0.746077 1 47 1.000000
  41 -19.979183 40.162884 2.909223 0.813938 -0.580689 -0.017440 0.759377 0.748307 1 41 1.000000
pyro_hands_red
  47 -19.661297 40.464989 2.323624 0.833533 -0.507746 0.217754 0.742344 0.720052 1 47 1.000000
  41 -19.979183 40.162884 2.909223 0.813938 -0.580689 -0.017440 0.759377 0.748307 1 41 1.000000
  47 -20.131298 39.990189 2.497694 0.617350 -0.434013 0.656133 0.740518 0.746077 1 47 1.000000
pyro_hands_red
  47 -19.661297 40.464989 2.323624 0.833533 -0.507746 0.217754 0.742344 0.720052 1 47 1.000000
  41 -19.718481 40.556183 2.874632 0.870515 -0.472608 0.137274 0.764874 0.727981 1 41 1.000000
  41 -19.979183 40.162884 2.909223 0.813938 -0.580689 -0.017440 0.759377 0.748307 1 41 1.000000
pyro_hands_red
  47 -19.661297 40.464989 2.323624 0.833533 -0.507746 0.217754 0.742344 0.720052 1 47 1.000000
  41 -19.410282 41.156082 2.827742 0.878869 -0.448559 0.162434 0.774844 0.700685 1 41 1.000000
  41 -19.718481 40.556183 2.874632 0.870515 -0.472608 0.137274 0.764874 0.727981 1 41 1.000000
pyro_hands_red
  41 -19.565186 41.186081 3.623621 0.841067 -0.516150 0.161848 0.805000 0.717281 1 41 1.000000
  41 -19.718481 40.556183 2.874632 0.870515 -0.472608 0.137274 0.764874 0.727981 1 41 1.000000
  41 -19.410282 41.156082 2.827742 0.878869 -0.448559 0.162434 0.774844 0.700685 1 41 1.000000
pyro_hands_red
  8 -19.303398 41.559906 3.647853 0.642168 -0.766532 0.007024 0.814871 0.700037 2 8 0.938200 29 0.061800
  41 -19.565186 41.186081 3.623621 0.841067 -0.516150 0.161848 0.805000 0.717281 1 41 1.000000
  41 -19.410282 41.156082 2.827742 0.878869 -0.448559 0.162434 0.774844 0.700685 1 41 1.000000
pyro_hands_red
  47 -20.131298 39.990189 2.497694 0.617350 -0.434013 0.656133 0.740518 0.746077 1 47 1.000000
  47 -20.188398 39.462887 2.534833 0.628396 0.107487 0.770431 0.730183 0.763129 2 47 0.761600 49 0.238400
  47 -19.893898 39.425686 2.023904 0.965963 0.068003 0.249581 0.710332 0.753957 2 47 0.873400 49 0.126600
pyro_hands_red
  47 -20.188398 39.462887 2.534833 0.628396 0.107487 0.770431 0.730183 0.763129 2 47 0.761600 49 0.238400
  47 -19.847599 39.109383 2.076073 0.943739 0.247500 0.219317 0.707586 0.760649 2 47 0.556400 49 0.443600
  47 -19.893898 39.425686 2.023904 0.965963 0.068003 0.249581 0.710332 0.753957 2 47 0.873400 49 0.126600
pyro_hands_red
  47 -19.893898 39.425686 2.023904 0.965963 0.068003 0.249581 0.710332 0.753957 2 47 0.873400 49 0.126600
  47 -19.847599 39.109383 2.076073 0.943739 0.247500 0.219317 0.707586 0.760649 2 47 0.556400 49 0.443600
  47 -19.861298 39.016586 1.490673 0.904715 0.083689 -0.417716 0.688965 0.750980 2 47 0.551800 49 0.448200
pyro_hands_red
  47 -19.893898 39.425686 2.023904 0.965963 0.068003 0.249581 0.710332 0.753957 2 47 0.873400 49 0.126600
  47 -19.861298 39.016586 1.490673 0.904715 0.083689 -0.417716 0.688965 0.750980 2 47 0.551800 49 0.448200
  47 -19.885399 39.366486 1.436994 0.920835 -0.046706 -0.387144 0.690378 0.744931 2 47 0.789100 49 0.210900
pyro_hands_red
  47 -19.893799 39.892788 1.955793 0.914615 -0.322538 0.243819 0.717412 0.737300 1 47 1.000000
  47 -19.893898 39.425686 2.023904 0.965963 0.068003 0.249581 0.710332 0.753957 2 47 0.873400 49 0.126600
  47 -19.885399 39.366486 1.436994 0.920835 -0.046706 -0.387144 0.690378 0.744931 2 47 0.789100 49 0.210900
pyro_hands_red
  47 -20.131298 39.990189 2.497694 0.617350 -0.434013 0.656133 0.740518 0.746077 1 47 1.000000
  47 -19.893898 39.425686 2.023904 0.965963 0.068003 0.249581 0.710332 0.753957 2 47 0.873400 49 0.126600
  47 -19.893799 39.892788 1.955793 0.914615 -0.322538 0.243819 0.717412 0.737300 1 47 1.000000
pyro_hands_red
  47 -19.893799 39.892788 1.955793 0.914615 -0.322538 0.243819 0.717412 0.737300 1 47 1.000000
  47 -19.661297 40.464989 2.323624 0.833533 -0.507746 0.217754 0.742344 0.720052 1 47 1.000000
  47 -20.131298 39.990189 2.497694 0.617350 -0.434013 0.656133 0.740518 0.746077 1 47 1.000000
pyro_hands_red
  47 -20.701700 39.481285 2.719094 -0.094184 0.084057 0.992000 0.741638 0.767446 2 47 0.646500 49 0.353500
  47 -20.740299 38.993690 2.750643 -0.094184 0.084057 0.992000 0.739331 0.772724 2 47 0.500300 49 0.499700
  47 -20.141598 39.103188 2.598043 0.576448 0.264656 0.773088 0.727296 0.770113 2 47 0.522000 49 0.478000
pyro_hands_red
  49 -20.663897 38.785683 2.779591 -0.141612 0.104687 0.984371 0.737229 0.779485 1 49 1.000000
  47 -20.141598 39.103188 2.598043 0.576448 0.264656 0.773088 0.727296 0.770113 2 47 0.522000 49 0.478000
  47 -20.740299 38.993690 2.750643 -0.094184 0.084057 0.992000 0.739331 0.772724 2 47 0.500300 49 0.499700
pyro_hands_red
  49 -20.663897 38.785683 2.779591 -0.141612 0.104687 0.984371 0.737229 0.779485 1 49 1.000000
  49 -20.078297 38.929783 2.653732 0.463831 0.448712 0.763884 0.723367 0.777209 1 49 1.000000
  47 -20.141598 39.103188 2.598043 0.576448 0.264656 0.773088 0.727296 0.770113 2 47 0.522000 49 0.478000
pyro_hands_red
  47 -20.141598 39.103188 2.598043 0.576448 0.264656 0.773088 0.727296 0.770113 2 47 0.522000 49 0.478000
  49 -20.078297 38.929783 2.653732 0.463831 0.448712 0.763884 0.723367 0.777209 1 49 1.000000
  49 -19.798498 38.939682 2.115382 0.852687 0.504132 0.137028 0.703812 0.768234 1 49 1.000000
pyro_hands_red
  31 -17.922688 41.499481 5.224424 0.128684 -0.839245 -0.528306 0.896841 0.675095 1 31 1.000000
  31 -18.765993 41.669495 4.529576 0.102666 -0.989598 -0.100772 0.860465 0.695719 2 31 0.600000 8 0.400000
  29 -17.884285 41.755386 4.586425 0.305203 -0.898504 -0.315504 0.880633 0.664447 2 29 0.500000 31 0.500000
pyro_hands_red
  8 -18.581797 41.862305 3.825595 0.368404 -0.896118 -0.247491 0.837014 0.672660 3 8 0.400000 29 0.312660 31 0.287340
  29 -17.884285 41.755386 4.586425 0.305203 -0.898504 -0.315504 0.880633 0.664447 2 29 0.500000 31 0.500000
  31 -18.765993 41.669495 4.529576 0.102666 -0.989598 -0.100772 0.860465 0.695719 2 31 0.600000 8 0.400000
pyro_hands_red
  8 -19.303398 41.559906 3.647853 0.642168 -0.766532 0.007024 0.814871 0.700037 2 8 0.938200 29 0.061800
  8 -18.581797 41.862305 3.825595 0.368404 -0.896118 -0.247491 0.837014 0.672660 3 8 0.400000 29 0.312660 31 0.287340
  31 -18.765993 41.669495 4.529576 0.102666 -0.989598 -0.100772 0.860465 0.695719 2 31 0.600000 8 0.400000
pyro_hands_red
  8 -18.581797 41.862305 3.825595 0.368404 -0.896118 -0.247491 0.837014 0.672660 3 8 0.400000 29 0.312660 31 0.287340
  8 -19.303398 41.559906 3.647853 0.642168 -0.766532 0.007024 0.814871 0.700037 2 8 0.938200 29 0.061800
  8 -19.140217 41.724651 2.835037 0.771527 -0.636193 -0.002037 0.786602 0.675883 1 8 1.000000
pyro_hands_red
  8 -19.303398 41.559906 3.647853 0.642168 -0.766532 0.007024 0.814871 0.700037 2 8 0.938200 29 0.061800
  41 -19.410282 41.156082 2.827742 0.878869 -0.448559 0.162434 0.774844 0.700685 1 41 1.000000
  8 -19.140217 41.724651 2.835037 0.771527 -0.636193 -0.002037 0.786602 0.675883 1 8 1.000000
pyro_hands_red
  47 -19.310297 40.986286 1.853114 0.903791 -0.393189 0.169008 0.734416 0.687208 1 47 1.000000
  8 -19.140217 41.724651 2.835037 0.771527 -0.636193 -0.002037 0.786602 0.675883 1 8 1.000000
  41 -19.410282 41.156082 2.827742 0.878869 -0.448559 0.162434 0.774844 0.700685 1 41 1.000000
pyro_hands_red
  47 -19.661297 40.464989 2.323624 0.833533 -0.507746 0.217754 0.742344 0.720052 1 47 1.000000
  47 -19.310297 40.986286 1.853114 0.903791 -0.393189 0.169008 0.734416 0.687208 1 47 1.000000
  41 -19.410282 41.156082 2.827742 0.878869 -0.448559 0.162434 0.774844 0.700685 1 41 1.000000
pyro_hands_red
  47 -19.607397 40.272488 1.928633 0.833533 -0.507746 0.217754 0.723803 0.718514 1 47 1.000000
  47 -19.310297 40.986286 1.853114 0.903791 -0.393189 0.169008 0.734416 0.687208 1 47 1.000000
  47 -19.661297 40.464989 2.323624 0.833533 -0.507746 0.217754 0.742344 0.720052 1 47 1.000000
pyro_hands_red
  47 -19.893799 39.892788 1.955793 0.914615 -0.322538 0.243819 0.717412 0.737300 1 47 1.000000
  47 -19.607397 40.272488 1.928633 0.833533 -0.507746 0.217754 0.723803 0.718514 1 47 1.000000
  47 -19.661297 40.464989 2.323624 0.833533 -0.507746 0.217754 0.742344 0.720052 1 47 1.000000
pyro_hands_red
  47 -19.541498 40.328987 1.444394 0.861437 -0.475993 0.177080 0.706368 0.707123 1 47 1.000000
  47 -19.607397 40.272488 1.928633 0.833533 -0.507746 0.217754 0.723803 0.718514 1 47 1.000000
  47 -19.893799 39.892788 1.955793 0.914615 -0.322538 0.243819 0.717412 0.737300 1 47 1.000000
pyro_hands_red
  47 -19.541498 40.328987 1.444394 0.861437 -0.475993 0.177080 0.706368 0.707123 1 47 1.000000
  47 -19.893799 39.892788 1.955793 0.914615 -0.322538 0.243819 0.717412 0.737300 1 47 1.000000
  47 -19.841198 39.880688 1.317545 0.813938 -0.580690 -0.017440 0.692402 0.726861 1 47 1.000000
pyro_hands_red
  47 -19.893799 39.892788 1.955793 0.914615 -0.322538 0.243819 0.717412 0.737300 1 47 1.000000
  47 -19.885399 39.366486 1.436994 0.920835 -0.046706 -0.387144 0.690378 0.744931 2 47 0.789100 49 0.210900
  47 -19.841198 39.880688 1.317545 0.813938 -0.580690 -0.017440 0.692402 0.726861 1 47 1.000000
pyro_hands_red
  47 -19.841198 39.880688 1.317545 0.813938 -0.580690 -0.017440 0.692402 0.726861 1 47 1.000000
  47 -19.885399 39.366486 1.436994 0.920835 -0.046706 -0.387144 0.690378 0.744931 2 47 0.789100 49 0.210900
  47 -20.280899 39.275288 1.052073 0.398100 -0.178716 -0.899765 0.677441 0.741873 2 47 0.671100 49 0.328900
pyro_hands_red
  47 -19.841198 39.880688 1.317545 0.813938 -0.580690 -0.017440 0.692402 0.726861 1 47 1.000000
  47 -20.280899 39.275288 1.052073 0.398100 -0.178716 -0.899765 0.677441 0.741873 2 47 0.671100 49 0.328900
  53 -20.305986 39.853279 0.948877 0.176347 -0.893702 -0.412551 0.679827 0.731882 1 53 1.000000
pyro_hands_red
  47 -19.607397 40.272488 1.928633 0.833533 -0.507746 0.217754 0.723803 0.718514 1 47 1.000000
  47 -19.541498 40.328987 1.444394 0.861437 -0.475993 0.177080 0.706368 0.707123 1 47 1.000000
  47 -19.310297 40.986286 1.853114 0.903791 -0.393189 0.169008 0.734416 0.687208 1 47 1.000000
pyro_hands_red
  41 -19.565186 41.186081 3.623621 0.841067 -0.516150 0.161848 0.805000 0.717281 1 41 1.000000
  8 -19.303398 41.559906 3.647853 0.642168 -0.766532 0.007024 0.814871 0.700037 2 8 0.938200 29 0.061800
  8 -19.432499 41.540501 4.517882 0.464004 -0.869177 0.170973 0.847232 0.722096 2 8 0.806500 29 0.193500
pyro_hands_red
  8 -19.303398 41.559906 3.647853 0.642168 -0.766532 0.007024 0.814871 0.700037 2 8 0.938200 29 0.061800
  31 -18.765993 41.669495 4.529576 0.102666 -0.989598 -0.100772 0.860465 0.695719 2 31 0.600000 8 0.400000
  8 -19.432499 41.540501 4.517882 0.464004 -0.869177 0.170973 0.847232 0.722096 2 8 0.806500 29 0.193500
pyro_hands_red
  8 -19.432499 41.540501 4.517882 0.464004 -0.869177 0.170973 0.847232 0.722096 2 8 0.806500 29 0.193500
  31 -18.765993 41.669495 4.529576 0.102666 -0.989598 -0.100772 0.860465 0.695719 2 31 0.600000 8 0.400000
  31 -18.903889 41.670883 5.493085 -0.349775 -0.936830 0.002556 0.885172 0.713310 2 31 0.758100 33 0.241900
pyro_hands_red
  31 -17.922688 41.499481 5.224424 0.128684 -0.839245 -0.528306 0.896841 0.675095 1 31 1.000000
  31 -18.903889 41.670883 5.493085 -0.349775 -0.936830 0.002556 0.885172 0.713310 2 31 0.758100 33 0.241900
  31 -18.765993 41.669495 4.529576 0.102666 -0.989598 -0.100772 0.860465 0.695719 2 31 0.600000 8 0.400000
pyro_hands_red
  31 -17.922688 41.499481 5.224424 0.128684 -0.839245 -0.528306 0.896841 0.675095 1 31 1.000000
  31 -18.648689 41.394180 5.713275 -0.658508 -0.603437 -0.449702 0.900271 0.707853 2 31 0.701400 33 0.298600
  31 -18.903889 41.670883 5.493085 -0.349775 -0.936830 0.002556 0.885172 0.713310 2 31 0.758100 33 0.241900
pyro_hands_red
  31 -17.922688 41.499481 5.224424 0.128684 -0.839245 -0.528306 0.896841 0.675095 1 31 1.000000
  31 -17.866291 41.233788 5.456615 0.030573 -0.598412 -0.800605 0.909710 0.679796 2 31 0.829100 33 0.170900
  31 -18.648689 41.394180 5.713275 -0.658508 -0.603437 -0.449702 0.900271 0.707853 2 31 0.701400 33 0.298600
pyro_hands_red
  31 -17.866291 41.233788 5.456615 0.030573 -0.598412 -0.800605 0.909710 0.679796 2 31 0.829100 33 0.170900
  31 -17.922688 41.499481 5.224424 0.128684 -0.839245 -0.528306 0.896841 0.675095 1 31 1.000000
  31 -17.241085 41.712986 5.422993 0.770714 -0.461566 -0.439268 0.915640 0.652311 2 31 0.927500 33 0.072500
pyro_hands_red
  31 -17.922688 41.499481 5.224424 0.128684 -0.839245 -0.528306 0.896841 0.675095 1 31 1.000000
  29 -17.231884 42.064980 4.894884 0.791648 -0.553912 -0.257830 0.903075 0.641879 2 29 0.500000 31 0.500000
  31 -17.241085 41.712986 5.422993 0.770714 -0.461566 -0.439268 0.915640 0.652311 2 31 0.927500 33 0.072500
pyro_hands_red
  31 -17.922688 41.499481 5.224424 0.128684 -0.839245 -0.528306 0.896841 0.675095 1 31 1.000000
  29 -17.884285 41.755386 4.586425 0.305203 -0.898504 -0.315504 0.880633 0.664447 2 29 0.500000 31 0.500000
  29 -17.231884 42.064980 4.894884 0.791648 -0.553912 -0.257830 0.903075 0.641879 2 29 0.500000 31 0.500000
pyro_hands_red
  29 -17.164089 42.348080 4.487775 0.848860 -0.477704 -0.226351 0.889631 0.627637 2 29 0.500000 31 0.500000
  29 -17.231884 42.064980 4.894884 0.791648 -0.553912 -0.257830 0.903075 0.641879 2 29 0.500000 31 0.500000
  29 -17.884285 41.755386 4.586425 0.305203 -0.898504 -0.315504 0.880633 0.664447 2 29 0.500000 31 0.500000
pyro_hands_red
  29 -17.164089 42.348080 4.487775 0.848860 -0.477704 -0.226351 0.889631 0.627637 2 29 0.500000 31 0.500000
  29 -17.884285 41.755386 4.586425 0.305203 -0.898504 -0.315504 0.880633 0.664447 2 29 0.500000 31 0.500000
  29 -17.727688 42.054485 4.077105 0.494162 -0.787680 -0.367918 0.864338 0.645041 2 29 0.500000 31 0.500000
pyro_hands_red
  8 -18.581797 41.862305 3.825595 0.368404 -0.896118 -0.247491 0.837014 0.672660 3 8 0.400000 29 0.312660 31 0.287340
  29 -17.727688 42.054485 4.077105 0.494162 -0.787680 -0.367918 0.864338 0.645041 2 29 0.500000 31 0.500000
  29 -17.884285 41.755386 4.586425 0.305203 -0.898504 -0.315504 0.880633 0.664447 2 29 0.500000 31 0.500000
pyro_hands_red
  29 -17.727688 42.054485 4.077105 0.494162 -0.787680 -0.367918 0.864338 0.645041 2 29 0.500000 31 0.500000
  8 -18.581797 41.862305 3.825595 0.368404 -0.896118 -0.247491 0.837014 0.672660 3 8 0.400000 29 0.312660 31 0.287340
  8 -18.221992 42.363495 2.968893 0.593664 -0.757022 -0.272911 0.812010 0.633666 2 8 0.655800 29 0.344200
pyro_hands_red
  8 -18.581797 41.862305 3.825595 0.368404 -0.896118 -0.247491 0.837014 0.672660 3 8 0.400000 29 0.312660 31 0.287340
  8 -19.140217 41.724651 2.835037 0.771527 -0.636193 -0.002037 0.786602 0.675883 1 8 1.000000
  8 -18.221992 42.363495 2.968893 0.593664 -0.757022 -0.272911 0.812010 0.633666 2 8 0.655800 29 0.344200
pyro_hands_red
  8 -18.221992 42.363495 2.968893 0.593664 -0.757022 -0.272911 0.812010 0.633666 2 8 0.655800 29 0.344200
  8 -19.140217 41.724651 2.835037 0.771527 -0.636193 -0.002037 0.786602 0.675883 1 8 1.000000
  8 -18.906090 41.885288 1.795023 0.853049 -0.521108 0.027456 0.749202 0.647337 1 8 1.000000
pyro_hands_red
  47 -19.310297 40.986286 1.853114 0.903791 -0.393189 0.169008 0.734416 0.687208 1 47 1.000000
  8 -18.906090 41.885288 1.795023 0.853049 -0.521108 0.027456 0.749202 0.647337 1 8 1.000000
  8 -19.140217 41.724651 2.835037 0.771527 -0.636193 -0.002037 0.786602 0.675883 1 8 1.000000
pyro_hands_red
  53 -19.218088 40.850185 0.998959 0.923260 -0.353550 0.150312 0.699548 0.675670 1 53 1.000000
  8 -18.906090 41.885288 1.795023 0.853049 -0.521108 0.027456 0.749202 0.647337 1 8 1.000000
  47 -19.310297 40.986286 1.853114 0.903791 -0.393189 0.169008 0.734416 0.687208 1 47 1.000000
pyro_hands_red
  53 -19.218088 40.850185 0.998959 0.923260 -0.353550 0.150312 0.699548 0.675670 1 53 1.000000
  47 -19.310297 40.986286 1.853114 0.903791 -0.393189 0.169008 0.734416 0.687208 1 47 1.000000
  47 -19.541498 40.328987 1.444394 0.861437 -0.475993 0.177080 0.706368 0.707123 1 47 1.000000
pyro_hands_red
  29 -17.004890 42.621387 5.518835 0.991551 -0.059367 0.115332 0.930697 0.623522 2 29 0.518600 31 0.481400
  31 -17.043289 42.129883 5.953225 0.997336 0.034590 0.064221 0.936664 0.638391 2 31 0.906900 33 0.093100
  31 -17.241085 41.712986 5.422993 0.770714 -0.461566 -0.439268 0.915640 0.652311 2 31 0.927500 33 0.072500
pyro_hands_red
  29 -17.004890 42.621387 5.518835 0.991551 -0.059367 0.115332 0.930697 0.623522 2 29 0.518600 31 0.481400
  31 -17.241085 41.712986 5.422993 0.770714 -0.461566 -0.439268 0.915640 0.652311 2 31 0.927500 33 0.072500
  29 -17.231884 42.064980 4.894884 0.791648 -0.553912 -0.257830 0.903075 0.641879 2 29 0.500000 31 0.500000
pyro_hands_red
  29 -16.932791 42.989193 5.195755 0.991551 -0.059367 0.115332 0.922549 0.606616 1 29 1.000000
  29 -17.004890 42.621387 5.518835 0.991551 -0.059367 0.115332 0.930697 0.623522 2 29 0.518600 31 0.481400
  29 -17.231884 42.064980 4.894884 0.791648 -0.553912 -0.257830 0.903075 0.641879 2 29 0.500000 31 0.500000
pyro_hands_red
  29 -16.932791 42.989193 5.195755 0.991551 -0.059367 0.115332 0.922549 0.606616 1 29 1.000000
  29 -17.231884 42.064980 4.894884 0.791648 -0.553912 -0.257830 0.903075 0.641879 2 29 0.500000 31 0.500000
  29 -17.164089 42.348080 4.487775 0.848860 -0.477704 -0.226351 0.889631 0.627637 2 29 0.500000 31 0.500000
pyro_hands_red
  29 -16.932791 42.989193 5.195755 0.991551 -0.059367 0.115332 0.922549 0.606616 1 29 1.000000
  29 -17.164089 42.348080 4.487775 0.848860 -0.477704 -0.226351 0.889631 0.627637 2 29 0.500000 31 0.500000
  29 -17.042492 43.056992 3.830234 0.930812 -0.269149 -0.247279 0.868763 0.594229 2 29 0.750000 8 0.250000
pyro_hands_red
  29 -17.727688 42.054485 4.077105 0.494162 -0.787680 -0.367918 0.864338 0.645041 2 29 0.500000 31 0.500000
  29 -17.042492 43.056992 3.830234 0.930812 -0.269149 -0.247279 0.868763 0.594229 2 29 0.750000 8 0.250000
  29 -17.164089 42.348080 4.487775 0.848860 -0.477704 -0.226351 0.889631 0.627637 2 29 0.500000 31 0.500000
pyro_hands_red
  29 -17.727688 42.054485 4.077105 0.494162 -0.787680 -0.367918 0.864338 0.645041 2 29 0.500000 31 0.500000
  29 -17.455688 42.710888 3.325274 0.713546 -0.586521 -0.383205 0.841710 0.608086 2 29 0.750000 8 0.250000
  29 -17.042492 43.056992 3.830234 0.930812 -0.269149 -0.247279 0.868763 0.594229 2 29 0.750000 8 0.250000
pyro_hands_red
  29 -17.727688 42.054485 4.077105 0.494162 -0.787680 -0.367918 0.864338 0.645041 2 29 0.500000 31 0.500000
  8 -18.221992 42.363495 2.968893 0.593664 -0.757022 -0.272911 0.812010 0.633666 2 8 0.655800 29 0.344200
  29 -17.455688 42.710888 3.325274 0.713546 -0.586521 -0.383205 0.841710 0.608086 2 29 0.750000 8 0.250000
pyro_hands_red
  8 -17.390890 43.630394 2.430704 0.870935 -0.432738 -0.232831 0.812000 0.561790 2 8 0.500000 29 0.500000
  29 -17.455688 42.710888 3.325274 0.713546 -0.586521 -0.383205 0.841710 0.608086 2 29 0.750000 8 0.250000
  8 -18.221992 42.363495 2.968893 0.593664 -0.757022 -0.272911 0.812010 0.633666 2 8 0.655800 29 0.344200
pyro_hands_red
  8 -17.390890 43.630394 2.430704 0.870935 -0.432738 -0.232831 0.812000 0.561790 2 8 0.500000 29 0.500000
  8 -18.221992 42.363495 2.968893 0.593664 -0.757022 -0.272911 0.812010 0.633666 2 8 0.655800 29 0.344200
  8 -18.008492 42.994793 1.807973 0.785344 -0.593388 -0.176424 0.773161 0.589406 2 8 0.919000 29 0.081000
pyro_hands_red
  8 -17.390890 43.630394 2.430704 0.870935 -0.432738 -0.232831 0.812000 0.561790 2 8 0.500000 29 0.500000
  8 -18.008492 42.994793 1.807973 0.785344 -0.593388 -0.176424 0.773161 0.589406 2 8 0.919000 29 0.081000
  8 -17.301794 44.165798 1.334003 0.848918 -0.512580 -0.128839 0.768283 0.530288 2 8 0.850000 29 0.150000
pyro_hands_red
  8 -17.625198 43.950600 0.460373 0.807939 -0.552552 -0.204748 0.726872 0.533507 1 8 1.000000
  8 -17.301794 44.165798 1.334003 0.848918 -0.512580 -0.128839 0.768283 0.530288 2 8 0.850000 29 0.150000
  8 -18.008492 42.994793 1.807973 0.785344 -0.593388 -0.176424 0.773161 0.589406 2 8 0.919000 29 0.081000
pyro_hands_red
  8 -17.301794 44.165798 1.334003 0.848918 -0.512580 -0.128839 0.768283 0.530288 2 8 0.850000 29 0.150000
  8 -17.625198 43.950600 0.460373 0.807939 -0.552552 -0.204748 0.726872 0.533507 1 8 1.000000
  8 -16.600754 45.596764 -0.017123 0.807939 -0.552552 -0.204748 0.728083 0.448262 2 8 0.850000 6 0.150000
pyro_hands_red
  8 -17.876297 43.915699 -0.163249 0.765369 -0.536213 -0.355930 0.698396 0.531710 1 8 1.000000
  8 -16.600754 45.596764 -0.017123 0.807939 -0.552552 -0.204748 0.728083 0.448262 2 8 0.850000 6 0.150000
  8 -17.625198 43.950600 0.460373 0.807939 -0.552552 -0.204748 0.726872 0.533507 1 8 1.000000
pyro_hands_red
  8 -17.876297 43.915699 -0.163249 0.765369 -0.536213 -0.355930 0.698396 0.531710 1 8 1.000000
  8 -16.852005 45.568108 -0.691688 0.713546 -0.586521 -0.383205 0.697192 0.445738 2 8 0.850000 6 0.150000
  8 -16.600754 45.596764 -0.017123 0.807939 -0.552552 -0.204748 0.728083 0.448262 2 8 0.850000 6 0.150000
pyro_hands_red
  8 -18.152897 43.949493 -0.580960 0.595318 -0.472393 -0.649955 0.677827 0.529802 1 8 1.000000
  8 -16.852005 45.568108 -0.691688 0.713546 -0.586521 -0.383205 0.697192 0.445738 2 8 0.850000 6 0.150000
  8 -17.876297 43.915699 -0.163249 0.765369 -0.536213 -0.355930 0.698396 0.531710 1 8 1.000000
pyro_hands_red
  8 -18.152897 43.949493 -0.580960 0.595318 -0.472393 -0.649955 0.677827 0.529802 1 8 1.000000
  8 -17.203096 45.633495 -1.241929 0.513550 -0.551924 -0.656998 0.669344 0.442645 2 8 0.850000 6 0.150000
  8 -16.852005 45.568108 -0.691688 0.713546 -0.586521 -0.383205 0.697192 0.445738 2 8 0.850000 6 0.150000
pyro_hands_red
  8 -18.152897 43.949493 -0.580960 0.595318 -0.472393 -0.649955 0.677827 0.529802 1 8 1.000000
  8 -17.918659 45.800831 -1.671598 0.201184 -0.471123 -0.858818 0.632984 0.443158 2 8 0.850000 6 0.150000
  8 -17.203096 45.633495 -1.241929 0.513550 -0.551924 -0.656998 0.669344 0.442645 2 8 0.850000 6 0.150000
pyro_hands_red
  8 -17.203096 45.633495 -1.241929 0.513550 -0.551924 -0.656998 0.669344 0.442645 2 8 0.850000 6 0.150000
  6 -16.453306 46.962883 -1.763711 0.513550 -0.551924 -0.656998 0.662648 0.373842 2 6 0.750000 8 0.250000
  6 -16.043406 46.872551 -1.108848 0.713546 -0.586521 -0.383204 0.696241 0.377869 2 6 0.750000 8 0.250000
pyro_hands_red
  8 -17.203096 45.633495 -1.241929 0.513550 -0.551924 -0.656998 0.669344 0.442645 2 8 0.850000 6 0.150000
  6 -16.043406 46.872551 -1.108848 0.713546 -0.586521 -0.383204 0.696241 0.377869 2 6 0.750000 8 0.250000
  8 -16.852005 45.568108 -0.691688 0.713546 -0.586521 -0.383205 0.697192 0.445738 2 8 0.850000 6 0.150000
pyro_hands_red
  8 -16.852005 45.568108 -0.691688 0.713546 -0.586521 -0.383205 0.697192 0.445738 2 8 0.850000 6 0.150000
  6 -16.043406 46.872551 -1.108848 0.713546 -0.586521 -0.383204 0.696241 0.377869 2 6 0.750000 8 0.250000
  6 -15.792038 46.896271 -0.394067 0.807939 -0.552552 -0.204748 0.729040 0.380968 2 6 0.750000 8 0.250000
pyro_hands_red
  8 -16.852005 45.568108 -0.691688 0.713546 -0.586521 -0.383205 0.697192 0.445738 2 8 0.850000 6 0.150000
  6 -15.792038 46.896271 -0.394067 0.807939 -0.552552 -0.204748 0.729040 0.380968 2 6 0.750000 8 0.250000
  8 -16.600754 45.596764 -0.017123 0.807939 -0.552552 -0.204748 0.728083 0.448262 2 8 0.850000 6 0.150000
pyro_hands_red
  6 -15.792038 46.896271 -0.394067 0.807939 -0.552552 -0.204748 0.729040 0.380968 2 6 0.750000 8 0.250000
  8 -16.323727 45.786594 0.901000 0.852037 -0.522457 -0.032732 0.770886 0.447143 2 8 0.850000 6 0.150000
  8 -16.600754 45.596764 -0.017123 0.807939 -0.552552 -0.204748 0.728083 0.448262 2 8 0.850000 6 0.150000
pyro_hands_red
  8 -17.301794 44.165798 1.334003 0.848918 -0.512580 -0.128839 0.768283 0.530288 2 8 0.850000 29 0.150000
  8 -16.600754 45.596764 -0.017123 0.807939 -0.552552 -0.204748 0.728083 0.448262 2 8 0.850000 6 0.150000
  8 -16.323727 45.786594 0.901000 0.852037 -0.522457 -0.032732 0.770886 0.447143 2 8 0.850000 6 0.150000
pyro_hands_red
  8 -17.017094 44.605995 2.036593 0.892933 -0.450117 -0.008129 0.803977 0.516083 2 8 0.750000 29 0.250000
  8 -17.301794 44.165798 1.334003 0.848918 -0.512580 -0.128839 0.768283 0.530288 2 8 0.850000 29 0.150000
  8 -16.323727 45.786594 0.901000 0.852037 -0.522457 -0.032732 0.770886 0.447143 2 8 0.850000 6 0.150000
pyro_hands_red
  8 -17.390890 43.630394 2.430704 0.870935 -0.432738 -0.232831 0.812000 0.561790 2 8 0.500000 29 0.500000
  8 -17.301794 44.165798 1.334003 0.848918 -0.512580 -0.128839 0.768283 0.530288 2 8 0.850000 29 0.150000
  8 -17.017094 44.605995 2.036593 0.892933 -0.450117 -0.008129 0.803977 0.516083 2 8 0.750000 29 0.250000
pyro_hands_red
  8 -17.017094 44.605995 2.036593 0.892933 -0.450117 -0.008129 0.803977 0.516083 2 8 0.750000 29 0.250000
  8 -17.109194 44.218193 3.101694 0.982675 -0.154082 -0.102995 0.846476 0.541400 2 8 0.500000 29 0.500000
  8 -17.390890 43.630394 2.430704 0.870935 -0.432738 -0.232831 0.812000 0.561790 2 8 0.500000 29 0.500000
pyro_hands_red
  8 -17.390890 43.630394 2.430704 0.870935 -0.432738 -0.232831 0.812000 0.561790 2 8 0.500000 29 0.500000
  8 -17.109194 44.218193 3.101694 0.982675 -0.154082 -0.102995 0.846476 0.541400 2 8 0.500000 29 0.500000
  29 -17.042492 43.056992 3.830234 0.930812 -0.269149 -0.247279 0.868763 0.594229 2 29 0.750000 8 0.250000
pyro_hands_red
  8 -17.390890 43.630394 2.430704 0.870935 -0.432738 -0.232831 0.812000 0.561790 2 8 0.500000 29 0.500000
  29 -17.042492 43.056992 3.830234 0.930812 -0.269149 -0.247279 0.868763 0.594229 2 29 0.750000 8 0.250000
  29 -17.455688 42.710888 3.325274 0.713546 -0.586521 -0.383205 0.841710 0.608086 2 29 0.750000 8 0.250000
pyro_hands_red
  8 -17.918659 45.800831 -1.671598 0.201184 -0.471123 -0.858818 0.632984 0.443158 2 8 0.850000 6 0.150000
  6 -16.453306 46.962883 -1.763711 0.513550 -0.551924 -0.656998 0.662648 0.373842 2 6 0.750000 8 0.250000
  8 -17.203096 45.633495 -1.241929 0.513550 -0.551924 -0.656998 0.669344 0.442645 2 8 0.850000 6 0.150000
pyro_hands_red
  8 -17.918659 45.800831 -1.671598 0.201184 -0.471123 -0.858818 0.632984 0.443158 2 8 0.850000 6 0.150000
  6 -17.367271 47.221428 -2.335439 0.201184 -0.471123 -0.858818 0.614319 0.373996 2 6 0.750000 8 0.250000
  6 -16.453306 46.962883 -1.763711 0.513550 -0.551924 -0.656998 0.662648 0.373842 2 6 0.750000 8 0.250000
pyro_hands_red
  6 -17.367271 47.221428 -2.335439 0.201184 -0.471123 -0.858818 0.614319 0.373996 2 6 0.750000 8 0.250000
  6 -15.517030 48.622902 -2.415269 0.513550 -0.551924 -0.656998 0.657472 0.317839 1 6 1.000000
  6 -16.453306 46.962883 -1.763711 0.513550 -0.551924 -0.656998 0.662648 0.373842 2 6 0.750000 8 0.250000
pyro_hands_red
  6 -17.367271 47.221428 -2.335439 0.201184 -0.471123 -0.858818 0.614319 0.373996 2 6 0.750000 8 0.250000
  6 -16.678743 48.995350 -3.164390 0.147683 -0.485413 -0.861722 0.596170 0.317546 1 6 1.000000
  6 -15.517030 48.622902 -2.415269 0.513550 -0.551924 -0.656998 0.657472 0.317839 1 6 1.000000
pyro_hands_red
  6 -16.453306 46.962883 -1.763711 0.513550 -0.551924 -0.656998 0.662648 0.373842 2 6 0.750000 8 0.250000
  6 -15.517030 48.622902 -2.415269 0.513550 -0.551924 -0.656998 0.657472 0.317839 1 6 1.000000
  6 -15.033695 48.501431 -1.629762 0.713546 -0.586521 -0.383205 0.696970 0.323034 1 6 1.000000
pyro_hands_red
  6 -16.453306 46.962883 -1.763711 0.513550 -0.551924 -0.656998 0.662648 0.373842 2 6 0.750000 8 0.250000
  6 -15.033695 48.501431 -1.629762 0.713546 -0.586521 -0.383205 0.696970 0.323034 1 6 1.000000
  6 -16.043406 46.872551 -1.108848 0.713546 -0.586521 -0.383204 0.696241 0.377869 2 6 0.750000 8 0.250000
pyro_hands_red
  6 -16.043406 46.872551 -1.108848 0.713546 -0.586521 -0.383204 0.696241 0.377869 2 6 0.750000 8 0.250000
  6 -15.033695 48.501431 -1.629762 0.713546 -0.586521 -0.383205 0.696970 0.323034 1 6 1.000000
  6 -14.782183 48.518997 -0.864763 0.816145 -0.553231 -0.166862 0.731052 0.326850 1 6 1.000000
pyro_hands_red
  6 -16.043406 46.872551 -1.108848 0.713546 -0.586521 -0.383204 0.696241 0.377869 2 6 0.750000 8 0.250000
  6 -14.782183 48.518997 -0.864763 0.816145 -0.553231 -0.166862 0.731052 0.326850 1 6 1.000000
  6 -15.792038 46.896271 -0.394067 0.807939 -0.552552 -0.204748 0.729040 0.380968 2 6 0.750000 8 0.250000
pyro_hands_red
  6 -14.782183 48.518997 -0.864763 0.816145 -0.553231 -0.166862 0.731052 0.326850 1 6 1.000000
  6 -15.551613 47.066082 0.559180 0.852037 -0.522457 -0.032732 0.772941 0.381507 2 6 0.750000 8 0.250000
  6 -15.792038 46.896271 -0.394067 0.807939 -0.552552 -0.204748 0.729040 0.380968 2 6 0.750000 8 0.250000
pyro_hands_red
  6 -15.792038 46.896271 -0.394067 0.807939 -0.552552 -0.204748 0.729040 0.380968 2 6 0.750000 8 0.250000
  6 -15.551613 47.066082 0.559180 0.852037 -0.522457 -0.032732 0.772941 0.381507 2 6 0.750000 8 0.250000
  8 -16.323727 45.786594 0.901000 0.852037 -0.522457 -0.032732 0.770886 0.447143 2 8 0.850000 6 0.150000
pyro_hands_red
  8 -16.112713 46.178253 1.746645 0.870515 -0.472609 0.137275 0.811920 0.437876 2 8 0.850000 6 0.150000
  8 -16.323727 45.786594 0.901000 0.852037 -0.522457 -0.032732 0.770886 0.447143 2 8 0.850000 6 0.150000
  6 -15.551613 47.066082 0.559180 0.852037 -0.522457 -0.032732 0.772941 0.381507 2 6 0.750000 8 0.250000
pyro_hands_red
  8 -17.017094 44.605995 2.036593 0.892933 -0.450117 -0.008129 0.803977 0.516083 2 8 0.750000 29 0.250000
  8 -16.323727 45.786594 0.901000 0.852037 -0.522457 -0.032732 0.770886 0.447143 2 8 0.850000 6 0.150000
  8 -16.112713 46.178253 1.746645 0.870515 -0.472609 0.137275 0.811920 0.437876 2 8 0.850000 6 0.150000
pyro_hands_red
  8 -16.851593 45.183594 2.829184 0.934989 -0.286092 0.209632 0.843527 0.498449 2 8 0.750000 29 0.250000
  8 -17.017094 44.605995 2.036593 0.892933 -0.450117 -0.008129 0.803977 0.516083 2 8 0.750000 29 0.250000
  8 -16.112713 46.178253 1.746645 0.870515 -0.472609 0.137275 0.811920 0.437876 2 8 0.850000 6 0.150000
pyro_hands_red
  8 -17.017094 44.605995 2.036593 0.892933 -0.450117 -0.008129 0.803977 0.516083 2 8 0.750000 29 0.250000
  8 -16.851593 45.183594 2.829184 0.934989 -0.286092 0.209632 0.843527 0.498449 2 8 0.750000 29 0.250000
  8 -17.109194 44.218193 3.101694 0.982675 -0.154082 -0.102995 0.846476 0.541400 2 8 0.500000 29 0.500000
pyro_hands_red
  8 -17.015295 44.922897 3.983184 0.971951 0.176156 0.155821 0.888093 0.519565 2 8 0.500000 29 0.500000
  8 -17.109194 44.218193 3.101694 0.982675 -0.154082 -0.102995 0.846476 0.541400 2 8 0.500000 29 0.500000
  8 -16.851593 45.183594 2.829184 0.934989 -0.286092 0.209632 0.843527 0.498449 2 8 0.750000 29 0.250000
pyro_hands_red
  29 -16.845493 43.873398 4.624235 0.992532 0.079433 0.092573 0.907108 0.566784 1 29 1.000000
  8 -17.109194 44.218193 3.101694 0.982675 -0.154082 -0.102995 0.846476 0.541400 2 8 0.500000 29 0.500000
  8 -17.015295 44.922897 3.983184 0.971951 0.176156 0.155821 0.888093 0.519565 2 8 0.500000 29 0.500000
pyro_hands_red
  29 -16.845493 43.873398 4.624235 0.992532 0.079433 0.092573 0.907108 0.566784 1 29 1.000000
  29 -17.042492 43.056992 3.830234 0.930812 -0.269149 -0.247279 0.868763 0.594229 2 29 0.750000 8 0.250000
  8 -17.109194 44.218193 3.101694 0.982675 -0.154082 -0.102995 0.846476 0.541400 2 8 0.500000 29 0.500000
pyro_hands_red
  29 -16.932791 42.989193 5.195755 0.991551 -0.059367 0.115332 0.922549 0.606616 1 29 1.000000
  29 -17.042492 43.056992 3.830234 0.930812 -0.269149 -0.247279 0.868763 0.594229 2 29 0.750000 8 0.250000
  29 -16.845493 43.873398 4.624235 0.992532 0.079433 0.092573 0.907108 0.566784 1 29 1.000000
pyro_hands_red
  8 -17.015295 44.922897 3.983184 0.971951 0.176156 0.155821 0.888093 0.519565 2 8 0.500000 29 0.500000
  8 -16.851593 45.183594 2.829184 0.934989 -0.286092 0.209632 0.843527 0.498449 2 8 0.750000 29 0.250000
  8 -17.157593 45.707489 3.703383 0.889136 -0.033297 0.456430 0.884106 0.486313 2 8 0.670000 29 0.330000
pyro_hands_red
  8 -17.157593 45.707489 3.703383 0.889136 -0.033297 0.456430 0.884106 0.486313 2 8 0.670000 29 0.330000
  8 -16.851593 45.183594 2.829184 0.934989 -0.286092 0.209632 0.843527 0.498449 2 8 0.750000 29 0.250000
  8 -16.055656 46.686287 2.617483 0.838703 -0.377424 0.392592 0.854298 0.426388 2 8 0.850000 6 0.150000
pyro_hands_red
  8 -16.851593 45.183594 2.829184 0.934989 -0.286092 0.209632 0.843527 0.498449 2 8 0.750000 29 0.250000
  8 -16.112713 46.178253 1.746645 0.870515 -0.472609 0.137275 0.811920 0.437876 2 8 0.850000 6 0.150000
  8 -16.055656 46.686287 2.617483 0.838703 -0.377424 0.392592 0.854298 0.426388 2 8 0.850000 6 0.150000
pyro_hands_red
  8 -16.055656 46.686287 2.617483 0.838703 -0.377424 0.392592 0.854298 0.426388 2 8 0.850000 6 0.150000
  8 -16.112713 46.178253 1.746645 0.870515 -0.472609 0.137275 0.811920 0.437876 2 8 0.850000 6 0.150000
  6 -15.398774 47.419411 1.517755 0.870515 -0.472609 0.137274 0.818191 0.376137 2 6 0.750000 8 0.250000
pyro_hands_red
  8 -16.112713 46.178253 1.746645 0.870515 -0.472609 0.137275 0.811920 0.437876 2 8 0.850000 6 0.150000
  6 -15.551613 47.066082 0.559180 0.852037 -0.522457 -0.032732 0.772941 0.381507 2 6 0.750000 8 0.250000
  6 -15.398774 47.419411 1.517755 0.870515 -0.472609 0.137274 0.818191 0.376137 2 6 0.750000 8 0.250000
pyro_hands_red
  6 -15.398774 47.419411 1.517755 0.870515 -0.472609 0.137274 0.818191 0.376137 2 6 0.750000 8 0.250000
  6 -15.551613 47.066082 0.559180 0.852037 -0.522457 -0.032732 0.772941 0.381507 2 6 0.750000 8 0.250000
  6 -14.587469 48.663795 0.132343 0.853049 -0.521108 0.027456 0.774914 0.329459 1 6 1.000000
pyro_hands_red
  6 -14.782183 48.518997 -0.864763 0.816145 -0.553231 -0.166862 0.731052 0.326850 1 6 1.000000
  6 -14.587469 48.663795 0.132343 0.853049 -0.521108 0.027456 0.774914 0.329459 1 6 1.000000
  6 -15.551613 47.066082 0.559180 0.852037 -0.522457 -0.032732 0.772941 0.381507 2 6 0.750000 8 0.250000
pyro_hands_red
  8 -17.157593 45.707489 3.703383 0.889136 -0.033297 0.456430 0.884106 0.486313 2 8 0.670000 29 0.330000
  8 -16.055656 46.686287 2.617483 0.838703 -0.377424 0.392592 0.854298 0.426388 2 8 0.850000 6 0.150000
  8 -16.489851 47.207874 3.461515 0.715759 -0.204660 0.667685 0.897760 0.419056 2 8 0.850000 6 0.150000
pyro_hands_red
  8 -16.489851 47.207874 3.461515 0.715759 -0.204660 0.667685 0.897760 0.419056 2 8 0.850000 6 0.150000
  8 -16.055656 46.686287 2.617483 0.838703 -0.377424 0.392592 0.854298 0.426388 2 8 0.850000 6 0.150000
  6 -15.427328 47.872543 2.450364 0.816719 -0.357290 0.453117 0.862801 0.369502 2 6 0.750000 8 0.250000
pyro_hands_red
  8 -16.055656 46.686287 2.617483 0.838703 -0.377424 0.392592 0.854298 0.426388 2 8 0.850000 6 0.150000
  6 -15.398774 47.419411 1.517755 0.870515 -0.472609 0.137274 0.818191 0.376137 2 6 0.750000 8 0.250000
  6 -15.427328 47.872543 2.450364 0.816719 -0.357290 0.453117 0.862801 0.369502 2 6 0.750000 8 0.250000
pyro_hands_red
  6 -15.427328 47.872543 2.450364 0.816719 -0.357290 0.453117 0.862801 0.369502 2 6 0.750000 8 0.250000
  6 -15.398774 47.419411 1.517755 0.870515 -0.472609 0.137274 0.818191 0.376137 2 6 0.750000 8 0.250000
  6 -14.507269 48.969273 1.231935 0.861437 -0.475993 0.177080 0.823854 0.328956 1 6 1.000000
pyro_hands_red
  6 -15.398774 47.419411 1.517755 0.870515 -0.472609 0.137274 0.818191 0.376137 2 6 0.750000 8 0.250000
  6 -14.587469 48.663795 0.132343 0.853049 -0.521108 0.027456 0.774914 0.329459 1 6 1.000000
  6 -14.507269 48.969273 1.231935 0.861437 -0.475993 0.177080 0.823854 0.328956 1 6 1.000000
pyro_hands_red
  8 -16.489851 47.207874 3.461515 0.715759 -0.204660 0.667685 0.897760 0.419056 2 8 0.850000 6 0.150000
  6 -15.427328 47.872543 2.450364 0.816719 -0.357290 0.453117 0.862801 0.369502 2 6 0.750000 8 0.250000
  6 -15.962718 48.392311 3.270583 0.630455 -0.152193 0.761159 0.908539 0.365961 2 6 0.750000 8 0.250000
pyro_hands_red
  6 -15.962718 48.392311 3.270583 0.630455 -0.152193 0.761159 0.908539 0.365961 2 6 0.750000 8 0.250000
  6 -15.427328 47.872543 2.450364 0.816719 -0.357290 0.453117 0.862801 0.369502 2 6 0.750000 8 0.250000
  6 -14.642726 49.353840 2.241676 0.792480 -0.336860 0.508430 0.869774 0.328380 1 6 1.000000
pyro_hands_red
  6 -15.427328 47.872543 2.450364 0.816719 -0.357290 0.453117 0.862801 0.369502 2 6 0.750000 8 0.250000
  6 -14.507269 48.969273 1.231935 0.861437 -0.475993 0.177080 0.823854 0.328956 1 6 1.000000
  6 -14.642726 49.353840 2.241676 0.792480 -0.336860 0.508430 0.869774 0.328380 1 6 1.000000
pyro_hands_red
  6 -15.962718 48.392311 3.270583 0.630455 -0.152193 0.761159 0.908539 0.365961 2 6 0.750000 8 0.250000
  6 -14.642726 49.353840 2.241676 0.792480 -0.336860 0.508430 0.869774 0.328380 1 6 1.000000
  6 -15.304485 49.871330 3.032158 0.540398 -0.101203 0.835301 0.916840 0.329574 1 6 1.000000
pyro_hands_red
  39 -18.547894 36.944382 5.391719 0.150482 -0.289740 -0.945202 0.808071 0.915107 1 39 1.000000
  39 -18.148590 36.926674 5.630529 0.863512 -0.173567 -0.473521 0.818652 0.922840 1 39 1.000000
  39 -18.324596 36.705379 5.578529 0.514924 -0.641304 -0.568843 0.812417 0.927373 1 39 1.000000
pyro_hands_red
  39 -18.148590 36.926674 5.630529 0.863512 -0.173567 -0.473521 0.818652 0.922840 1 39 1.000000
  39 -18.241295 36.686977 6.050858 0.665078 -0.734514 0.134757 0.826135 0.934429 1 39 1.000000
  39 -18.324596 36.705379 5.578529 0.514924 -0.641304 -0.568843 0.812417 0.927373 1 39 1.000000
pyro_hands_red
  39 -18.148590 36.926674 5.630529 0.863512 -0.173567 -0.473521 0.818652 0.922840 1 39 1.000000
  39 -18.067194 36.982479 6.049689 0.989677 -0.137943 0.038881 0.828712 0.925631 1 39 1.000000
  39 -18.241295 36.686977 6.050858 0.665078 -0.734514 0.134757 0.826135 0.934429 1 39 1.000000
pyro_hands_red
  39 -18.067194 36.982479 6.049689 0.989677 -0.137943 0.038881 0.828712 0.925631 1 39 1.000000
  39 -18.319195 36.887276 6.521388 0.497778 -0.466138 0.731391 0.841902 0.932392 1 39 1.000000
  39 -18.241295 36.686977 6.050858 0.665078 -0.734514 0.134757 0.826135 0.934429 1 39 1.000000
pyro_hands_red
  37 -19.549297 38.560890 6.498264 0.589667 0.551301 0.590220 0.854499 0.875099 2 37 0.800000 39 0.200000
  37 -19.914700 38.375694 6.713655 0.102501 0.117477 0.987772 0.866470 0.875457 2 37 0.800000 39 0.200000
  39 -19.736795 38.203686 6.715738 0.086081 0.066779 0.994047 0.865114 0.880856 2 39 0.800000 37 0.200000
pyro_hands_red
  37 -20.277496 39.527496 6.363401 0.673610 0.458200 0.579916 0.856753 0.861042 2 37 0.750000 35 0.250000
  37 -19.914700 38.375694 6.713655 0.102501 0.117477 0.987772 0.866470 0.875457 2 37 0.800000 39 0.200000
  37 -19.549297 38.560890 6.498264 0.589667 0.551301 0.590220 0.854499 0.875099 2 37 0.800000 39 0.200000
pyro_hands_red
  37 -20.087297 39.445194 5.734762 0.888063 0.449819 -0.094905 0.838738 0.860525 2 37 0.750000 35 0.250000
  37 -20.277496 39.527496 6.363401 0.673610 0.458200 0.579916 0.856753 0.861042 2 37 0.750000 35 0.250000
  37 -19.549297 38.560890 6.498264 0.589667 0.551301 0.590220 0.854499 0.875099 2 37 0.800000 39 0.200000
pyro_hands_red
  37 -20.087297 39.445194 5.734762 0.888063 0.449819 -0.094905 0.838738 0.860525 2 37 0.750000 35 0.250000
  37 -19.549297 38.560890 6.498264 0.589667 0.551301 0.590220 0.854499 0.875099 2 37 0.800000 39 0.200000
  37 -19.393929 38.523651 5.899853 0.752552 0.647212 -0.121586 0.837988 0.874530 2 37 0.800000 39 0.200000
pyro_hands_red
  37 -20.087297 39.445194 5.734762 0.888063 0.449819 -0.094905 0.838738 0.860525 2 37 0.750000 35 0.250000
  37 -19.393929 38.523651 5.899853 0.752552 0.647212 -0.121586 0.837988 0.874530 2 37 0.800000 39 0.200000
  37 -19.530499 38.333786 5.342755 0.580290 0.379354 -0.720662 0.821860 0.872772 2 37 0.800000 39 0.200000
pyro_hands_red
  37 -19.393929 38.523651 5.899853 0.752552 0.647212 -0.121586 0.837988 0.874530 2 37 0.800000 39 0.200000
  39 -19.378996 38.195786 5.372348 0.507450 0.469578 -0.722490 0.821962 0.878312 2 39 0.800000 37 0.200000
  37 -19.530499 38.333786 5.342755 0.580290 0.379354 -0.720662 0.821860 0.872772 2 37 0.800000 39 0.200000
pyro_hands_red
  39 -19.727596 37.905983 5.206676 0.030460 -0.179288 -0.983325 0.810222 0.874995 2 39 0.800000 37 0.200000
  37 -19.530499 38.333786 5.342755 0.580290 0.379354 -0.720662 0.821860 0.872772 2 37 0.800000 39 0.200000
  39 -19.378996 38.195786 5.372348 0.507450 0.469578 -0.722490 0.821962 0.878312 2 39 0.800000 37 0.200000
pyro_hands_red
  39 -18.899496 37.283180 5.296529 0.030460 -0.179288 -0.983325 0.808484 0.900976 1 39 1.000000
  39 -19.727596 37.905983 5.206676 0.030460 -0.179288 -0.983325 0.810222 0.874995 2 39 0.800000 37 0.200000
  39 -19.378996 38.195786 5.372348 0.507450 0.469578 -0.722490 0.821962 0.878312 2 39 0.800000 37 0.200000
pyro_hands_red
  39 -18.899496 37.283180 5.296529 0.030460 -0.179288 -0.983325 0.808484 0.900976 1 39 1.000000
  39 -19.378996 38.195786 5.372348 0.507450 0.469578 -0.722490 0.821962 0.878312 2 39 0.800000 37 0.200000
  39 -18.565495 37.561680 5.454559 0.550983 0.427975 -0.716418 0.819525 0.904129 1 39 1.000000
pyro_hands_red
  39 -18.547894 36.944382 5.391719 0.150482 -0.289740 -0.945202 0.808071 0.915107 1 39 1.000000
  39 -18.899496 37.283180 5.296529 0.030460 -0.179288 -0.983325 0.808484 0.900976 1 39 1.000000
  39 -18.565495 37.561680 5.454559 0.550983 0.427975 -0.716418 0.819525 0.904129 1 39 1.000000
pyro_hands_red
  39 -18.547894 36.944382 5.391719 0.150482 -0.289740 -0.945202 0.808071 0.915107 1 39 1.000000
  39 -18.565495 37.561680 5.454559 0.550983 0.427975 -0.716418 0.819525 0.904129 1 39 1.000000
  39 -18.258194 37.166679 5.535969 0.718250 0.201041 -0.666107 0.818383 0.916242 1 39 1.000000
pyro_hands_red
  39 -18.547894 36.944382 5.391719 0.150482 -0.289740 -0.945202 0.808071 0.915107 1 39 1.000000
  39 -18.258194 37.166679 5.535969 0.718250 0.201041 -0.666107 0.818383 0.916242 1 39 1.000000
  39 -18.148590 36.926674 5.630529 0.863512 -0.173567 -0.473521 0.818652 0.922840 1 39 1.000000
pyro_hands_red
  39 -18.148590 36.926674 5.630529 0.863512 -0.173567 -0.473521 0.818652 0.922840 1 39 1.000000
  39 -18.258194 37.166679 5.535969 0.718250 0.201041 -0.666107 0.818383 0.916242 1 39 1.000000
  39 -18.142494 37.310780 6.011419 0.897102 0.438259 -0.056001 0.830303 0.918202 1 39 1.000000
pyro_hands_red
  39 -18.148590 36.926674 5.630529 0.863512 -0.173567 -0.473521 0.818652 0.922840 1 39 1.000000
  39 -18.142494 37.310780 6.011419 0.897102 0.438259 -0.056001 0.830303 0.918202 1 39 1.000000
  39 -18.067194 36.982479 6.049689 0.989677 -0.137943 0.038881 0.828712 0.925631 1 39 1.000000
pyro_hands_red
  39 -18.142494 37.310780 6.011419 0.897102 0.438259 -0.056001 0.830303 0.918202 1 39 1.000000
  39 -18.158096 37.081585 6.448190 0.842712 -0.059269 0.535093 0.839040 0.925748 1 39 1.000000
  39 -18.067194 36.982479 6.049689 0.989677 -0.137943 0.038881 0.828712 0.925631 1 39 1.000000
pyro_hands_red
  39 -18.067194 36.982479 6.049689 0.989677 -0.137943 0.038881 0.828712 0.925631 1 39 1.000000
  39 -18.158096 37.081585 6.448190 0.842712 -0.059269 0.535093 0.839040 0.925748 1 39 1.000000
  39 -18.319195 36.887276 6.521388 0.497778 -0.466138 0.731391 0.841902 0.932392 1 39 1.000000
pyro_hands_red
  39 -18.530893 37.184982 6.649580 0.184728 -0.082412 0.979328 0.851126 0.922084 1 39 1.000000
  39 -18.319195 36.887276 6.521388 0.497778 -0.466138 0.731391 0.841902 0.932392 1 39 1.000000
  39 -18.158096 37.081585 6.448190 0.842712 -0.059269 0.535093 0.839040 0.925748 1 39 1.000000
pyro_hands_red
  39 -18.530893 37.184982 6.649580 0.184728 -0.082412 0.979328 0.851126 0.922084 1 39 1.000000
  39 -18.158096 37.081585 6.448190 0.842712 -0.059269 0.535093 0.839040 0.925748 1 39 1.000000
  39 -18.285292 37.344681 6.488719 0.724109 0.332573 0.604203 0.842314 0.919177 1 39 1.000000
pyro_hands_red
  39 -18.258194 37.166679 5.535969 0.718250 0.201041 -0.666107 0.818383 0.916242 1 39 1.000000
  39 -18.565495 37.561680 5.454559 0.550983 0.427975 -0.716418 0.819525 0.904129 1 39 1.000000
  39 -18.441895 37.730381 5.970260 0.729079 0.676989 -0.100643 0.832736 0.906469 1 39 1.000000
pyro_hands_red
  39 -18.258194 37.166679 5.535969 0.718250 0.201041 -0.666107 0.818383 0.916242 1 39 1.000000
  39 -18.441895 37.730381 5.970260 0.729079 0.676989 -0.100643 0.832736 0.906469 1 39 1.000000
  39 -18.142494 37.310780 6.011419 0.897102 0.438259 -0.056001 0.830303 0.918202 1 39 1.000000
pyro_hands_red
  39 -18.285292 37.344681 6.488719 0.724109 0.332573 0.604203 0.842314 0.919177 1 39 1.000000
  39 -18.142494 37.310780 6.011419 0.897102 0.438259 -0.056001 0.830303 0.918202 1 39 1.000000
  39 -18.441895 37.730381 5.970260 0.729079 0.676989 -0.100643 0.832736 0.906469 1 39 1.000000
pyro_hands_red
  39 -18.142494 37.310780 6.011419 0.897102 0.438259 -0.056001 0.830303 0.918202 1 39 1.000000
  39 -18.285292 37.344681 6.488719 0.724109 0.332573 0.604203 0.842314 0.919177 1 39 1.000000
  39 -18.158096 37.081585 6.448190 0.842712 -0.059269 0.535093 0.839040 0.925748 1 39 1.000000
pyro_hands_red
  37 -20.277496 39.527496 6.363401 0.673610 0.458200 0.579916 0.856753 0.861042 2 37 0.750000 35 0.250000
  37 -20.797096 39.437294 6.633971 0.113301 0.205601 0.972055 0.870217 0.859668 2 37 0.750000 35 0.250000
  37 -19.914700 38.375694 6.713655 0.102501 0.117477 0.987772 0.866470 0.875457 2 37 0.800000 39 0.200000
pyro_hands_red
  37 -20.087297 39.445194 5.734762 0.888063 0.449819 -0.094905 0.838738 0.860525 2 37 0.750000 35 0.250000
  37 -19.530499 38.333786 5.342755 0.580290 0.379354 -0.720662 0.821860 0.872772 2 37 0.800000 39 0.200000
  37 -20.276897 39.246994 5.120702 0.673703 0.194186 -0.713033 0.819889 0.857501 2 37 0.750000 35 0.250000
pyro_hands_red
  37 -20.276897 39.246994 5.120702 0.673703 0.194186 -0.713033 0.819889 0.857501 2 37 0.750000 35 0.250000
  37 -19.530499 38.333786 5.342755 0.580290 0.379354 -0.720662 0.821860 0.872772 2 37 0.800000 39 0.200000
  37 -19.906700 38.095287 5.170193 0.030460 -0.179288 -0.983325 0.809302 0.870237 2 37 0.800000 39 0.200000
pyro_hands_red
  39 -19.727596 37.905983 5.206676 0.030460 -0.179288 -0.983325 0.810222 0.874995 2 39 0.800000 37 0.200000
  37 -19.906700 38.095287 5.170193 0.030460 -0.179288 -0.983325 0.809302 0.870237 2 37 0.800000 39 0.200000
  37 -19.530499 38.333786 5.342755 0.580290 0.379354 -0.720662 0.821860 0.872772 2 37 0.800000 39 0.200000
pyro_hands_red
  37 -20.276897 39.246994 5.120702 0.673703 0.194186 -0.713033 0.819889 0.857501 2 37 0.750000 35 0.250000
  37 -19.906700 38.095287 5.170193 0.030460 -0.179288 -0.983325 0.809302 0.870237 2 37 0.800000 39 0.200000
  37 -20.762398 39.047691 4.922972 0.073715 -0.233306 -0.969605 0.807396 0.854608 2 37 0.750000 35 0.250000
pyro_hands_red
  39 -18.530893 37.184982 6.649580 0.184728 -0.082412 0.979328 0.851126 0.922084 1 39 1.000000
  39 -18.285292 37.344681 6.488719 0.724109 0.332573 0.604203 0.842314 0.919177 1 39 1.000000
  39 -18.573092 37.714882 6.514079 0.589667 0.551301 0.590221 0.846336 0.908005 1 39 1.000000
pyro_hands_red
  39 -18.285292 37.344681 6.488719 0.724109 0.332573 0.604203 0.842314 0.919177 1 39 1.000000
  39 -18.441895 37.730381 5.970260 0.729079 0.676989 -0.100643 0.832736 0.906469 1 39 1.000000
  39 -18.573092 37.714882 6.514079 0.589667 0.551301 0.590221 0.846336 0.908005 1 39 1.000000
pyro_hands_red
  39 -19.260397 38.396584 5.917139 0.667608 0.734321 -0.122768 0.837331 0.880105 2 39 0.800000 37 0.200000
  39 -18.573092 37.714882 6.514079 0.589667 0.551301 0.590221 0.846336 0.908005 1 39 1.000000
  39 -18.441895 37.730381 5.970260 0.729079 0.676989 -0.100643 0.832736 0.906469 1 39 1.000000
pyro_hands_red
  39 -18.565495 37.561680 5.454559 0.550983 0.427975 -0.716418 0.819525 0.904129 1 39 1.000000
  39 -19.260397 38.396584 5.917139 0.667608 0.734321 -0.122768 0.837331 0.880105 2 39 0.800000 37 0.200000
  39 -18.441895 37.730381 5.970260 0.729079 0.676989 -0.100643 0.832736 0.906469 1 39 1.000000
pyro_hands_red
  39 -18.565495 37.561680 5.454559 0.550983 0.427975 -0.716418 0.819525 0.904129 1 39 1.000000
  39 -19.378996 38.195786 5.372348 0.507450 0.469578 -0.722490 0.821962 0.878312 2 39 0.800000 37 0.200000
  39 -19.260397 38.396584 5.917139 0.667608 0.734321 -0.122768 0.837331 0.880105 2 39 0.800000 37 0.200000
pyro_hands_red
  37 -19.393929 38.523651 5.899853 0.752552 0.647212 -0.121586 0.837988 0.874530 2 37 0.800000 39 0.200000
  39 -19.260397 38.396584 5.917139 0.667608 0.734321 -0.122768 0.837331 0.880105 2 39 0.800000 37 0.200000
  39 -19.378996 38.195786 5.372348 0.507450 0.469578 -0.722490 0.821962 0.878312 2 39 0.800000 37 0.200000
pyro_hands_red
  37 -19.393929 38.523651 5.899853 0.752552 0.647212 -0.121586 0.837988 0.874530 2 37 0.800000 39 0.200000
  39 -19.401596 38.410583 6.511958 0.541684 0.616538 0.571366 0.853462 0.880936 2 39 0.800000 37 0.200000
  39 -19.260397 38.396584 5.917139 0.667608 0.734321 -0.122768 0.837331 0.880105 2 39 0.800000 37 0.200000
pyro_hands_red
  37 -19.393929 38.523651 5.899853 0.752552 0.647212 -0.121586 0.837988 0.874530 2 37 0.800000 39 0.200000
  37 -19.549297 38.560890 6.498264 0.589667 0.551301 0.590220 0.854499 0.875099 2 37 0.800000 39 0.200000
  39 -19.401596 38.410583 6.511958 0.541684 0.616538 0.571366 0.853462 0.880936 2 39 0.800000 37 0.200000
pyro_hands_red
  37 -19.549297 38.560890 6.498264 0.589667 0.551301 0.590220 0.854499 0.875099 2 37 0.800000 39 0.200000
  39 -19.736795 38.203686 6.715738 0.086081 0.066779 0.994047 0.865114 0.880856 2 39 0.800000 37 0.200000
  39 -19.401596 38.410583 6.511958 0.541684 0.616538 0.571366 0.853462 0.880936 2 39 0.800000 37 0.200000
pyro_hands_red
  39 -19.401596 38.410583 6.511958 0.541684 0.616538 0.571366 0.853462 0.880936 2 39 0.800000 37 0.200000
  39 -19.736795 38.203686 6.715738 0.086081 0.066779 0.994047 0.865114 0.880856 2 39 0.800000 37 0.200000
  39 -18.852093 37.519882 6.690609 0.097934 0.022013 0.994949 0.856231 0.908752 1 39 1.000000
pyro_hands_red
  39 -19.401596 38.410583 6.511958 0.541684 0.616538 0.571366 0.853462 0.880936 2 39 0.800000 37 0.200000
  39 -18.852093 37.519882 6.690609 0.097934 0.022013 0.994949 0.856231 0.908752 1 39 1.000000
  39 -18.573092 37.714882 6.514079 0.589667 0.551301 0.590221 0.846336 0.908005 1 39 1.000000
pyro_hands_red
  39 -18.530893 37.184982 6.649580 0.184728 -0.082412 0.979328 0.851126 0.922084 1 39 1.000000
  39 -18.573092 37.714882 6.514079 0.589667 0.551301 0.590221 0.846336 0.908005 1 39 1.000000
  39 -18.852093 37.519882 6.690609 0.097934 0.022013 0.994949 0.856231 0.908752 1 39 1.000000
pyro_hands_red
  39 -19.260397 38.396584 5.917139 0.667608 0.734321 -0.122768 0.837331 0.880105 2 39 0.800000 37 0.200000
  39 -19.401596 38.410583 6.511958 0.541684 0.616538 0.571366 0.853462 0.880936 2 39 0.800000 37 0.200000
  39 -18.573092 37.714882 6.514079 0.589667 0.551301 0.590221 0.846336 0.908005 1 39 1.000000
pyro_hands_red
  55 -19.462986 37.827290 -0.247099 -0.215277 -0.449569 -0.866916 0.521133 0.805073 2 55 0.573500 57 0.426500
  55 -19.506388 38.924393 -0.288831 0.459192 0.166254 -0.872641 0.534927 0.788344 2 55 0.750000 53 0.250000
  55 -18.979485 38.189690 -0.195309 0.443760 0.218342 -0.869139 0.536451 0.803417 2 55 0.561700 57 0.438300
pyro_hands_red
  55 -19.693188 37.725693 0.160766 -0.603075 -0.774432 -0.191195 0.510201 0.807538 2 55 0.582000 57 0.418000
  55 -20.288591 38.752785 -0.399398 -0.290826 -0.263144 -0.919878 0.513788 0.785372 2 55 0.750000 53 0.250000
  55 -19.462986 37.827290 -0.247099 -0.215277 -0.449569 -0.866916 0.521133 0.805073 2 55 0.573500 57 0.426500
pyro_hands_red
  55 -19.462986 37.827290 -0.247099 -0.215277 -0.449569 -0.866916 0.521133 0.805073 2 55 0.573500 57 0.426500
  55 -20.288591 38.752785 -0.399398 -0.290826 -0.263144 -0.919878 0.513788 0.785372 2 55 0.750000 53 0.250000
  55 -19.506388 38.924393 -0.288831 0.459192 0.166254 -0.872641 0.534927 0.788344 2 55 0.750000 53 0.250000
pyro_hands_red
  53 -19.596588 39.129578 -0.303884 0.472945 0.054244 -0.879421 0.535940 0.778899 2 53 0.700000 55 0.300000
  55 -19.506388 38.924393 -0.288831 0.459192 0.166254 -0.872641 0.534927 0.788344 2 55 0.750000 53 0.250000
  55 -20.288591 38.752785 -0.399398 -0.290826 -0.263144 -0.919878 0.513788 0.785372 2 55 0.750000 53 0.250000
pyro_hands_red
  53 -19.621389 39.545479 -0.325918 0.490903 -0.033390 -0.870574 0.537826 0.762537 1 53 1.000000
  53 -20.394291 40.021786 -0.466594 -0.181624 -0.086508 -0.979556 0.506711 0.744712 1 53 1.000000
  53 -19.589687 40.029079 -0.333723 0.496899 -0.100441 -0.861976 0.540135 0.741895 1 53 1.000000
pyro_hands_red
  53 -19.621389 39.545479 -0.325918 0.490903 -0.033390 -0.870574 0.537826 0.762537 1 53 1.000000
  53 -20.429991 39.485180 -0.441916 -0.263524 -0.099600 -0.959497 0.507558 0.764085 1 53 1.000000
  53 -20.394291 40.021786 -0.466594 -0.181624 -0.086508 -0.979556 0.506711 0.744712 1 53 1.000000
pyro_hands_red
  53 -19.596588 39.129578 -0.303884 0.472945 0.054244 -0.879421 0.535940 0.778899 2 53 0.700000 55 0.300000
  53 -20.429991 39.485180 -0.441916 -0.263524 -0.099600 -0.959497 0.507558 0.764085 1 53 1.000000
  53 -19.621389 39.545479 -0.325918 0.490903 -0.033390 -0.870574 0.537826 0.762537 1 53 1.000000
pyro_hands_red
  53 -19.596588 39.129578 -0.303884 0.472945 0.054244 -0.879421 0.535940 0.778899 2 53 0.700000 55 0.300000
  53 -20.352591 38.979286 -0.403920 -0.307395 -0.136450 -0.941748 0.511217 0.779486 2 53 0.700000 55 0.300000
  53 -20.429991 39.485180 -0.441916 -0.263524 -0.099600 -0.959497 0.507558 0.764085 1 53 1.000000
pyro_hands_red
  53 -19.596588 39.129578 -0.303884 0.472945 0.054244 -0.879421 0.535940 0.778899 2 53 0.700000 55 0.300000
  55 -20.288591 38.752785 -0.399398 -0.290826 -0.263144 -0.919878 0.513788 0.785372 2 55 0.750000 53 0.250000
  53 -20.352591 38.979286 -0.403920 -0.307395 -0.136450 -0.941748 0.511217 0.779486 2 53 0.700000 55 0.300000
pyro_hands_red
  55 -20.631790 38.721394 -0.013788 -0.804431 -0.509998 -0.304619 0.501620 0.786369 2 55 0.750000 53 0.250000
  53 -20.352591 38.979286 -0.403920 -0.307395 -0.136450 -0.941748 0.511217 0.779486 2 53 0.700000 55 0.300000
  55 -20.288591 38.752785 -0.399398 -0.290826 -0.263144 -0.919878 0.513788 0.785372 2 55 0.750000 53 0.250000
pyro_hands_red
  55 -19.693188 37.725693 0.160766 -0.603075 -0.774432 -0.191195 0.510201 0.807538 2 55 0.582000 57 0.418000
  55 -20.631790 38.721394 -0.013788 -0.804431 -0.509998 -0.304619 0.501620 0.786369 2 55 0.750000 53 0.250000
  55 -20.288591 38.752785 -0.399398 -0.290826 -0.263144 -0.919878 0.513788 0.785372 2 55 0.750000 53 0.250000
pyro_hands_red
  55 -19.693188 37.725693 0.160766 -0.603075 -0.774432 -0.191195 0.510201 0.807538 2 55 0.582000 57 0.418000
  55 -20.646589 38.772293 0.475465 -0.760161 -0.408777 0.505031 0.491361 0.791052 2 55 0.750000 53 0.250000
  55 -20.631790 38.721394 -0.013788 -0.804431 -0.509998 -0.304619 0.501620 0.786369 2 55 0.750000 53 0.250000
pyro_hands_red
  55 -19.693188 37.725693 0.160766 -0.603075 -0.774432 -0.191195 0.510201 0.807538 2 55 0.582000 57 0.418000
  55 -19.697586 37.804783 0.627715 -0.571085 -0.619807 0.538239 0.500210 0.810983 2 55 0.570800 57 0.429200
  55 -20.646589 38.772293 0.475465 -0.760161 -0.408777 0.505031 0.491361 0.791052 2 55 0.750000 53 0.250000
pyro_hands_red
  55 -20.052689 39.007294 0.875982 -0.309272 -0.036577 0.950270 0.479292 0.803438 2 55 0.750000 53 0.250000
  55 -20.646589 38.772293 0.475465 -0.760161 -0.408777 0.505031 0.491361 0.791052 2 55 0.750000 53 0.250000
  55 -19.697586 37.804783 0.627715 -0.571085 -0.619807 0.538239 0.500210 0.810983 2 55 0.570800 57 0.429200
pyro_hands_red
  55 -20.052689 39.007294 0.875982 -0.309272 -0.036577 0.950270 0.479292 0.803438 2 55 0.750000 53 0.250000
  55 -19.697586 37.804783 0.627715 -0.571085 -0.619807 0.538239 0.500210 0.810983 2 55 0.570800 57 0.429200
  55 -19.298687 38.159889 0.979614 -0.232706 -0.174074 0.956842 0.487303 0.818050 2 55 0.540700 57 0.459300
pyro_hands_red
  53 -20.816690 39.559185 -0.113599 -0.830647 -0.207939 -0.516514 0.489850 0.765631 1 53 1.000000
  53 -20.394291 40.021786 -0.466594 -0.181624 -0.086508 -0.979556 0.506711 0.744712 1 53 1.000000
  53 -20.429991 39.485180 -0.441916 -0.263524 -0.099600 -0.959497 0.507558 0.764085 1 53 1.000000
pyro_hands_red
  53 -20.703688 38.954483 -0.043639 -0.877736 -0.269677 -0.396049 0.498056 0.781602 2 53 0.700000 55 0.300000
  53 -20.816690 39.559185 -0.113599 -0.830647 -0.207939 -0.516514 0.489850 0.765631 1 53 1.000000
  53 -20.429991 39.485180 -0.441916 -0.263524 -0.099600 -0.959497 0.507558 0.764085 1 53 1.000000
pyro_hands_red
  53 -20.816690 39.559185 -0.113599 -0.830647 -0.207939 -0.516514 0.489850 0.765631 1 53 1.000000
  53 -20.703688 38.954483 -0.043639 -0.877736 -0.269677 -0.396049 0.498056 0.781602 2 53 0.700000 55 0.300000
  53 -20.726988 39.006790 0.463261 -0.851524 -0.235925 0.468237 0.487122 0.786752 2 53 0.700000 55 0.300000
pyro_hands_red
  55 -20.646589 38.772293 0.475465 -0.760161 -0.408777 0.505031 0.491361 0.791052 2 55 0.750000 53 0.250000
  53 -20.726988 39.006790 0.463261 -0.851524 -0.235925 0.468237 0.487122 0.786752 2 53 0.700000 55 0.300000
  53 -20.703688 38.954483 -0.043639 -0.877736 -0.269677 -0.396049 0.498056 0.781602 2 53 0.700000 55 0.300000
pyro_hands_red
  55 -20.646589 38.772293 0.475465 -0.760161 -0.408777 0.505031 0.491361 0.791052 2 55 0.750000 53 0.250000
  53 -20.703688 38.954483 -0.043639 -0.877736 -0.269677 -0.396049 0.498056 0.781602 2 53 0.700000 55 0.300000
  55 -20.631790 38.721394 -0.013788 -0.804431 -0.509998 -0.304619 0.501620 0.786369 2 55 0.750000 53 0.250000
pyro_hands_red
  55 -20.631790 38.721394 -0.013788 -0.804431 -0.509998 -0.304619 0.501620 0.786369 2 55 0.750000 53 0.250000
  53 -20.703688 38.954483 -0.043639 -0.877736 -0.269677 -0.396049 0.498056 0.781602 2 53 0.700000 55 0.300000
  53 -20.352591 38.979286 -0.403920 -0.307395 -0.136450 -0.941748 0.511217 0.779486 2 53 0.700000 55 0.300000
pyro_hands_red
  53 -20.703688 38.954483 -0.043639 -0.877736 -0.269677 -0.396049 0.498056 0.781602 2 53 0.700000 55 0.300000
  53 -20.429991 39.485180 -0.441916 -0.263524 -0.099600 -0.959497 0.507558 0.764085 1 53 1.000000
  53 -20.352591 38.979286 -0.403920 -0.307395 -0.136450 -0.941748 0.511217 0.779486 2 53 0.700000 55 0.300000
pyro_hands_red
  53 -20.152889 39.204189 0.840055 -0.309272 -0.036577 0.950270 0.477851 0.800011 2 53 0.700000 55 0.300000
  55 -20.646589 38.772293 0.475465 -0.760161 -0.408777 0.505031 0.491361 0.791052 2 55 0.750000 53 0.250000
  55 -20.052689 39.007294 0.875982 -0.309272 -0.036577 0.950270 0.479292 0.803438 2 55 0.750000 53 0.250000
pyro_hands_red
  53 -20.152889 39.204189 0.840055 -0.309272 -0.036577 0.950270 0.477851 0.800011 2 53 0.700000 55 0.300000
  53 -20.726988 39.006790 0.463261 -0.851524 -0.235925 0.468237 0.487122 0.786752 2 53 0.700000 55 0.300000
  55 -20.646589 38.772293 0.475465 -0.760161 -0.408777 0.505031 0.491361 0.791052 2 55 0.750000 53 0.250000
pyro_hands_red
  53 -20.271591 39.777390 0.829606 -0.271363 -0.601307 0.751526 0.467621 0.793961 1 53 1.000000
  53 -20.726988 39.006790 0.463261 -0.851524 -0.235925 0.468237 0.487122 0.786752 2 53 0.700000 55 0.300000
  53 -20.152889 39.204189 0.840055 -0.309272 -0.036577 0.950270 0.477851 0.800011 2 53 0.700000 55 0.300000
pyro_hands_red
  53 -20.271591 39.777390 0.829606 -0.271363 -0.601307 0.751526 0.467621 0.793961 1 53 1.000000
  53 -20.981489 39.802086 0.449580 -0.857823 -0.499386 0.121462 0.467374 0.771796 1 53 1.000000
  53 -20.726988 39.006790 0.463261 -0.851524 -0.235925 0.468237 0.487122 0.786752 2 53 0.700000 55 0.300000
pyro_hands_red
  53 -20.816690 39.559185 -0.113599 -0.830647 -0.207939 -0.516514 0.489850 0.765631 1 53 1.000000
  53 -20.726988 39.006790 0.463261 -0.851524 -0.235925 0.468237 0.487122 0.786752 2 53 0.700000 55 0.300000
  53 -20.981489 39.802086 0.449580 -0.857823 -0.499386 0.121462 0.467374 0.771796 1 53 1.000000
pyro_hands_red
  53 -20.981489 39.802086 0.449580 -0.857823 -0.499386 0.121462 0.467374 0.771796 1 53 1.000000
  53 -20.814291 40.078884 -0.230565 -0.704354 -0.161860 -0.691149 0.487535 0.746702 1 53 1.000000
  53 -20.816690 39.559185 -0.113599 -0.830647 -0.207939 -0.516514 0.489850 0.765631 1 53 1.000000
pyro_hands_red
  53 -20.816690 39.559185 -0.113599 -0.830647 -0.207939 -0.516514 0.489850 0.765631 1 53 1.000000
  53 -20.814291 40.078884 -0.230565 -0.704354 -0.161860 -0.691149 0.487535 0.746702 1 53 1.000000
  53 -20.394291 40.021786 -0.466594 -0.181624 -0.086508 -0.979556 0.506711 0.744712 1 53 1.000000
pyro_hands_red
  53 -20.795589 40.588585 -0.338913 -0.548480 -0.153336 -0.821984 0.486110 0.725941 1 53 1.000000
  53 -20.394291 40.021786 -0.466594 -0.181624 -0.086508 -0.979556 0.506711 0.744712 1 53 1.000000
  53 -20.814291 40.078884 -0.230565 -0.704354 -0.161860 -0.691149 0.487535 0.746702 1 53 1.000000
pyro_hands_red
  53 -20.795589 40.588585 -0.338913 -0.548480 -0.153336 -0.821984 0.486110 0.725941 1 53 1.000000
  53 -20.320490 40.586483 -0.513995 -0.073079 -0.152105 -0.985659 0.506741 0.721363 1 53 1.000000
  53 -20.394291 40.021786 -0.466594 -0.181624 -0.086508 -0.979556 0.506711 0.744712 1 53 1.000000
pyro_hands_red
  53 -20.320490 40.586483 -0.513995 -0.073079 -0.152105 -0.985659 0.506741 0.721363 1 53 1.000000
  53 -20.795589 40.588585 -0.338913 -0.548480 -0.153336 -0.821984 0.486110 0.725941 1 53 1.000000
  8 -20.845097 41.622097 -0.490892 -0.537056 -0.116314 -0.835489 0.476934 0.683635 1 8 1.000000
pyro_hands_red
  53 -20.320490 40.586483 -0.513995 -0.073079 -0.152105 -0.985659 0.506741 0.721363 1 53 1.000000
  8 -20.845097 41.622097 -0.490892 -0.537056 -0.116314 -0.835489 0.476934 0.683635 1 8 1.000000
  8 -20.172094 41.613201 -0.691473 -0.073079 -0.152105 -0.985659 0.505440 0.677018 1 8 1.000000
pyro_hands_red
  8 -20.172094 41.613201 -0.691473 -0.073079 -0.152105 -0.985659 0.505440 0.677018 1 8 1.000000
  8 -20.845097 41.622097 -0.490892 -0.537056 -0.116314 -0.835489 0.476934 0.683635 1 8 1.000000
  8 -20.805696 42.856895 -0.641032 -0.472153 -0.087255 -0.877188 0.467604 0.632756 1 8 1.000000
pyro_hands_red
  8 -20.172094 41.613201 -0.691473 -0.073079 -0.152105 -0.985659 0.505440 0.677018 1 8 1.000000
  8 -20.805696 42.856895 -0.641032 -0.472153 -0.087255 -0.877188 0.467604 0.632756 1 8 1.000000
  8 -20.035797 42.878799 -0.859343 -0.072585 -0.112594 -0.990986 0.499724 0.623322 1 8 1.000000
pyro_hands_red
  53 -20.981489 39.802086 0.449580 -0.857823 -0.499386 0.121462 0.467374 0.771796 1 53 1.000000
  53 -20.271591 39.777390 0.829606 -0.271363 -0.601307 0.751526 0.467621 0.793961 1 53 1.000000
  53 -20.305986 39.853279 0.948877 0.176347 -0.893702 -0.412551 0.468525 0.793378 1 53 1.000000
pyro_hands_red
  8 -21.597097 44.024506 0.342275 -0.950008 0.058638 -0.306670 0.402253 0.603751 1 8 1.000000
  8 -21.290699 43.928604 -0.342434 -0.812612 -0.025342 -0.582254 0.432473 0.596941 1 8 1.000000
  8 -21.297415 42.901333 -0.218387 -0.815504 -0.067327 -0.574823 0.441627 0.639007 1 8 1.000000
pyro_hands_red
  8 -20.805696 42.856895 -0.641032 -0.472153 -0.087255 -0.877188 0.467604 0.632756 1 8 1.000000
  8 -21.297415 42.901333 -0.218387 -0.815504 -0.067327 -0.574823 0.441627 0.639007 1 8 1.000000
  8 -21.290699 43.928604 -0.342434 -0.812612 -0.025342 -0.582254 0.432473 0.596941 1 8 1.000000
pyro_hands_red
  8 -20.805696 42.856895 -0.641032 -0.472153 -0.087255 -0.877188 0.467604 0.632756 1 8 1.000000
  8 -21.290699 43.928604 -0.342434 -0.812612 -0.025342 -0.582254 0.432473 0.596941 1 8 1.000000
  8 -20.794394 43.912697 -0.748205 -0.482106 -0.135589 -0.865557 0.457756 0.589028 1 8 1.000000
pyro_hands_red
  8 -20.035797 42.878799 -0.859343 -0.072585 -0.112594 -0.990986 0.499724 0.623322 1 8 1.000000
  8 -20.805696 42.856895 -0.641032 -0.472153 -0.087255 -0.877188 0.467604 0.632756 1 8 1.000000
  8 -20.794394 43.912697 -0.748205 -0.482106 -0.135589 -0.865557 0.457756 0.589028 1 8 1.000000
pyro_hands_red
  8 -20.035797 42.878799 -0.859343 -0.072585 -0.112594 -0.990986 0.499724 0.623322 1 8 1.000000
  8 -20.794394 43.912697 -0.748205 -0.482106 -0.135589 -0.865557 0.457756 0.589028 1 8 1.000000
  8 -19.964893 43.975895 -0.946737 -0.092547 -0.231596 -0.968400 0.491626 0.577177 1 8 1.000000
pyro_hands_red
  8 -21.762995 44.234898 1.207083 -0.979803 0.110592 -0.166597 0.365464 0.607335 1 8 1.000000
  8 -21.137121 46.414810 -0.141774 -0.952585 0.125913 -0.276997 0.386433 0.493455 2 8 0.850000 6 0.150000
  8 -21.597097 44.024506 0.342275 -0.950008 0.058638 -0.306670 0.402253 0.603751 1 8 1.000000
pyro_hands_red
  8 -21.290699 43.928604 -0.342434 -0.812612 -0.025342 -0.582254 0.432473 0.596941 1 8 1.000000
  8 -21.597097 44.024506 0.342275 -0.950008 0.058638 -0.306670 0.402253 0.603751 1 8 1.000000
  8 -21.137121 46.414810 -0.141774 -0.952585 0.125913 -0.276997 0.386433 0.493455 2 8 0.850000 6 0.150000
pyro_hands_red
  8 -21.290699 43.928604 -0.342434 -0.812612 -0.025342 -0.582254 0.432473 0.596941 1 8 1.000000
  8 -21.137121 46.414810 -0.141774 -0.952585 0.125913 -0.276997 0.386433 0.493455 2 8 0.850000 6 0.150000
  8 -20.844090 46.251270 -0.938083 -0.849888 0.021815 -0.526511 0.421539 0.488523 2 8 0.850000 6 0.150000
pyro_hands_red
  8 -20.794394 43.912697 -0.748205 -0.482106 -0.135589 -0.865557 0.457756 0.589028 1 8 1.000000
  8 -21.290699 43.928604 -0.342434 -0.812612 -0.025342 -0.582254 0.432473 0.596941 1 8 1.000000
  8 -20.844090 46.251270 -0.938083 -0.849888 0.021815 -0.526511 0.421539 0.488523 2 8 0.850000 6 0.150000
pyro_hands_red
  8 -20.794394 43.912697 -0.748205 -0.482106 -0.135589 -0.865557 0.457756 0.589028 1 8 1.000000
  8 -20.844090 46.251270 -0.938083 -0.849888 0.021815 -0.526511 0.421539 0.488523 2 8 0.850000 6 0.150000
  8 -20.314880 46.105591 -1.530052 -0.548480 -0.153336 -0.821984 0.454789 0.484058 2 8 0.850000 6 0.150000
pyro_hands_red
  8 -19.964893 43.975895 -0.946737 -0.092547 -0.231596 -0.968400 0.491626 0.577177 1 8 1.000000
  8 -20.794394 43.912697 -0.748205 -0.482106 -0.135589 -0.865557 0.457756 0.589028 1 8 1.000000
  8 -20.314880 46.105591 -1.530052 -0.548480 -0.153336 -0.821984 0.454789 0.484058 2 8 0.850000 6 0.150000
pyro_hands_red
  8 -19.964893 43.975895 -0.946737 -0.092547 -0.231596 -0.968400 0.491626 0.577177 1 8 1.000000
  8 -20.314880 46.105591 -1.530052 -0.548480 -0.153336 -0.821984 0.454789 0.484058 2 8 0.850000 6 0.150000
  8 -19.438532 46.008335 -1.832204 -0.147339 -0.356581 -0.922573 0.492910 0.478502 2 8 0.850000 6 0.150000
pyro_hands_red
  8 -21.854492 44.539997 2.173092 -0.985382 0.160133 -0.058126 0.324039 0.608147 1 8 1.000000
  8 -21.269951 46.618687 0.729459 -0.974183 0.175421 -0.142108 0.349597 0.496904 2 8 0.850000 6 0.150000
  8 -21.762995 44.234898 1.207083 -0.979803 0.110592 -0.166597 0.365464 0.607335 1 8 1.000000
pyro_hands_red
  8 -21.762995 44.234898 1.207083 -0.979803 0.110592 -0.166597 0.365464 0.607335 1 8 1.000000
  8 -21.269951 46.618687 0.729459 -0.974183 0.175421 -0.142108 0.349597 0.496904 2 8 0.850000 6 0.150000
  8 -21.137121 46.414810 -0.141774 -0.952585 0.125913 -0.276997 0.386433 0.493455 2 8 0.850000 6 0.150000
pyro_hands_red
  8 -21.269951 46.618687 0.729459 -0.974183 0.175421 -0.142108 0.349597 0.496904 2 8 0.850000 6 0.150000
  6 -20.774002 48.301765 -0.523891 -0.961155 0.135491 -0.240463 0.373944 0.406386 2 6 0.750000 8 0.250000
  8 -21.137121 46.414810 -0.141774 -0.952585 0.125913 -0.276997 0.386433 0.493455 2 8 0.850000 6 0.150000
pyro_hands_red
  8 -20.844090 46.251270 -0.938083 -0.849888 0.021815 -0.526511 0.421539 0.488523 2 8 0.850000 6 0.150000
  8 -21.137121 46.414810 -0.141774 -0.952585 0.125913 -0.276997 0.386433 0.493455 2 8 0.850000 6 0.150000
  6 -20.774002 48.301765 -0.523891 -0.961155 0.135491 -0.240463 0.373944 0.406386 2 6 0.750000 8 0.250000
pyro_hands_red
  8 -20.844090 46.251270 -0.938083 -0.849888 0.021815 -0.526511 0.421539 0.488523 2 8 0.850000 6 0.150000
  6 -20.774002 48.301765 -0.523891 -0.961155 0.135491 -0.240463 0.373944 0.406386 2 6 0.750000 8 0.250000
  6 -20.491520 48.084820 -1.408299 -0.883133 0.045135 -0.466946 0.412908 0.402936 2 6 0.750000 8 0.250000
pyro_hands_red
  8 -20.314880 46.105591 -1.530052 -0.548480 -0.153336 -0.821984 0.454789 0.484058 2 8 0.850000 6 0.150000
  8 -20.844090 46.251270 -0.938083 -0.849888 0.021815 -0.526511 0.421539 0.488523 2 8 0.850000 6 0.150000
  6 -20.491520 48.084820 -1.408299 -0.883133 0.045135 -0.466946 0.412908 0.402936 2 6 0.750000 8 0.250000
pyro_hands_red
  8 -20.314880 46.105591 -1.530052 -0.548480 -0.153336 -0.821984 0.454789 0.484058 2 8 0.850000 6 0.150000
  6 -20.491520 48.084820 -1.408299 -0.883133 0.045135 -0.466946 0.412908 0.402936 2 6 0.750000 8 0.250000
  6 -19.936342 47.836700 -2.147257 -0.636933 -0.134003 -0.759184 0.452446 0.401193 2 6 0.750000 8 0.250000
pyro_hands_red
  8 -19.438532 46.008335 -1.832204 -0.147339 -0.356581 -0.922573 0.492910 0.478502 2 8 0.850000 6 0.150000
  8 -20.314880 46.105591 -1.530052 -0.548480 -0.153336 -0.821984 0.454789 0.484058 2 8 0.850000 6 0.150000
  6 -19.936342 47.836700 -2.147257 -0.636933 -0.134003 -0.759184 0.452446 0.401193 2 6 0.750000 8 0.250000
pyro_hands_red
  8 -19.438532 46.008335 -1.832204 -0.147339 -0.356581 -0.922573 0.492910 0.478502 2 8 0.850000 6 0.150000
  6 -19.936342 47.836700 -2.147257 -0.636933 -0.134003 -0.759184 0.452446 0.401193 2 6 0.750000 8 0.250000
  6 -19.023006 47.612778 -2.531209 -0.215425 -0.336980 -0.916535 0.493924 0.400607 2 6 0.750000 8 0.250000
pyro_hands_red
  8 -20.805696 42.856895 -0.641032 -0.472153 -0.087255 -0.877188 0.467604 0.632756 1 8 1.000000
  8 -20.845097 41.622097 -0.490892 -0.537056 -0.116314 -0.835489 0.476934 0.683635 1 8 1.000000
  8 -21.281397 42.027695 -0.114575 -0.815504 -0.067327 -0.574823 0.449648 0.674567 1 8 1.000000
pyro_hands_red
  8 -20.805696 42.856895 -0.641032 -0.472153 -0.087255 -0.877188 0.467604 0.632756 1 8 1.000000
  8 -21.281397 42.027695 -0.114575 -0.815504 -0.067327 -0.574823 0.449648 0.674567 1 8 1.000000
  8 -21.297415 42.901333 -0.218387 -0.815504 -0.067327 -0.574823 0.441627 0.639007 1 8 1.000000
pyro_hands_red
  8 -21.648193 42.259098 0.627916 -0.945867 -0.022083 -0.323803 0.414324 0.676713 1 8 1.000000
  8 -21.297415 42.901333 -0.218387 -0.815504 -0.067327 -0.574823 0.441627 0.639007 1 8 1.000000
  8 -21.281397 42.027695 -0.114575 -0.815504 -0.067327 -0.574823 0.449648 0.674567 1 8 1.000000
pyro_hands_red
  8 -21.648193 42.259098 0.627916 -0.945867 -0.022083 -0.323803 0.414324 0.676713 1 8 1.000000
  8 -21.651144 42.979694 0.528060 -0.945867 -0.022083 -0.323803 0.408589 0.647114 1 8 1.000000
  8 -21.297415 42.901333 -0.218387 -0.815504 -0.067327 -0.574823 0.441627 0.639007 1 8 1.000000
pyro_hands_red
  8 -21.597097 44.024506 0.342275 -0.950008 0.058638 -0.306670 0.402253 0.603751 1 8 1.000000
  8 -21.297415 42.901333 -0.218387 -0.815504 -0.067327 -0.574823 0.441627 0.639007 1 8 1.000000
  8 -21.651144 42.979694 0.528060 -0.945867 -0.022083 -0.323803 0.408589 0.647114 1 8 1.000000
pyro_hands_red
  8 -21.597097 44.024506 0.342275 -0.950008 0.058638 -0.306670 0.402253 0.603751 1 8 1.000000
  8 -21.651144 42.979694 0.528060 -0.945867 -0.022083 -0.323803 0.408589 0.647114 1 8 1.000000
  8 -21.859594 43.180595 1.437163 -0.983680 0.031628 -0.177125 0.369656 0.651738 1 8 1.000000
pyro_hands_red
  8 -21.597097 44.024506 0.342275 -0.950008 0.058638 -0.306670 0.402253 0.603751 1 8 1.000000
  8 -21.859594 43.180595 1.437163 -0.983680 0.031628 -0.177125 0.369656 0.651738 1 8 1.000000
  8 -21.762995 44.234898 1.207083 -0.979803 0.110592 -0.166597 0.365464 0.607335 1 8 1.000000
pyro_hands_red
  8 -21.973095 43.492897 2.429193 -0.994319 0.082392 -0.067388 0.327033 0.652245 1 8 1.000000
  8 -21.762995 44.234898 1.207083 -0.979803 0.110592 -0.166597 0.365464 0.607335 1 8 1.000000
  8 -21.859594 43.180595 1.437163 -0.983680 0.031628 -0.177125 0.369656 0.651738 1 8 1.000000
pyro_hands_red
  8 -21.973095 43.492897 2.429193 -0.994319 0.082392 -0.067388 0.327033 0.652245 1 8 1.000000
  8 -21.854492 44.539997 2.173092 -0.985382 0.160133 -0.058126 0.324039 0.608147 1 8 1.000000
  8 -21.762995 44.234898 1.207083 -0.979803 0.110592 -0.166597 0.365464 0.607335 1 8 1.000000
pyro_hands_red
  8 -21.854492 44.539997 2.173092 -0.985382 0.160133 -0.058126 0.324039 0.608147 1 8 1.000000
  8 -21.973095 43.492897 2.429193 -0.994319 0.082392 -0.067388 0.327033 0.652245 1 8 1.000000
  8 -21.954195 43.802395 3.361223 -0.984791 0.140860 0.101716 0.287233 0.651373 1 8 1.000000
pyro_hands_red
  8 -21.854492 44.539997 2.173092 -0.985382 0.160133 -0.058126 0.324039 0.608147 1 8 1.000000
  8 -21.954195 43.802395 3.361223 -0.984791 0.140860 0.101716 0.287233 0.651373 1 8 1.000000
  8 -21.796194 44.854195 3.090393 -0.955756 0.246908 0.159894 0.284703 0.606966 1 8 1.000000
pyro_hands_red
  8 -21.796194 44.854195 3.090393 -0.955756 0.246908 0.159894 0.284703 0.606966 1 8 1.000000
  8 -21.311268 46.872620 1.677465 -0.974147 0.225014 -0.020165 0.309399 0.498965 2 8 0.850000 6 0.150000
  8 -21.854492 44.539997 2.173092 -0.985382 0.160133 -0.058126 0.324039 0.608147 1 8 1.000000
pyro_hands_red
  8 -21.854492 44.539997 2.173092 -0.985382 0.160133 -0.058126 0.324039 0.608147 1 8 1.000000
  8 -21.311268 46.872620 1.677465 -0.974147 0.225014 -0.020165 0.309399 0.498965 2 8 0.850000 6 0.150000
  8 -21.269951 46.618687 0.729459 -0.974183 0.175421 -0.142108 0.349597 0.496904 2 8 0.850000 6 0.150000
pyro_hands_red
  8 -21.311268 46.872620 1.677465 -0.974147 0.225014 -0.020165 0.309399 0.498965 2 8 0.850000 6 0.150000
  6 -20.880732 48.500488 0.352413 -0.977699 0.184802 -0.099761 0.337071 0.409727 2 6 0.750000 8 0.250000
  8 -21.269951 46.618687 0.729459 -0.974183 0.175421 -0.142108 0.349597 0.496904 2 8 0.850000 6 0.150000
pyro_hands_red
  8 -21.269951 46.618687 0.729459 -0.974183 0.175421 -0.142108 0.349597 0.496904 2 8 0.850000 6 0.150000
  6 -20.880732 48.500488 0.352413 -0.977699 0.184802 -0.099761 0.337071 0.409727 2 6 0.750000 8 0.250000
  6 -20.774002 48.301765 -0.523891 -0.961155 0.135491 -0.240463 0.373944 0.406386 2 6 0.750000 8 0.250000
pyro_hands_red
  6 -20.880732 48.500488 0.352413 -0.977699 0.184802 -0.099761 0.337071 0.409727 2 6 0.750000 8 0.250000
  6 -20.320572 50.658039 -1.001047 -0.967763 0.144062 -0.206592 0.358350 0.330992 1 6 1.000000
  6 -20.774002 48.301765 -0.523891 -0.961155 0.135491 -0.240463 0.373944 0.406386 2 6 0.750000 8 0.250000
pyro_hands_red
  6 -20.491520 48.084820 -1.408299 -0.883133 0.045135 -0.466946 0.412908 0.402936 2 6 0.750000 8 0.250000
  6 -20.774002 48.301765 -0.523891 -0.961155 0.135491 -0.240463 0.373944 0.406386 2 6 0.750000 8 0.250000
  6 -20.320572 50.658039 -1.001047 -0.967763 0.144062 -0.206592 0.358350 0.330992 1 6 1.000000
pyro_hands_red
  6 -20.491520 48.084820 -1.408299 -0.883133 0.045135 -0.466946 0.412908 0.402936 2 6 0.750000 8 0.250000
  6 -20.320572 50.658039 -1.001047 -0.967763 0.144062 -0.206592 0.358350 0.330992 1 6 1.000000
  6 -20.051270 50.374416 -1.995467 -0.904719 0.062070 -0.421462 0.402130 0.329394 1 6 1.000000
pyro_hands_red
  6 -20.880732 48.500488 0.352413 -0.977699 0.184802 -0.099761 0.337071 0.409727 2 6 0.750000 8 0.250000
  6 -20.394707 50.850338 -0.118411 -0.979414 0.194471 -0.054120 0.321430 0.334199 1 6 1.000000
  6 -20.320572 50.658039 -1.001047 -0.967763 0.144062 -0.206592 0.358350 0.330992 1 6 1.000000
pyro_hands_red
  6 -20.882431 48.714035 1.286207 -0.970349 0.237714 0.043756 0.297842 0.412774 2 6 0.750000 8 0.250000
  6 -20.394707 50.850338 -0.118411 -0.979414 0.194471 -0.054120 0.321430 0.334199 1 6 1.000000
  6 -20.880732 48.500488 0.352413 -0.977699 0.184802 -0.099761 0.337071 0.409727 2 6 0.750000 8 0.250000
pyro_hands_red
  8 -21.311268 46.872620 1.677465 -0.974147 0.225014 -0.020165 0.309399 0.498965 2 8 0.850000 6 0.150000
  6 -20.882431 48.714035 1.286207 -0.970349 0.237714 0.043756 0.297842 0.412774 2 6 0.750000 8 0.250000
  6 -20.880732 48.500488 0.352413 -0.977699 0.184802 -0.099761 0.337071 0.409727 2 6 0.750000 8 0.250000
pyro_hands_red
  8 -21.191633 47.109173 2.578843 -0.929875 0.297592 0.216268 0.270953 0.500205 2 8 0.850000 6 0.150000
  6 -20.882431 48.714035 1.286207 -0.970349 0.237714 0.043756 0.297842 0.412774 2 6 0.750000 8 0.250000
  8 -21.311268 46.872620 1.677465 -0.974147 0.225014 -0.020165 0.309399 0.498965 2 8 0.850000 6 0.150000
pyro_hands_red
  8 -21.796194 44.854195 3.090393 -0.955756 0.246908 0.159894 0.284703 0.606966 1 8 1.000000
  8 -21.191633 47.109173 2.578843 -0.929875 0.297592 0.216268 0.270953 0.500205 2 8 0.850000 6 0.150000
  8 -21.311268 46.872620 1.677465 -0.974147 0.225014 -0.020165 0.309399 0.498965 2 8 0.850000 6 0.150000
pyro_hands_red
  6 -20.882431 48.714035 1.286207 -0.970349 0.237714 0.043756 0.297842 0.412774 2 6 0.750000 8 0.250000
  6 -20.346939 51.013447 0.797636 -0.961578 0.250298 0.112781 0.283411 0.338477 1 6 1.000000
  6 -20.394707 50.850338 -0.118411 -0.979414 0.194471 -0.054120 0.321430 0.334199 1 6 1.000000
pyro_hands_red
  6 -20.882431 48.714035 1.286207 -0.970349 0.237714 0.043756 0.297842 0.412774 2 6 0.750000 8 0.250000
  6 -20.118420 51.112167 1.670747 -0.877691 0.316489 0.359852 0.246543 0.344017 1 6 1.000000
  6 -20.346939 51.013447 0.797636 -0.961578 0.250298 0.112781 0.283411 0.338477 1 6 1.000000
pyro_hands_red
  6 -20.882431 48.714035 1.286207 -0.970349 0.237714 0.043756 0.297842 0.412774 2 6 0.750000 8 0.250000
  6 -20.714375 48.889294 2.175014 -0.907655 0.307515 0.285652 0.260098 0.415926 2 6 0.750000 8 0.250000
  6 -20.118420 51.112167 1.670747 -0.877691 0.316489 0.359852 0.246543 0.344017 1 6 1.000000
pyro_hands_red
  8 -21.191633 47.109173 2.578843 -0.929875 0.297592 0.216268 0.270953 0.500205 2 8 0.850000 6 0.150000
  6 -20.714375 48.889294 2.175014 -0.907655 0.307515 0.285652 0.260098 0.415926 2 6 0.750000 8 0.250000
  6 -20.882431 48.714035 1.286207 -0.970349 0.237714 0.043756 0.297842 0.412774 2 6 0.750000 8 0.250000
pyro_hands_red
  8 -22.009995 43.165497 3.566733 -0.984791 0.140860 0.101716 0.286831 0.678736 1 8 1.000000
  8 -21.954195 43.802395 3.361223 -0.984791 0.140860 0.101716 0.287233 0.651373 1 8 1.000000
  8 -21.973095 43.492897 2.429193 -0.994319 0.082392 -0.067388 0.327033 0.652245 1 8 1.000000
pyro_hands_red
  8 -22.009995 43.165497 3.566733 -0.984791 0.140860 0.101716 0.286831 0.678736 1 8 1.000000
  8 -21.693794 44.063301 4.206882 -0.864618 0.276516 0.419493 0.250202 0.650056 1 8 1.000000
  8 -21.954195 43.802395 3.361223 -0.984791 0.140860 0.101716 0.287233 0.651373 1 8 1.000000
pyro_hands_red
  8 -21.693794 44.063301 4.206882 -0.864618 0.276516 0.419493 0.250202 0.650056 1 8 1.000000
  8 -21.796194 44.854195 3.090393 -0.955756 0.246908 0.159894 0.284703 0.606966 1 8 1.000000
  8 -21.954195 43.802395 3.361223 -0.984791 0.140860 0.101716 0.287233 0.651373 1 8 1.000000
pyro_hands_red
  8 -21.693794 44.063301 4.206882 -0.864618 0.276516 0.419493 0.250202 0.650056 1 8 1.000000
  8 -21.369696 45.198200 3.972279 -0.739872 0.377338 0.556961 0.242709 0.601718 1 8 1.000000
  8 -21.796194 44.854195 3.090393 -0.955756 0.246908 0.159894 0.284703 0.606966 1 8 1.000000
pyro_hands_red
  8 -21.369696 45.198200 3.972279 -0.739872 0.377338 0.556961 0.242709 0.601718 1 8 1.000000
  8 -21.191633 47.109173 2.578843 -0.929875 0.297592 0.216268 0.270953 0.500205 2 8 0.850000 6 0.150000
  8 -21.796194 44.854195 3.090393 -0.955756 0.246908 0.159894 0.284703 0.606966 1 8 1.000000
pyro_hands_red
  8 -21.369696 45.198200 3.972279 -0.739872 0.377338 0.556961 0.242709 0.601718 1 8 1.000000
  8 -20.743813 47.339062 3.415889 -0.709769 0.356523 0.607552 0.231055 0.499033 2 8 0.850000 6 0.150000
  8 -21.191633 47.109173 2.578843 -0.929875 0.297592 0.216268 0.270953 0.500205 2 8 0.850000 6 0.150000
pyro_hands_red
  8 -20.743813 47.339062 3.415889 -0.709769 0.356523 0.607552 0.231055 0.499033 2 8 0.850000 6 0.150000
  6 -20.714375 48.889294 2.175014 -0.907655 0.307515 0.285652 0.260098 0.415926 2 6 0.750000 8 0.250000
  8 -21.191633 47.109173 2.578843 -0.929875 0.297592 0.216268 0.270953 0.500205 2 8 0.850000 6 0.150000
pyro_hands_red
  8 -20.743813 47.339062 3.415889 -0.709769 0.356523 0.607552 0.231055 0.499033 2 8 0.850000 6 0.150000
  6 -20.249725 49.029106 2.976660 -0.686620 0.356304 0.633719 0.221855 0.417971 2 6 0.750000 8 0.250000
  6 -20.714375 48.889294 2.175014 -0.907655 0.307515 0.285652 0.260098 0.415926 2 6 0.750000 8 0.250000
pyro_hands_red
  6 -20.249725 49.029106 2.976660 -0.686620 0.356304 0.633719 0.221855 0.417971 2 6 0.750000 8 0.250000
  6 -20.118420 51.112167 1.670747 -0.877691 0.316489 0.359852 0.246543 0.344017 1 6 1.000000
  6 -20.714375 48.889294 2.175014 -0.907655 0.307515 0.285652 0.260098 0.415926 2 6 0.750000 8 0.250000
pyro_hands_red
  6 -20.249725 49.029106 2.976660 -0.686620 0.356304 0.633719 0.221855 0.417971 2 6 0.750000 8 0.250000
  6 -19.632748 51.139488 2.428186 -0.659727 0.355570 0.662065 0.210366 0.350079 1 6 1.000000
  6 -20.118420 51.112167 1.670747 -0.877691 0.316489 0.359852 0.246543 0.344017 1 6 1.000000
pyro_hands_red
  6 -19.334818 49.263638 3.440263 -0.365365 0.330716 0.870135 0.180804 0.409171 2 6 0.750000 8 0.250000
  6 -19.632748 51.139488 2.428186 -0.659727 0.355570 0.662065 0.210366 0.350079 1 6 1.000000
  6 -20.249725 49.029106 2.976660 -0.686620 0.356304 0.633719 0.221855 0.417971 2 6 0.750000 8 0.250000
pyro_hands_red
  6 -19.334818 49.263638 3.440263 -0.365365 0.330716 0.870135 0.180804 0.409171 2 6 0.750000 8 0.250000
  6 -18.786091 51.162121 2.942826 -0.365365 0.330716 0.870135 0.171107 0.351787 1 6 1.000000
  6 -19.632748 51.139488 2.428186 -0.659727 0.355570 0.662065 0.210366 0.350079 1 6 1.000000
pyro_hands_red
  6 -18.124718 49.183975 3.743355 -0.092402 0.268340 0.958882 0.130707 0.409334 2 6 0.750000 8 0.250000
  6 -18.786091 51.162121 2.942826 -0.365365 0.330716 0.870135 0.171107 0.351787 1 6 1.000000
  6 -19.334818 49.263638 3.440263 -0.365365 0.330716 0.870135 0.180804 0.409171 2 6 0.750000 8 0.250000
pyro_hands_red
  6 -18.124718 49.183975 3.743355 -0.092402 0.268340 0.958882 0.130707 0.409334 2 6 0.750000 8 0.250000
  6 -17.659508 50.924263 3.300263 -0.155321 0.255680 0.954203 0.124149 0.361159 1 6 1.000000
  6 -18.786091 51.162121 2.942826 -0.365365 0.330716 0.870135 0.171107 0.351787 1 6 1.000000
pyro_hands_red
  6 -18.124718 49.183975 3.743355 -0.092402 0.268340 0.958882 0.130707 0.409334 2 6 0.750000 8 0.250000
  6 -16.761894 50.629475 3.402564 0.113301 0.205601 0.972055 0.087518 0.371278 1 6 1.000000
  6 -17.659508 50.924263 3.300263 -0.155321 0.255680 0.954203 0.124149 0.361159 1 6 1.000000
pyro_hands_red
  6 -18.124718 49.183975 3.743355 -0.092402 0.268340 0.958882 0.130707 0.409334 2 6 0.750000 8 0.250000
  6 -17.225473 48.987682 3.797080 0.150866 0.204293 0.967214 0.093595 0.413321 2 6 0.750000 8 0.250000
  6 -16.761894 50.629475 3.402564 0.113301 0.205601 0.972055 0.087518 0.371278 1 6 1.000000
pyro_hands_red
  6 -17.225473 48.987682 3.797080 0.150866 0.204293 0.967214 0.093595 0.413321 2 6 0.750000 8 0.250000
  6 -15.976542 50.253906 3.294062 0.297442 0.090655 0.950426 0.054442 0.383192 1 6 1.000000
  6 -16.761894 50.629475 3.402564 0.113301 0.205601 0.972055 0.087518 0.371278 1 6 1.000000
pyro_hands_red
  6 -17.225473 48.987682 3.797080 0.150866 0.204293 0.967214 0.093595 0.413321 2 6 0.750000 8 0.250000
  6 -16.532637 48.714153 3.635464 0.398731 0.045799 0.915923 0.063376 0.419005 2 6 0.750000 8 0.250000
  6 -15.976542 50.253906 3.294062 0.297442 0.090655 0.950426 0.054442 0.383192 1 6 1.000000
pyro_hands_red
  8 -19.774248 47.743298 3.838622 -0.365365 0.330716 0.870135 0.188570 0.481818 2 8 0.850000 6 0.150000
  6 -20.249725 49.029106 2.976660 -0.686620 0.356304 0.633719 0.221855 0.417971 2 6 0.750000 8 0.250000
  8 -20.743813 47.339062 3.415889 -0.709769 0.356523 0.607552 0.231055 0.499033 2 8 0.850000 6 0.150000
pyro_hands_red
  8 -19.774248 47.743298 3.838622 -0.365365 0.330716 0.870135 0.188570 0.481818 2 8 0.850000 6 0.150000
  6 -19.334818 49.263638 3.440263 -0.365365 0.330716 0.870135 0.180804 0.409171 2 6 0.750000 8 0.250000
  6 -20.249725 49.029106 2.976660 -0.686620 0.356304 0.633719 0.221855 0.417971 2 6 0.750000 8 0.250000
pyro_hands_red
  8 -18.497267 47.790321 4.098193 -0.092402 0.268340 0.958882 0.135959 0.474607 2 8 0.850000 6 0.150000
  6 -19.334818 49.263638 3.440263 -0.365365 0.330716 0.870135 0.180804 0.409171 2 6 0.750000 8 0.250000
  8 -19.774248 47.743298 3.838622 -0.365365 0.330716 0.870135 0.188570 0.481818 2 8 0.850000 6 0.150000
pyro_hands_red
  8 -18.497267 47.790321 4.098193 -0.092402 0.268340 0.958882 0.135959 0.474607 2 8 0.850000 6 0.150000
  6 -18.124718 49.183975 3.743355 -0.092402 0.268340 0.958882 0.130707 0.409334 2 6 0.750000 8 0.250000
  6 -19.334818 49.263638 3.440263 -0.365365 0.330716 0.870135 0.180804 0.409171 2 6 0.750000 8 0.250000
pyro_hands_red
  8 -17.596718 47.672905 4.113018 0.185706 0.172692 0.967311 0.098462 0.473684 2 8 0.850000 6 0.150000
  6 -18.124718 49.183975 3.743355 -0.092402 0.268340 0.958882 0.130707 0.409334 2 6 0.750000 8 0.250000
  8 -18.497267 47.790321 4.098193 -0.092402 0.268340 0.958882 0.135959 0.474607 2 8 0.850000 6 0.150000
pyro_hands_red
  8 -17.596718 47.672905 4.113018 0.185706 0.172692 0.967311 0.098462 0.473684 2 8 0.850000 6 0.150000
  6 -17.225473 48.987682 3.797080 0.150866 0.204293 0.967214 0.093595 0.413321 2 6 0.750000 8 0.250000
  6 -18.124718 49.183975 3.743355 -0.092402 0.268340 0.958882 0.130707 0.409334 2 6 0.750000 8 0.250000
pyro_hands_red
  8 -16.977970 47.481091 3.908868 0.508087 -0.005649 0.861287 0.070531 0.474377 2 8 0.850000 6 0.150000
  6 -17.225473 48.987682 3.797080 0.150866 0.204293 0.967214 0.093595 0.413321 2 6 0.750000 8 0.250000
  8 -17.596718 47.672905 4.113018 0.185706 0.172692 0.967311 0.098462 0.473684 2 8 0.850000 6 0.150000
pyro_hands_red
  8 -16.977970 47.481091 3.908868 0.508087 -0.005649 0.861287 0.070531 0.474377 2 8 0.850000 6 0.150000
  6 -16.532637 48.714153 3.635464 0.398731 0.045799 0.915923 0.063376 0.419005 2 6 0.750000 8 0.250000
  6 -17.225473 48.987682 3.797080 0.150866 0.204293 0.967214 0.093595 0.413321 2 6 0.750000 8 0.250000
pyro_hands_red
  8 -21.693794 44.063301 4.206882 -0.864618 0.276516 0.419493 0.250202 0.650056 1 8 1.000000
  8 -21.092299 44.845016 4.527255 -0.570406 0.437647 0.695055 0.220992 0.620245 1 8 1.000000
  8 -21.369696 45.198200 3.972279 -0.739872 0.377338 0.556961 0.242709 0.601718 1 8 1.000000
pyro_hands_red
  8 -20.330896 45.817402 4.343240 -0.362307 0.439662 0.821846 0.198407 0.573843 2 8 0.800000 29 0.200000
  8 -21.369696 45.198200 3.972279 -0.739872 0.377338 0.556961 0.242709 0.601718 1 8 1.000000
  8 -21.092299 44.845016 4.527255 -0.570406 0.437647 0.695055 0.220992 0.620245 1 8 1.000000
pyro_hands_red
  8 -20.330896 45.817402 4.343240 -0.362307 0.439662 0.821846 0.198407 0.573843 2 8 0.800000 29 0.200000
  8 -20.743813 47.339062 3.415889 -0.709769 0.356523 0.607552 0.231055 0.499033 2 8 0.850000 6 0.150000
  8 -21.369696 45.198200 3.972279 -0.739872 0.377338 0.556961 0.242709 0.601718 1 8 1.000000
pyro_hands_red
  8 -20.330896 45.817402 4.343240 -0.362307 0.439662 0.821846 0.198407 0.573843 2 8 0.800000 29 0.200000
  8 -19.774248 47.743298 3.838622 -0.365365 0.330716 0.870135 0.188570 0.481818 2 8 0.850000 6 0.150000
  8 -20.743813 47.339062 3.415889 -0.709769 0.356523 0.607552 0.231055 0.499033 2 8 0.850000 6 0.150000
pyro_hands_red
  8 -18.969196 46.024899 4.547686 -0.098766 0.435214 0.894893 0.142611 0.557291 2 8 0.670000 29 0.330000
  8 -19.774248 47.743298 3.838622 -0.365365 0.330716 0.870135 0.188570 0.481818 2 8 0.850000 6 0.150000
  8 -20.330896 45.817402 4.343240 -0.362307 0.439662 0.821846 0.198407 0.573843 2 8 0.800000 29 0.200000
pyro_hands_red
  8 -18.969196 46.024899 4.547686 -0.098766 0.435214 0.894893 0.142611 0.557291 2 8 0.670000 29 0.330000
  8 -18.497267 47.790321 4.098193 -0.092402 0.268340 0.958882 0.135959 0.474607 2 8 0.850000 6 0.150000
  8 -19.774248 47.743298 3.838622 -0.365365 0.330716 0.870135 0.188570 0.481818 2 8 0.850000 6 0.150000
pyro_hands_red
  8 -18.066992 46.007397 4.513235 0.232769 0.405494 0.883964 0.104627 0.550148 2 8 0.670000 29 0.330000
  8 -18.497267 47.790321 4.098193 -0.092402 0.268340 0.958882 0.135959 0.474607 2 8 0.850000 6 0.150000
  8 -18.969196 46.024899 4.547686 -0.098766 0.435214 0.894893 0.142611 0.557291 2 8 0.670000 29 0.330000
pyro_hands_red
  8 -18.066992 46.007397 4.513235 0.232769 0.405494 0.883964 0.104627 0.550148 2 8 0.670000 29 0.330000
  8 -17.596718 47.672905 4.113018 0.185706 0.172692 0.967311 0.098462 0.473684 2 8 0.850000 6 0.150000
  8 -18.497267 47.790321 4.098193 -0.092402 0.268340 0.958882 0.135959 0.474607 2 8 0.850000 6 0.150000
pyro_hands_red
  8 -17.542091 45.919094 4.255204 0.654460 0.240142 0.716948 0.079594 0.544520 2 8 0.670000 29 0.330000
  8 -17.596718 47.672905 4.113018 0.185706 0.172692 0.967311 0.098462 0.473684 2 8 0.850000 6 0.150000
  8 -18.066992 46.007397 4.513235 0.232769 0.405494 0.883964 0.104627 0.550148 2 8 0.670000 29 0.330000
pyro_hands_red
  8 -17.542091 45.919094 4.255204 0.654460 0.240142 0.716948 0.079594 0.544520 2 8 0.670000 29 0.330000
  8 -16.977970 47.481091 3.908868 0.508087 -0.005649 0.861287 0.070531 0.474377 2 8 0.850000 6 0.150000
  8 -17.596718 47.672905 4.113018 0.185706 0.172692 0.967311 0.098462 0.473684 2 8 0.850000 6 0.150000
pyro_hands_red
  8 -18.066992 46.007397 4.513235 0.232769 0.405494 0.883964 0.104627 0.550148 2 8 0.670000 29 0.330000
  8 -18.969196 46.024899 4.547686 -0.098766 0.435214 0.894893 0.142611 0.557291 2 8 0.670000 29 0.330000
  8 -19.012192 45.332695 5.056215 -0.141656 0.568769 0.810207 0.136600 0.592439 2 8 0.500000 29 0.500000
pyro_hands_red
  8 -20.330896 45.817402 4.343240 -0.362307 0.439662 0.821846 0.198407 0.573843 2 8 0.800000 29 0.200000
  8 -19.012192 45.332695 5.056215 -0.141656 0.568769 0.810207 0.136600 0.592439 2 8 0.500000 29 0.500000
  8 -18.969196 46.024899 4.547686 -0.098766 0.435214 0.894893 0.142611 0.557291 2 8 0.670000 29 0.330000
pyro_hands_red
  8 -20.330896 45.817402 4.343240 -0.362307 0.439662 0.821846 0.198407 0.573843 2 8 0.800000 29 0.200000
  8 -20.359997 45.105305 4.781599 -0.365258 0.506561 0.781014 0.190805 0.607518 2 8 0.750000 29 0.250000
  8 -19.012192 45.332695 5.056215 -0.141656 0.568769 0.810207 0.136600 0.592439 2 8 0.500000 29 0.500000
pyro_hands_red
  8 -20.330896 45.817402 4.343240 -0.362307 0.439662 0.821846 0.198407 0.573843 2 8 0.800000 29 0.200000
  8 -21.092299 44.845016 4.527255 -0.570406 0.437647 0.695055 0.220992 0.620245 1 8 1.000000
  8 -20.359997 45.105305 4.781599 -0.365258 0.506561 0.781014 0.190805 0.607518 2 8 0.750000 29 0.250000
pyro_hands_red
  6 -16.532637 48.714153 3.635464 0.398731 0.045799 0.915923 0.063376 0.419005 2 6 0.750000 8 0.250000
  6 -15.304485 49.871330 3.032158 0.540398 -0.101203 0.835301 0.023331 0.393809 1 6 1.000000
  6 -15.976542 50.253906 3.294062 0.297442 0.090655 0.950426 0.054442 0.383192 1 6 1.000000
pyro_hands_red
  6 -16.532637 48.714153 3.635464 0.398731 0.045799 0.915923 0.063376 0.419005 2 6 0.750000 8 0.250000
  6 -15.962718 48.392311 3.270583 0.630455 -0.152193 0.761159 0.033861 0.423897 2 6 0.750000 8 0.250000
  6 -15.304485 49.871330 3.032158 0.540398 -0.101203 0.835301 0.023331 0.393809 1 6 1.000000
pyro_hands_red
  8 -16.977970 47.481091 3.908868 0.508087 -0.005649 0.861287 0.070531 0.474377 2 8 0.850000 6 0.150000
  6 -15.962718 48.392311 3.270583 0.630455 -0.152193 0.761159 0.033861 0.423897 2 6 0.750000 8 0.250000
  6 -16.532637 48.714153 3.635464 0.398731 0.045799 0.915923 0.063376 0.419005 2 6 0.750000 8 0.250000
pyro_hands_red
  8 -16.977970 47.481091 3.908868 0.508087 -0.005649 0.861287 0.070531 0.474377 2 8 0.850000 6 0.150000
  8 -16.489851 47.207874 3.461515 0.715759 -0.204660 0.667685 0.042294 0.474685 2 8 0.850000 6 0.150000
  6 -15.962718 48.392311 3.270583 0.630455 -0.152193 0.761159 0.033861 0.423897 2 6 0.750000 8 0.250000
pyro_hands_red
  8 -17.157593 45.707489 3.703383 0.889136 -0.033297 0.456430 0.052977 0.539020 2 8 0.670000 29 0.330000
  8 -16.489851 47.207874 3.461515 0.715759 -0.204660 0.667685 0.042294 0.474685 2 8 0.850000 6 0.150000
  8 -16.977970 47.481091 3.908868 0.508087 -0.005649 0.861287 0.070531 0.474377 2 8 0.850000 6 0.150000
pyro_hands_red
  8 -17.157593 45.707489 3.703383 0.889136 -0.033297 0.456430 0.052977 0.539020 2 8 0.670000 29 0.330000
  8 -16.977970 47.481091 3.908868 0.508087 -0.005649 0.861287 0.070531 0.474377 2 8 0.850000 6 0.150000
  8 -17.542091 45.919094 4.255204 0.654460 0.240142 0.716948 0.079594 0.544520 2 8 0.670000 29 0.330000
pyro_hands_red
  8 -17.157593 45.707489 3.703383 0.889136 -0.033297 0.456430 0.052977 0.539020 2 8 0.670000 29 0.330000
  8 -17.542091 45.919094 4.255204 0.654460 0.240142 0.716948 0.079594 0.544520 2 8 0.670000 29 0.330000
  8 -17.412792 45.276993 4.722044 0.696490 0.496624 0.517945 0.071935 0.575993 2 8 0.500000 29 0.500000
pyro_hands_red
  8 -17.412792 45.276993 4.722044 0.696490 0.496624 0.517945 0.071935 0.575993 2 8 0.500000 29 0.500000
  8 -17.542091 45.919094 4.255204 0.654460 0.240142 0.716948 0.079594 0.544520 2 8 0.670000 29 0.330000
  8 -18.066992 46.007397 4.513235 0.232769 0.405494 0.883964 0.104627 0.550148 2 8 0.670000 29 0.330000
pyro_hands_red
  8 -17.412792 45.276993 4.722044 0.696490 0.496624 0.517945 0.071935 0.575993 2 8 0.500000 29 0.500000
  8 -18.066992 46.007397 4.513235 0.232769 0.405494 0.883964 0.104627 0.550148 2 8 0.670000 29 0.330000
  8 -17.995092 45.362999 5.057045 0.216391 0.617163 0.756495 0.097063 0.584281 2 8 0.500000 29 0.500000
pyro_hands_red
  8 -18.066992 46.007397 4.513235 0.232769 0.405494 0.883964 0.104627 0.550148 2 8 0.670000 29 0.330000
  8 -19.012192 45.332695 5.056215 -0.141656 0.568769 0.810207 0.136600 0.592439 2 8 0.500000 29 0.500000
  8 -17.995092 45.362999 5.057045 0.216391 0.617163 0.756495 0.097063 0.584281 2 8 0.500000 29 0.500000
pyro_hands_red
  8 -17.995092 45.362999 5.057045 0.216391 0.617163 0.756495 0.097063 0.584281 2 8 0.500000 29 0.500000
  8 -19.012192 45.332695 5.056215 -0.141656 0.568769 0.810207 0.136600 0.592439 2 8 0.500000 29 0.500000
  29 -19.049391 44.472389 5.617835 -0.195533 0.491649 0.848556 0.129213 0.632122 1 29 1.000000
pyro_hands_red
  8 -20.359997 45.105305 4.781599 -0.365258 0.506561 0.781014 0.190805 0.607518 2 8 0.750000 29 0.250000
  29 -19.049391 44.472389 5.617835 -0.195533 0.491649 0.848556 0.129213 0.632122 1 29 1.000000
  8 -19.012192 45.332695 5.056215 -0.141656 0.568769 0.810207 0.136600 0.592439 2 8 0.500000 29 0.500000
pyro_hands_red
  8 -20.359997 45.105305 4.781599 -0.365258 0.506561 0.781014 0.190805 0.607518 2 8 0.750000 29 0.250000
  8 -20.346115 44.292847 5.239569 -0.362307 0.439662 0.821846 0.181485 0.643634 2 8 0.900000 29 0.100000
  29 -19.049391 44.472389 5.617835 -0.195533 0.491649 0.848556 0.129213 0.632122 1 29 1.000000
pyro_hands_red
  8 -20.346115 44.292847 5.239569 -0.362307 0.439662 0.821846 0.181485 0.643634 2 8 0.900000 29 0.100000
  8 -20.359997 45.105305 4.781599 -0.365258 0.506561 0.781014 0.190805 0.607518 2 8 0.750000 29 0.250000
  8 -21.092299 44.845016 4.527255 -0.570406 0.437647 0.695055 0.220992 0.620245 1 8 1.000000
pyro_hands_red
  8 -20.346115 44.292847 5.239569 -0.362307 0.439662 0.821846 0.181485 0.643634 2 8 0.900000 29 0.100000
  8 -21.092299 44.845016 4.527255 -0.570406 0.437647 0.695055 0.220992 0.620245 1 8 1.000000
  8 -21.160894 44.153801 4.857812 -0.606796 0.375512 0.700563 0.216811 0.650639 1 8 1.000000
pyro_hands_red
  8 -21.693794 44.063301 4.206882 -0.864618 0.276516 0.419493 0.250202 0.650056 1 8 1.000000
  8 -21.160894 44.153801 4.857812 -0.606796 0.375512 0.700563 0.216811 0.650639 1 8 1.000000
  8 -21.092299 44.845016 4.527255 -0.570406 0.437647 0.695055 0.220992 0.620245 1 8 1.000000
pyro_hands_red
  8 -21.762590 43.415695 4.445301 -0.889454 0.265548 0.371962 0.248760 0.677808 1 8 1.000000
  8 -21.160894 44.153801 4.857812 -0.606796 0.375512 0.700563 0.216811 0.650639 1 8 1.000000
  8 -21.693794 44.063301 4.206882 -0.864618 0.276516 0.419493 0.250202 0.650056 1 8 1.000000
pyro_hands_red
  8 -22.009995 43.165497 3.566733 -0.984791 0.140860 0.101716 0.286831 0.678736 1 8 1.000000
  8 -21.762590 43.415695 4.445301 -0.889454 0.265548 0.371962 0.248760 0.677808 1 8 1.000000
  8 -21.693794 44.063301 4.206882 -0.864618 0.276516 0.419493 0.250202 0.650056 1 8 1.000000
pyro_hands_red
  29 -19.100788 43.146389 6.152546 -0.300513 0.142866 0.943017 0.119558 0.686385 2 29 0.528300 31 0.471700
  8 -20.128691 42.490486 5.829614 -0.232706 -0.174074 0.956842 0.159163 0.717038 3 8 0.500000 29 0.406250 35 0.093750
  29 -19.613693 42.279495 5.918855 -0.354603 -0.399298 0.845469 0.137737 0.722453 2 29 0.700000 8 0.300000
pyro_hands_red
  8 -20.302193 43.174892 5.720085 -0.340618 0.181031 0.922609 0.169461 0.690581 2 8 0.650000 29 0.350000
  8 -20.128691 42.490486 5.829614 -0.232706 -0.174074 0.956842 0.159163 0.717038 3 8 0.500000 29 0.406250 35 0.093750
  29 -19.100788 43.146389 6.152546 -0.300513 0.142866 0.943017 0.119558 0.686385 2 29 0.528300 31 0.471700
pyro_hands_red
  29 -19.072390 43.811592 5.927187 -0.234180 0.391634 0.889821 0.124085 0.659697 1 29 1.000000
  8 -20.302193 43.174892 5.720085 -0.340618 0.181031 0.922609 0.169461 0.690581 2 8 0.650000 29 0.350000
  29 -19.100788 43.146389 6.152546 -0.300513 0.142866 0.943017 0.119558 0.686385 2 29 0.528300 31 0.471700
pyro_hands_red
  29 -19.072390 43.811592 5.927187 -0.234180 0.391634 0.889821 0.124085 0.659697 1 29 1.000000
  8 -20.319794 43.700500 5.523507 -0.364116 0.368110 0.855520 0.174707 0.668828 2 8 0.750000 29 0.250000
  8 -20.302193 43.174892 5.720085 -0.340618 0.181031 0.922609 0.169461 0.690581 2 8 0.650000 29 0.350000
pyro_hands_red
  8 -20.319794 43.700500 5.523507 -0.364116 0.368110 0.855520 0.174707 0.668828 2 8 0.750000 29 0.250000
  29 -19.072390 43.811592 5.927187 -0.234180 0.391634 0.889821 0.124085 0.659697 1 29 1.000000
  29 -19.049391 44.472389 5.617835 -0.195533 0.491649 0.848556 0.129213 0.632122 1 29 1.000000
pyro_hands_red
  8 -20.319794 43.700500 5.523507 -0.364116 0.368110 0.855520 0.174707 0.668828 2 8 0.750000 29 0.250000
  29 -19.049391 44.472389 5.617835 -0.195533 0.491649 0.848556 0.129213 0.632122 1 29 1.000000
  8 -20.346115 44.292847 5.239569 -0.362307 0.439662 0.821846 0.181485 0.643634 2 8 0.900000 29 0.100000
pyro_hands_red
  8 -21.201393 43.581501 5.132953 -0.606796 0.375512 0.700563 0.212726 0.675730 1 8 1.000000
  8 -20.319794 43.700500 5.523507 -0.364116 0.368110 0.855520 0.174707 0.668828 2 8 0.750000 29 0.250000
  8 -20.346115 44.292847 5.239569 -0.362307 0.439662 0.821846 0.181485 0.643634 2 8 0.900000 29 0.100000
pyro_hands_red
  8 -21.201393 43.581501 5.132953 -0.606796 0.375512 0.700563 0.212726 0.675730 1 8 1.000000
  8 -20.346115 44.292847 5.239569 -0.362307 0.439662 0.821846 0.181485 0.643634 2 8 0.900000 29 0.100000
  8 -21.160894 44.153801 4.857812 -0.606796 0.375512 0.700563 0.216811 0.650639 1 8 1.000000
pyro_hands_red
  8 -21.762590 43.415695 4.445301 -0.889454 0.265548 0.371962 0.248760 0.677808 1 8 1.000000
  8 -21.201393 43.581501 5.132953 -0.606796 0.375512 0.700563 0.212726 0.675730 1 8 1.000000
  8 -21.160894 44.153801 4.857812 -0.606796 0.375512 0.700563 0.216811 0.650639 1 8 1.000000
pyro_hands_red
  8 -21.201393 43.581501 5.132953 -0.606796 0.375512 0.700563 0.212726 0.675730 1 8 1.000000
  8 -21.762590 43.415695 4.445301 -0.889454 0.265548 0.371962 0.248760 0.677808 1 8 1.000000
  8 -21.835293 42.932987 4.652041 -0.889454 0.265548 0.371962 0.246874 0.699153 1 8 1.000000
pyro_hands_red
  8 -21.762590 43.415695 4.445301 -0.889454 0.265548 0.371962 0.248760 0.677808 1 8 1.000000
  8 -22.060894 42.725796 3.717703 -0.984791 0.140860 0.101716 0.286417 0.698060 1 8 1.000000
  8 -21.835293 42.932987 4.652041 -0.889454 0.265548 0.371962 0.246874 0.699153 1 8 1.000000
pyro_hands_red
  8 -20.302193 43.174892 5.720085 -0.340618 0.181031 0.922609 0.169461 0.690581 2 8 0.650000 29 0.350000
  8 -20.319794 43.700500 5.523507 -0.364116 0.368110 0.855520 0.174707 0.668828 2 8 0.750000 29 0.250000
  8 -21.201393 43.581501 5.132953 -0.606796 0.375512 0.700563 0.212726 0.675730 1 8 1.000000
pyro_hands_red
  8 -20.302193 43.174892 5.720085 -0.340618 0.181031 0.922609 0.169461 0.690581 2 8 0.650000 29 0.350000
  8 -21.201393 43.581501 5.132953 -0.606796 0.375512 0.700563 0.212726 0.675730 1 8 1.000000
  8 -21.276592 42.982491 5.370933 -0.519898 0.298434 0.800402 0.210472 0.701776 1 8 1.000000
pyro_hands_red
  8 -21.201393 43.581501 5.132953 -0.606796 0.375512 0.700563 0.212726 0.675730 1 8 1.000000
  8 -21.835293 42.932987 4.652041 -0.889454 0.265548 0.371962 0.246874 0.699153 1 8 1.000000
  8 -21.276592 42.982491 5.370933 -0.519898 0.298434 0.800402 0.210472 0.701776 1 8 1.000000
pyro_hands_red
  8 -20.372093 42.269295 5.775014 -0.094184 0.084057 0.992000 0.168650 0.727652 3 8 0.750000 29 0.187500 35 0.062500
  8 -20.302193 43.174892 5.720085 -0.340618 0.181031 0.922609 0.169461 0.690581 2 8 0.650000 29 0.350000
  8 -21.276592 42.982491 5.370933 -0.519898 0.298434 0.800402 0.210472 0.701776 1 8 1.000000
pyro_hands_red
  8 -20.128691 42.490486 5.829614 -0.232706 -0.174074 0.956842 0.159163 0.717038 3 8 0.500000 29 0.406250 35 0.093750
  8 -20.302193 43.174892 5.720085 -0.340618 0.181031 0.922609 0.169461 0.690581 2 8 0.650000 29 0.350000
  8 -20.372093 42.269295 5.775014 -0.094184 0.084057 0.992000 0.168650 0.727652 3 8 0.750000 29 0.187500 35 0.062500
pyro_hands_red
  8 -17.157593 45.707489 3.703383 0.889136 -0.033297 0.456430 0.052977 0.539020 2 8 0.670000 29 0.330000
  8 -17.412792 45.276993 4.722044 0.696490 0.496624 0.517945 0.071935 0.575993 2 8 0.500000 29 0.500000
  8 -17.015295 44.922897 3.983184 0.971951 0.176156 0.155821 0.039986 0.565442 2 8 0.500000 29 0.500000
pyro_hands_red
  8 -17.015295 44.922897 3.983184 0.971951 0.176156 0.155821 0.039986 0.565442 2 8 0.500000 29 0.500000
  8 -17.412792 45.276993 4.722044 0.696490 0.496624 0.517945 0.071935 0.575993 2 8 0.500000 29 0.500000
  29 -17.247889 44.428493 5.396814 0.717914 0.419614 0.555449 0.062551 0.615336 1 29 1.000000
pyro_hands_red
  29 -17.247889 44.428493 5.396814 0.717914 0.419614 0.555449 0.062551 0.615336 1 29 1.000000
  8 -17.412792 45.276993 4.722044 0.696490 0.496624 0.517945 0.071935 0.575993 2 8 0.500000 29 0.500000
  8 -17.995092 45.362999 5.057045 0.216391 0.617163 0.756495 0.097063 0.584281 2 8 0.500000 29 0.500000
pyro_hands_red
  29 -17.247889 44.428493 5.396814 0.717914 0.419614 0.555449 0.062551 0.615336 1 29 1.000000
  8 -17.995092 45.362999 5.057045 0.216391 0.617163 0.756495 0.097063 0.584281 2 8 0.500000 29 0.500000
  29 -17.922491 44.547989 5.705105 0.172179 0.547868 0.818654 0.087847 0.622725 1 29 1.000000
pyro_hands_red
  8 -17.995092 45.362999 5.057045 0.216391 0.617163 0.756495 0.097063 0.584281 2 8 0.500000 29 0.500000
  29 -19.049391 44.472389 5.617835 -0.195533 0.491649 0.848556 0.129213 0.632122 1 29 1.000000
  29 -17.922491 44.547989 5.705105 0.172179 0.547868 0.818654 0.087847 0.622725 1 29 1.000000
pyro_hands_red
  29 -17.943691 43.887394 6.078725 0.113959 0.449578 0.885942 0.082473 0.649834 1 29 1.000000
  29 -17.922491 44.547989 5.705105 0.172179 0.547868 0.818654 0.087847 0.622725 1 29 1.000000
  29 -19.049391 44.472389 5.617835 -0.195533 0.491649 0.848556 0.129213 0.632122 1 29 1.000000
pyro_hands_red
  29 -17.943691 43.887394 6.078725 0.113959 0.449578 0.885942 0.082473 0.649834 1 29 1.000000
  29 -19.049391 44.472389 5.617835 -0.195533 0.491649 0.848556 0.129213 0.632122 1 29 1.000000
  29 -19.072390 43.811592 5.927187 -0.234180 0.391634 0.889821 0.124085 0.659697 1 29 1.000000
pyro_hands_red
  29 -17.976288 43.368385 6.328925 0.052509 0.379727 0.923607 0.078355 0.670627 2 29 0.562700 31 0.437300
  29 -17.943691 43.887394 6.078725 0.113959 0.449578 0.885942 0.082473 0.649834 1 29 1.000000
  29 -19.072390 43.811592 5.927187 -0.234180 0.391634 0.889821 0.124085 0.659697 1 29 1.000000
pyro_hands_red
  29 -17.976288 43.368385 6.328925 0.052509 0.379727 0.923607 0.078355 0.670627 2 29 0.562700 31 0.437300
  29 -19.072390 43.811592 5.927187 -0.234180 0.391634 0.889821 0.124085 0.659697 1 29 1.000000
  29 -19.100788 43.146389 6.152546 -0.300513 0.142866 0.943017 0.119558 0.686385 2 29 0.528300 31 0.471700
pyro_hands_red
  29 -17.976288 43.368385 6.328925 0.052509 0.379727 0.923607 0.078355 0.670627 2 29 0.562700 31 0.437300
  29 -19.100788 43.146389 6.152546 -0.300513 0.142866 0.943017 0.119558 0.686385 2 29 0.528300 31 0.471700
  31 -18.674093 42.477787 6.457964 -0.446699 0.121163 0.886442 0.098513 0.705550 2 31 0.806900 33 0.193100
pyro_hands_red
  29 -19.613693 42.279495 5.918855 -0.354603 -0.399298 0.845469 0.137737 0.722453 2 29 0.700000 8 0.300000
  31 -18.674093 42.477787 6.457964 -0.446699 0.121163 0.886442 0.098513 0.705550 2 31 0.806900 33 0.193100
  29 -19.100788 43.146389 6.152546 -0.300513 0.142866 0.943017 0.119558 0.686385 2 29 0.528300 31 0.471700
pyro_hands_red
  29 -19.613693 42.279495 5.918855 -0.354603 -0.399298 0.845469 0.137737 0.722453 2 29 0.700000 8 0.300000
  31 -19.070988 41.965286 6.030785 -0.659156 -0.429656 0.617178 0.117846 0.728738 2 31 0.750000 29 0.250000
  31 -18.674093 42.477787 6.457964 -0.446699 0.121163 0.886442 0.098513 0.705550 2 31 0.806900 33 0.193100
pyro_hands_red
  31 -19.070988 41.965286 6.030785 -0.659156 -0.429656 0.617178 0.117846 0.728738 2 31 0.750000 29 0.250000
  31 -18.573288 42.067184 6.616242 -0.573503 0.204731 0.793208 0.089216 0.721013 2 31 0.700300 33 0.299700
  31 -18.674093 42.477787 6.457964 -0.446699 0.121163 0.886442 0.098513 0.705550 2 31 0.806900 33 0.193100
pyro_hands_red
  31 -19.070988 41.965286 6.030785 -0.659156 -0.429656 0.617178 0.117846 0.728738 2 31 0.750000 29 0.250000
  31 -18.875389 41.698685 6.175303 -0.931495 -0.248980 0.265192 0.107789 0.737074 2 31 0.667100 33 0.332900
  31 -18.573288 42.067184 6.616242 -0.573503 0.204731 0.793208 0.089216 0.721013 2 31 0.700300 33 0.299700
pyro_hands_red
  31 -18.875389 41.698685 6.175303 -0.931495 -0.248980 0.265192 0.107789 0.737074 2 31 0.667100 33 0.332900
  31 -18.539486 41.696487 6.791402 -0.617880 0.282507 0.733767 0.084045 0.729565 2 31 0.569000 33 0.431000
  31 -18.573288 42.067184 6.616242 -0.573503 0.204731 0.793208 0.089216 0.721013 2 31 0.700300 33 0.299700
pyro_hands_red
  31 -18.875389 41.698685 6.175303 -0.931495 -0.248980 0.265192 0.107789 0.737074 2 31 0.667100 33 0.332900
  31 -18.810089 41.389992 6.334952 -0.988867 -0.106831 0.103585 0.102958 0.741386 2 31 0.559600 33 0.440400
  31 -18.539486 41.696487 6.791402 -0.617880 0.282507 0.733767 0.084045 0.729565 2 31 0.569000 33 0.431000
pyro_hands_red
  29 -17.976288 43.368385 6.328925 0.052509 0.379727 0.923607 0.078355 0.670627 2 29 0.562700 31 0.437300
  31 -18.674093 42.477787 6.457964 -0.446699 0.121163 0.886442 0.098513 0.705550 2 31 0.806900 33 0.193100
  31 -17.962891 42.606884 6.603156 0.007104 0.330975 0.943613 0.071681 0.695119 2 31 0.853500 33 0.146500
pyro_hands_red
  31 -18.573288 42.067184 6.616242 -0.573503 0.204731 0.793208 0.089216 0.721013 2 31 0.700300 33 0.299700
  31 -17.962891 42.606884 6.603156 0.007104 0.330975 0.943613 0.071681 0.695119 2 31 0.853500 33 0.146500
  31 -18.674093 42.477787 6.457964 -0.446699 0.121163 0.886442 0.098513 0.705550 2 31 0.806900 33 0.193100
pyro_hands_red
  31 -18.573288 42.067184 6.616242 -0.573503 0.204731 0.793208 0.089216 0.721013 2 31 0.700300 33 0.299700
  31 -17.951187 42.171684 6.745585 -0.020162 0.374151 0.927149 0.066074 0.711791 2 31 0.742000 33 0.258000
  31 -17.962891 42.606884 6.603156 0.007104 0.330975 0.943613 0.071681 0.695119 2 31 0.853500 33 0.146500
pyro_hands_red
  31 -17.938889 41.789383 6.919435 -0.041734 0.432573 0.900633 0.062491 0.721055 2 31 0.586900 33 0.413100
  31 -17.951187 42.171684 6.745585 -0.020162 0.374151 0.927149 0.066074 0.711791 2 31 0.742000 33 0.258000
  31 -18.573288 42.067184 6.616242 -0.573503 0.204731 0.793208 0.089216 0.721013 2 31 0.700300 33 0.299700
pyro_hands_red
  31 -17.938889 41.789383 6.919435 -0.041734 0.432573 0.900633 0.062491 0.721055 2 31 0.586900 33 0.413100
  31 -18.573288 42.067184 6.616242 -0.573503 0.204731 0.793208 0.089216 0.721013 2 31 0.700300 33 0.299700
  31 -18.539486 41.696487 6.791402 -0.617880 0.282507 0.733767 0.084045 0.729565 2 31 0.569000 33 0.431000
pyro_hands_red
  31 -17.001188 41.820881 6.178345 0.988681 0.143281 0.044510 0.018599 0.700964 2 31 0.774000 33 0.226000
  31 -17.283489 41.763489 6.803424 0.529597 0.444249 0.722613 0.038903 0.713204 2 31 0.591000 33 0.409000
  31 -16.936590 41.500389 6.400354 0.980803 0.174680 0.086673 0.017378 0.709243 2 31 0.582700 33 0.417300
pyro_hands_red
  31 -17.001188 41.820881 6.178345 0.988681 0.143281 0.044510 0.018599 0.700964 2 31 0.774000 33 0.226000
  31 -17.307487 42.122986 6.616755 0.592610 0.382679 0.708781 0.041719 0.704241 2 31 0.751200 33 0.248800
  31 -17.283489 41.763489 6.803424 0.529597 0.444249 0.722613 0.038903 0.713204 2 31 0.591000 33 0.409000
pyro_hands_red
  31 -17.307487 42.122986 6.616755 0.592610 0.382679 0.708781 0.041719 0.704241 2 31 0.751200 33 0.248800
  31 -17.938889 41.789383 6.919435 -0.041734 0.432573 0.900633 0.062491 0.721055 2 31 0.586900 33 0.413100
  31 -17.283489 41.763489 6.803424 0.529597 0.444249 0.722613 0.038903 0.713204 2 31 0.591000 33 0.409000
pyro_hands_red
  31 -17.307487 42.122986 6.616755 0.592610 0.382679 0.708781 0.041719 0.704241 2 31 0.751200 33 0.248800
  31 -17.951187 42.171684 6.745585 -0.020162 0.374151 0.927149 0.066074 0.711791 2 31 0.742000 33 0.258000
  31 -17.938889 41.789383 6.919435 -0.041734 0.432573 0.900633 0.062491 0.721055 2 31 0.586900 33 0.413100
pyro_hands_red
  31 -17.951187 42.171684 6.745585 -0.020162 0.374151 0.927149 0.066074 0.711791 2 31 0.742000 33 0.258000
  31 -17.307487 42.122986 6.616755 0.592610 0.382679 0.708781 0.041719 0.704241 2 31 0.751200 33 0.248800
  31 -17.326288 42.524086 6.468236 0.645145 0.310236 0.698242 0.047332 0.688831 2 31 0.863200 33 0.136800
pyro_hands_red
  31 -17.951187 42.171684 6.745585 -0.020162 0.374151 0.927149 0.066074 0.711791 2 31 0.742000 33 0.258000
  31 -17.326288 42.524086 6.468236 0.645145 0.310236 0.698242 0.047332 0.688831 2 31 0.863200 33 0.136800
  31 -17.962891 42.606884 6.603156 0.007104 0.330975 0.943613 0.071681 0.695119 2 31 0.853500 33 0.146500
pyro_hands_red
  31 -17.962891 42.606884 6.603156 0.007104 0.330975 0.943613 0.071681 0.695119 2 31 0.853500 33 0.146500
  31 -17.326288 42.524086 6.468236 0.645145 0.310236 0.698242 0.047332 0.688831 2 31 0.863200 33 0.136800
  29 -17.314388 43.232285 6.162205 0.684005 0.298784 0.665481 0.053468 0.665695 2 29 0.556000 31 0.444000
pyro_hands_red
  31 -17.962891 42.606884 6.603156 0.007104 0.330975 0.943613 0.071681 0.695119 2 31 0.853500 33 0.146500
  29 -17.314388 43.232285 6.162205 0.684005 0.298784 0.665481 0.053468 0.665695 2 29 0.556000 31 0.444000
  29 -17.976288 43.368385 6.328925 0.052509 0.379727 0.923607 0.078355 0.670627 2 29 0.562700 31 0.437300
pyro_hands_red
  29 -17.281790 43.689987 5.882954 0.724109 0.332574 0.604203 0.056785 0.646606 1 29 1.000000
  29 -17.976288 43.368385 6.328925 0.052509 0.379727 0.923607 0.078355 0.670627 2 29 0.562700 31 0.437300
  29 -17.314388 43.232285 6.162205 0.684005 0.298784 0.665481 0.053468 0.665695 2 29 0.556000 31 0.444000
pyro_hands_red
  29 -17.281790 43.689987 5.882954 0.724109 0.332574 0.604203 0.056785 0.646606 1 29 1.000000
  29 -17.943691 43.887394 6.078725 0.113959 0.449578 0.885942 0.082473 0.649834 1 29 1.000000
  29 -17.976288 43.368385 6.328925 0.052509 0.379727 0.923607 0.078355 0.670627 2 29 0.562700 31 0.437300
pyro_hands_red
  29 -17.922491 44.547989 5.705105 0.172179 0.547868 0.818654 0.087847 0.622725 1 29 1.000000
  29 -17.943691 43.887394 6.078725 0.113959 0.449578 0.885942 0.082473 0.649834 1 29 1.000000
  29 -17.281790 43.689987 5.882954 0.724109 0.332574 0.604203 0.056785 0.646606 1 29 1.000000
pyro_hands_red
  29 -17.922491 44.547989 5.705105 0.172179 0.547868 0.818654 0.087847 0.622725 1 29 1.000000
  29 -17.281790 43.689987 5.882954 0.724109 0.332574 0.604203 0.056785 0.646606 1 29 1.000000
  29 -17.247889 44.428493 5.396814 0.717914 0.419614 0.555449 0.062551 0.615336 1 29 1.000000
pyro_hands_red
  29 -17.281790 43.689987 5.882954 0.724109 0.332574 0.604203 0.056785 0.646606 1 29 1.000000
  29 -16.845493 43.873398 4.624235 0.992532 0.079433 0.092573 0.025715 0.608605 1 29 1.000000
  29 -17.247889 44.428493 5.396814 0.717914 0.419614 0.555449 0.062551 0.615336 1 29 1.000000
pyro_hands_red
  8 -17.015295 44.922897 3.983184 0.971951 0.176156 0.155821 0.039986 0.565442 2 8 0.500000 29 0.500000
  29 -17.247889 44.428493 5.396814 0.717914 0.419614 0.555449 0.062551 0.615336 1 29 1.000000
  29 -16.845493 43.873398 4.624235 0.992532 0.079433 0.092573 0.025715 0.608605 1 29 1.000000
pyro_hands_red
  29 -17.281790 43.689987 5.882954 0.724109 0.332574 0.604203 0.056785 0.646606 1 29 1.000000
  29 -16.932791 42.989193 5.195755 0.991551 -0.059367 0.115332 0.018754 0.646873 1 29 1.000000
  29 -16.845493 43.873398 4.624235 0.992532 0.079433 0.092573 0.025715 0.608605 1 29 1.000000
pyro_hands_red
  29 -16.932791 42.989193 5.195755 0.991551 -0.059367 0.115332 0.018754 0.646873 1 29 1.000000
  29 -17.281790 43.689987 5.882954 0.724109 0.332574 0.604203 0.056785 0.646606 1 29 1.000000
  29 -17.314388 43.232285 6.162205 0.684005 0.298784 0.665481 0.053468 0.665695 2 29 0.556000 31 0.444000
pyro_hands_red
  29 -16.932791 42.989193 5.195755 0.991551 -0.059367 0.115332 0.018754 0.646873 1 29 1.000000
  29 -17.314388 43.232285 6.162205 0.684005 0.298784 0.665481 0.053468 0.665695 2 29 0.556000 31 0.444000
  29 -17.004890 42.621387 5.518835 0.991551 -0.059367 0.115332 0.018558 0.665936 2 29 0.518600 31 0.481400
pyro_hands_red
  29 -17.004890 42.621387 5.518835 0.991551 -0.059367 0.115332 0.018558 0.665936 2 29 0.518600 31 0.481400
  29 -17.314388 43.232285 6.162205 0.684005 0.298784 0.665481 0.053468 0.665695 2 29 0.556000 31 0.444000
  31 -17.326288 42.524086 6.468236 0.645145 0.310236 0.698242 0.047332 0.688831 2 31 0.863200 33 0.136800
pyro_hands_red
  29 -17.004890 42.621387 5.518835 0.991551 -0.059367 0.115332 0.018558 0.665936 2 29 0.518600 31 0.481400
  31 -17.326288 42.524086 6.468236 0.645145 0.310236 0.698242 0.047332 0.688831 2 31 0.863200 33 0.136800
  31 -17.043289 42.129883 5.953225 0.997336 0.034590 0.064221 0.020620 0.686444 2 31 0.906900 33 0.093100
pyro_hands_red
  31 -17.307487 42.122986 6.616755 0.592610 0.382679 0.708781 0.041719 0.704241 2 31 0.751200 33 0.248800
  31 -17.043289 42.129883 5.953225 0.997336 0.034590 0.064221 0.020620 0.686444 2 31 0.906900 33 0.093100
  31 -17.326288 42.524086 6.468236 0.645145 0.310236 0.698242 0.047332 0.688831 2 31 0.863200 33 0.136800
pyro_hands_red
  31 -17.307487 42.122986 6.616755 0.592610 0.382679 0.708781 0.041719 0.704241 2 31 0.751200 33 0.248800
  31 -17.001188 41.820881 6.178345 0.988681 0.143281 0.044510 0.018599 0.700964 2 31 0.774000 33 0.226000
  31 -17.043289 42.129883 5.953225 0.997336 0.034590 0.064221 0.020620 0.686444 2 31 0.906900 33 0.093100
pyro_hands_red
  57 -17.605082 37.022182 0.724193 0.776075 -0.620567 0.112269 0.525929 0.868708 1 57 1.000000
  57 -17.732281 37.038380 1.036983 0.397060 -0.598305 0.695970 0.517492 0.869652 1 57 1.000000
  57 -17.829580 36.938885 0.947270 -0.022033 -0.920663 0.389735 0.518929 0.866276 1 57 1.000000
pyro_hands_red
  57 -17.964382 37.199585 1.111434 -0.104270 -0.311206 0.944605 0.511593 0.864790 1 57 1.000000
  57 -17.829580 36.938885 0.947270 -0.022033 -0.920663 0.389735 0.518929 0.866276 1 57 1.000000
  57 -17.732281 37.038380 1.036983 0.397060 -0.598305 0.695970 0.517492 0.869652 1 57 1.000000
pyro_hands_red
  57 -17.964382 37.199585 1.111434 -0.104270 -0.311206 0.944605 0.511593 0.864790 1 57 1.000000
  57 -18.091183 37.056183 0.948582 -0.367467 -0.817103 0.444197 0.515797 0.861126 1 57 1.000000
  57 -17.829580 36.938885 0.947270 -0.022033 -0.920663 0.389735 0.518929 0.866276 1 57 1.000000
pyro_hands_red
  57 -18.314783 37.445286 1.095914 -0.203108 -0.197292 0.959074 0.506350 0.856167 1 57 1.000000
  57 -18.091183 37.056183 0.948582 -0.367467 -0.817103 0.444197 0.515797 0.861126 1 57 1.000000
  57 -17.964382 37.199585 1.111434 -0.104270 -0.311206 0.944605 0.511593 0.864790 1 57 1.000000
pyro_hands_red
  57 -18.314783 37.445286 1.095914 -0.203108 -0.197292 0.959074 0.506350 0.856167 1 57 1.000000
  57 -18.472584 37.220985 0.894121 -0.424461 -0.761447 0.489930 0.512762 0.852575 1 57 1.000000
  57 -18.091183 37.056183 0.948582 -0.367467 -0.817103 0.444197 0.515797 0.861126 1 57 1.000000
pyro_hands_red
  57 -19.142586 37.996590 0.993591 -0.232706 -0.174074 0.956842 0.498039 0.836315 2 57 0.502300 55 0.497700
  57 -18.472584 37.220985 0.894121 -0.424461 -0.761447 0.489930 0.512762 0.852575 1 57 1.000000
  57 -18.314783 37.445286 1.095914 -0.203108 -0.197292 0.959074 0.506350 0.856167 1 57 1.000000
pyro_hands_red
  57 -19.142586 37.996590 0.993591 -0.232706 -0.174074 0.956842 0.498039 0.836315 2 57 0.502300 55 0.497700
  55 -19.493084 37.684784 0.676380 -0.486295 -0.695959 0.528354 0.507330 0.829321 2 55 0.505800 57 0.494200
  57 -18.472584 37.220985 0.894121 -0.424461 -0.761447 0.489930 0.512762 0.852575 1 57 1.000000
pyro_hands_red
  55 -19.298687 38.159889 0.979614 -0.232706 -0.174074 0.956842 0.495934 0.832728 2 55 0.540700 57 0.459300
  55 -19.493084 37.684784 0.676380 -0.486295 -0.695959 0.528354 0.507330 0.829321 2 55 0.505800 57 0.494200
  57 -19.142586 37.996590 0.993591 -0.232706 -0.174074 0.956842 0.498039 0.836315 2 57 0.502300 55 0.497700
pyro_hands_red
  55 -19.298687 38.159889 0.979614 -0.232706 -0.174074 0.956842 0.495934 0.832728 2 55 0.540700 57 0.459300
  55 -19.697586 37.804783 0.627715 -0.571085 -0.619807 0.538239 0.506991 0.826674 2 55 0.570800 57 0.429200
  55 -19.493084 37.684784 0.676380 -0.486295 -0.695959 0.528354 0.507330 0.829321 2 55 0.505800 57 0.494200
pyro_hands_red
  55 -19.697586 37.804783 0.627715 -0.571085 -0.619807 0.538239 0.506991 0.826674 2 55 0.570800 57 0.429200
  55 -19.504585 37.606186 0.212354 -0.437733 -0.890568 -0.123607 0.515950 0.825706 2 55 0.514200 57 0.485800
  55 -19.493084 37.684784 0.676380 -0.486295 -0.695959 0.528354 0.507330 0.829321 2 55 0.505800 57 0.494200
pyro_hands_red
  55 -19.697586 37.804783 0.627715 -0.571085 -0.619807 0.538239 0.506991 0.826674 2 55 0.570800 57 0.429200
  55 -19.693188 37.725693 0.160766 -0.603075 -0.774432 -0.191195 0.515548 0.823723 2 55 0.582000 57 0.418000
  55 -19.504585 37.606186 0.212354 -0.437733 -0.890568 -0.123607 0.515950 0.825706 2 55 0.514200 57 0.485800
pyro_hands_red
  55 -19.462986 37.827290 -0.247099 -0.215277 -0.449569 -0.866916 0.524914 0.821611 2 55 0.573500 57 0.426500
  55 -19.504585 37.606186 0.212354 -0.437733 -0.890568 -0.123607 0.515950 0.825706 2 55 0.514200 57 0.485800
  55 -19.693188 37.725693 0.160766 -0.603075 -0.774432 -0.191195 0.515548 0.823723 2 55 0.582000 57 0.418000
pyro_hands_red
  55 -19.462986 37.827290 -0.247099 -0.215277 -0.449569 -0.866916 0.524914 0.821611 2 55 0.573500 57 0.426500
  55 -19.288586 37.701290 -0.209760 -0.111689 -0.579323 -0.807410 0.525628 0.824409 2 55 0.511800 57 0.488200
  55 -19.504585 37.606186 0.212354 -0.437733 -0.890568 -0.123607 0.515950 0.825706 2 55 0.514200 57 0.485800
pyro_hands_red
  55 -18.979485 38.189690 -0.195309 0.443760 0.218342 -0.869139 0.538035 0.820193 2 55 0.561700 57 0.438300
  55 -19.288586 37.701290 -0.209760 -0.111689 -0.579323 -0.807410 0.525628 0.824409 2 55 0.511800 57 0.488200
  55 -19.462986 37.827290 -0.247099 -0.215277 -0.449569 -0.866916 0.524914 0.821611 2 55 0.573500 57 0.426500
pyro_hands_red
  55 -18.979485 38.189690 -0.195309 0.443760 0.218342 -0.869139 0.538035 0.820193 2 55 0.561700 57 0.438300
  55 -18.839485 38.023785 -0.165734 0.412380 0.211084 -0.886220 0.536974 0.827646 2 55 0.500000 57 0.500000
  55 -19.288586 37.701290 -0.209760 -0.111689 -0.579323 -0.807410 0.525628 0.824409 2 55 0.511800 57 0.488200
pyro_hands_red
  55 -18.839485 38.023785 -0.165734 0.412380 0.211084 -0.886220 0.536974 0.827646 2 55 0.500000 57 0.500000
  57 -18.256983 37.241184 0.094799 -0.032792 -0.671100 -0.740641 0.530140 0.848834 1 57 1.000000
  55 -19.288586 37.701290 -0.209760 -0.111689 -0.579323 -0.807410 0.525628 0.824409 2 55 0.511800 57 0.488200
pyro_hands_red
  55 -18.839485 38.023785 -0.165734 0.412380 0.211084 -0.886220 0.536974 0.827646 2 55 0.500000 57 0.500000
  57 -17.999283 37.499981 0.101855 0.422575 0.108427 -0.899819 0.537856 0.850503 1 57 1.000000
  57 -18.256983 37.241184 0.094799 -0.032792 -0.671100 -0.740641 0.530140 0.848834 1 57 1.000000
pyro_hands_red
  57 -17.898182 37.082184 0.250459 0.030061 -0.733835 -0.678662 0.530486 0.857442 1 57 1.000000
  57 -18.256983 37.241184 0.094799 -0.032792 -0.671100 -0.740641 0.530140 0.848834 1 57 1.000000
  57 -17.999283 37.499981 0.101855 0.422575 0.108427 -0.899819 0.537856 0.850503 1 57 1.000000
pyro_hands_red
  57 -17.898182 37.082184 0.250459 0.030061 -0.733835 -0.678662 0.530486 0.857442 1 57 1.000000
  57 -17.999283 37.499981 0.101855 0.422575 0.108427 -0.899819 0.537856 0.850503 1 57 1.000000
  57 -17.744881 37.278980 0.229689 0.496899 -0.100441 -0.861976 0.535725 0.858404 1 57 1.000000
pyro_hands_red
  57 -17.898182 37.082184 0.250459 0.030061 -0.733835 -0.678662 0.530486 0.857442 1 57 1.000000
  57 -17.744881 37.278980 0.229689 0.496899 -0.100441 -0.861976 0.535725 0.858404 1 57 1.000000
  57 -17.595980 37.110676 0.385080 0.738652 -0.420166 -0.527118 0.532884 0.863870 1 57 1.000000
pyro_hands_red
  57 -17.898182 37.082184 0.250459 0.030061 -0.733835 -0.678662 0.530486 0.857442 1 57 1.000000
  57 -17.595980 37.110676 0.385080 0.738652 -0.420166 -0.527118 0.532884 0.863870 1 57 1.000000
  57 -17.697781 36.974483 0.388393 0.332829 -0.812906 -0.477922 0.529954 0.862169 1 57 1.000000
pyro_hands_red
  57 -17.605082 37.022182 0.724193 0.776075 -0.620567 0.112269 0.525929 0.868708 1 57 1.000000
  57 -17.697781 36.974483 0.388393 0.332829 -0.812906 -0.477922 0.529954 0.862169 1 57 1.000000
  57 -17.595980 37.110676 0.385080 0.738652 -0.420166 -0.527118 0.532884 0.863870 1 57 1.000000
pyro_hands_red
  57 -17.605082 37.022182 0.724193 0.776075 -0.620567 0.112269 0.525929 0.868708 1 57 1.000000
  57 -17.750383 36.923382 0.663723 0.168385 -0.985074 -0.035713 0.524976 0.864701 1 57 1.000000
  57 -17.697781 36.974483 0.388393 0.332829 -0.812906 -0.477922 0.529954 0.862169 1 57 1.000000
pyro_hands_red
  57 -17.605082 37.022182 0.724193 0.776075 -0.620567 0.112269 0.525929 0.868708 1 57 1.000000
  57 -17.829580 36.938885 0.947270 -0.022033 -0.920663 0.389735 0.518929 0.866276 1 57 1.000000
  57 -17.750383 36.923382 0.663723 0.168385 -0.985074 -0.035713 0.524976 0.864701 1 57 1.000000
pyro_hands_red
  57 -17.829580 36.938885 0.947270 -0.022033 -0.920663 0.389735 0.518929 0.866276 1 57 1.000000
  57 -18.029783 37.018589 0.595750 -0.352700 -0.929476 -0.108064 0.523033 0.858823 1 57 1.000000
  57 -17.750383 36.923382 0.663723 0.168385 -0.985074 -0.035713 0.524976 0.864701 1 57 1.000000
pyro_hands_red
  57 -17.829580 36.938885 0.947270 -0.022033 -0.920663 0.389735 0.518929 0.866276 1 57 1.000000
  57 -18.091183 37.056183 0.948582 -0.367467 -0.817103 0.444197 0.515797 0.861126 1 57 1.000000
  57 -18.029783 37.018589 0.595750 -0.352700 -0.929476 -0.108064 0.523033 0.858823 1 57 1.000000
pyro_hands_red
  57 -18.472584 37.220985 0.894121 -0.424461 -0.761447 0.489930 0.512762 0.852575 1 57 1.000000
  57 -18.029783 37.018589 0.595750 -0.352700 -0.929476 -0.108064 0.523033 0.858823 1 57 1.000000
  57 -18.091183 37.056183 0.948582 -0.367467 -0.817103 0.444197 0.515797 0.861126 1 57 1.000000
pyro_hands_red
  57 -18.472584 37.220985 0.894121 -0.424461 -0.761447 0.489930 0.512762 0.852575 1 57 1.000000
  57 -18.457684 37.184185 0.492550 -0.352700 -0.929476 -0.108064 0.520716 0.849442 1 57 1.000000
  57 -18.029783 37.018589 0.595750 -0.352700 -0.929476 -0.108064 0.523033 0.858823 1 57 1.000000
pyro_hands_red
  55 -19.493084 37.684784 0.676380 -0.486295 -0.695959 0.528354 0.507330 0.829321 2 55 0.505800 57 0.494200
  57 -18.457684 37.184185 0.492550 -0.352700 -0.929476 -0.108064 0.520716 0.849442 1 57 1.000000
  57 -18.472584 37.220985 0.894121 -0.424461 -0.761447 0.489930 0.512762 0.852575 1 57 1.000000
pyro_hands_red
  55 -19.493084 37.684784 0.676380 -0.486295 -0.695959 0.528354 0.507330 0.829321 2 55 0.505800 57 0.494200
  55 -19.504585 37.606186 0.212354 -0.437733 -0.890568 -0.123607 0.515950 0.825706 2 55 0.514200 57 0.485800
  57 -18.457684 37.184185 0.492550 -0.352700 -0.929476 -0.108064 0.520716 0.849442 1 57 1.000000
pyro_hands_red
  55 -19.288586 37.701290 -0.209760 -0.111689 -0.579323 -0.807410 0.525628 0.824409 2 55 0.511800 57 0.488200
  57 -18.457684 37.184185 0.492550 -0.352700 -0.929476 -0.108064 0.520716 0.849442 1 57 1.000000
  55 -19.504585 37.606186 0.212354 -0.437733 -0.890568 -0.123607 0.515950 0.825706 2 55 0.514200 57 0.485800
pyro_hands_red
  55 -19.288586 37.701290 -0.209760 -0.111689 -0.579323 -0.807410 0.525628 0.824409 2 55 0.511800 57 0.488200
  57 -18.256983 37.241184 0.094799 -0.032792 -0.671100 -0.740641 0.530140 0.848834 1 57 1.000000
  57 -18.457684 37.184185 0.492550 -0.352700 -0.929476 -0.108064 0.520716 0.849442 1 57 1.000000
pyro_hands_red
  57 -18.029783 37.018589 0.595750 -0.352700 -0.929476 -0.108064 0.523033 0.858823 1 57 1.000000
  57 -18.457684 37.184185 0.492550 -0.352700 -0.929476 -0.108064 0.520716 0.849442 1 57 1.000000
  57 -18.256983 37.241184 0.094799 -0.032792 -0.671100 -0.740641 0.530140 0.848834 1 57 1.000000
pyro_hands_red
  57 -18.029783 37.018589 0.595750 -0.352700 -0.929476 -0.108064 0.523033 0.858823 1 57 1.000000
  57 -18.256983 37.241184 0.094799 -0.032792 -0.671100 -0.740641 0.530140 0.848834 1 57 1.000000
  57 -17.898182 37.082184 0.250459 0.030061 -0.733835 -0.678662 0.530486 0.857442 1 57 1.000000
pyro_hands_red
  57 -18.029783 37.018589 0.595750 -0.352700 -0.929476 -0.108064 0.523033 0.858823 1 57 1.000000
  57 -17.898182 37.082184 0.250459 0.030061 -0.733835 -0.678662 0.530486 0.857442 1 57 1.000000
  57 -17.697781 36.974483 0.388393 0.332829 -0.812906 -0.477922 0.529954 0.862169 1 57 1.000000
pyro_hands_red
  57 -18.029783 37.018589 0.595750 -0.352700 -0.929476 -0.108064 0.523033 0.858823 1 57 1.000000
  57 -17.697781 36.974483 0.388393 0.332829 -0.812906 -0.477922 0.529954 0.862169 1 57 1.000000
  57 -17.750383 36.923382 0.663723 0.168385 -0.985074 -0.035713 0.524976 0.864701 1 57 1.000000
pyro_hands_red
  57 -18.044182 37.628986 1.082994 0.275426 0.500872 0.820529 0.605701 0.787240 1 57 1.000000
  57 -18.314783 37.445286 1.095914 -0.203108 -0.197292 0.959074 0.613225 0.790435 1 57 1.000000
  57 -17.964382 37.199585 1.111434 -0.104270 -0.311206 0.944605 0.603744 0.798358 1 57 1.000000
pyro_hands_red
  55 -19.067884 38.322289 0.974323 0.384749 0.442034 0.810292 0.621961 0.771258 2 55 0.523200 57 0.476800
  55 -19.298687 38.159889 0.979614 -0.232706 -0.174074 0.956842 0.627780 0.775993 2 55 0.540700 57 0.459300
  57 -19.142586 37.996590 0.993591 -0.232706 -0.174074 0.956842 0.625903 0.776895 2 57 0.502300 55 0.497700
pyro_hands_red
  55 -19.067884 38.322289 0.974323 0.384749 0.442034 0.810292 0.621961 0.771258 2 55 0.523200 57 0.476800
  57 -19.142586 37.996590 0.993591 -0.232706 -0.174074 0.956842 0.625903 0.776895 2 57 0.502300 55 0.497700
  57 -18.898285 38.176189 0.979232 0.294348 0.526260 0.797753 0.618923 0.773557 2 57 0.516800 55 0.483200
pyro_hands_red
  57 -18.898285 38.176189 0.979232 0.294348 0.526260 0.797753 0.618923 0.773557 2 57 0.516800 55 0.483200
  57 -19.142586 37.996590 0.993591 -0.232706 -0.174074 0.956842 0.625903 0.776895 2 57 0.502300 55 0.497700
  57 -18.314783 37.445286 1.095914 -0.203108 -0.197292 0.959074 0.613225 0.790435 1 57 1.000000
pyro_hands_red
  57 -18.898285 38.176189 0.979232 0.294348 0.526260 0.797753 0.618923 0.773557 2 57 0.516800 55 0.483200
  57 -18.314783 37.445286 1.095914 -0.203108 -0.197292 0.959074 0.613225 0.790435 1 57 1.000000
  57 -18.044182 37.628986 1.082994 0.275426 0.500872 0.820529 0.605701 0.787240 1 57 1.000000
pyro_hands_red
  57 -18.773586 38.282787 0.516160 0.569437 0.812008 0.128001 0.609653 0.764684 2 57 0.503900 55 0.496100
  57 -18.898285 38.176189 0.979232 0.294348 0.526260 0.797753 0.618923 0.773557 2 57 0.516800 55 0.483200
  57 -18.044182 37.628986 1.082994 0.275426 0.500872 0.820529 0.605701 0.787240 1 57 1.000000
pyro_hands_red
  57 -18.773586 38.282787 0.516160 0.569437 0.812008 0.128001 0.609653 0.764684 2 57 0.503900 55 0.496100
  57 -18.044182 37.628986 1.082994 0.275426 0.500872 0.820529 0.605701 0.787240 1 57 1.000000
  57 -17.882383 37.744884 0.711662 0.569437 0.812008 0.128001 0.597737 0.780826 1 57 1.000000
pyro_hands_red
  57 -18.773586 38.282787 0.516160 0.569437 0.812008 0.128001 0.609653 0.764684 2 57 0.503900 55 0.496100
  57 -17.882383 37.744884 0.711662 0.569437 0.812008 0.128001 0.597737 0.780826 1 57 1.000000
  57 -17.866184 37.664379 0.298984 0.615985 0.645897 -0.450977 0.589839 0.774293 1 57 1.000000
pyro_hands_red
  57 -17.603485 37.440285 0.378668 0.774302 0.421457 -0.472049 0.585529 0.781817 1 57 1.000000
  57 -17.866184 37.664379 0.298984 0.615985 0.645897 -0.450977 0.589839 0.774293 1 57 1.000000
  57 -17.882383 37.744884 0.711662 0.569437 0.812008 0.128001 0.597737 0.780826 1 57 1.000000
pyro_hands_red
  57 -17.744881 37.278980 0.229689 0.496899 -0.100441 -0.861976 0.579836 0.778126 1 57 1.000000
  57 -17.866184 37.664379 0.298984 0.615985 0.645897 -0.450977 0.589839 0.774293 1 57 1.000000
  57 -17.603485 37.440285 0.378668 0.774302 0.421457 -0.472049 0.585529 0.781817 1 57 1.000000
pyro_hands_red
  57 -17.744881 37.278980 0.229689 0.496899 -0.100441 -0.861976 0.579836 0.778126 1 57 1.000000
  57 -17.603485 37.440285 0.378668 0.774302 0.421457 -0.472049 0.585529 0.781817 1 57 1.000000
  57 -17.499483 37.287182 0.422752 0.944226 0.013333 -0.329028 0.583707 0.785645 1 57 1.000000
pyro_hands_red
  57 -17.744881 37.278980 0.229689 0.496899 -0.100441 -0.861976 0.579836 0.778126 1 57 1.000000
  57 -17.499483 37.287182 0.422752 0.944226 0.013333 -0.329028 0.583707 0.785645 1 57 1.000000
  57 -17.595980 37.110676 0.385080 0.738652 -0.420166 -0.527118 0.579057 0.787921 1 57 1.000000
pyro_hands_red
  57 -17.605082 37.022182 0.724193 0.776075 -0.620567 0.112269 0.585066 0.796528 1 57 1.000000
  57 -17.595980 37.110676 0.385080 0.738652 -0.420166 -0.527118 0.579057 0.787921 1 57 1.000000
  57 -17.499483 37.287182 0.422752 0.944226 0.013333 -0.329028 0.583707 0.785645 1 57 1.000000
pyro_hands_red
  55 -19.067884 38.322289 0.974323 0.384749 0.442034 0.810292 0.621961 0.771258 2 55 0.523200 57 0.476800
  57 -18.898285 38.176189 0.979232 0.294348 0.526260 0.797753 0.618923 0.773557 2 57 0.516800 55 0.483200
  57 -18.773586 38.282787 0.516160 0.569437 0.812008 0.128001 0.609653 0.764684 2 57 0.503900 55 0.496100
pyro_hands_red
  55 -19.067884 38.322289 0.974323 0.384749 0.442034 0.810292 0.621961 0.771258 2 55 0.523200 57 0.476800
  57 -18.773586 38.282787 0.516160 0.569437 0.812008 0.128001 0.609653 0.764684 2 57 0.503900 55 0.496100
  55 -18.925087 38.400589 0.477466 0.718624 0.676650 0.160384 0.611525 0.761566 2 55 0.780100 57 0.219900
pyro_hands_red
  55 -18.875086 38.336693 0.049009 0.744302 0.583537 -0.324808 0.601823 0.754968 2 55 0.598200 57 0.401800
  55 -18.925087 38.400589 0.477466 0.718624 0.676650 0.160384 0.611525 0.761566 2 55 0.780100 57 0.219900
  57 -18.773586 38.282787 0.516160 0.569437 0.812008 0.128001 0.609653 0.764684 2 57 0.503900 55 0.496100
pyro_hands_red
  55 -18.875086 38.336693 0.049009 0.744302 0.583537 -0.324808 0.601823 0.754968 2 55 0.598200 57 0.401800
  57 -18.773586 38.282787 0.516160 0.569437 0.812008 0.128001 0.609653 0.764684 2 57 0.503900 55 0.496100
  57 -18.713585 38.188389 0.082658 0.618429 0.684153 -0.386626 0.600043 0.758149 2 57 0.502800 55 0.497200
pyro_hands_red
  57 -18.773586 38.282787 0.516160 0.569437 0.812008 0.128001 0.609653 0.764684 2 57 0.503900 55 0.496100
  57 -17.866184 37.664379 0.298984 0.615985 0.645897 -0.450977 0.589839 0.774293 1 57 1.000000
  57 -18.713585 38.188389 0.082658 0.618429 0.684153 -0.386626 0.600043 0.758149 2 57 0.502800 55 0.497200
pyro_hands_red
  57 -18.713585 38.188389 0.082658 0.618429 0.684153 -0.386626 0.600043 0.758149 2 57 0.502800 55 0.497200
  57 -17.866184 37.664379 0.298984 0.615985 0.645897 -0.450977 0.589839 0.774293 1 57 1.000000
  57 -17.999283 37.499981 0.101855 0.422575 0.108427 -0.899819 0.584905 0.769014 1 57 1.000000
pyro_hands_red
  57 -17.744881 37.278980 0.229689 0.496899 -0.100441 -0.861976 0.579836 0.778126 1 57 1.000000
  57 -17.999283 37.499981 0.101855 0.422575 0.108427 -0.899819 0.584905 0.769014 1 57 1.000000
  57 -17.866184 37.664379 0.298984 0.615985 0.645897 -0.450977 0.589839 0.774293 1 57 1.000000
pyro_hands_red
  55 -18.875086 38.336693 0.049009 0.744302 0.583537 -0.324808 0.601823 0.754968 2 55 0.598200 57 0.401800
  55 -18.839485 38.023785 -0.165734 0.412380 0.211084 -0.886220 0.594435 0.752236 2 55 0.500000 57 0.500000
  55 -18.979485 38.189690 -0.195309 0.443760 0.218342 -0.869139 0.595035 0.750844 2 55 0.561700 57 0.438300
pyro_hands_red
  55 -18.875086 38.336693 0.049009 0.744302 0.583537 -0.324808 0.601823 0.754968 2 55 0.598200 57 0.401800
  57 -18.713585 38.188389 0.082658 0.618429 0.684153 -0.386626 0.600043 0.758149 2 57 0.502800 55 0.497200
  55 -18.839485 38.023785 -0.165734 0.412380 0.211084 -0.886220 0.594435 0.752236 2 55 0.500000 57 0.500000
pyro_hands_red
  57 -18.713585 38.188389 0.082658 0.618429 0.684153 -0.386626 0.600043 0.758149 2 57 0.502800 55 0.497200
  57 -17.999283 37.499981 0.101855 0.422575 0.108427 -0.899819 0.584905 0.769014 1 57 1.000000
  55 -18.839485 38.023785 -0.165734 0.412380 0.211084 -0.886220 0.594435 0.752236 2 55 0.500000 57 0.500000
pyro_hands_red
  57 -17.603485 37.440285 0.378668 0.774302 0.421457 -0.472049 0.585529 0.781817 1 57 1.000000
  57 -17.882383 37.744884 0.711662 0.569437 0.812008 0.128001 0.597737 0.780826 1 57 1.000000
  57 -17.597584 37.499584 0.773503 0.766611 0.606355 0.211285 0.592708 0.787465 1 57 1.000000
pyro_hands_red
  57 -17.499483 37.287182 0.422752 0.944226 0.013333 -0.329028 0.583707 0.785645 1 57 1.000000
  57 -17.603485 37.440285 0.378668 0.774302 0.421457 -0.472049 0.585529 0.781817 1 57 1.000000
  57 -17.597584 37.499584 0.773503 0.766611 0.606355 0.211285 0.592708 0.787465 1 57 1.000000
pyro_hands_red
  57 -17.499483 37.287182 0.422752 0.944226 0.013333 -0.329028 0.583707 0.785645 1 57 1.000000
  57 -17.597584 37.499584 0.773503 0.766611 0.606355 0.211285 0.592708 0.787465 1 57 1.000000
  57 -17.508682 37.266285 0.778332 0.977346 -0.004627 0.211595 0.589511 0.791459 1 57 1.000000
pyro_hands_red
  57 -17.605082 37.022182 0.724193 0.776075 -0.620567 0.112269 0.585066 0.796528 1 57 1.000000
  57 -17.499483 37.287182 0.422752 0.944226 0.013333 -0.329028 0.583707 0.785645 1 57 1.000000
  57 -17.508682 37.266285 0.778332 0.977346 -0.004627 0.211595 0.589511 0.791459 1 57 1.000000
pyro_hands_red
  57 -17.631083 37.226585 1.055724 0.709908 -0.071514 0.700654 0.595239 0.795603 1 57 1.000000
  57 -17.605082 37.022182 0.724193 0.776075 -0.620567 0.112269 0.585066 0.796528 1 57 1.000000
  57 -17.508682 37.266285 0.778332 0.977346 -0.004627 0.211595 0.589511 0.791459 1 57 1.000000
pyro_hands_red
  57 -17.631083 37.226585 1.055724 0.709908 -0.071514 0.700654 0.595239 0.795603 1 57 1.000000
  57 -17.732281 37.038380 1.036983 0.397060 -0.598305 0.695970 0.594540 0.801005 1 57 1.000000
  57 -17.605082 37.022182 0.724193 0.776075 -0.620567 0.112269 0.585066 0.796528 1 57 1.000000
pyro_hands_red
  57 -17.631083 37.226585 1.055724 0.709908 -0.071514 0.700654 0.595239 0.795603 1 57 1.000000
  57 -17.964382 37.199585 1.111434 -0.104270 -0.311206 0.944605 0.603744 0.798358 1 57 1.000000
  57 -17.732281 37.038380 1.036983 0.397060 -0.598305 0.695970 0.594540 0.801005 1 57 1.000000
pyro_hands_red
  57 -17.631083 37.226585 1.055724 0.709908 -0.071514 0.700654 0.595239 0.795603 1 57 1.000000
  57 -17.760782 37.406487 1.091034 0.439668 0.301459 0.846058 0.599154 0.792542 1 57 1.000000
  57 -17.964382 37.199585 1.111434 -0.104270 -0.311206 0.944605 0.603744 0.798358 1 57 1.000000
pyro_hands_red
  57 -18.044182 37.628986 1.082994 0.275426 0.500872 0.820529 0.605701 0.787240 1 57 1.000000
  57 -17.964382 37.199585 1.111434 -0.104270 -0.311206 0.944605 0.603744 0.798358 1 57 1.000000
  57 -17.760782 37.406487 1.091034 0.439668 0.301459 0.846058 0.599154 0.792542 1 57 1.000000
pyro_hands_red
  57 -17.882383 37.744884 0.711662 0.569437 0.812008 0.128001 0.597737 0.780826 1 57 1.000000
  57 -18.044182 37.628986 1.082994 0.275426 0.500872 0.820529 0.605701 0.787240 1 57 1.000000
  57 -17.760782 37.406487 1.091034 0.439668 0.301459 0.846058 0.599154 0.792542 1 57 1.000000
pyro_hands_red
  57 -17.882383 37.744884 0.711662 0.569437 0.812008 0.128001 0.597737 0.780826 1 57 1.000000
  57 -17.760782 37.406487 1.091034 0.439668 0.301459 0.846058 0.599154 0.792542 1 57 1.000000
  57 -17.597584 37.499584 0.773503 0.766611 0.606355 0.211285 0.592708 0.787465 1 57 1.000000
pyro_hands_red
  57 -17.597584 37.499584 0.773503 0.766611 0.606355 0.211285 0.592708 0.787465 1 57 1.000000
  57 -17.760782 37.406487 1.091034 0.439668 0.301459 0.846058 0.599154 0.792542 1 57 1.000000
  57 -17.631083 37.226585 1.055724 0.709908 -0.071514 0.700654 0.595239 0.795603 1 57 1.000000
pyro_hands_red
  57 -17.597584 37.499584 0.773503 0.766611 0.606355 0.211285 0.592708 0.787465 1 57 1.000000
  57 -17.631083 37.226585 1.055724 0.709908 -0.071514 0.700654 0.595239 0.795603 1 57 1.000000
  57 -17.508682 37.266285 0.778332 0.977346 -0.004627 0.211595 0.589511 0.791459 1 57 1.000000
pyro_hands_red
  49 -21.307398 38.543579 2.455932 -0.707458 -0.351179 0.613332 0.399403 0.816612 1 49 1.000000
  49 -20.663897 38.785683 2.779591 -0.141612 0.104687 0.984371 0.385064 0.824967 1 49 1.000000
  47 -20.740299 38.993690 2.750643 -0.094184 0.084057 0.992000 0.383120 0.817105 2 47 0.500300 49 0.499700
pyro_hands_red
  47 -21.624596 40.344288 2.265685 -0.851290 -0.340532 0.399179 0.378743 0.781573 1 47 1.000000
  41 -20.763186 40.272781 2.566993 -0.103599 -0.973932 -0.201798 0.370542 0.805361 1 41 1.000000
  41 -21.693085 40.467083 2.525973 -0.834273 -0.507833 -0.214695 0.359666 0.782782 1 41 1.000000
pyro_hands_red
  47 -21.624596 40.344288 2.265685 -0.851290 -0.340532 0.399179 0.378743 0.781573 1 47 1.000000
  47 -20.692600 40.076389 2.629465 -0.167752 -0.297282 0.939938 0.373348 0.805116 1 47 1.000000
  41 -20.763186 40.272781 2.566993 -0.103599 -0.973932 -0.201798 0.370542 0.805361 1 41 1.000000
pyro_hands_red
  47 -21.495296 39.426682 2.372454 -0.812862 -0.027873 0.581790 0.394703 0.804336 2 47 0.553000 49 0.447000
  47 -20.692600 40.076389 2.629465 -0.167752 -0.297282 0.939938 0.373348 0.805116 1 47 1.000000
  47 -21.624596 40.344288 2.265685 -0.851290 -0.340532 0.399179 0.378743 0.781573 1 47 1.000000
pyro_hands_red
  47 -21.495296 39.426682 2.372454 -0.812862 -0.027873 0.581790 0.394703 0.804336 2 47 0.553000 49 0.447000
  47 -20.701700 39.481285 2.719094 -0.094184 0.084057 0.992000 0.379658 0.810894 2 47 0.646500 49 0.353500
  47 -20.692600 40.076389 2.629465 -0.167752 -0.297282 0.939938 0.373348 0.805116 1 47 1.000000
pyro_hands_red
  47 -21.495296 39.426682 2.372454 -0.812862 -0.027873 0.581790 0.394703 0.804336 2 47 0.553000 49 0.447000
  47 -20.740299 38.993690 2.750643 -0.094184 0.084057 0.992000 0.383120 0.817105 2 47 0.500300 49 0.499700
  47 -20.701700 39.481285 2.719094 -0.094184 0.084057 0.992000 0.379658 0.810894 2 47 0.646500 49 0.353500
pyro_hands_red
  47 -21.495296 39.426682 2.372454 -0.812862 -0.027873 0.581790 0.394703 0.804336 2 47 0.553000 49 0.447000
  49 -21.414099 38.814281 2.413052 -0.800113 -0.136071 0.584211 0.398212 0.810466 1 49 1.000000
  47 -20.740299 38.993690 2.750643 -0.094184 0.084057 0.992000 0.383120 0.817105 2 47 0.500300 49 0.499700
pyro_hands_red
  49 -21.307398 38.543579 2.455932 -0.707458 -0.351179 0.613332 0.399403 0.816612 1 49 1.000000
  47 -20.740299 38.993690 2.750643 -0.094184 0.084057 0.992000 0.383120 0.817105 2 47 0.500300 49 0.499700
  49 -21.414099 38.814281 2.413052 -0.800113 -0.136071 0.584211 0.398212 0.810466 1 49 1.000000
pyro_hands_red
  49 -21.343000 38.420486 1.832032 -0.812726 -0.573208 -0.104451 0.417654 0.814087 1 49 1.000000
  49 -21.307398 38.543579 2.455932 -0.707458 -0.351179 0.613332 0.399403 0.816612 1 49 1.000000
  49 -21.414099 38.814281 2.413052 -0.800113 -0.136071 0.584211 0.398212 0.810466 1 49 1.000000
pyro_hands_red
  53 -20.305986 39.853279 0.948877 0.176347 -0.893702 -0.412551 0.468525 0.793378 1 53 1.000000
  47 -21.203098 39.210983 1.012013 -0.480891 -0.239389 -0.843467 0.438028 0.800088 2 47 0.549000 49 0.451000
  47 -21.223698 39.988590 0.799271 -0.707139 -0.548374 -0.446363 0.445290 0.773159 1 47 1.000000
pyro_hands_red
  53 -20.305986 39.853279 0.948877 0.176347 -0.893702 -0.412551 0.468525 0.793378 1 53 1.000000
  47 -20.280899 39.275288 1.052073 0.398100 -0.178716 -0.899765 0.461942 0.808617 2 47 0.671100 49 0.328900
  47 -21.203098 39.210983 1.012013 -0.480891 -0.239389 -0.843467 0.438028 0.800088 2 47 0.549000 49 0.451000
pyro_hands_red
  47 -20.246700 38.844086 1.139373 0.392214 -0.137882 -0.909482 0.459090 0.816296 2 47 0.513300 49 0.486700
  47 -21.203098 39.210983 1.012013 -0.480891 -0.239389 -0.843467 0.438028 0.800088 2 47 0.549000 49 0.451000
  47 -20.280899 39.275288 1.052073 0.398100 -0.178716 -0.899765 0.461942 0.808617 2 47 0.671100 49 0.328900
pyro_hands_red
  47 -20.246700 38.844086 1.139373 0.392214 -0.137882 -0.909482 0.459090 0.816296 2 47 0.513300 49 0.486700
  49 -21.124102 38.673084 1.141891 -0.469043 -0.319655 -0.823298 0.435123 0.807937 1 49 1.000000
  47 -21.203098 39.210983 1.012013 -0.480891 -0.239389 -0.843467 0.438028 0.800088 2 47 0.549000 49 0.451000
pyro_hands_red
  47 -20.246700 38.844086 1.139373 0.392214 -0.137882 -0.909482 0.459090 0.816296 2 47 0.513300 49 0.486700
  49 -21.030800 38.408485 1.211792 -0.386243 -0.498472 -0.776107 0.435132 0.815433 2 49 0.948800 51 0.051200
  49 -21.124102 38.673084 1.141891 -0.469043 -0.319655 -0.823298 0.435123 0.807937 1 49 1.000000
pyro_hands_red
  49 -21.124102 38.673084 1.141891 -0.469043 -0.319655 -0.823298 0.435123 0.807937 1 49 1.000000
  49 -21.030800 38.408485 1.211792 -0.386243 -0.498472 -0.776107 0.435132 0.815433 2 49 0.948800 51 0.051200
  49 -21.343000 38.420486 1.832032 -0.812726 -0.573208 -0.104451 0.417654 0.814087 1 49 1.000000
pyro_hands_red
  49 -21.124102 38.673084 1.141891 -0.469043 -0.319655 -0.823298 0.435123 0.807937 1 49 1.000000
  49 -21.343000 38.420486 1.832032 -0.812726 -0.573208 -0.104451 0.417654 0.814087 1 49 1.000000
  49 -21.465202 38.707485 1.774652 -0.943259 -0.289710 -0.162266 0.416338 0.807521 1 49 1.000000
pyro_hands_red
  49 -21.343000 38.420486 1.832032 -0.812726 -0.573208 -0.104451 0.417654 0.814087 1 49 1.000000
  49 -21.414099 38.814281 2.413052 -0.800113 -0.136071 0.584211 0.398212 0.810466 1 49 1.000000
  49 -21.465202 38.707485 1.774652 -0.943259 -0.289710 -0.162266 0.416338 0.807521 1 49 1.000000
pyro_hands_red
  47 -21.551697 39.311783 1.684373 -0.969802 -0.154836 -0.188438 0.414239 0.799904 2 47 0.545300 49 0.454700
  49 -21.465202 38.707485 1.774652 -0.943259 -0.289710 -0.162266 0.416338 0.807521 1 49 1.000000
  49 -21.414099 38.814281 2.413052 -0.800113 -0.136071 0.584211 0.398212 0.810466 1 49 1.000000
pyro_hands_red
  47 -21.551697 39.311783 1.684373 -0.969802 -0.154836 -0.188438 0.414239 0.799904 2 47 0.545300 49 0.454700
  49 -21.414099 38.814281 2.413052 -0.800113 -0.136071 0.584211 0.398212 0.810466 1 49 1.000000
  47 -21.495296 39.426682 2.372454 -0.812862 -0.027873 0.581790 0.394703 0.804336 2 47 0.553000 49 0.447000
pyro_hands_red
  47 -21.626638 40.191570 1.504887 -0.950281 -0.241735 -0.196292 0.409474 0.770957 1 47 1.000000
  47 -21.551697 39.311783 1.684373 -0.969802 -0.154836 -0.188438 0.414239 0.799904 2 47 0.545300 49 0.454700
  47 -21.495296 39.426682 2.372454 -0.812862 -0.027873 0.581790 0.394703 0.804336 2 47 0.553000 49 0.447000
pyro_hands_red
  47 -21.626638 40.191570 1.504887 -0.950281 -0.241735 -0.196292 0.409474 0.770957 1 47 1.000000
  47 -21.495296 39.426682 2.372454 -0.812862 -0.027873 0.581790 0.394703 0.804336 2 47 0.553000 49 0.447000
  47 -21.624596 40.344288 2.265685 -0.851290 -0.340532 0.399179 0.378743 0.781573 1 47 1.000000
pyro_hands_red
  47 -21.860895 40.826389 1.973754 -0.948378 -0.295141 -0.116062 0.380019 0.754065 1 47 1.000000
  47 -21.626638 40.191570 1.504887 -0.950281 -0.241735 -0.196292 0.409474 0.770957 1 47 1.000000
  47 -21.624596 40.344288 2.265685 -0.851290 -0.340532 0.399179 0.378743 0.781573 1 47 1.000000
pyro_hands_red
  41 -21.693085 40.467083 2.525973 -0.834273 -0.507833 -0.214695 0.359666 0.782782 1 41 1.000000
  47 -21.860895 40.826389 1.973754 -0.948378 -0.295141 -0.116062 0.380019 0.754065 1 47 1.000000
  47 -21.624596 40.344288 2.265685 -0.851290 -0.340532 0.399179 0.378743 0.781573 1 47 1.000000
pyro_hands_red
  41 -21.693085 40.467083 2.525973 -0.834273 -0.507833 -0.214695 0.359666 0.782782 1 41 1.000000
  41 -21.946684 40.928085 2.407223 -0.948378 -0.295142 -0.116062 0.359828 0.757238 1 41 1.000000
  47 -21.860895 40.826389 1.973754 -0.948378 -0.295141 -0.116062 0.380019 0.754065 1 47 1.000000
pyro_hands_red
  41 -22.066387 41.060284 3.102622 -0.971574 -0.233412 -0.039531 0.330366 0.759164 1 41 1.000000
  41 -21.946684 40.928085 2.407223 -0.948378 -0.295142 -0.116062 0.359828 0.757238 1 41 1.000000
  41 -21.693085 40.467083 2.525973 -0.834273 -0.507833 -0.214695 0.359666 0.782782 1 41 1.000000
pyro_hands_red
  41 -22.096386 41.325684 2.956882 -0.993228 -0.096757 -0.064310 0.333023 0.745860 1 41 1.000000
  41 -21.946684 40.928085 2.407223 -0.948378 -0.295142 -0.116062 0.359828 0.757238 1 41 1.000000
  41 -22.066387 41.060284 3.102622 -0.971574 -0.233412 -0.039531 0.330366 0.759164 1 41 1.000000
pyro_hands_red
  41 -22.124187 41.704086 3.480483 -0.999632 -0.025801 -0.008429 0.307728 0.736389 1 41 1.000000
  41 -22.096386 41.325684 2.956882 -0.993228 -0.096757 -0.064310 0.333023 0.745860 1 41 1.000000
  41 -22.066387 41.060284 3.102622 -0.971574 -0.233412 -0.039531 0.330366 0.759164 1 41 1.000000
pyro_hands_red
  47 -20.246700 38.844086 1.139373 0.392214 -0.137882 -0.909482 0.459090 0.816296 2 47 0.513300 49 0.486700
  49 -20.158003 38.596485 1.209462 0.372802 -0.088462 -0.923685 0.455989 0.825033 2 49 0.938200 51 0.061800
  49 -21.030800 38.408485 1.211792 -0.386243 -0.498472 -0.776107 0.435132 0.815433 2 49 0.948800 51 0.051200
pyro_hands_red
  49 -21.124102 38.673084 1.141891 -0.469043 -0.319655 -0.823298 0.435123 0.807937 1 49 1.000000
  49 -21.465202 38.707485 1.774652 -0.943259 -0.289710 -0.162266 0.416338 0.807521 1 49 1.000000
  47 -21.551697 39.311783 1.684373 -0.969802 -0.154836 -0.188438 0.414239 0.799904 2 47 0.545300 49 0.454700
pyro_hands_red
  49 -21.124102 38.673084 1.141891 -0.469043 -0.319655 -0.823298 0.435123 0.807937 1 49 1.000000
  47 -21.551697 39.311783 1.684373 -0.969802 -0.154836 -0.188438 0.414239 0.799904 2 47 0.545300 49 0.454700
  47 -21.203098 39.210983 1.012013 -0.480891 -0.239389 -0.843467 0.438028 0.800088 2 47 0.549000 49 0.451000
pyro_hands_red
  47 -21.223698 39.988590 0.799271 -0.707139 -0.548374 -0.446363 0.445290 0.773159 1 47 1.000000
  47 -21.203098 39.210983 1.012013 -0.480891 -0.239389 -0.843467 0.438028 0.800088 2 47 0.549000 49 0.451000
  47 -21.551697 39.311783 1.684373 -0.969802 -0.154836 -0.188438 0.414239 0.799904 2 47 0.545300 49 0.454700
pyro_hands_red
  47 -21.223698 39.988590 0.799271 -0.707139 -0.548374 -0.446363 0.445290 0.773159 1 47 1.000000
  47 -21.551697 39.311783 1.684373 -0.969802 -0.154836 -0.188438 0.414239 0.799904 2 47 0.545300 49 0.454700
  47 -21.626638 40.191570 1.504887 -0.950281 -0.241735 -0.196292 0.409474 0.770957 1 47 1.000000
pyro_hands_red
  47 -21.223698 39.988590 0.799271 -0.707139 -0.548374 -0.446363 0.445290 0.773159 1 47 1.000000
  47 -21.626638 40.191570 1.504887 -0.950281 -0.241735 -0.196292 0.409474 0.770957 1 47 1.000000
  47 -21.678898 40.644089 1.278294 -0.932462 -0.269762 -0.240299 0.411387 0.750201 1 47 1.000000
pyro_hands_red
  47 -21.860895 40.826389 1.973754 -0.948378 -0.295141 -0.116062 0.380019 0.754065 1 47 1.000000
  47 -21.678898 40.644089 1.278294 -0.932462 -0.269762 -0.240299 0.411387 0.750201 1 47 1.000000
  47 -21.626638 40.191570 1.504887 -0.950281 -0.241735 -0.196292 0.409474 0.770957 1 47 1.000000
pyro_hands_red
  47 -21.925596 41.268589 1.818274 -0.973466 -0.114072 -0.198374 0.379517 0.733120 1 47 1.000000
  47 -21.678898 40.644089 1.278294 -0.932462 -0.269762 -0.240299 0.411387 0.750201 1 47 1.000000
  47 -21.860895 40.826389 1.973754 -0.948378 -0.295141 -0.116062 0.380019 0.754065 1 47 1.000000
pyro_hands_red
  41 -21.946684 40.928085 2.407223 -0.948378 -0.295142 -0.116062 0.359828 0.757238 1 41 1.000000
  47 -21.925596 41.268589 1.818274 -0.973466 -0.114072 -0.198374 0.379517 0.733120 1 47 1.000000
  47 -21.860895 40.826389 1.973754 -0.948378 -0.295141 -0.116062 0.380019 0.754065 1 47 1.000000
pyro_hands_red
  41 -21.946684 40.928085 2.407223 -0.948378 -0.295142 -0.116062 0.359828 0.757238 1 41 1.000000
  41 -22.034285 41.378986 2.389013 -0.986847 -0.098809 -0.127947 0.354748 0.736504 1 41 1.000000
  47 -21.925596 41.268589 1.818274 -0.973466 -0.114072 -0.198374 0.379517 0.733120 1 47 1.000000
pyro_hands_red
  41 -22.096386 41.325684 2.956882 -0.993228 -0.096757 -0.064310 0.333023 0.745860 1 41 1.000000
  41 -22.034285 41.378986 2.389013 -0.986847 -0.098809 -0.127947 0.354748 0.736504 1 41 1.000000
  41 -21.946684 40.928085 2.407223 -0.948378 -0.295142 -0.116062 0.359828 0.757238 1 41 1.000000
pyro_hands_red
  41 -22.096386 41.325684 2.956882 -0.993228 -0.096757 -0.064310 0.333023 0.745860 1 41 1.000000
  8 -22.077093 42.316998 2.729993 -0.996056 0.039190 -0.079599 0.329768 0.702941 1 8 1.000000
  41 -22.034285 41.378986 2.389013 -0.986847 -0.098809 -0.127947 0.354748 0.736504 1 41 1.000000
pyro_hands_red
  41 -22.034285 41.378986 2.389013 -0.986847 -0.098809 -0.127947 0.354748 0.736504 1 41 1.000000
  8 -22.077093 42.316998 2.729993 -0.996056 0.039190 -0.079599 0.329768 0.702941 1 8 1.000000
  8 -21.935793 42.061596 1.699763 -0.978506 -0.011143 -0.205919 0.373637 0.699900 1 8 1.000000
pyro_hands_red
  41 -22.034285 41.378986 2.389013 -0.986847 -0.098809 -0.127947 0.354748 0.736504 1 41 1.000000
  8 -21.935793 42.061596 1.699763 -0.978506 -0.011143 -0.205919 0.373637 0.699900 1 8 1.000000
  47 -21.925596 41.268589 1.818274 -0.973466 -0.114072 -0.198374 0.379517 0.733120 1 47 1.000000
pyro_hands_red
  8 -21.658094 41.722897 0.731192 -0.939980 -0.067752 -0.334435 0.417563 0.699364 1 8 1.000000
  47 -21.925596 41.268589 1.818274 -0.973466 -0.114072 -0.198374 0.379517 0.733120 1 47 1.000000
  8 -21.935793 42.061596 1.699763 -0.978506 -0.011143 -0.205919 0.373637 0.699900 1 8 1.000000
pyro_hands_red
  8 -21.658094 41.722897 0.731192 -0.939980 -0.067752 -0.334435 0.417563 0.699364 1 8 1.000000
  47 -21.679398 41.051487 1.025634 -0.940137 -0.147944 -0.307010 0.415482 0.730153 1 47 1.000000
  47 -21.925596 41.268589 1.818274 -0.973466 -0.114072 -0.198374 0.379517 0.733120 1 47 1.000000
pyro_hands_red
  53 -21.356388 40.819984 0.328743 -0.879745 -0.191428 -0.435206 0.448880 0.728584 1 53 1.000000
  47 -21.679398 41.051487 1.025634 -0.940137 -0.147944 -0.307010 0.415482 0.730153 1 47 1.000000
  8 -21.658094 41.722897 0.731192 -0.939980 -0.067752 -0.334435 0.417563 0.699364 1 8 1.000000
pyro_hands_red
  47 -21.679398 41.051487 1.025634 -0.940137 -0.147944 -0.307010 0.415482 0.730153 1 47 1.000000
  53 -21.356388 40.819984 0.328743 -0.879745 -0.191428 -0.435206 0.448880 0.728584 1 53 1.000000
  53 -21.363588 40.408585 0.576714 -0.871993 -0.316569 -0.373379 0.445545 0.749635 1 53 1.000000
pyro_hands_red
  53 -21.356388 40.819984 0.328743 -0.879745 -0.191428 -0.435206 0.448880 0.728584 1 53 1.000000
  53 -21.108688 40.244083 0.171482 -0.852541 -0.284905 -0.438181 0.466727 0.748702 1 53 1.000000
  53 -21.363588 40.408585 0.576714 -0.871993 -0.316569 -0.373379 0.445545 0.749635 1 53 1.000000
pyro_hands_red
  47 -21.223698 39.988590 0.799271 -0.707139 -0.548374 -0.446363 0.445290 0.773159 1 47 1.000000
  53 -21.363588 40.408585 0.576714 -0.871993 -0.316569 -0.373379 0.445545 0.749635 1 53 1.000000
  53 -21.108688 40.244083 0.171482 -0.852541 -0.284905 -0.438181 0.466727 0.748702 1 53 1.000000
pyro_hands_red
  47 -21.223698 39.988590 0.799271 -0.707139 -0.548374 -0.446363 0.445290 0.773159 1 47 1.000000
  47 -21.678898 40.644089 1.278294 -0.932462 -0.269762 -0.240299 0.411387 0.750201 1 47 1.000000
  53 -21.363588 40.408585 0.576714 -0.871993 -0.316569 -0.373379 0.445545 0.749635 1 53 1.000000
pyro_hands_red
  47 -21.679398 41.051487 1.025634 -0.940137 -0.147944 -0.307010 0.415482 0.730153 1 47 1.000000
  53 -21.363588 40.408585 0.576714 -0.871993 -0.316569 -0.373379 0.445545 0.749635 1 53 1.000000
  47 -21.678898 40.644089 1.278294 -0.932462 -0.269762 -0.240299 0.411387 0.750201 1 47 1.000000
pyro_hands_red
  47 -21.925596 41.268589 1.818274 -0.973466 -0.114072 -0.198374 0.379517 0.733120 1 47 1.000000
  47 -21.679398 41.051487 1.025634 -0.940137 -0.147944 -0.307010 0.415482 0.730153 1 47 1.000000
  47 -21.678898 40.644089 1.278294 -0.932462 -0.269762 -0.240299 0.411387 0.750201 1 47 1.000000
pyro_hands_red
  53 -21.356388 40.819984 0.328743 -0.879745 -0.191428 -0.435206 0.448880 0.728584 1 53 1.000000
  8 -21.658094 41.722897 0.731192 -0.939980 -0.067752 -0.334435 0.417563 0.699364 1 8 1.000000
  8 -21.323994 41.454494 0.038030 -0.852588 -0.110598 -0.510746 0.450988 0.699271 1 8 1.000000
pyro_hands_red
  8 -21.057295 41.245197 -0.280718 -0.734380 -0.145290 -0.663005 0.469504 0.702192 1 8 1.000000
  53 -21.356388 40.819984 0.328743 -0.879745 -0.191428 -0.435206 0.448880 0.728584 1 53 1.000000
  8 -21.323994 41.454494 0.038030 -0.852588 -0.110598 -0.510746 0.450988 0.699271 1 8 1.000000
pyro_hands_red
  8 -21.057295 41.245197 -0.280718 -0.734380 -0.145290 -0.663005 0.469504 0.702192 1 8 1.000000
  53 -21.081888 40.649582 -0.058556 -0.778220 -0.199305 -0.595526 0.469377 0.728728 1 53 1.000000
  53 -21.356388 40.819984 0.328743 -0.879745 -0.191428 -0.435206 0.448880 0.728584 1 53 1.000000
pyro_hands_red
  53 -21.356388 40.819984 0.328743 -0.879745 -0.191428 -0.435206 0.448880 0.728584 1 53 1.000000
  53 -21.081888 40.649582 -0.058556 -0.778220 -0.199305 -0.595526 0.469377 0.728728 1 53 1.000000
  53 -21.108688 40.244083 0.171482 -0.852541 -0.284905 -0.438181 0.466727 0.748702 1 53 1.000000
pyro_hands_red
  8 -21.762590 43.415695 4.445301 -0.889454 0.265548 0.371962 0.248760 0.677808 1 8 1.000000
  8 -22.009995 43.165497 3.566733 -0.984791 0.140860 0.101716 0.286831 0.678736 1 8 1.000000
  8 -22.060894 42.725796 3.717703 -0.984791 0.140860 0.101716 0.286417 0.698060 1 8 1.000000
pyro_hands_red
  8 -22.030193 42.840397 2.607543 -0.996056 0.039190 -0.079599 0.328108 0.680417 1 8 1.000000
  8 -22.060894 42.725796 3.717703 -0.984791 0.140860 0.101716 0.286417 0.698060 1 8 1.000000
  8 -22.009995 43.165497 3.566733 -0.984791 0.140860 0.101716 0.286831 0.678736 1 8 1.000000
pyro_hands_red
  8 -22.030193 42.840397 2.607543 -0.996056 0.039190 -0.079599 0.328108 0.680417 1 8 1.000000
  8 -22.077093 42.316998 2.729993 -0.996056 0.039190 -0.079599 0.329768 0.702941 1 8 1.000000
  8 -22.060894 42.725796 3.717703 -0.984791 0.140860 0.101716 0.286417 0.698060 1 8 1.000000
pyro_hands_red
  8 -22.077093 42.316998 2.729993 -0.996056 0.039190 -0.079599 0.329768 0.702941 1 8 1.000000
  8 -22.030193 42.840397 2.607543 -0.996056 0.039190 -0.079599 0.328108 0.680417 1 8 1.000000
  8 -21.901691 42.524597 1.588763 -0.983680 0.031628 -0.177125 0.372135 0.679728 1 8 1.000000
pyro_hands_red
  8 -22.077093 42.316998 2.729993 -0.996056 0.039190 -0.079599 0.329768 0.702941 1 8 1.000000
  8 -21.901691 42.524597 1.588763 -0.983680 0.031628 -0.177125 0.372135 0.679728 1 8 1.000000
  8 -21.935793 42.061596 1.699763 -0.978506 -0.011143 -0.205919 0.373637 0.699900 1 8 1.000000
pyro_hands_red
  8 -21.648193 42.259098 0.627916 -0.945867 -0.022083 -0.323803 0.414324 0.676713 1 8 1.000000
  8 -21.935793 42.061596 1.699763 -0.978506 -0.011143 -0.205919 0.373637 0.699900 1 8 1.000000
  8 -21.901691 42.524597 1.588763 -0.983680 0.031628 -0.177125 0.372135 0.679728 1 8 1.000000
pyro_hands_red
  8 -21.648193 42.259098 0.627916 -0.945867 -0.022083 -0.323803 0.414324 0.676713 1 8 1.000000
  8 -21.658094 41.722897 0.731192 -0.939980 -0.067752 -0.334435 0.417563 0.699364 1 8 1.000000
  8 -21.935793 42.061596 1.699763 -0.978506 -0.011143 -0.205919 0.373637 0.699900 1 8 1.000000
pyro_hands_red
  8 -21.658094 41.722897 0.731192 -0.939980 -0.067752 -0.334435 0.417563 0.699364 1 8 1.000000
  8 -21.648193 42.259098 0.627916 -0.945867 -0.022083 -0.323803 0.414324 0.676713 1 8 1.000000
  8 -21.281397 42.027695 -0.114575 -0.815504 -0.067327 -0.574823 0.449648 0.674567 1 8 1.000000
pyro_hands_red
  8 -21.658094 41.722897 0.731192 -0.939980 -0.067752 -0.334435 0.417563 0.699364 1 8 1.000000
  8 -21.281397 42.027695 -0.114575 -0.815504 -0.067327 -0.574823 0.449648 0.674567 1 8 1.000000
  8 -21.323994 41.454494 0.038030 -0.852588 -0.110598 -0.510746 0.450988 0.699271 1 8 1.000000
pyro_hands_red
  8 -20.845097 41.622097 -0.490892 -0.537056 -0.116314 -0.835489 0.476934 0.683635 1 8 1.000000
  8 -21.323994 41.454494 0.038030 -0.852588 -0.110598 -0.510746 0.450988 0.699271 1 8 1.000000
  8 -21.281397 42.027695 -0.114575 -0.815504 -0.067327 -0.574823 0.449648 0.674567 1 8 1.000000
pyro_hands_red
  8 -20.845097 41.622097 -0.490892 -0.537056 -0.116314 -0.835489 0.476934 0.683635 1 8 1.000000
  8 -21.057295 41.245197 -0.280718 -0.734380 -0.145290 -0.663005 0.469504 0.702192 1 8 1.000000
  8 -21.323994 41.454494 0.038030 -0.852588 -0.110598 -0.510746 0.450988 0.699271 1 8 1.000000
pyro_hands_red
  8 -21.057295 41.245197 -0.280718 -0.734380 -0.145290 -0.663005 0.469504 0.702192 1 8 1.000000
  8 -20.845097 41.622097 -0.490892 -0.537056 -0.116314 -0.835489 0.476934 0.683635 1 8 1.000000
  53 -20.795589 40.588585 -0.338913 -0.548480 -0.153336 -0.821984 0.486110 0.725941 1 53 1.000000
pyro_hands_red
  8 -21.057295 41.245197 -0.280718 -0.734380 -0.145290 -0.663005 0.469504 0.702192 1 8 1.000000
  53 -20.795589 40.588585 -0.338913 -0.548480 -0.153336 -0.821984 0.486110 0.725941 1 53 1.000000
  53 -21.081888 40.649582 -0.058556 -0.778220 -0.199305 -0.595526 0.469377 0.728728 1 53 1.000000
pyro_hands_red
  53 -21.081888 40.649582 -0.058556 -0.778220 -0.199305 -0.595526 0.469377 0.728728 1 53 1.000000
  53 -20.795589 40.588585 -0.338913 -0.548480 -0.153336 -0.821984 0.486110 0.725941 1 53 1.000000
  53 -20.814291 40.078884 -0.230565 -0.704354 -0.161860 -0.691149 0.487535 0.746702 1 53 1.000000
pyro_hands_red
  53 -21.081888 40.649582 -0.058556 -0.778220 -0.199305 -0.595526 0.469377 0.728728 1 53 1.000000
  53 -20.814291 40.078884 -0.230565 -0.704354 -0.161860 -0.691149 0.487535 0.746702 1 53 1.000000
  53 -21.108688 40.244083 0.171482 -0.852541 -0.284905 -0.438181 0.466727 0.748702 1 53 1.000000
pyro_hands_red
  53 -20.981489 39.802086 0.449580 -0.857823 -0.499386 0.121462 0.467374 0.771796 1 53 1.000000
  53 -21.108688 40.244083 0.171482 -0.852541 -0.284905 -0.438181 0.466727 0.748702 1 53 1.000000
  53 -20.814291 40.078884 -0.230565 -0.704354 -0.161860 -0.691149 0.487535 0.746702 1 53 1.000000
pyro_hands_red
  47 -21.223698 39.988590 0.799271 -0.707139 -0.548374 -0.446363 0.445290 0.773159 1 47 1.000000
  53 -21.108688 40.244083 0.171482 -0.852541 -0.284905 -0.438181 0.466727 0.748702 1 53 1.000000
  53 -20.981489 39.802086 0.449580 -0.857823 -0.499386 0.121462 0.467374 0.771796 1 53 1.000000
pyro_hands_red
  53 -20.981489 39.802086 0.449580 -0.857823 -0.499386 0.121462 0.467374 0.771796 1 53 1.000000
  53 -20.305986 39.853279 0.948877 0.176347 -0.893702 -0.412551 0.468525 0.793378 1 53 1.000000
  47 -21.223698 39.988590 0.799271 -0.707139 -0.548374 -0.446363 0.445290 0.773159 1 47 1.000000
pyro_hands_red
  8 -22.009995 43.165497 3.566733 -0.984791 0.140860 0.101716 0.286831 0.678736 1 8 1.000000
  8 -21.973095 43.492897 2.429193 -0.994319 0.082392 -0.067388 0.327033 0.652245 1 8 1.000000
  8 -22.030193 42.840397 2.607543 -0.996056 0.039190 -0.079599 0.328108 0.680417 1 8 1.000000
pyro_hands_red
  8 -22.030193 42.840397 2.607543 -0.996056 0.039190 -0.079599 0.328108 0.680417 1 8 1.000000
  8 -21.973095 43.492897 2.429193 -0.994319 0.082392 -0.067388 0.327033 0.652245 1 8 1.000000
  8 -21.859594 43.180595 1.437163 -0.983680 0.031628 -0.177125 0.369656 0.651738 1 8 1.000000
pyro_hands_red
  8 -22.030193 42.840397 2.607543 -0.996056 0.039190 -0.079599 0.328108 0.680417 1 8 1.000000
  8 -21.859594 43.180595 1.437163 -0.983680 0.031628 -0.177125 0.369656 0.651738 1 8 1.000000
  8 -21.901691 42.524597 1.588763 -0.983680 0.031628 -0.177125 0.372135 0.679728 1 8 1.000000
pyro_hands_red
  8 -21.651144 42.979694 0.528060 -0.945867 -0.022083 -0.323803 0.408589 0.647114 1 8 1.000000
  8 -21.901691 42.524597 1.588763 -0.983680 0.031628 -0.177125 0.372135 0.679728 1 8 1.000000
  8 -21.859594 43.180595 1.437163 -0.983680 0.031628 -0.177125 0.369656 0.651738 1 8 1.000000
pyro_hands_red
  8 -21.651144 42.979694 0.528060 -0.945867 -0.022083 -0.323803 0.408589 0.647114 1 8 1.000000
  8 -21.648193 42.259098 0.627916 -0.945867 -0.022083 -0.323803 0.414324 0.676713 1 8 1.000000
  8 -21.901691 42.524597 1.588763 -0.983680 0.031628 -0.177125 0.372135 0.679728 1 8 1.000000
pyro_hands_red
  41 -22.096386 41.325684 2.956882 -0.993228 -0.096757 -0.064310 0.333023 0.745860 1 41 1.000000
  41 -22.124187 41.704086 3.480483 -0.999632 -0.025801 -0.008429 0.307728 0.736389 1 41 1.000000
  8 -22.077093 42.316998 2.729993 -0.996056 0.039190 -0.079599 0.329768 0.702941 1 8 1.000000
pyro_hands_red
  41 -22.124187 41.704086 3.480483 -0.999632 -0.025801 -0.008429 0.307728 0.736389 1 41 1.000000
  8 -22.060894 42.725796 3.717703 -0.984791 0.140860 0.101716 0.286417 0.698060 1 8 1.000000
  8 -22.077093 42.316998 2.729993 -0.996056 0.039190 -0.079599 0.329768 0.702941 1 8 1.000000
pyro_hands_red
  41 -22.124187 41.704086 3.480483 -0.999632 -0.025801 -0.008429 0.307728 0.736389 1 41 1.000000
  35 -22.105490 41.902885 4.133638 -0.994597 0.056209 0.087282 0.279719 0.735123 1 35 1.000000
  8 -22.060894 42.725796 3.717703 -0.984791 0.140860 0.101716 0.286417 0.698060 1 8 1.000000
pyro_hands_red
  35 -22.105490 41.902885 4.133638 -0.994597 0.056209 0.087282 0.279719 0.735123 1 35 1.000000
  8 -21.835293 42.932987 4.652041 -0.889454 0.265548 0.371962 0.246874 0.699153 1 8 1.000000
  8 -22.060894 42.725796 3.717703 -0.984791 0.140860 0.101716 0.286417 0.698060 1 8 1.000000
pyro_hands_red
  35 -22.105490 41.902885 4.133638 -0.994597 0.056209 0.087282 0.279719 0.735123 1 35 1.000000
  35 -21.947388 42.055485 4.956188 -0.918892 0.206727 0.336008 0.245403 0.736802 1 35 1.000000
  8 -21.835293 42.932987 4.652041 -0.889454 0.265548 0.371962 0.246874 0.699153 1 8 1.000000
pyro_hands_red
  35 -21.947388 42.055485 4.956188 -0.918892 0.206727 0.336008 0.245403 0.736802 1 35 1.000000
  8 -21.276592 42.982491 5.370933 -0.519898 0.298434 0.800402 0.210472 0.701776 1 8 1.000000
  8 -21.835293 42.932987 4.652041 -0.889454 0.265548 0.371962 0.246874 0.699153 1 8 1.000000
pyro_hands_red
  35 -21.947388 42.055485 4.956188 -0.918892 0.206727 0.336008 0.245403 0.736802 1 35 1.000000
  35 -21.549789 42.094086 5.620748 -0.464593 0.352339 0.812410 0.215088 0.740222 1 35 1.000000
  8 -21.276592 42.982491 5.370933 -0.519898 0.298434 0.800402 0.210472 0.701776 1 8 1.000000
pyro_hands_red
  8 -21.276592 42.982491 5.370933 -0.519898 0.298434 0.800402 0.210472 0.701776 1 8 1.000000
  35 -21.549789 42.094086 5.620748 -0.464593 0.352339 0.812410 0.215088 0.740222 1 35 1.000000
  8 -20.372093 42.269295 5.775014 -0.094184 0.084057 0.992000 0.168650 0.727652 3 8 0.750000 29 0.187500 35 0.062500
pyro_hands_red
  8 -20.372093 42.269295 5.775014 -0.094184 0.084057 0.992000 0.168650 0.727652 3 8 0.750000 29 0.187500 35 0.062500
  35 -21.549789 42.094086 5.620748 -0.464593 0.352339 0.812410 0.215088 0.740222 1 35 1.000000
  35 -20.578989 41.813091 5.916229 0.150866 0.204293 0.967214 0.174369 0.748403 1 35 1.000000
pyro_hands_red
  35 -20.578989 41.813091 5.916229 0.150866 0.204293 0.967214 0.174369 0.748403 1 35 1.000000
  35 -21.549789 42.094086 5.620748 -0.464593 0.352339 0.812410 0.215088 0.740222 1 35 1.000000
  35 -21.609886 41.500984 5.845527 -0.573983 0.314388 0.756111 0.213605 0.764631 1 35 1.000000
pyro_hands_red
  35 -20.578989 41.813091 5.916229 0.150866 0.204293 0.967214 0.174369 0.748403 1 35 1.000000
  35 -21.609886 41.500984 5.845527 -0.573983 0.314388 0.756111 0.213605 0.764631 1 35 1.000000
  35 -20.729488 41.366787 6.074739 0.194203 0.280954 0.939867 0.178394 0.768078 1 35 1.000000
pyro_hands_red
  35 -21.643587 41.004780 6.017678 -0.617880 0.282507 0.733767 0.212124 0.783586 1 35 1.000000
  35 -20.729488 41.366787 6.074739 0.194203 0.280954 0.939867 0.178394 0.768078 1 35 1.000000
  35 -21.609886 41.500984 5.845527 -0.573983 0.314388 0.756111 0.213605 0.764631 1 35 1.000000
pyro_hands_red
  35 -21.643587 41.004780 6.017678 -0.617880 0.282507 0.733767 0.212124 0.783586 1 35 1.000000
  35 -20.820589 40.971188 6.214349 0.162052 0.304710 0.938558 0.180833 0.784647 1 35 1.000000
  35 -20.729488 41.366787 6.074739 0.194203 0.280954 0.939867 0.178394 0.768078 1 35 1.000000
pyro_hands_red
  35 -21.643587 41.004780 6.017678 -0.617880 0.282507 0.733767 0.212124 0.783586 1 35 1.000000
  35 -20.864290 40.305988 6.416049 0.121521 0.254177 0.959493 0.181275 0.807549 1 35 1.000000
  35 -20.820589 40.971188 6.214349 0.162052 0.304710 0.938558 0.180833 0.784647 1 35 1.000000
pyro_hands_red
  35 -21.643587 41.004780 6.017678 -0.617880 0.282507 0.733767 0.212124 0.783586 1 35 1.000000
  35 -21.657991 40.159687 6.281409 -0.611305 0.221881 0.759654 0.209281 0.810483 1 35 1.000000
  35 -20.864290 40.305988 6.416049 0.121521 0.254177 0.959493 0.181275 0.807549 1 35 1.000000
pyro_hands_red
  35 -21.657991 40.159687 6.281409 -0.611305 0.221881 0.759654 0.209281 0.810483 1 35 1.000000
  35 -20.887096 39.718895 6.574279 0.121521 0.254177 0.959493 0.183661 0.825393 2 35 0.750000 37 0.250000
  35 -20.864290 40.305988 6.416049 0.121521 0.254177 0.959493 0.181275 0.807549 1 35 1.000000
pyro_hands_red
  35 -21.657991 40.159687 6.281409 -0.611305 0.221881 0.759654 0.209281 0.810483 1 35 1.000000
  35 -21.641296 39.465897 6.475481 -0.593684 0.080626 0.800649 0.209010 0.827196 2 35 0.600000 37 0.400000
  35 -20.887096 39.718895 6.574279 0.121521 0.254177 0.959493 0.183661 0.825393 2 35 0.750000 37 0.250000
pyro_hands_red
  35 -20.887096 39.718895 6.574279 0.121521 0.254177 0.959493 0.183661 0.825393 2 35 0.750000 37 0.250000
  35 -21.641296 39.465897 6.475481 -0.593684 0.080626 0.800649 0.209010 0.827196 2 35 0.600000 37 0.400000
  37 -21.550097 39.204891 6.531491 -0.504929 -0.221594 0.834232 0.207781 0.832361 2 37 0.600000 35 0.400000
pyro_hands_red
  35 -20.887096 39.718895 6.574279 0.121521 0.254177 0.959493 0.183661 0.825393 2 35 0.750000 37 0.250000
  37 -21.550097 39.204891 6.531491 -0.504929 -0.221594 0.834232 0.207781 0.832361 2 37 0.600000 35 0.400000
  37 -20.797096 39.437294 6.633971 0.113301 0.205601 0.972055 0.184530 0.834189 2 37 0.750000 35 0.250000
pyro_hands_red
  35 -21.963297 39.248596 5.864202 -0.972834 -0.194995 0.124781 0.228336 0.828365 2 35 0.600000 37 0.400000
  35 -21.641296 39.465897 6.475481 -0.593684 0.080626 0.800649 0.209010 0.827196 2 35 0.600000 37 0.400000
  35 -21.657991 40.159687 6.281409 -0.611305 0.221881 0.759654 0.209281 0.810483 1 35 1.000000
pyro_hands_red
  35 -21.963297 39.248596 5.864202 -0.972834 -0.194995 0.124781 0.228336 0.828365 2 35 0.600000 37 0.400000
  35 -21.657991 40.159687 6.281409 -0.611305 0.221881 0.759654 0.209281 0.810483 1 35 1.000000
  35 -21.993891 40.013290 5.627430 -0.993572 0.001880 0.113186 0.233251 0.811522 1 35 1.000000
pyro_hands_red
  35 -21.993891 40.013290 5.627430 -0.993572 0.001880 0.113186 0.233251 0.811522 1 35 1.000000
  35 -21.657991 40.159687 6.281409 -0.611305 0.221881 0.759654 0.209281 0.810483 1 35 1.000000
  35 -21.643587 41.004780 6.017678 -0.617880 0.282507 0.733767 0.212124 0.783586 1 35 1.000000
pyro_hands_red
  35 -21.993891 40.013290 5.627430 -0.993572 0.001880 0.113186 0.233251 0.811522 1 35 1.000000
  35 -21.643587 41.004780 6.017678 -0.617880 0.282507 0.733767 0.212124 0.783586 1 35 1.000000
  35 -21.989584 40.930885 5.335258 -0.982935 0.010898 0.183631 0.240965 0.782761 1 35 1.000000
pyro_hands_red
  35 -21.609886 41.500984 5.845527 -0.573983 0.314388 0.756111 0.213605 0.764631 1 35 1.000000
  35 -21.989584 40.930885 5.335258 -0.982935 0.010898 0.183631 0.240965 0.782761 1 35 1.000000
  35 -21.643587 41.004780 6.017678 -0.617880 0.282507 0.733767 0.212124 0.783586 1 35 1.000000
pyro_hands_red
  35 -21.609886 41.500984 5.845527 -0.573983 0.314388 0.756111 0.213605 0.764631 1 35 1.000000
  35 -21.987988 41.465584 5.165368 -0.957706 0.078413 0.276857 0.243632 0.761722 1 35 1.000000
  35 -21.989584 40.930885 5.335258 -0.982935 0.010898 0.183631 0.240965 0.782761 1 35 1.000000
pyro_hands_red
  35 -21.987988 41.465584 5.165368 -0.957706 0.078413 0.276857 0.243632 0.761722 1 35 1.000000
  35 -21.609886 41.500984 5.845527 -0.573983 0.314388 0.756111 0.213605 0.764631 1 35 1.000000
  35 -21.549789 42.094086 5.620748 -0.464593 0.352339 0.812410 0.215088 0.740222 1 35 1.000000
pyro_hands_red
  35 -21.987988 41.465584 5.165368 -0.957706 0.078413 0.276857 0.243632 0.761722 1 35 1.000000
  35 -21.549789 42.094086 5.620748 -0.464593 0.352339 0.812410 0.215088 0.740222 1 35 1.000000
  35 -21.947388 42.055485 4.956188 -0.918892 0.206727 0.336008 0.245403 0.736802 1 35 1.000000
pyro_hands_red
  35 -21.641296 39.465897 6.475481 -0.593684 0.080626 0.800649 0.209010 0.827196 2 35 0.600000 37 0.400000
  37 -21.850397 38.985687 5.917312 -0.809574 -0.563142 0.165712 0.227614 0.832139 2 37 0.600000 35 0.400000
  37 -21.550097 39.204891 6.531491 -0.504929 -0.221594 0.834232 0.207781 0.832361 2 37 0.600000 35 0.400000
pyro_hands_red
  35 -21.641296 39.465897 6.475481 -0.593684 0.080626 0.800649 0.209010 0.827196 2 35 0.600000 37 0.400000
  35 -21.963297 39.248596 5.864202 -0.972834 -0.194995 0.124781 0.228336 0.828365 2 35 0.600000 37 0.400000
  37 -21.850397 38.985687 5.917312 -0.809574 -0.563142 0.165712 0.227614 0.832139 2 37 0.600000 35 0.400000
pyro_hands_red
  35 -21.746693 39.173492 5.158771 -0.668759 -0.373786 -0.642685 0.247653 0.831684 2 35 0.600000 37 0.400000
  37 -21.850397 38.985687 5.917312 -0.809574 -0.563142 0.165712 0.227614 0.832139 2 37 0.600000 35 0.400000
  35 -21.963297 39.248596 5.864202 -0.972834 -0.194995 0.124781 0.228336 0.828365 2 35 0.600000 37 0.400000
pyro_hands_red
  35 -21.746693 39.173492 5.158771 -0.668759 -0.373786 -0.642685 0.247653 0.831684 2 35 0.600000 37 0.400000
  35 -21.963297 39.248596 5.864202 -0.972834 -0.194995 0.124781 0.228336 0.828365 2 35 0.600000 37 0.400000
  35 -21.993891 40.013290 5.627430 -0.993572 0.001880 0.113186 0.233251 0.811522 1 35 1.000000
pyro_hands_red
  35 -21.746693 39.173492 5.158771 -0.668759 -0.373786 -0.642685 0.247653 0.831684 2 35 0.600000 37 0.400000
  35 -21.993891 40.013290 5.627430 -0.993572 0.001880 0.113186 0.233251 0.811522 1 35 1.000000
  35 -21.800888 39.896889 4.897479 -0.711995 -0.270168 -0.648129 0.257946 0.815102 1 35 1.000000
pyro_hands_red
  35 -21.800888 39.896889 4.897479 -0.711995 -0.270168 -0.648129 0.257946 0.815102 1 35 1.000000
  35 -21.993891 40.013290 5.627430 -0.993572 0.001880 0.113186 0.233251 0.811522 1 35 1.000000
  35 -21.989584 40.930885 5.335258 -0.982935 0.010898 0.183631 0.240965 0.782761 1 35 1.000000
pyro_hands_red
  35 -21.800888 39.896889 4.897479 -0.711995 -0.270168 -0.648129 0.257946 0.815102 1 35 1.000000
  35 -21.989584 40.930885 5.335258 -0.982935 0.010898 0.183631 0.240965 0.782761 1 35 1.000000
  35 -21.861088 40.778690 4.540949 -0.858214 -0.455700 -0.236234 0.274579 0.788190 1 35 1.000000
pyro_hands_red
  35 -21.987988 41.465584 5.165368 -0.957706 0.078413 0.276857 0.243632 0.761722 1 35 1.000000
  35 -21.861088 40.778690 4.540949 -0.858214 -0.455700 -0.236234 0.274579 0.788190 1 35 1.000000
  35 -21.989584 40.930885 5.335258 -0.982935 0.010898 0.183631 0.240965 0.782761 1 35 1.000000
pyro_hands_red
  35 -21.987988 41.465584 5.165368 -0.957706 0.078413 0.276857 0.243632 0.761722 1 35 1.000000
  35 -22.072088 41.350189 4.382648 -0.988876 -0.138225 0.054929 0.276187 0.760370 1 35 1.000000
  35 -21.861088 40.778690 4.540949 -0.858214 -0.455700 -0.236234 0.274579 0.788190 1 35 1.000000
pyro_hands_red
  35 -21.947388 42.055485 4.956188 -0.918892 0.206727 0.336008 0.245403 0.736802 1 35 1.000000
  35 -22.072088 41.350189 4.382648 -0.988876 -0.138225 0.054929 0.276187 0.760370 1 35 1.000000
  35 -21.987988 41.465584 5.165368 -0.957706 0.078413 0.276857 0.243632 0.761722 1 35 1.000000
pyro_hands_red
  35 -21.947388 42.055485 4.956188 -0.918892 0.206727 0.336008 0.245403 0.736802 1 35 1.000000
  35 -22.105490 41.902885 4.133638 -0.994597 0.056209 0.087282 0.279719 0.735123 1 35 1.000000
  35 -22.072088 41.350189 4.382648 -0.988876 -0.138225 0.054929 0.276187 0.760370 1 35 1.000000
pyro_hands_red
  35 -22.105490 41.902885 4.133638 -0.994597 0.056209 0.087282 0.279719 0.735123 1 35 1.000000
  41 -22.072086 41.246086 3.828743 -0.979783 -0.191768 0.057016 0.299965 0.759919 1 41 1.000000
  35 -22.072088 41.350189 4.382648 -0.988876 -0.138225 0.054929 0.276187 0.760370 1 35 1.000000
pyro_hands_red
  35 -22.105490 41.902885 4.133638 -0.994597 0.056209 0.087282 0.279719 0.735123 1 35 1.000000
  41 -22.124187 41.704086 3.480483 -0.999632 -0.025801 -0.008429 0.307728 0.736389 1 41 1.000000
  41 -22.072086 41.246086 3.828743 -0.979783 -0.191768 0.057016 0.299965 0.759919 1 41 1.000000
pyro_hands_red
  41 -22.124187 41.704086 3.480483 -0.999632 -0.025801 -0.008429 0.307728 0.736389 1 41 1.000000
  41 -22.066387 41.060284 3.102622 -0.971574 -0.233412 -0.039531 0.330366 0.759164 1 41 1.000000
  41 -22.072086 41.246086 3.828743 -0.979783 -0.191768 0.057016 0.299965 0.759919 1 41 1.000000
pyro_hands_red
  41 -21.992085 40.625484 3.297093 -0.971574 -0.233412 -0.039531 0.327584 0.779104 1 41 1.000000
  41 -22.072086 41.246086 3.828743 -0.979783 -0.191768 0.057016 0.299965 0.759919 1 41 1.000000
  41 -22.066387 41.060284 3.102622 -0.971574 -0.233412 -0.039531 0.330366 0.759164 1 41 1.000000
pyro_hands_red
  41 -22.066387 41.060284 3.102622 -0.971574 -0.233412 -0.039531 0.330366 0.759164 1 41 1.000000
  41 -21.693085 40.467083 2.525973 -0.834273 -0.507833 -0.214695 0.359666 0.782782 1 41 1.000000
  41 -21.992085 40.625484 3.297093 -0.971574 -0.233412 -0.039531 0.327584 0.779104 1 41 1.000000
pyro_hands_red
  41 -21.992085 40.625484 3.297093 -0.971574 -0.233412 -0.039531 0.327584 0.779104 1 41 1.000000
  41 -21.693085 40.467083 2.525973 -0.834273 -0.507833 -0.214695 0.359666 0.782782 1 41 1.000000
  41 -21.646881 39.265182 2.909463 -0.588917 -0.248760 -0.768957 0.348165 0.818214 1 41 1.000000
pyro_hands_red
  41 -21.646881 39.265182 2.909463 -0.588917 -0.248760 -0.768957 0.348165 0.818214 1 41 1.000000
  41 -21.693085 40.467083 2.525973 -0.834273 -0.507833 -0.214695 0.359666 0.782782 1 41 1.000000
  41 -20.763186 40.272781 2.566993 -0.103599 -0.973932 -0.201798 0.370542 0.805361 1 41 1.000000
pyro_hands_red
  41 -20.885685 40.320084 4.484242 -0.244057 -0.674335 0.696928 0.287858 0.819661 1 41 1.000000
  35 -20.887989 40.290890 4.492239 -0.084138 -0.780344 -0.619664 0.284706 0.819987 1 35 1.000000
  35 -21.861088 40.778690 4.540949 -0.858214 -0.455700 -0.236234 0.274579 0.788190 1 35 1.000000
pyro_hands_red
  35 -20.887989 40.290890 4.492239 -0.084138 -0.780344 -0.619664 0.284706 0.819987 1 35 1.000000
  35 -21.800888 39.896889 4.897479 -0.711995 -0.270168 -0.648129 0.257946 0.815102 1 35 1.000000
  35 -21.861088 40.778690 4.540949 -0.858214 -0.455700 -0.236234 0.274579 0.788190 1 35 1.000000
pyro_hands_red
  35 -20.887989 40.290890 4.492239 -0.084138 -0.780344 -0.619664 0.284706 0.819987 1 35 1.000000
  35 -20.881847 39.770599 4.658133 0.072334 -0.367564 -0.927181 0.279045 0.832157 1 35 1.000000
  35 -21.800888 39.896889 4.897479 -0.711995 -0.270168 -0.648129 0.257946 0.815102 1 35 1.000000
pyro_hands_red
  35 -20.877090 39.309689 4.838809 0.083646 -0.319707 -0.943817 0.273876 0.843004 2 35 0.750000 37 0.250000
  35 -21.800888 39.896889 4.897479 -0.711995 -0.270168 -0.648129 0.257946 0.815102 1 35 1.000000
  35 -20.881847 39.770599 4.658133 0.072334 -0.367564 -0.927181 0.279045 0.832157 1 35 1.000000
pyro_hands_red
  35 -20.877090 39.309689 4.838809 0.083646 -0.319707 -0.943817 0.273876 0.843004 2 35 0.750000 37 0.250000
  35 -21.746693 39.173492 5.158771 -0.668759 -0.373786 -0.642685 0.247653 0.831684 2 35 0.600000 37 0.400000
  35 -21.800888 39.896889 4.897479 -0.711995 -0.270168 -0.648129 0.257946 0.815102 1 35 1.000000
pyro_hands_red
  35 -20.877090 39.309689 4.838809 0.083646 -0.319707 -0.943817 0.273876 0.843004 2 35 0.750000 37 0.250000
  37 -21.615395 38.906593 5.228602 -0.563474 -0.569903 -0.598087 0.246861 0.838566 2 37 0.600000 35 0.400000
  35 -21.746693 39.173492 5.158771 -0.668759 -0.373786 -0.642685 0.247653 0.831684 2 35 0.600000 37 0.400000
pyro_hands_red
  35 -21.746693 39.173492 5.158771 -0.668759 -0.373786 -0.642685 0.247653 0.831684 2 35 0.600000 37 0.400000
  37 -21.615395 38.906593 5.228602 -0.563474 -0.569903 -0.598087 0.246861 0.838566 2 37 0.600000 35 0.400000
  37 -21.850397 38.985687 5.917312 -0.809574 -0.563142 0.165712 0.227614 0.832139 2 37 0.600000 35 0.400000
pyro_hands_red
  35 -20.877090 39.309689 4.838809 0.083646 -0.319707 -0.943817 0.273876 0.843004 2 35 0.750000 37 0.250000
  37 -20.762398 39.047691 4.922972 0.073715 -0.233306 -0.969605 0.269511 0.850434 2 37 0.750000 35 0.250000
  37 -21.615395 38.906593 5.228602 -0.563474 -0.569903 -0.598087 0.246861 0.838566 2 37 0.600000 35 0.400000
pyro_hands_red
  41 -21.646881 39.265182 2.909463 -0.588917 -0.248760 -0.768957 0.348165 0.818214 1 41 1.000000
  41 -20.763186 40.272781 2.566993 -0.103599 -0.973932 -0.201798 0.370542 0.805361 1 41 1.000000
  41 -20.797979 39.308281 2.802732 0.150482 -0.289740 -0.945201 0.365756 0.822157 1 41 1.000000
pyro_hands_red
  41 -21.646881 39.265182 2.909463 -0.588917 -0.248760 -0.768957 0.348165 0.818214 1 41 1.000000
  41 -20.797979 39.308281 2.802732 0.150482 -0.289740 -0.945201 0.365756 0.822157 1 41 1.000000
  43 -20.843988 38.293285 3.098865 0.150482 -0.289740 -0.945202 0.359729 0.837643 1 43 1.000000
pyro_hands_red
  41 -21.646881 39.265182 2.909463 -0.588917 -0.248760 -0.768957 0.348165 0.818214 1 41 1.000000
  43 -20.843988 38.293285 3.098865 0.150482 -0.289740 -0.945202 0.359729 0.837643 1 43 1.000000
  43 -21.587587 38.085381 3.278534 -0.575683 -0.335442 -0.745700 0.342322 0.836053 2 43 0.700000 41 0.300000
pyro_hands_red
  41 -21.946882 39.380184 3.608513 -0.993228 -0.096757 -0.064310 0.328425 0.818059 1 41 1.000000
  41 -21.646881 39.265182 2.909463 -0.588917 -0.248760 -0.768957 0.348165 0.818214 1 41 1.000000
  43 -21.587587 38.085381 3.278534 -0.575683 -0.335442 -0.745700 0.342322 0.836053 2 43 0.700000 41 0.300000
pyro_hands_red
  41 -21.946882 39.380184 3.608513 -0.993228 -0.096757 -0.064310 0.328425 0.818059 1 41 1.000000
  43 -21.587587 38.085381 3.278534 -0.575683 -0.335442 -0.745700 0.342322 0.836053 2 43 0.700000 41 0.300000
  43 -21.862389 38.124783 3.898525 -0.971574 -0.233412 -0.039531 0.329135 0.835964 2 43 0.700000 41 0.300000
pyro_hands_red
  43 -21.688387 38.324684 4.493605 -0.718720 -0.041585 0.694054 0.316934 0.836156 2 43 0.700000 41 0.300000
  41 -21.946882 39.380184 3.608513 -0.993228 -0.096757 -0.064310 0.328425 0.818059 1 41 1.000000
  43 -21.862389 38.124783 3.898525 -0.971574 -0.233412 -0.039531 0.329135 0.835964 2 43 0.700000 41 0.300000
pyro_hands_red
  43 -21.688387 38.324684 4.493605 -0.718720 -0.041585 0.694054 0.316934 0.836156 2 43 0.700000 41 0.300000
  41 -21.758385 39.520985 4.300553 -0.745695 0.075810 0.661961 0.310614 0.821020 1 41 1.000000
  41 -21.946882 39.380184 3.608513 -0.993228 -0.096757 -0.064310 0.328425 0.818059 1 41 1.000000
pyro_hands_red
  43 -20.984589 38.567680 4.751106 -0.060213 0.130863 0.989570 0.301151 0.839110 1 43 1.000000
  41 -21.758385 39.520985 4.300553 -0.745695 0.075810 0.661961 0.310614 0.821020 1 41 1.000000
  43 -21.688387 38.324684 4.493605 -0.718720 -0.041585 0.694054 0.316934 0.836156 2 43 0.700000 41 0.300000
pyro_hands_red
  43 -20.984589 38.567680 4.751106 -0.060213 0.130863 0.989570 0.301151 0.839110 1 43 1.000000
  41 -20.926382 39.531586 4.628763 -0.060213 0.130863 0.989570 0.294718 0.828371 1 41 1.000000
  41 -21.758385 39.520985 4.300553 -0.745695 0.075810 0.661961 0.310614 0.821020 1 41 1.000000
pyro_hands_red
  41 -20.885685 40.320084 4.484242 -0.244057 -0.674335 0.696928 0.287858 0.819661 1 41 1.000000
  41 -21.758385 39.520985 4.300553 -0.745695 0.075810 0.661961 0.310614 0.821020 1 41 1.000000
  41 -20.926382 39.531586 4.628763 -0.060213 0.130863 0.989570 0.294718 0.828371 1 41 1.000000
pyro_hands_red
  41 -20.885685 40.320084 4.484242 -0.244057 -0.674335 0.696928 0.287858 0.819661 1 41 1.000000
  41 -21.838184 40.706886 4.116823 -0.881144 -0.329802 0.338846 0.296679 0.788596 1 41 1.000000
  41 -21.758385 39.520985 4.300553 -0.745695 0.075810 0.661961 0.310614 0.821020 1 41 1.000000
pyro_hands_red
  41 -20.885685 40.320084 4.484242 -0.244057 -0.674335 0.696928 0.287858 0.819661 1 41 1.000000
  35 -21.861088 40.778690 4.540949 -0.858214 -0.455700 -0.236234 0.274579 0.788190 1 35 1.000000
  41 -21.838184 40.706886 4.116823 -0.881144 -0.329802 0.338846 0.296679 0.788596 1 41 1.000000
pyro_hands_red
  41 -21.838184 40.706886 4.116823 -0.881144 -0.329802 0.338846 0.296679 0.788596 1 41 1.000000
  35 -21.861088 40.778690 4.540949 -0.858214 -0.455700 -0.236234 0.274579 0.788190 1 35 1.000000
  35 -22.072088 41.350189 4.382648 -0.988876 -0.138225 0.054929 0.276187 0.760370 1 35 1.000000
pyro_hands_red
  41 -21.838184 40.706886 4.116823 -0.881144 -0.329802 0.338846 0.296679 0.788596 1 41 1.000000
  35 -22.072088 41.350189 4.382648 -0.988876 -0.138225 0.054929 0.276187 0.760370 1 35 1.000000
  41 -22.072086 41.246086 3.828743 -0.979783 -0.191768 0.057016 0.299965 0.759919 1 41 1.000000
pyro_hands_red
  41 -21.992085 40.625484 3.297093 -0.971574 -0.233412 -0.039531 0.327584 0.779104 1 41 1.000000
  41 -21.838184 40.706886 4.116823 -0.881144 -0.329802 0.338846 0.296679 0.788596 1 41 1.000000
  41 -22.072086 41.246086 3.828743 -0.979783 -0.191768 0.057016 0.299965 0.759919 1 41 1.000000
pyro_hands_red
  41 -21.838184 40.706886 4.116823 -0.881144 -0.329802 0.338846 0.296679 0.788596 1 41 1.000000
  41 -21.992085 40.625484 3.297093 -0.971574 -0.233412 -0.039531 0.327584 0.779104 1 41 1.000000
  41 -21.946882 39.380184 3.608513 -0.993228 -0.096757 -0.064310 0.328425 0.818059 1 41 1.000000
pyro_hands_red
  41 -21.992085 40.625484 3.297093 -0.971574 -0.233412 -0.039531 0.327584 0.779104 1 41 1.000000
  41 -21.646881 39.265182 2.909463 -0.588917 -0.248760 -0.768957 0.348165 0.818214 1 41 1.000000
  41 -21.946882 39.380184 3.608513 -0.993228 -0.096757 -0.064310 0.328425 0.818059 1 41 1.000000
pyro_hands_red
  41 -21.838184 40.706886 4.116823 -0.881144 -0.329802 0.338846 0.296679 0.788596 1 41 1.000000
  41 -21.946882 39.380184 3.608513 -0.993228 -0.096757 -0.064310 0.328425 0.818059 1 41 1.000000
  41 -21.758385 39.520985 4.300553 -0.745695 0.075810 0.661961 0.310614 0.821020 1 41 1.000000
pyro_hands_red
  51 -19.416096 37.529083 3.045002 -0.094184 0.084057 0.992000 0.693161 0.831888 2 51 0.532500 49 0.467500
  51 -19.191998 37.942284 2.873812 0.392599 0.595121 0.701211 0.686757 0.824504 2 51 0.504700 49 0.495300
  49 -19.599796 37.678284 3.012202 -0.094184 0.084057 0.992000 0.696484 0.829484 2 49 0.501000 51 0.499000
pyro_hands_red
  51 -18.466099 36.985283 3.241612 -0.094184 0.084057 0.992000 0.679217 0.849091 1 51 1.000000
  51 -19.010300 37.811890 2.898552 0.323050 0.672710 0.665657 0.683270 0.828355 2 51 0.596000 49 0.404000
  51 -19.416096 37.529083 3.045002 -0.094184 0.084057 0.992000 0.693161 0.831888 2 51 0.532500 49 0.467500
pyro_hands_red
  51 -19.416096 37.529083 3.045002 -0.094184 0.084057 0.992000 0.693161 0.831888 2 51 0.532500 49 0.467500
  51 -19.010300 37.811890 2.898552 0.323050 0.672710 0.665657 0.683270 0.828355 2 51 0.596000 49 0.404000
  51 -19.191998 37.942284 2.873812 0.392599 0.595121 0.701211 0.686757 0.824504 2 51 0.504700 49 0.495300
pyro_hands_red
  51 -19.010300 37.811890 2.898552 0.323050 0.672710 0.665657 0.683270 0.828355 2 51 0.596000 49 0.404000
  51 -18.943296 37.945580 2.381862 0.669261 0.742704 0.021933 0.675849 0.819494 2 51 0.551600 49 0.448400
  51 -19.191998 37.942284 2.873812 0.392599 0.595121 0.701211 0.686757 0.824504 2 51 0.504700 49 0.495300
pyro_hands_red
  51 -18.008598 36.622284 3.279132 -0.007811 0.007837 0.999939 0.670661 0.858881 1 51 1.000000
  51 -18.067799 37.231281 3.101012 0.392599 0.595121 0.701211 0.670181 0.846256 1 51 1.000000
  51 -18.466099 36.985283 3.241612 -0.094184 0.084057 0.992000 0.679217 0.849091 1 51 1.000000
pyro_hands_red
  51 -18.466099 36.985283 3.241612 -0.094184 0.084057 0.992000 0.679217 0.849091 1 51 1.000000
  51 -18.067799 37.231281 3.101012 0.392599 0.595121 0.701211 0.670181 0.846256 1 51 1.000000
  51 -19.010300 37.811890 2.898552 0.323050 0.672710 0.665657 0.683270 0.828355 2 51 0.596000 49 0.404000
pyro_hands_red
  51 -18.067799 37.231281 3.101012 0.392599 0.595121 0.701211 0.670181 0.846256 1 51 1.000000
  51 -18.786398 37.841187 2.416262 0.558556 0.828906 -0.030517 0.673317 0.823527 2 51 0.701900 49 0.298100
  51 -19.010300 37.811890 2.898552 0.323050 0.672710 0.665657 0.683270 0.828355 2 51 0.596000 49 0.404000
pyro_hands_red
  51 -19.010300 37.811890 2.898552 0.323050 0.672710 0.665657 0.683270 0.828355 2 51 0.596000 49 0.404000
  51 -18.786398 37.841187 2.416262 0.558556 0.828906 -0.030517 0.673317 0.823527 2 51 0.701900 49 0.298100
  51 -18.943296 37.945580 2.381862 0.669261 0.742704 0.021933 0.675849 0.819494 2 51 0.551600 49 0.448400
pyro_hands_red
  51 -18.943296 37.945580 2.381862 0.669261 0.742704 0.021933 0.675849 0.819494 2 51 0.551600 49 0.448400
  51 -18.786398 37.841187 2.416262 0.558556 0.828906 -0.030517 0.673317 0.823527 2 51 0.701900 49 0.298100
  51 -18.800301 37.646183 1.956322 0.551364 0.542935 -0.633418 0.664333 0.818623 2 51 0.676700 49 0.323300
pyro_hands_red
  51 -18.943296 37.945580 2.381862 0.669261 0.742704 0.021933 0.675849 0.819494 2 51 0.551600 49 0.448400
  51 -18.800301 37.646183 1.956322 0.551364 0.542935 -0.633418 0.664333 0.818623 2 51 0.676700 49 0.323300
  51 -18.960896 37.750286 1.908531 0.661270 0.480027 -0.576451 0.666091 0.814609 2 51 0.543800 49 0.456200
pyro_hands_red
  51 -18.943296 37.945580 2.381862 0.669261 0.742704 0.021933 0.675849 0.819494 2 51 0.551600 49 0.448400
  51 -18.960896 37.750286 1.908531 0.661270 0.480027 -0.576451 0.666091 0.814609 2 51 0.543800 49 0.456200
  49 -19.794996 38.782379 1.546662 0.822001 0.292382 -0.488700 0.672123 0.801052 2 49 0.945600 51 0.054400
pyro_hands_red
  51 -18.943296 37.945580 2.381862 0.669261 0.742704 0.021933 0.675849 0.819494 2 51 0.551600 49 0.448400
  49 -19.794996 38.782379 1.546662 0.822001 0.292382 -0.488700 0.672123 0.801052 2 49 0.945600 51 0.054400
  49 -19.798498 38.939682 2.115382 0.852687 0.504132 0.137028 0.683934 0.806921 1 49 1.000000
pyro_hands_red
  51 -19.191998 37.942284 2.873812 0.392599 0.595121 0.701211 0.686757 0.824504 2 51 0.504700 49 0.495300
  51 -18.943296 37.945580 2.381862 0.669261 0.742704 0.021933 0.675849 0.819494 2 51 0.551600 49 0.448400
  49 -19.798498 38.939682 2.115382 0.852687 0.504132 0.137028 0.683934 0.806921 1 49 1.000000
pyro_hands_red
  51 -19.191998 37.942284 2.873812 0.392599 0.595121 0.701211 0.686757 0.824504 2 51 0.504700 49 0.495300
  49 -19.798498 38.939682 2.115382 0.852687 0.504132 0.137028 0.683934 0.806921 1 49 1.000000
  49 -20.078297 38.929783 2.653732 0.463831 0.448712 0.763884 0.696587 0.812728 1 49 1.000000
pyro_hands_red
  49 -19.599796 37.678284 3.012202 -0.094184 0.084057 0.992000 0.696484 0.829484 2 49 0.501000 51 0.499000
  51 -19.191998 37.942284 2.873812 0.392599 0.595121 0.701211 0.686757 0.824504 2 51 0.504700 49 0.495300
  49 -20.078297 38.929783 2.653732 0.463831 0.448712 0.763884 0.696587 0.812728 1 49 1.000000
pyro_hands_red
  49 -19.599796 37.678284 3.012202 -0.094184 0.084057 0.992000 0.696484 0.829484 2 49 0.501000 51 0.499000
  49 -20.078297 38.929783 2.653732 0.463831 0.448712 0.763884 0.696587 0.812728 1 49 1.000000
  49 -20.663897 38.785683 2.779591 -0.141612 0.104687 0.984371 0.706360 0.815579 1 49 1.000000
pyro_hands_red
  51 -17.862698 37.067585 2.189902 0.634402 0.453400 -0.626069 0.654163 0.838049 1 51 1.000000
  51 -17.805901 36.444786 2.176812 0.384040 -0.301794 -0.872601 0.643083 0.842822 1 51 1.000000
  51 -18.186398 36.775185 1.984312 0.285465 -0.127728 -0.949839 0.647490 0.831688 1 51 1.000000
pyro_hands_red
  51 -17.862698 37.067585 2.189902 0.634402 0.453400 -0.626069 0.654163 0.838049 1 51 1.000000
  51 -17.568197 36.697582 2.328392 0.830019 0.199750 -0.520738 0.650029 0.846072 1 51 1.000000
  51 -17.805901 36.444786 2.176812 0.384040 -0.301794 -0.872601 0.643083 0.842822 1 51 1.000000
pyro_hands_red
  51 -17.454399 36.427582 2.484832 0.962663 -0.126841 -0.239146 0.648342 0.851764 1 51 1.000000
  51 -17.805901 36.444786 2.176812 0.384040 -0.301794 -0.872601 0.643083 0.842822 1 51 1.000000
  51 -17.568197 36.697582 2.328392 0.830019 0.199750 -0.520738 0.650029 0.846072 1 51 1.000000
pyro_hands_red
  51 -17.563599 36.814285 2.769692 0.878556 0.463775 0.114246 0.657321 0.850552 1 51 1.000000
  51 -17.454399 36.427582 2.484832 0.962663 -0.126841 -0.239146 0.648342 0.851764 1 51 1.000000
  51 -17.568197 36.697582 2.328392 0.830019 0.199750 -0.520738 0.650029 0.846072 1 51 1.000000
pyro_hands_red
  51 -17.563599 36.814285 2.769692 0.878556 0.463775 0.114246 0.657321 0.850552 1 51 1.000000
  51 -17.495598 36.509586 2.846842 0.965780 -0.058731 0.252625 0.654625 0.855795 1 51 1.000000
  51 -17.454399 36.427582 2.484832 0.962663 -0.126841 -0.239146 0.648342 0.851764 1 51 1.000000
pyro_hands_red
  51 -17.615799 36.545284 3.183432 0.762468 0.021313 0.646674 0.661335 0.859099 1 51 1.000000
  51 -17.495598 36.509586 2.846842 0.965780 -0.058731 0.252625 0.654625 0.855795 1 51 1.000000
  51 -17.563599 36.814285 2.769692 0.878556 0.463775 0.114246 0.657321 0.850552 1 51 1.000000
pyro_hands_red
  51 -17.628094 36.200279 2.879249 0.711838 -0.641546 0.285841 0.651071 0.862514 1 51 1.000000
  51 -17.495598 36.509586 2.846842 0.965780 -0.058731 0.252625 0.654625 0.855795 1 51 1.000000
  51 -17.615799 36.545284 3.183432 0.762468 0.021313 0.646674 0.661335 0.859099 1 51 1.000000
pyro_hands_red
  51 -17.628094 36.200279 2.879249 0.711838 -0.641546 0.285841 0.651071 0.862514 1 51 1.000000
  51 -17.615799 36.545284 3.183432 0.762468 0.021313 0.646674 0.661335 0.859099 1 51 1.000000
  51 -17.746899 36.326183 3.218779 0.423175 -0.395612 0.815116 0.661886 0.864757 1 51 1.000000
pyro_hands_red
  51 -18.008598 36.622284 3.279132 -0.007811 0.007837 0.999939 0.670661 0.858881 1 51 1.000000
  51 -17.746899 36.326183 3.218779 0.423175 -0.395612 0.815116 0.661886 0.864757 1 51 1.000000
  51 -17.615799 36.545284 3.183432 0.762468 0.021313 0.646674 0.661335 0.859099 1 51 1.000000
pyro_hands_red
  51 -18.008598 36.622284 3.279132 -0.007811 0.007837 0.999939 0.670661 0.858881 1 51 1.000000
  51 -17.615799 36.545284 3.183432 0.762468 0.021313 0.646674 0.661335 0.859099 1 51 1.000000
  51 -17.733198 36.821285 3.167792 0.592609 0.382679 0.708781 0.664600 0.854340 1 51 1.000000
pyro_hands_red
  51 -18.008598 36.622284 3.279132 -0.007811 0.007837 0.999939 0.670661 0.858881 1 51 1.000000
  51 -17.733198 36.821285 3.167792 0.592609 0.382679 0.708781 0.664600 0.854340 1 51 1.000000
  51 -18.067799 37.231281 3.101012 0.392599 0.595121 0.701211 0.670181 0.846256 1 51 1.000000
pyro_hands_red
  51 -17.733198 36.821285 3.167792 0.592609 0.382679 0.708781 0.664600 0.854340 1 51 1.000000
  51 -17.844297 37.223080 2.652592 0.669261 0.742704 0.021933 0.661735 0.842768 1 51 1.000000
  51 -18.067799 37.231281 3.101012 0.392599 0.595121 0.701211 0.670181 0.846256 1 51 1.000000
pyro_hands_red
  51 -18.067799 37.231281 3.101012 0.392599 0.595121 0.701211 0.670181 0.846256 1 51 1.000000
  51 -17.844297 37.223080 2.652592 0.669261 0.742704 0.021933 0.661735 0.842768 1 51 1.000000
  51 -18.786398 37.841187 2.416262 0.558556 0.828906 -0.030517 0.673317 0.823527 2 51 0.701900 49 0.298100
pyro_hands_red
  51 -18.786398 37.841187 2.416262 0.558556 0.828906 -0.030517 0.673317 0.823527 2 51 0.701900 49 0.298100
  51 -17.844297 37.223080 2.652592 0.669261 0.742704 0.021933 0.661735 0.842768 1 51 1.000000
  51 -17.862698 37.067585 2.189902 0.634402 0.453400 -0.626069 0.654163 0.838049 1 51 1.000000
pyro_hands_red
  51 -18.786398 37.841187 2.416262 0.558556 0.828906 -0.030517 0.673317 0.823527 2 51 0.701900 49 0.298100
  51 -17.862698 37.067585 2.189902 0.634402 0.453400 -0.626069 0.654163 0.838049 1 51 1.000000
  51 -18.800301 37.646183 1.956322 0.551364 0.542935 -0.633418 0.664333 0.818623 2 51 0.676700 49 0.323300
pyro_hands_red
  51 -18.800301 37.646183 1.956322 0.551364 0.542935 -0.633418 0.664333 0.818623 2 51 0.676700 49 0.323300
  51 -17.862698 37.067585 2.189902 0.634402 0.453400 -0.626069 0.654163 0.838049 1 51 1.000000
  51 -18.186398 36.775185 1.984312 0.285465 -0.127728 -0.949839 0.647490 0.831688 1 51 1.000000
pyro_hands_red
  51 -18.800301 37.646183 1.956322 0.551364 0.542935 -0.633418 0.664333 0.818623 2 51 0.676700 49 0.323300
  51 -18.186398 36.775185 1.984312 0.285465 -0.127728 -0.949839 0.647490 0.831688 1 51 1.000000
  51 -19.055599 37.306084 1.717042 0.287428 -0.043676 -0.956806 0.656462 0.813045 2 51 0.602300 49 0.397700
pyro_hands_red
  51 -18.960896 37.750286 1.908531 0.661270 0.480027 -0.576451 0.666091 0.814609 2 51 0.543800 49 0.456200
  51 -18.800301 37.646183 1.956322 0.551364 0.542935 -0.633418 0.664333 0.818623 2 51 0.676700 49 0.323300
  51 -19.055599 37.306084 1.717042 0.287428 -0.043676 -0.956806 0.656462 0.813045 2 51 0.602300 49 0.397700
pyro_hands_red
  51 -18.960896 37.750286 1.908531 0.661270 0.480027 -0.576451 0.666091 0.814609 2 51 0.543800 49 0.456200
  51 -19.055599 37.306084 1.717042 0.287428 -0.043676 -0.956806 0.656462 0.813045 2 51 0.602300 49 0.397700
  51 -19.212900 37.466087 1.650292 0.337902 -0.045251 -0.940093 0.657615 0.810072 2 51 0.509800 49 0.490200
pyro_hands_red
  49 -19.794996 38.782379 1.546662 0.822001 0.292382 -0.488700 0.672123 0.801052 2 49 0.945600 51 0.054400
  51 -18.960896 37.750286 1.908531 0.661270 0.480027 -0.576451 0.666091 0.814609 2 51 0.543800 49 0.456200
  51 -19.212900 37.466087 1.650292 0.337902 -0.045251 -0.940093 0.657615 0.810072 2 51 0.509800 49 0.490200
pyro_hands_red
  49 -19.794996 38.782379 1.546662 0.822001 0.292382 -0.488700 0.672123 0.801052 2 49 0.945600 51 0.054400
  51 -19.212900 37.466087 1.650292 0.337902 -0.045251 -0.940093 0.657615 0.810072 2 51 0.509800 49 0.490200
  49 -20.158003 38.596485 1.209462 0.372802 -0.088462 -0.923685 0.664097 0.793734 2 49 0.938200 51 0.061800
pyro_hands_red
  51 -17.615799 36.545284 3.183432 0.762468 0.021313 0.646674 0.661335 0.859099 1 51 1.000000
  51 -17.563599 36.814285 2.769692 0.878556 0.463775 0.114246 0.657321 0.850552 1 51 1.000000
  51 -17.733198 36.821285 3.167792 0.592609 0.382679 0.708781 0.664600 0.854340 1 51 1.000000
pyro_hands_red
  51 -17.733198 36.821285 3.167792 0.592609 0.382679 0.708781 0.664600 0.854340 1 51 1.000000
  51 -17.563599 36.814285 2.769692 0.878556 0.463775 0.114246 0.657321 0.850552 1 51 1.000000
  51 -17.844297 37.223080 2.652592 0.669261 0.742704 0.021933 0.661735 0.842768 1 51 1.000000
pyro_hands_red
  51 -17.844297 37.223080 2.652592 0.669261 0.742704 0.021933 0.661735 0.842768 1 51 1.000000
  51 -17.563599 36.814285 2.769692 0.878556 0.463775 0.114246 0.657321 0.850552 1 51 1.000000
  51 -17.568197 36.697582 2.328392 0.830019 0.199750 -0.520738 0.650029 0.846072 1 51 1.000000
pyro_hands_red
  51 -17.844297 37.223080 2.652592 0.669261 0.742704 0.021933 0.661735 0.842768 1 51 1.000000
  51 -17.568197 36.697582 2.328392 0.830019 0.199750 -0.520738 0.650029 0.846072 1 51 1.000000
  51 -17.862698 37.067585 2.189902 0.634402 0.453400 -0.626069 0.654163 0.838049 1 51 1.000000
pyro_hands_red
  51 -17.628094 36.200279 2.879249 0.711838 -0.641546 0.285841 0.651071 0.862514 1 51 1.000000
  51 -17.454399 36.427582 2.484832 0.962663 -0.126841 -0.239146 0.648342 0.851764 1 51 1.000000
  51 -17.495598 36.509586 2.846842 0.965780 -0.058731 0.252625 0.654625 0.855795 1 51 1.000000
pyro_hands_red
  51 -17.628094 36.200279 2.879249 0.711838 -0.641546 0.285841 0.651071 0.862514 1 51 1.000000
  51 -17.585695 36.176182 2.452783 0.693085 -0.615437 -0.375327 0.642883 0.854452 1 51 1.000000
  51 -17.454399 36.427582 2.484832 0.962663 -0.126841 -0.239146 0.648342 0.851764 1 51 1.000000
pyro_hands_red
  51 -17.454399 36.427582 2.484832 0.962663 -0.126841 -0.239146 0.648342 0.851764 1 51 1.000000
  51 -17.585695 36.176182 2.452783 0.693085 -0.615437 -0.375327 0.642883 0.854452 1 51 1.000000
  51 -17.805901 36.444786 2.176812 0.384040 -0.301794 -0.872601 0.643083 0.842822 1 51 1.000000
pyro_hands_red
  45 -18.803587 37.219482 3.820116 0.507449 0.469579 -0.722490 0.726311 0.860031 2 45 0.637900 43 0.362100
  45 -17.773285 36.488186 4.070386 0.584453 0.411700 -0.699226 0.715032 0.888177 1 45 1.000000
  45 -18.269985 36.231384 3.850436 0.127040 -0.235399 -0.963560 0.705821 0.877342 1 45 1.000000
pyro_hands_red
  45 -17.887684 35.958984 3.961996 0.150482 -0.289740 -0.945202 0.701878 0.890442 1 45 1.000000
  45 -18.269985 36.231384 3.850436 0.127040 -0.235399 -0.963560 0.705821 0.877342 1 45 1.000000
  45 -17.773285 36.488186 4.070386 0.584453 0.411700 -0.699226 0.715032 0.888177 1 45 1.000000
pyro_hands_red
  45 -17.887684 35.958984 3.961996 0.150482 -0.289740 -0.945202 0.701878 0.890442 1 45 1.000000
  45 -17.773285 36.488186 4.070386 0.584453 0.411700 -0.699226 0.715032 0.888177 1 45 1.000000
  45 -17.514585 36.150887 4.157907 0.740876 0.213634 -0.636760 0.711666 0.897092 1 45 1.000000
pyro_hands_red
  45 -17.582882 35.654984 4.168786 0.494708 -0.691731 -0.526090 0.702589 0.905766 1 45 1.000000
  45 -17.887684 35.958984 3.961996 0.150482 -0.289740 -0.945202 0.701878 0.890442 1 45 1.000000
  45 -17.514585 36.150887 4.157907 0.740876 0.213634 -0.636760 0.711666 0.897092 1 45 1.000000
pyro_hands_red
  45 -17.582882 35.654984 4.168786 0.494708 -0.691731 -0.526090 0.702589 0.905766 1 45 1.000000
  45 -17.514585 36.150887 4.157907 0.740876 0.213634 -0.636760 0.711666 0.897092 1 45 1.000000
  45 -17.403284 35.896484 4.253476 0.900106 -0.160527 -0.405019 0.709949 0.903316 1 45 1.000000
pyro_hands_red
  45 -17.585484 35.627388 4.645196 0.564369 -0.799453 0.205819 0.713112 0.916001 1 45 1.000000
  45 -17.582882 35.654984 4.168786 0.494708 -0.691731 -0.526090 0.702589 0.905766 1 45 1.000000
  45 -17.403284 35.896484 4.253476 0.900106 -0.160527 -0.405019 0.709949 0.903316 1 45 1.000000
pyro_hands_red
  45 -17.585484 35.627388 4.645196 0.564369 -0.799453 0.205819 0.713112 0.916001 1 45 1.000000
  45 -17.403284 35.896484 4.253476 0.900106 -0.160527 -0.405019 0.709949 0.903316 1 45 1.000000
  45 -17.380882 35.960884 4.625397 0.980258 -0.152001 0.126447 0.717670 0.907261 1 45 1.000000
pyro_hands_red
  45 -17.585484 35.627388 4.645196 0.564369 -0.799453 0.205819 0.713112 0.916001 1 45 1.000000
  45 -17.380882 35.960884 4.625397 0.980258 -0.152001 0.126447 0.717670 0.907261 1 45 1.000000
  45 -17.492283 36.037483 5.036636 0.777356 -0.059342 0.626256 0.726903 0.910055 1 45 1.000000
pyro_hands_red
  45 -17.438585 36.270184 4.559426 0.903620 0.428319 0.003772 0.719981 0.901406 1 45 1.000000
  45 -17.492283 36.037483 5.036636 0.777356 -0.059342 0.626256 0.726903 0.910055 1 45 1.000000
  45 -17.380882 35.960884 4.625397 0.980258 -0.152001 0.126447 0.717670 0.907261 1 45 1.000000
pyro_hands_red
  45 -17.438585 36.270184 4.559426 0.903620 0.428319 0.003772 0.719981 0.901406 1 45 1.000000
  45 -17.596684 36.280685 5.019385 0.633494 0.347104 0.691523 0.730016 0.905511 1 45 1.000000
  45 -17.492283 36.037483 5.036636 0.777356 -0.059342 0.626256 0.726903 0.910055 1 45 1.000000
pyro_hands_red
  45 -17.596684 36.280685 5.019385 0.633494 0.347104 0.691523 0.730016 0.905511 1 45 1.000000
  45 -17.438585 36.270184 4.559426 0.903620 0.428319 0.003772 0.719981 0.901406 1 45 1.000000
  45 -17.691385 36.639484 4.497025 0.717257 0.694084 -0.061557 0.724081 0.893101 1 45 1.000000
pyro_hands_red
  45 -17.596684 36.280685 5.019385 0.633494 0.347104 0.691523 0.730016 0.905511 1 45 1.000000
  45 -17.691385 36.639484 4.497025 0.717257 0.694084 -0.061557 0.724081 0.893101 1 45 1.000000
  45 -17.871386 36.652885 4.997025 0.482756 0.588707 0.648359 0.735505 0.896786 1 45 1.000000
pyro_hands_red
  45 -17.871386 36.652885 4.997025 0.482756 0.588707 0.648359 0.735505 0.896786 1 45 1.000000
  45 -17.691385 36.639484 4.497025 0.717257 0.694084 -0.061557 0.724081 0.893101 1 45 1.000000
  45 -18.736687 37.394882 4.295186 0.582001 0.810052 -0.071346 0.736798 0.865346 2 45 0.706200 43 0.293800
pyro_hands_red
  45 -17.871386 36.652885 4.997025 0.482756 0.588707 0.648359 0.735505 0.896786 1 45 1.000000
  45 -18.736687 37.394882 4.295186 0.582001 0.810052 -0.071346 0.736798 0.865346 2 45 0.706200 43 0.293800
  45 -18.893587 37.374485 4.811026 0.388003 0.705677 0.592852 0.748455 0.869728 2 45 0.585300 43 0.414700
pyro_hands_red
  45 -18.961685 37.536186 4.247826 0.582001 0.810052 -0.071346 0.739445 0.859153 2 45 0.510000 43 0.490000
  45 -18.893587 37.374485 4.811026 0.388003 0.705677 0.592852 0.748455 0.869728 2 45 0.585300 43 0.414700
  45 -18.736687 37.394882 4.295186 0.582001 0.810052 -0.071346 0.736798 0.865346 2 45 0.706200 43 0.293800
pyro_hands_red
  45 -18.961685 37.536186 4.247826 0.582001 0.810052 -0.071346 0.739445 0.859153 2 45 0.510000 43 0.490000
  43 -19.117786 37.518280 4.763166 0.388003 0.705677 0.592852 0.750677 0.863065 2 43 0.503500 45 0.496500
  45 -18.893587 37.374485 4.811026 0.388003 0.705677 0.592852 0.748455 0.869728 2 45 0.585300 43 0.414700
pyro_hands_red
  43 -20.109589 38.378487 4.009816 0.848370 0.529327 0.009014 0.746959 0.843315 2 43 0.800000 41 0.200000
  43 -19.117786 37.518280 4.763166 0.388003 0.705677 0.592852 0.750677 0.863065 2 43 0.503500 45 0.496500
  45 -18.961685 37.536186 4.247826 0.582001 0.810052 -0.071346 0.739445 0.859153 2 45 0.510000 43 0.490000
pyro_hands_red
  43 -20.109589 38.378487 4.009816 0.848370 0.529327 0.009014 0.746959 0.843315 2 43 0.800000 41 0.200000
  43 -20.327988 38.417881 4.583145 0.565307 0.476281 0.673487 0.760150 0.846793 2 43 0.800000 41 0.200000
  43 -19.117786 37.518280 4.763166 0.388003 0.705677 0.592852 0.750677 0.863065 2 43 0.503500 45 0.496500
pyro_hands_red
  45 -17.438585 36.270184 4.559426 0.903620 0.428319 0.003772 0.719981 0.901406 1 45 1.000000
  45 -17.380882 35.960884 4.625397 0.980258 -0.152001 0.126447 0.717670 0.907261 1 45 1.000000
  45 -17.403284 35.896484 4.253476 0.900106 -0.160527 -0.405019 0.709949 0.903316 1 45 1.000000
pyro_hands_red
  45 -17.438585 36.270184 4.559426 0.903620 0.428319 0.003772 0.719981 0.901406 1 45 1.000000
  45 -17.403284 35.896484 4.253476 0.900106 -0.160527 -0.405019 0.709949 0.903316 1 45 1.000000
  45 -17.514585 36.150887 4.157907 0.740876 0.213634 -0.636760 0.711666 0.897092 1 45 1.000000
pyro_hands_red
  45 -17.691385 36.639484 4.497025 0.717257 0.694084 -0.061557 0.724081 0.893101 1 45 1.000000
  45 -17.438585 36.270184 4.559426 0.903620 0.428319 0.003772 0.719981 0.901406 1 45 1.000000
  45 -17.514585 36.150887 4.157907 0.740876 0.213634 -0.636760 0.711666 0.897092 1 45 1.000000
pyro_hands_red
  45 -17.691385 36.639484 4.497025 0.717257 0.694084 -0.061557 0.724081 0.893101 1 45 1.000000
  45 -17.514585 36.150887 4.157907 0.740876 0.213634 -0.636760 0.711666 0.897092 1 45 1.000000
  45 -17.773285 36.488186 4.070386 0.584453 0.411700 -0.699226 0.715032 0.888177 1 45 1.000000
pyro_hands_red
  45 -17.773285 36.488186 4.070386 0.584453 0.411700 -0.699226 0.715032 0.888177 1 45 1.000000
  45 -18.736687 37.394882 4.295186 0.582001 0.810052 -0.071346 0.736798 0.865346 2 45 0.706200 43 0.293800
  45 -17.691385 36.639484 4.497025 0.717257 0.694084 -0.061557 0.724081 0.893101 1 45 1.000000
pyro_hands_red
  45 -17.773285 36.488186 4.070386 0.584453 0.411700 -0.699226 0.715032 0.888177 1 45 1.000000
  45 -18.803587 37.219482 3.820116 0.507449 0.469579 -0.722490 0.726311 0.860031 2 45 0.637900 43 0.362100
  45 -18.736687 37.394882 4.295186 0.582001 0.810052 -0.071346 0.736798 0.865346 2 45 0.706200 43 0.293800
pyro_hands_red
  45 -18.961685 37.536186 4.247826 0.582001 0.810052 -0.071346 0.739445 0.859153 2 45 0.510000 43 0.490000
  45 -18.736687 37.394882 4.295186 0.582001 0.810052 -0.071346 0.736798 0.865346 2 45 0.706200 43 0.293800
  45 -18.803587 37.219482 3.820116 0.507449 0.469579 -0.722490 0.726311 0.860031 2 45 0.637900 43 0.362100
pyro_hands_red
  45 -18.961685 37.536186 4.247826 0.582001 0.810052 -0.071346 0.739445 0.859153 2 45 0.510000 43 0.490000
  45 -18.803587 37.219482 3.820116 0.507449 0.469579 -0.722490 0.726311 0.860031 2 45 0.637900 43 0.362100
  43 -19.023487 37.364883 3.739986 0.507449 0.469579 -0.722490 0.728845 0.853859 2 43 0.501400 45 0.498600
pyro_hands_red
  43 -19.023487 37.364883 3.739986 0.507449 0.469579 -0.722490 0.728845 0.853859 2 43 0.501400 45 0.498600
  43 -20.109589 38.378487 4.009816 0.848370 0.529327 0.009014 0.746959 0.843315 2 43 0.800000 41 0.200000
  45 -18.961685 37.536186 4.247826 0.582001 0.810052 -0.071346 0.739445 0.859153 2 45 0.510000 43 0.490000
pyro_hands_red
  43 -19.023487 37.364883 3.739986 0.507449 0.469579 -0.722490 0.728845 0.853859 2 43 0.501400 45 0.498600
  43 -20.190588 38.215282 3.404985 0.686478 0.248999 -0.683189 0.734282 0.837294 2 43 0.800000 41 0.200000
  43 -20.109589 38.378487 4.009816 0.848370 0.529327 0.009014 0.746959 0.843315 2 43 0.800000 41 0.200000
pyro_hands_red
  45 -18.313086 36.450283 5.156246 -0.043313 0.022283 0.998813 0.747718 0.897431 1 45 1.000000
  45 -17.871386 36.652885 4.997025 0.482756 0.588707 0.648359 0.735505 0.896786 1 45 1.000000
  45 -18.893587 37.374485 4.811026 0.388003 0.705677 0.592852 0.748455 0.869728 2 45 0.585300 43 0.414700
pyro_hands_red
  45 -17.943483 36.114285 5.160885 -0.020618 -0.105926 0.994160 0.739749 0.910086 1 45 1.000000
  45 -17.871386 36.652885 4.997025 0.482756 0.588707 0.648359 0.735505 0.896786 1 45 1.000000
  45 -18.313086 36.450283 5.156246 -0.043313 0.022283 0.998813 0.747718 0.897431 1 45 1.000000
pyro_hands_red
  45 -17.943483 36.114285 5.160885 -0.020618 -0.105926 0.994160 0.739749 0.910086 1 45 1.000000
  45 -17.596684 36.280685 5.019385 0.633494 0.347104 0.691523 0.730016 0.905511 1 45 1.000000
  45 -17.871386 36.652885 4.997025 0.482756 0.588707 0.648359 0.735505 0.896786 1 45 1.000000
pyro_hands_red
  45 -17.943483 36.114285 5.160885 -0.020618 -0.105926 0.994160 0.739749 0.910086 1 45 1.000000
  45 -17.492283 36.037483 5.036636 0.777356 -0.059342 0.626256 0.726903 0.910055 1 45 1.000000
  45 -17.596684 36.280685 5.019385 0.633494 0.347104 0.691523 0.730016 0.905511 1 45 1.000000
pyro_hands_red
  45 -17.943483 36.114285 5.160885 -0.020618 -0.105926 0.994160 0.739749 0.910086 1 45 1.000000
  45 -17.725285 35.783985 5.091746 0.280152 -0.537310 0.795495 0.728311 0.918594 1 45 1.000000
  45 -17.492283 36.037483 5.036636 0.777356 -0.059342 0.626256 0.726903 0.910055 1 45 1.000000
pyro_hands_red
  45 -17.585484 35.627388 4.645196 0.564369 -0.799453 0.205819 0.713112 0.916001 1 45 1.000000
  45 -17.492283 36.037483 5.036636 0.777356 -0.059342 0.626256 0.726903 0.910055 1 45 1.000000
  45 -17.725285 35.783985 5.091746 0.280152 -0.537310 0.795495 0.728311 0.918594 1 45 1.000000
pyro_hands_red
  45 -18.313086 36.450283 5.156246 -0.043313 0.022283 0.998813 0.747718 0.897431 1 45 1.000000
  45 -18.893587 37.374485 4.811026 0.388003 0.705677 0.592852 0.748455 0.869728 2 45 0.585300 43 0.414700
  45 -19.301586 37.081779 5.014536 -0.060213 0.130863 0.989570 0.761123 0.871825 2 45 0.507400 43 0.492600
pyro_hands_red
  45 -19.301586 37.081779 5.014536 -0.060213 0.130863 0.989570 0.761123 0.871825 2 45 0.507400 43 0.492600
  45 -18.893587 37.374485 4.811026 0.388003 0.705677 0.592852 0.748455 0.869728 2 45 0.585300 43 0.414700
  43 -19.117786 37.518280 4.763166 0.388003 0.705677 0.592852 0.750677 0.863065 2 43 0.503500 45 0.496500
pyro_hands_red
  45 -19.301586 37.081779 5.014536 -0.060213 0.130863 0.989570 0.761123 0.871825 2 45 0.507400 43 0.492600
  43 -19.117786 37.518280 4.763166 0.388003 0.705677 0.592852 0.750677 0.863065 2 43 0.503500 45 0.496500
  43 -19.512785 37.234280 4.978635 -0.060213 0.130863 0.989570 0.762054 0.865084 2 43 0.513900 45 0.486100
pyro_hands_red
  43 -20.327988 38.417881 4.583145 0.565307 0.476281 0.673487 0.760150 0.846793 2 43 0.800000 41 0.200000
  43 -19.512785 37.234280 4.978635 -0.060213 0.130863 0.989570 0.762054 0.865084 2 43 0.513900 45 0.486100
  43 -19.117786 37.518280 4.763166 0.388003 0.705677 0.592852 0.750677 0.863065 2 43 0.503500 45 0.496500
pyro_hands_red
  43 -20.327988 38.417881 4.583145 0.565307 0.476281 0.673487 0.760150 0.846793 2 43 0.800000 41 0.200000
  43 -20.884388 38.258980 4.788846 -0.060213 0.130863 0.989570 0.768992 0.847322 1 43 1.000000
  43 -19.512785 37.234280 4.978635 -0.060213 0.130863 0.989570 0.762054 0.865084 2 43 0.513900 45 0.486100
pyro_hands_red
  43 -20.327988 38.417881 4.583145 0.565307 0.476281 0.673487 0.760150 0.846793 2 43 0.800000 41 0.200000
  43 -20.984589 38.567680 4.751106 -0.060213 0.130863 0.989570 0.769687 0.845511 1 43 1.000000
  43 -20.884388 38.258980 4.788846 -0.060213 0.130863 0.989570 0.768992 0.847322 1 43 1.000000
pyro_hands_red
  43 -20.327988 38.417881 4.583145 0.565307 0.476281 0.673487 0.760150 0.846793 2 43 0.800000 41 0.200000
  43 -20.388889 38.736179 4.542485 0.676022 0.103426 0.729587 0.761651 0.840851 2 43 0.800000 41 0.200000
  43 -20.984589 38.567680 4.751106 -0.060213 0.130863 0.989570 0.769687 0.845511 1 43 1.000000
pyro_hands_red
  43 -20.109589 38.378487 4.009816 0.848370 0.529327 0.009014 0.746959 0.843315 2 43 0.800000 41 0.200000
  43 -20.388889 38.736179 4.542485 0.676022 0.103426 0.729587 0.761651 0.840851 2 43 0.800000 41 0.200000
  43 -20.327988 38.417881 4.583145 0.565307 0.476281 0.673487 0.760150 0.846793 2 43 0.800000 41 0.200000
pyro_hands_red
  43 -20.109589 38.378487 4.009816 0.848370 0.529327 0.009014 0.746959 0.843315 2 43 0.800000 41 0.200000
  43 -20.161787 38.674282 3.947046 0.993761 0.011938 0.110887 0.749397 0.836362 2 43 0.800000 41 0.200000
  43 -20.388889 38.736179 4.542485 0.676022 0.103426 0.729587 0.761651 0.840851 2 43 0.800000 41 0.200000
pyro_hands_red
  43 -20.250689 38.496284 3.331275 0.800884 -0.135222 -0.583352 0.736893 0.831833 2 43 0.800000 41 0.200000
  43 -20.161787 38.674282 3.947046 0.993761 0.011938 0.110887 0.749397 0.836362 2 43 0.800000 41 0.200000
  43 -20.109589 38.378487 4.009816 0.848370 0.529327 0.009014 0.746959 0.843315 2 43 0.800000 41 0.200000
pyro_hands_red
  43 -20.250689 38.496284 3.331275 0.800884 -0.135222 -0.583352 0.736893 0.831833 2 43 0.800000 41 0.200000
  43 -20.109589 38.378487 4.009816 0.848370 0.529327 0.009014 0.746959 0.843315 2 43 0.800000 41 0.200000
  43 -20.190588 38.215282 3.404985 0.686478 0.248999 -0.683189 0.734282 0.837294 2 43 0.800000 41 0.200000
pyro_hands_red
  43 -20.843988 38.293285 3.098865 0.150482 -0.289740 -0.945202 0.727542 0.829494 1 43 1.000000
  43 -20.250689 38.496284 3.331275 0.800884 -0.135222 -0.583352 0.736893 0.831833 2 43 0.800000 41 0.200000
  43 -20.190588 38.215282 3.404985 0.686478 0.248999 -0.683189 0.734282 0.837294 2 43 0.800000 41 0.200000
pyro_hands_red
  43 -20.843988 38.293285 3.098865 0.150482 -0.289740 -0.945202 0.727542 0.829494 1 43 1.000000
  43 -20.190588 38.215282 3.404985 0.686478 0.248999 -0.683189 0.734282 0.837294 2 43 0.800000 41 0.200000
  43 -20.748989 37.977383 3.187985 0.127040 -0.235399 -0.963560 0.727233 0.830356 1 43 1.000000
pyro_hands_red
  43 -19.411488 37.007584 3.551646 0.153705 -0.205616 -0.966487 0.719035 0.847435 2 43 0.517000 45 0.483000
  43 -20.748989 37.977383 3.187985 0.127040 -0.235399 -0.963560 0.727233 0.830356 1 43 1.000000
  43 -20.190588 38.215282 3.404985 0.686478 0.248999 -0.683189 0.734282 0.837294 2 43 0.800000 41 0.200000
pyro_hands_red
  43 -19.411488 37.007584 3.551646 0.153705 -0.205616 -0.966487 0.719035 0.847435 2 43 0.517000 45 0.483000
  43 -20.190588 38.215282 3.404985 0.686478 0.248999 -0.683189 0.734282 0.837294 2 43 0.800000 41 0.200000
  43 -19.023487 37.364883 3.739986 0.507449 0.469579 -0.722490 0.728845 0.853859 2 43 0.501400 45 0.498600
pyro_hands_red
  43 -19.023487 37.364883 3.739986 0.507449 0.469579 -0.722490 0.728845 0.853859 2 43 0.501400 45 0.498600
  45 -19.202789 36.851383 3.616576 0.153705 -0.205616 -0.966487 0.715630 0.851822 2 45 0.511600 43 0.488400
  43 -19.411488 37.007584 3.551646 0.153705 -0.205616 -0.966487 0.719035 0.847435 2 43 0.517000 45 0.483000
pyro_hands_red
  43 -19.023487 37.364883 3.739986 0.507449 0.469579 -0.722490 0.728845 0.853859 2 43 0.501400 45 0.498600
  45 -18.803587 37.219482 3.820116 0.507449 0.469579 -0.722490 0.726311 0.860031 2 45 0.637900 43 0.362100
  45 -19.202789 36.851383 3.616576 0.153705 -0.205616 -0.966487 0.715630 0.851822 2 45 0.511600 43 0.488400
pyro_hands_red
  45 -18.803587 37.219482 3.820116 0.507449 0.469579 -0.722490 0.726311 0.860031 2 45 0.637900 43 0.362100
  45 -18.269985 36.231384 3.850436 0.127040 -0.235399 -0.963560 0.705821 0.877342 1 45 1.000000
  45 -19.202789 36.851383 3.616576 0.153705 -0.205616 -0.966487 0.715630 0.851822 2 45 0.511600 43 0.488400
pyro_hands_red
  43 -21.587587 38.085381 3.278534 -0.575683 -0.335442 -0.745700 0.341307 0.868362 2 43 0.700000 41 0.300000
  43 -20.843988 38.293285 3.098865 0.150482 -0.289740 -0.945202 0.357240 0.869817 1 43 1.000000
  43 -20.748989 37.977383 3.187985 0.127040 -0.235399 -0.963560 0.353030 0.879630 1 43 1.000000
pyro_hands_red
  45 -18.684685 36.202187 4.959876 -0.375486 -0.636493 0.673712 0.314904 0.924155 1 45 1.000000
  45 -19.301586 37.081779 5.014536 -0.060213 0.130863 0.989570 0.303442 0.902209 2 45 0.507400 43 0.492600
  45 -19.770687 36.696587 4.827546 -0.386832 -0.566282 0.727794 0.316243 0.897214 2 45 0.500100 43 0.499900
pyro_hands_red
  45 -18.684685 36.202187 4.959876 -0.375486 -0.636493 0.673712 0.314904 0.924155 1 45 1.000000
  45 -18.313086 36.450283 5.156246 -0.043313 0.022283 0.998813 0.304806 0.929587 1 45 1.000000
  45 -19.301586 37.081779 5.014536 -0.060213 0.130863 0.989570 0.303442 0.902209 2 45 0.507400 43 0.492600
pyro_hands_red
  45 -18.278782 35.987686 4.981066 -0.458791 -0.652079 0.603576 0.315346 0.935256 1 45 1.000000
  45 -18.313086 36.450283 5.156246 -0.043313 0.022283 0.998813 0.304806 0.929587 1 45 1.000000
  45 -18.684685 36.202187 4.959876 -0.375486 -0.636493 0.673712 0.314904 0.924155 1 45 1.000000
pyro_hands_red
  45 -18.278782 35.987686 4.981066 -0.458791 -0.652079 0.603576 0.315346 0.935256 1 45 1.000000
  45 -17.943483 36.114285 5.160885 -0.020618 -0.105926 0.994160 0.307879 0.941174 1 45 1.000000
  45 -18.313086 36.450283 5.156246 -0.043313 0.022283 0.998813 0.304806 0.929587 1 45 1.000000
pyro_hands_red
  45 -17.943483 36.114285 5.160885 -0.020618 -0.105926 0.994160 0.307879 0.941174 1 45 1.000000
  45 -18.278782 35.987686 4.981066 -0.458791 -0.652079 0.603576 0.315346 0.935256 1 45 1.000000
  45 -17.962082 35.689484 4.983896 -0.299671 -0.791158 0.533167 0.317276 0.944839 1 45 1.000000
pyro_hands_red
  45 -17.943483 36.114285 5.160885 -0.020618 -0.105926 0.994160 0.307879 0.941174 1 45 1.000000
  45 -17.962082 35.689484 4.983896 -0.299671 -0.791158 0.533167 0.317276 0.944839 1 45 1.000000
  45 -17.725285 35.783985 5.091746 0.280152 -0.537310 0.795495 0.313438 0.949580 1 45 1.000000
pyro_hands_red
  45 -17.585484 35.627388 4.645196 0.564369 -0.799453 0.205819 0.324887 0.953460 1 45 1.000000
  45 -17.725285 35.783985 5.091746 0.280152 -0.537310 0.795495 0.313438 0.949580 1 45 1.000000
  45 -17.962082 35.689484 4.983896 -0.299671 -0.791158 0.533167 0.317276 0.944839 1 45 1.000000
pyro_hands_red
  45 -17.585484 35.627388 4.645196 0.564369 -0.799453 0.205819 0.324887 0.953460 1 45 1.000000
  45 -17.962082 35.689484 4.983896 -0.299671 -0.791158 0.533167 0.317276 0.944839 1 45 1.000000
  45 -17.861183 35.577686 4.619756 -0.204365 -0.972244 0.113913 0.325344 0.947066 1 45 1.000000
pyro_hands_red
  45 -17.766783 35.552284 4.225467 -0.146771 -0.921480 -0.359629 0.333824 0.948368 1 45 1.000000
  45 -17.585484 35.627388 4.645196 0.564369 -0.799453 0.205819 0.324887 0.953460 1 45 1.000000
  45 -17.861183 35.577686 4.619756 -0.204365 -0.972244 0.113913 0.325344 0.947066 1 45 1.000000
pyro_hands_red
  45 -17.861183 35.577686 4.619756 -0.204365 -0.972244 0.113913 0.325344 0.947066 1 45 1.000000
  45 -18.156984 35.864483 4.102616 -0.338475 -0.791667 -0.508623 0.336413 0.937301 1 45 1.000000
  45 -17.766783 35.552284 4.225467 -0.146771 -0.921480 -0.359629 0.333824 0.948368 1 45 1.000000
pyro_hands_red
  45 -17.887684 35.958984 3.961996 0.150482 -0.289740 -0.945202 0.342366 0.941893 1 45 1.000000
  45 -17.766783 35.552284 4.225467 -0.146771 -0.921480 -0.359629 0.333824 0.948368 1 45 1.000000
  45 -18.156984 35.864483 4.102616 -0.338475 -0.791667 -0.508623 0.336413 0.937301 1 45 1.000000
pyro_hands_red
  45 -18.269985 36.231384 3.850436 0.127040 -0.235399 -0.963560 0.345212 0.930608 1 45 1.000000
  45 -17.887684 35.958984 3.961996 0.150482 -0.289740 -0.945202 0.342366 0.941893 1 45 1.000000
  45 -18.156984 35.864483 4.102616 -0.338475 -0.791667 -0.508623 0.336413 0.937301 1 45 1.000000
pyro_hands_red
  45 -18.269985 36.231384 3.850436 0.127040 -0.235399 -0.963560 0.345212 0.930608 1 45 1.000000
  45 -18.156984 35.864483 4.102616 -0.338475 -0.791667 -0.508623 0.336413 0.937301 1 45 1.000000
  45 -18.559498 36.059216 4.023270 -0.270886 -0.802986 -0.530881 0.337436 0.926345 1 45 1.000000
pyro_hands_red
  45 -18.559498 36.059216 4.023270 -0.270886 -0.802986 -0.530881 0.337436 0.926345 1 45 1.000000
  45 -19.202789 36.851383 3.616576 0.153705 -0.205616 -0.966487 0.350551 0.904655 2 45 0.511600 43 0.488400
  45 -18.269985 36.231384 3.850436 0.127040 -0.235399 -0.963560 0.345212 0.930608 1 45 1.000000
pyro_hands_red
  45 -18.559498 36.059216 4.023270 -0.270886 -0.802986 -0.530881 0.337436 0.926345 1 45 1.000000
  45 -19.682886 36.548286 3.821056 -0.238616 -0.774907 -0.585305 0.338860 0.898306 2 45 0.500100 43 0.499900
  45 -19.202789 36.851383 3.616576 0.153705 -0.205616 -0.966487 0.350551 0.904655 2 45 0.511600 43 0.488400
pyro_hands_red
  43 -19.411488 37.007584 3.551646 0.153705 -0.205616 -0.966487 0.350675 0.896719 2 43 0.517000 45 0.483000
  45 -19.202789 36.851383 3.616576 0.153705 -0.205616 -0.966487 0.350551 0.904655 2 45 0.511600 43 0.488400
  45 -19.682886 36.548286 3.821056 -0.238616 -0.774907 -0.585305 0.338860 0.898306 2 45 0.500100 43 0.499900
pyro_hands_red
  43 -19.411488 37.007584 3.551646 0.153705 -0.205616 -0.966487 0.350675 0.896719 2 43 0.517000 45 0.483000
  45 -19.682886 36.548286 3.821056 -0.238616 -0.774907 -0.585305 0.338860 0.898306 2 45 0.500100 43 0.499900
  43 -19.919487 36.658478 3.759326 -0.287813 -0.732576 -0.616843 0.338714 0.892938 2 43 0.534500 45 0.465500
pyro_hands_red
  43 -19.919487 36.658478 3.759326 -0.287813 -0.732576 -0.616843 0.338714 0.892938 2 43 0.534500 45 0.465500
  43 -20.748989 37.977383 3.187985 0.127040 -0.235399 -0.963560 0.353030 0.879630 1 43 1.000000
  43 -19.411488 37.007584 3.551646 0.153705 -0.205616 -0.966487 0.350675 0.896719 2 43 0.517000 45 0.483000
pyro_hands_red
  43 -19.919487 36.658478 3.759326 -0.287813 -0.732576 -0.616843 0.338714 0.892938 2 43 0.534500 45 0.465500
  43 -21.459688 37.752079 3.373385 -0.455330 -0.565732 -0.687475 0.340719 0.872302 2 43 0.800000 41 0.200000
  43 -20.748989 37.977383 3.187985 0.127040 -0.235399 -0.963560 0.353030 0.879630 1 43 1.000000
pyro_hands_red
  43 -21.587587 38.085381 3.278534 -0.575683 -0.335442 -0.745700 0.341307 0.868362 2 43 0.700000 41 0.300000
  43 -20.748989 37.977383 3.187985 0.127040 -0.235399 -0.963560 0.353030 0.879630 1 43 1.000000
  43 -21.459688 37.752079 3.373385 -0.455330 -0.565732 -0.687475 0.340719 0.872302 2 43 0.800000 41 0.200000
pyro_hands_red
  43 -21.862389 38.124783 3.898525 -0.971574 -0.233412 -0.039531 0.329237 0.868280 2 43 0.700000 41 0.300000
  43 -21.587587 38.085381 3.278534 -0.575683 -0.335442 -0.745700 0.341307 0.868362 2 43 0.700000 41 0.300000
  43 -21.459688 37.752079 3.373385 -0.455330 -0.565732 -0.687475 0.340719 0.872302 2 43 0.800000 41 0.200000
pyro_hands_red
  45 -17.887684 35.958984 3.961996 0.150482 -0.289740 -0.945202 0.342366 0.941893 1 45 1.000000
  45 -17.582882 35.654984 4.168786 0.494708 -0.691731 -0.526090 0.336481 0.952037 1 45 1.000000
  45 -17.766783 35.552284 4.225467 -0.146771 -0.921480 -0.359629 0.333824 0.948368 1 45 1.000000
pyro_hands_red
  45 -17.766783 35.552284 4.225467 -0.146771 -0.921480 -0.359629 0.333824 0.948368 1 45 1.000000
  45 -17.582882 35.654984 4.168786 0.494708 -0.691731 -0.526090 0.336481 0.952037 1 45 1.000000
  45 -17.585484 35.627388 4.645196 0.564369 -0.799453 0.205819 0.324887 0.953460 1 45 1.000000
pyro_hands_red
  45 -17.861183 35.577686 4.619756 -0.204365 -0.972244 0.113913 0.325344 0.947066 1 45 1.000000
  45 -18.288185 35.877979 4.527287 -0.514928 -0.856336 0.039217 0.326311 0.935147 1 45 1.000000
  45 -18.156984 35.864483 4.102616 -0.338475 -0.791667 -0.508623 0.336413 0.937301 1 45 1.000000
pyro_hands_red
  45 -18.288185 35.877979 4.527287 -0.514928 -0.856336 0.039217 0.326311 0.935147 1 45 1.000000
  45 -18.559498 36.059216 4.023270 -0.270886 -0.802986 -0.530881 0.337436 0.926345 1 45 1.000000
  45 -18.156984 35.864483 4.102616 -0.338475 -0.791667 -0.508623 0.336413 0.937301 1 45 1.000000
pyro_hands_red
  45 -18.288185 35.877979 4.527287 -0.514928 -0.856336 0.039217 0.326311 0.935147 1 45 1.000000
  45 -18.736284 36.059181 4.469237 -0.401167 -0.912593 0.078985 0.326712 0.923581 1 45 1.000000
  45 -18.559498 36.059216 4.023270 -0.270886 -0.802986 -0.530881 0.337436 0.926345 1 45 1.000000
pyro_hands_red
  45 -19.682886 36.548286 3.821056 -0.238616 -0.774907 -0.585305 0.338860 0.898306 2 45 0.500100 43 0.499900
  45 -18.559498 36.059216 4.023270 -0.270886 -0.802986 -0.530881 0.337436 0.926345 1 45 1.000000
  45 -18.736284 36.059181 4.469237 -0.401167 -0.912593 0.078985 0.326712 0.923581 1 45 1.000000
pyro_hands_red
  45 -19.682886 36.548286 3.821056 -0.238616 -0.774907 -0.585305 0.338860 0.898306 2 45 0.500100 43 0.499900
  45 -18.736284 36.059181 4.469237 -0.401167 -0.912593 0.078985 0.326712 0.923581 1 45 1.000000
  43 -19.886189 36.503986 4.323176 -0.401168 -0.912593 0.078985 0.327710 0.895923 2 43 0.500500 45 0.499500
pyro_hands_red
  43 -19.886189 36.503986 4.323176 -0.401168 -0.912593 0.078985 0.327710 0.895923 2 43 0.500500 45 0.499500
  43 -19.919487 36.658478 3.759326 -0.287813 -0.732576 -0.616843 0.338714 0.892938 2 43 0.534500 45 0.465500
  45 -19.682886 36.548286 3.821056 -0.238616 -0.774907 -0.585305 0.338860 0.898306 2 45 0.500100 43 0.499900
pyro_hands_red
  43 -19.886189 36.503986 4.323176 -0.401168 -0.912593 0.078985 0.327710 0.895923 2 43 0.500500 45 0.499500
  43 -20.123787 36.615780 4.294725 -0.516996 -0.850146 0.099831 0.327777 0.891512 2 43 0.540800 45 0.459200
  43 -19.919487 36.658478 3.759326 -0.287813 -0.732576 -0.616843 0.338714 0.892938 2 43 0.534500 45 0.465500
pyro_hands_red
  43 -20.123787 36.615780 4.294725 -0.516996 -0.850146 0.099831 0.327777 0.891512 2 43 0.540800 45 0.459200
  43 -21.459688 37.752079 3.373385 -0.455330 -0.565732 -0.687475 0.340719 0.872302 2 43 0.800000 41 0.200000
  43 -19.919487 36.658478 3.759326 -0.287813 -0.732576 -0.616843 0.338714 0.892938 2 43 0.534500 45 0.465500
pyro_hands_red
  43 -20.123787 36.615780 4.294725 -0.516996 -0.850146 0.099831 0.327777 0.891512 2 43 0.540800 45 0.459200
  43 -21.726089 37.782379 3.975304 -0.790255 -0.610555 0.052149 0.329321 0.870097 2 43 0.800000 41 0.200000
  43 -21.459688 37.752079 3.373385 -0.455330 -0.565732 -0.687475 0.340719 0.872302 2 43 0.800000 41 0.200000
pyro_hands_red
  43 -21.862389 38.124783 3.898525 -0.971574 -0.233412 -0.039531 0.329237 0.868280 2 43 0.700000 41 0.300000
  43 -21.459688 37.752079 3.373385 -0.455330 -0.565732 -0.687475 0.340719 0.872302 2 43 0.800000 41 0.200000
  43 -21.726089 37.782379 3.975304 -0.790255 -0.610555 0.052149 0.329321 0.870097 2 43 0.800000 41 0.200000
pyro_hands_red
  43 -21.559088 37.967281 4.541544 -0.585186 -0.316787 0.746460 0.318601 0.871584 2 43 0.800000 41 0.200000
  43 -21.862389 38.124783 3.898525 -0.971574 -0.233412 -0.039531 0.329237 0.868280 2 43 0.700000 41 0.300000
  43 -21.726089 37.782379 3.975304 -0.790255 -0.610555 0.052149 0.329321 0.870097 2 43 0.800000 41 0.200000
pyro_hands_red
  43 -21.559088 37.967281 4.541544 -0.585186 -0.316787 0.746460 0.318601 0.871584 2 43 0.800000 41 0.200000
  43 -21.688387 38.324684 4.493605 -0.718720 -0.041585 0.694054 0.318070 0.868456 2 43 0.700000 41 0.300000
  43 -21.862389 38.124783 3.898525 -0.971574 -0.233412 -0.039531 0.329237 0.868280 2 43 0.700000 41 0.300000
pyro_hands_red
  43 -20.984589 38.567680 4.751106 -0.060213 0.130863 0.989570 0.303623 0.871160 1 43 1.000000
  43 -21.688387 38.324684 4.493605 -0.718720 -0.041585 0.694054 0.318070 0.868456 2 43 0.700000 41 0.300000
  43 -21.559088 37.967281 4.541544 -0.585186 -0.316787 0.746460 0.318601 0.871584 2 43 0.800000 41 0.200000
pyro_hands_red
  43 -20.984589 38.567680 4.751106 -0.060213 0.130863 0.989570 0.303623 0.871160 1 43 1.000000
  43 -21.559088 37.967281 4.541544 -0.585186 -0.316787 0.746460 0.318601 0.871584 2 43 0.800000 41 0.200000
  43 -20.884388 38.258980 4.788846 -0.060213 0.130863 0.989570 0.306007 0.877771 1 43 1.000000
pyro_hands_red
  43 -20.884388 38.258980 4.788846 -0.060213 0.130863 0.989570 0.306007 0.877771 1 43 1.000000
  43 -21.559088 37.967281 4.541544 -0.585186 -0.316787 0.746460 0.318601 0.871584 2 43 0.800000 41 0.200000
  43 -20.002384 36.817581 4.792605 -0.425534 -0.495992 0.756909 0.317245 0.892152 2 43 0.533000 45 0.467000
pyro_hands_red
  43 -20.884388 38.258980 4.788846 -0.060213 0.130863 0.989570 0.306007 0.877771 1 43 1.000000
  43 -20.002384 36.817581 4.792605 -0.425534 -0.495992 0.756909 0.317245 0.892152 2 43 0.533000 45 0.467000
  43 -19.512785 37.234280 4.978635 -0.060213 0.130863 0.989570 0.304600 0.895012 2 43 0.513900 45 0.486100
pyro_hands_red
  45 -19.770687 36.696587 4.827546 -0.386832 -0.566282 0.727794 0.316243 0.897214 2 45 0.500100 43 0.499900
  43 -19.512785 37.234280 4.978635 -0.060213 0.130863 0.989570 0.304600 0.895012 2 43 0.513900 45 0.486100
  43 -20.002384 36.817581 4.792605 -0.425534 -0.495992 0.756909 0.317245 0.892152 2 43 0.533000 45 0.467000
pyro_hands_red
  45 -19.770687 36.696587 4.827546 -0.386832 -0.566282 0.727794 0.316243 0.897214 2 45 0.500100 43 0.499900
  45 -19.301586 37.081779 5.014536 -0.060213 0.130863 0.989570 0.303442 0.902209 2 45 0.507400 43 0.492600
  43 -19.512785 37.234280 4.978635 -0.060213 0.130863 0.989570 0.304600 0.895012 2 43 0.513900 45 0.486100
pyro_hands_red
  43 -21.559088 37.967281 4.541544 -0.585186 -0.316787 0.746460 0.318601 0.871584 2 43 0.800000 41 0.200000
  43 -21.726089 37.782379 3.975304 -0.790255 -0.610555 0.052149 0.329321 0.870097 2 43 0.800000 41 0.200000
  43 -20.123787 36.615780 4.294725 -0.516996 -0.850146 0.099831 0.327777 0.891512 2 43 0.540800 45 0.459200
pyro_hands_red
  43 -21.559088 37.967281 4.541544 -0.585186 -0.316787 0.746460 0.318601 0.871584 2 43 0.800000 41 0.200000
  43 -20.123787 36.615780 4.294725 -0.516996 -0.850146 0.099831 0.327777 0.891512 2 43 0.540800 45 0.459200
  43 -20.002384 36.817581 4.792605 -0.425534 -0.495992 0.756909 0.317245 0.892152 2 43 0.533000 45 0.467000
pyro_hands_red
  43 -20.002384 36.817581 4.792605 -0.425534 -0.495992 0.756909 0.317245 0.892152 2 43 0.533000 45 0.467000
  43 -20.123787 36.615780 4.294725 -0.516996 -0.850146 0.099831 0.327777 0.891512 2 43 0.540800 45 0.459200
  43 -19.886189 36.503986 4.323176 -0.401168 -0.912593 0.078985 0.327710 0.895923 2 43 0.500500 45 0.499500
pyro_hands_red
  43 -20.002384 36.817581 4.792605 -0.425534 -0.495992 0.756909 0.317245 0.892152 2 43 0.533000 45 0.467000
  43 -19.886189 36.503986 4.323176 -0.401168 -0.912593 0.078985 0.327710 0.895923 2 43 0.500500 45 0.499500
  45 -19.770687 36.696587 4.827546 -0.386832 -0.566282 0.727794 0.316243 0.897214 2 45 0.500100 43 0.499900
pyro_hands_red
  45 -19.770687 36.696587 4.827546 -0.386832 -0.566282 0.727794 0.316243 0.897214 2 45 0.500100 43 0.499900
  43 -19.886189 36.503986 4.323176 -0.401168 -0.912593 0.078985 0.327710 0.895923 2 43 0.500500 45 0.499500
  45 -18.736284 36.059181 4.469237 -0.401167 -0.912593 0.078985 0.326712 0.923581 1 45 1.000000
pyro_hands_red
  45 -19.770687 36.696587 4.827546 -0.386832 -0.566282 0.727794 0.316243 0.897214 2 45 0.500100 43 0.499900
  45 -18.736284 36.059181 4.469237 -0.401167 -0.912593 0.078985 0.326712 0.923581 1 45 1.000000
  45 -18.684685 36.202187 4.959876 -0.375486 -0.636493 0.673712 0.314904 0.924155 1 45 1.000000
pyro_hands_red
  45 -18.288185 35.877979 4.527287 -0.514928 -0.856336 0.039217 0.326311 0.935147 1 45 1.000000
  45 -18.684685 36.202187 4.959876 -0.375486 -0.636493 0.673712 0.314904 0.924155 1 45 1.000000
  45 -18.736284 36.059181 4.469237 -0.401167 -0.912593 0.078985 0.326712 0.923581 1 45 1.000000
pyro_hands_red
  45 -18.288185 35.877979 4.527287 -0.514928 -0.856336 0.039217 0.326311 0.935147 1 45 1.000000
  45 -18.278782 35.987686 4.981066 -0.458791 -0.652079 0.603576 0.315346 0.935256 1 45 1.000000
  45 -18.684685 36.202187 4.959876 -0.375486 -0.636493 0.673712 0.314904 0.924155 1 45 1.000000
pyro_hands_red
  45 -18.288185 35.877979 4.527287 -0.514928 -0.856336 0.039217 0.326311 0.935147 1 45 1.000000
  45 -17.962082 35.689484 4.983896 -0.299671 -0.791158 0.533167 0.317276 0.944839 1 45 1.000000
  45 -18.278782 35.987686 4.981066 -0.458791 -0.652079 0.603576 0.315346 0.935256 1 45 1.000000
pyro_hands_red
  45 -18.288185 35.877979 4.527287 -0.514928 -0.856336 0.039217 0.326311 0.935147 1 45 1.000000
  45 -17.861183 35.577686 4.619756 -0.204365 -0.972244 0.113913 0.325344 0.947066 1 45 1.000000
  45 -17.962082 35.689484 4.983896 -0.299671 -0.791158 0.533167 0.317276 0.944839 1 45 1.000000
pyro_hands_red
  39 -20.119896 37.875286 6.568927 -0.352286 -0.557766 0.751526 0.207633 0.905092 2 39 0.650000 37 0.350000
  39 -20.282997 37.689781 6.031647 -0.523530 -0.837454 0.156803 0.224070 0.905786 2 39 0.650000 37 0.350000
  39 -19.304394 37.098579 6.060899 -0.556206 -0.815985 0.157490 0.220458 0.938110 1 39 1.000000
pyro_hands_red
  37 -20.379196 38.053787 6.586865 -0.386407 -0.472285 0.792235 0.208807 0.896718 2 37 0.650000 39 0.350000
  39 -20.282997 37.689781 6.031647 -0.523530 -0.837454 0.156803 0.224070 0.905786 2 39 0.650000 37 0.350000
  39 -20.119896 37.875286 6.568927 -0.352286 -0.557766 0.751526 0.207633 0.905092 2 39 0.650000 37 0.350000
pyro_hands_red
  39 -19.304394 37.098579 6.060899 -0.556206 -0.815985 0.157490 0.220458 0.938110 1 39 1.000000
  39 -18.866693 36.781380 6.081899 -0.627665 -0.763622 0.151388 0.218796 0.953218 1 39 1.000000
  39 -18.777393 36.940483 6.533619 -0.386833 -0.566282 0.727795 0.205611 0.952264 1 39 1.000000
pyro_hands_red
  39 -19.304394 37.098579 6.060899 -0.556206 -0.815985 0.157490 0.220458 0.938110 1 39 1.000000
  39 -18.777393 36.940483 6.533619 -0.386833 -0.566282 0.727795 0.205611 0.952264 1 39 1.000000
  39 -19.171795 37.249680 6.550138 -0.386833 -0.566282 0.727795 0.205187 0.937762 1 39 1.000000
pyro_hands_red
  39 -20.119896 37.875286 6.568927 -0.352286 -0.557766 0.751526 0.207633 0.905092 2 39 0.650000 37 0.350000
  39 -19.304394 37.098579 6.060899 -0.556206 -0.815985 0.157490 0.220458 0.938110 1 39 1.000000
  39 -19.171795 37.249680 6.550138 -0.386833 -0.566282 0.727795 0.205187 0.937762 1 39 1.000000
pyro_hands_red
  39 -19.736795 38.203686 6.715738 0.086081 0.066779 0.994047 0.192677 0.907159 2 39 0.800000 37 0.200000
  39 -20.119896 37.875286 6.568927 -0.352286 -0.557766 0.751526 0.207633 0.905092 2 39 0.650000 37 0.350000
  39 -19.171795 37.249680 6.550138 -0.386833 -0.566282 0.727795 0.205187 0.937762 1 39 1.000000
pyro_hands_red
  37 -19.914700 38.375694 6.713655 0.102501 0.117477 0.987772 0.193677 0.897944 2 37 0.800000 39 0.200000
  39 -20.119896 37.875286 6.568927 -0.352286 -0.557766 0.751526 0.207633 0.905092 2 39 0.650000 37 0.350000
  39 -19.736795 38.203686 6.715738 0.086081 0.066779 0.994047 0.192677 0.907159 2 39 0.800000 37 0.200000
pyro_hands_red
  37 -19.914700 38.375694 6.713655 0.102501 0.117477 0.987772 0.193677 0.897944 2 37 0.800000 39 0.200000
  37 -20.379196 38.053787 6.586865 -0.386407 -0.472285 0.792235 0.208807 0.896718 2 37 0.650000 39 0.350000
  39 -20.119896 37.875286 6.568927 -0.352286 -0.557766 0.751526 0.207633 0.905092 2 39 0.650000 37 0.350000
pyro_hands_red
  37 -20.797096 39.437294 6.633971 0.113301 0.205601 0.972055 0.192145 0.877289 2 37 0.750000 35 0.250000
  37 -20.379196 38.053787 6.586865 -0.386407 -0.472285 0.792235 0.208807 0.896718 2 37 0.650000 39 0.350000
  37 -19.914700 38.375694 6.713655 0.102501 0.117477 0.987772 0.193677 0.897944 2 37 0.800000 39 0.200000
pyro_hands_red
  37 -20.797096 39.437294 6.633971 0.113301 0.205601 0.972055 0.192145 0.877289 2 37 0.750000 35 0.250000
  37 -21.550097 39.204891 6.531491 -0.504929 -0.221594 0.834232 0.211075 0.871189 2 37 0.600000 35 0.400000
  37 -20.379196 38.053787 6.586865 -0.386407 -0.472285 0.792235 0.208807 0.896718 2 37 0.650000 39 0.350000
pyro_hands_red
  37 -20.558296 37.854984 6.029375 -0.594646 -0.786781 0.165446 0.224867 0.897780 2 37 0.650000 39 0.350000
  37 -20.379196 38.053787 6.586865 -0.386407 -0.472285 0.792235 0.208807 0.896718 2 37 0.650000 39 0.350000
  37 -21.550097 39.204891 6.531491 -0.504929 -0.221594 0.834232 0.211075 0.871189 2 37 0.600000 35 0.400000
pyro_hands_red
  37 -20.379196 38.053787 6.586865 -0.386407 -0.472285 0.792235 0.208807 0.896718 2 37 0.650000 39 0.350000
  37 -20.558296 37.854984 6.029375 -0.594646 -0.786781 0.165446 0.224867 0.897780 2 37 0.650000 39 0.350000
  39 -20.282997 37.689781 6.031647 -0.523530 -0.837454 0.156803 0.224070 0.905786 2 39 0.650000 37 0.350000
pyro_hands_red
  37 -20.412897 37.857483 5.433945 -0.461934 -0.692334 -0.554338 0.240400 0.901228 2 37 0.650000 39 0.350000
  39 -20.282997 37.689781 6.031647 -0.523530 -0.837454 0.156803 0.224070 0.905786 2 39 0.650000 37 0.350000
  37 -20.558296 37.854984 6.029375 -0.594646 -0.786781 0.165446 0.224867 0.897780 2 37 0.650000 39 0.350000
pyro_hands_red
  37 -20.412897 37.857483 5.433945 -0.461934 -0.692334 -0.554338 0.240400 0.901228 2 37 0.650000 39 0.350000
  39 -20.132294 37.672180 5.457216 -0.448335 -0.731726 -0.513393 0.239832 0.910515 2 39 0.650000 37 0.350000
  39 -20.282997 37.689781 6.031647 -0.523530 -0.837454 0.156803 0.224070 0.905786 2 39 0.650000 37 0.350000
pyro_hands_red
  39 -20.132294 37.672180 5.457216 -0.448335 -0.731726 -0.513393 0.239832 0.910515 2 39 0.650000 37 0.350000
  39 -19.304394 37.098579 6.060899 -0.556206 -0.815985 0.157490 0.220458 0.938110 1 39 1.000000
  39 -20.282997 37.689781 6.031647 -0.523530 -0.837454 0.156803 0.224070 0.905786 2 39 0.650000 37 0.350000
pyro_hands_red
  39 -20.132294 37.672180 5.457216 -0.448335 -0.731726 -0.513393 0.239832 0.910515 2 39 0.650000 37 0.350000
  39 -19.220594 37.088779 5.516429 -0.448335 -0.731726 -0.513393 0.235965 0.941575 1 39 1.000000
  39 -19.304394 37.098579 6.060899 -0.556206 -0.815985 0.157490 0.220458 0.938110 1 39 1.000000
pyro_hands_red
  39 -18.866693 36.781380 6.081899 -0.627665 -0.763622 0.151388 0.218796 0.953218 1 39 1.000000
  39 -19.304394 37.098579 6.060899 -0.556206 -0.815985 0.157490 0.220458 0.938110 1 39 1.000000
  39 -19.220594 37.088779 5.516429 -0.448335 -0.731726 -0.513393 0.235965 0.941575 1 39 1.000000
pyro_hands_red
  39 -18.866693 36.781380 6.081899 -0.627665 -0.763622 0.151388 0.218796 0.953218 1 39 1.000000
  39 -19.220594 37.088779 5.516429 -0.448335 -0.731726 -0.513393 0.235965 0.941575 1 39 1.000000
  39 -18.817392 36.788185 5.560299 -0.448335 -0.731726 -0.513393 0.232790 0.955817 1 39 1.000000
pyro_hands_red
  39 -18.866693 36.781380 6.081899 -0.627665 -0.763622 0.151388 0.218796 0.953218 1 39 1.000000
  39 -18.817392 36.788185 5.560299 -0.448335 -0.731726 -0.513393 0.232790 0.955817 1 39 1.000000
  39 -18.578398 36.549683 5.638829 -0.122006 -0.909359 -0.397720 0.228870 0.963587 1 39 1.000000
pyro_hands_red
  39 -18.866693 36.781380 6.081899 -0.627665 -0.763622 0.151388 0.218796 0.953218 1 39 1.000000
  39 -18.578398 36.549683 5.638829 -0.122006 -0.909359 -0.397720 0.228870 0.963587 1 39 1.000000
  39 -18.586195 36.548477 6.082918 -0.132946 -0.973897 0.183985 0.218224 0.962346 1 39 1.000000
pyro_hands_red
  37 -20.558296 37.854984 6.029375 -0.594646 -0.786781 0.165446 0.224867 0.897780 2 37 0.650000 39 0.350000
  37 -21.550097 39.204891 6.531491 -0.504929 -0.221594 0.834232 0.211075 0.871189 2 37 0.600000 35 0.400000
  37 -21.850397 38.985687 5.917312 -0.809574 -0.563142 0.165712 0.227821 0.871002 2 37 0.600000 35 0.400000
pyro_hands_red
  37 -21.615395 38.906593 5.228602 -0.563474 -0.569903 -0.598087 0.244072 0.876428 2 37 0.600000 35 0.400000
  37 -20.558296 37.854984 6.029375 -0.594646 -0.786781 0.165446 0.224867 0.897780 2 37 0.650000 39 0.350000
  37 -21.850397 38.985687 5.917312 -0.809574 -0.563142 0.165712 0.227821 0.871002 2 37 0.600000 35 0.400000
pyro_hands_red
  37 -21.615395 38.906593 5.228602 -0.563474 -0.569903 -0.598087 0.244072 0.876428 2 37 0.600000 35 0.400000
  37 -20.412897 37.857483 5.433945 -0.461934 -0.692334 -0.554338 0.240400 0.901228 2 37 0.650000 39 0.350000
  37 -20.558296 37.854984 6.029375 -0.594646 -0.786781 0.165446 0.224867 0.897780 2 37 0.650000 39 0.350000
pyro_hands_red
  37 -20.762398 39.047691 4.922972 0.073715 -0.233306 -0.969605 0.262320 0.890655 2 37 0.750000 35 0.250000
  37 -20.412897 37.857483 5.433945 -0.461934 -0.692334 -0.554338 0.240400 0.901228 2 37 0.650000 39 0.350000
  37 -21.615395 38.906593 5.228602 -0.563474 -0.569903 -0.598087 0.244072 0.876428 2 37 0.600000 35 0.400000
pyro_hands_red
  37 -20.762398 39.047691 4.922972 0.073715 -0.233306 -0.969605 0.262320 0.890655 2 37 0.750000 35 0.250000
  37 -19.906700 38.095287 5.170193 0.030460 -0.179288 -0.983325 0.255242 0.908113 2 37 0.800000 39 0.200000
  37 -20.412897 37.857483 5.433945 -0.461934 -0.692334 -0.554338 0.240400 0.901228 2 37 0.650000 39 0.350000
pyro_hands_red
  39 -20.132294 37.672180 5.457216 -0.448335 -0.731726 -0.513393 0.239832 0.910515 2 39 0.650000 37 0.350000
  37 -20.412897 37.857483 5.433945 -0.461934 -0.692334 -0.554338 0.240400 0.901228 2 37 0.650000 39 0.350000
  37 -19.906700 38.095287 5.170193 0.030460 -0.179288 -0.983325 0.255242 0.908113 2 37 0.800000 39 0.200000
pyro_hands_red
  39 -20.132294 37.672180 5.457216 -0.448335 -0.731726 -0.513393 0.239832 0.910515 2 39 0.650000 37 0.350000
  37 -19.906700 38.095287 5.170193 0.030460 -0.179288 -0.983325 0.255242 0.908113 2 37 0.800000 39 0.200000
  39 -19.727596 37.905983 5.206676 0.030460 -0.179288 -0.983325 0.253319 0.917503 2 39 0.800000 37 0.200000
pyro_hands_red
  39 -19.727596 37.905983 5.206676 0.030460 -0.179288 -0.983325 0.253319 0.917503 2 39 0.800000 37 0.200000
  39 -19.220594 37.088779 5.516429 -0.448335 -0.731726 -0.513393 0.235965 0.941575 1 39 1.000000
  39 -20.132294 37.672180 5.457216 -0.448335 -0.731726 -0.513393 0.239832 0.910515 2 39 0.650000 37 0.350000
pyro_hands_red
  39 -19.727596 37.905983 5.206676 0.030460 -0.179288 -0.983325 0.253319 0.917503 2 39 0.800000 37 0.200000
  39 -18.899496 37.283180 5.296529 0.030460 -0.179288 -0.983325 0.247305 0.947704 1 39 1.000000
  39 -19.220594 37.088779 5.516429 -0.448335 -0.731726 -0.513393 0.235965 0.941575 1 39 1.000000
pyro_hands_red
  39 -18.899496 37.283180 5.296529 0.030460 -0.179288 -0.983325 0.247305 0.947704 1 39 1.000000
  39 -18.817392 36.788185 5.560299 -0.448335 -0.731726 -0.513393 0.232790 0.955817 1 39 1.000000
  39 -19.220594 37.088779 5.516429 -0.448335 -0.731726 -0.513393 0.235965 0.941575 1 39 1.000000
pyro_hands_red
  39 -18.899496 37.283180 5.296529 0.030460 -0.179288 -0.983325 0.247305 0.947704 1 39 1.000000
  39 -18.547894 36.944382 5.391719 0.150482 -0.289740 -0.945202 0.241303 0.961947 1 39 1.000000
  39 -18.817392 36.788185 5.560299 -0.448335 -0.731726 -0.513393 0.232790 0.955817 1 39 1.000000
pyro_hands_red
  39 -18.547894 36.944382 5.391719 0.150482 -0.289740 -0.945202 0.241303 0.961947 1 39 1.000000
  39 -18.578398 36.549683 5.638829 -0.122006 -0.909359 -0.397720 0.228870 0.963587 1 39 1.000000
  39 -18.817392 36.788185 5.560299 -0.448335 -0.731726 -0.513393 0.232790 0.955817 1 39 1.000000
pyro_hands_red
  39 -18.547894 36.944382 5.391719 0.150482 -0.289740 -0.945202 0.241303 0.961947 1 39 1.000000
  39 -18.324596 36.705379 5.578529 0.514924 -0.641304 -0.568843 0.231548 0.970919 1 39 1.000000
  39 -18.578398 36.549683 5.638829 -0.122006 -0.909359 -0.397720 0.228870 0.963587 1 39 1.000000
pyro_hands_red
  39 -18.241295 36.686977 6.050858 0.665078 -0.734514 0.134757 0.216925 0.972162 1 39 1.000000
  39 -18.578398 36.549683 5.638829 -0.122006 -0.909359 -0.397720 0.228870 0.963587 1 39 1.000000
  39 -18.324596 36.705379 5.578529 0.514924 -0.641304 -0.568843 0.231548 0.970919 1 39 1.000000
pyro_hands_red
  39 -18.241295 36.686977 6.050858 0.665078 -0.734514 0.134757 0.216925 0.972162 1 39 1.000000
  39 -18.586195 36.548477 6.082918 -0.132946 -0.973897 0.183985 0.218224 0.962346 1 39 1.000000
  39 -18.578398 36.549683 5.638829 -0.122006 -0.909359 -0.397720 0.228870 0.963587 1 39 1.000000
pyro_hands_red
  39 -18.570793 36.704983 6.490937 -0.084246 -0.740115 0.667183 0.207905 0.960019 1 39 1.000000
  39 -18.586195 36.548477 6.082918 -0.132946 -0.973897 0.183985 0.218224 0.962346 1 39 1.000000
  39 -18.241295 36.686977 6.050858 0.665078 -0.734514 0.134757 0.216925 0.972162 1 39 1.000000
pyro_hands_red
  39 -18.570793 36.704983 6.490937 -0.084246 -0.740115 0.667183 0.207905 0.960019 1 39 1.000000
  39 -18.866693 36.781380 6.081899 -0.627665 -0.763622 0.151388 0.218796 0.953218 1 39 1.000000
  39 -18.586195 36.548477 6.082918 -0.132946 -0.973897 0.183985 0.218224 0.962346 1 39 1.000000
pyro_hands_red
  39 -18.570793 36.704983 6.490937 -0.084246 -0.740115 0.667183 0.207905 0.960019 1 39 1.000000
  39 -18.777393 36.940483 6.533619 -0.386833 -0.566282 0.727795 0.205611 0.952264 1 39 1.000000
  39 -18.866693 36.781380 6.081899 -0.627665 -0.763622 0.151388 0.218796 0.953218 1 39 1.000000
pyro_hands_red
  39 -19.736795 38.203686 6.715738 0.086081 0.066779 0.994047 0.192677 0.907159 2 39 0.800000 37 0.200000
  39 -19.171795 37.249680 6.550138 -0.386833 -0.566282 0.727795 0.205187 0.937762 1 39 1.000000
  39 -18.852093 37.519882 6.690609 0.097934 0.022013 0.994949 0.192375 0.940388 1 39 1.000000
pyro_hands_red
  39 -18.777393 36.940483 6.533619 -0.386833 -0.566282 0.727795 0.205611 0.952264 1 39 1.000000
  39 -18.852093 37.519882 6.690609 0.097934 0.022013 0.994949 0.192375 0.940388 1 39 1.000000
  39 -19.171795 37.249680 6.550138 -0.386833 -0.566282 0.727795 0.205187 0.937762 1 39 1.000000
pyro_hands_red
  39 -18.777393 36.940483 6.533619 -0.386833 -0.566282 0.727795 0.205611 0.952264 1 39 1.000000
  39 -18.530893 37.184982 6.649580 0.184728 -0.082412 0.979328 0.195138 0.954650 1 39 1.000000
  39 -18.852093 37.519882 6.690609 0.097934 0.022013 0.994949 0.192375 0.940388 1 39 1.000000
pyro_hands_red
  39 -18.319195 36.887276 6.521388 0.497778 -0.466138 0.731391 0.201989 0.965845 1 39 1.000000
  39 -18.530893 37.184982 6.649580 0.184728 -0.082412 0.979328 0.195138 0.954650 1 39 1.000000
  39 -18.777393 36.940483 6.533619 -0.386833 -0.566282 0.727795 0.205611 0.952264 1 39 1.000000
pyro_hands_red
  39 -18.319195 36.887276 6.521388 0.497778 -0.466138 0.731391 0.201989 0.965845 1 39 1.000000
  39 -18.777393 36.940483 6.533619 -0.386833 -0.566282 0.727795 0.205611 0.952264 1 39 1.000000
  39 -18.570793 36.704983 6.490937 -0.084246 -0.740115 0.667183 0.207905 0.960019 1 39 1.000000
pyro_hands_red
  39 -18.570793 36.704983 6.490937 -0.084246 -0.740115 0.667183 0.207905 0.960019 1 39 1.000000
  39 -18.241295 36.686977 6.050858 0.665078 -0.734514 0.134757 0.216925 0.972162 1 39 1.000000
  39 -18.319195 36.887276 6.521388 0.497778 -0.466138 0.731391 0.201989 0.965845 1 39 1.000000
pyro_hands_red
  33 -17.712091 39.655384 7.786533 0.064756 -0.754522 0.653072 0.030245 0.800247 1 33 1.000000
  33 -18.222992 39.895180 7.842234 -0.479231 0.006782 0.877662 0.044475 0.797101 1 33 1.000000
  33 -18.285692 39.693977 7.689864 -0.571085 -0.619807 0.538239 0.046772 0.803229 1 33 1.000000
pyro_hands_red
  33 -17.225691 40.337883 7.591722 0.463831 0.448712 0.763883 0.024132 0.776926 1 33 1.000000
  33 -16.936691 40.142887 7.346713 0.965780 -0.058731 0.252625 0.012510 0.775867 2 33 0.942800 31 0.057200
  33 -16.891590 40.546288 7.054913 0.973835 0.045364 0.222683 0.013464 0.761849 2 33 0.806500 31 0.193500
pyro_hands_red
  33 -17.120790 39.792786 7.678162 0.667256 -0.523722 0.529608 0.016006 0.790382 1 33 1.000000
  33 -16.936691 40.142887 7.346713 0.965780 -0.058731 0.252625 0.012510 0.775867 2 33 0.942800 31 0.057200
  33 -17.225691 40.337883 7.591722 0.463831 0.448712 0.763883 0.024132 0.776926 1 33 1.000000
pyro_hands_red
  33 -17.120790 39.792786 7.678162 0.667256 -0.523722 0.529608 0.016006 0.790382 1 33 1.000000
  33 -17.225691 40.337883 7.591722 0.463831 0.448712 0.763883 0.024132 0.776926 1 33 1.000000
  33 -17.241590 39.963886 7.847872 0.441076 0.105660 0.891228 0.022236 0.788132 1 33 1.000000
pyro_hands_red
  33 -17.712091 39.655384 7.786533 0.064756 -0.754522 0.653072 0.030245 0.800247 1 33 1.000000
  33 -17.120790 39.792786 7.678162 0.667256 -0.523722 0.529608 0.016006 0.790382 1 33 1.000000
  33 -17.241590 39.963886 7.847872 0.441076 0.105660 0.891228 0.022236 0.788132 1 33 1.000000
pyro_hands_red
  33 -17.712091 39.655384 7.786533 0.064756 -0.754522 0.653072 0.030245 0.800247 1 33 1.000000
  33 -17.241590 39.963886 7.847872 0.441076 0.105660 0.891228 0.022236 0.788132 1 33 1.000000
  33 -17.727690 39.915283 7.915843 -0.007811 0.007838 0.999939 0.033041 0.793237 1 33 1.000000
pyro_hands_red
  33 -17.712091 39.655384 7.786533 0.064756 -0.754522 0.653072 0.030245 0.800247 1 33 1.000000
  33 -17.727690 39.915283 7.915843 -0.007811 0.007838 0.999939 0.033041 0.793237 1 33 1.000000
  33 -18.222992 39.895180 7.842234 -0.479231 0.006782 0.877662 0.044475 0.797101 1 33 1.000000
pyro_hands_red
  33 -17.801390 40.348686 7.669441 -0.061745 0.523341 0.849883 0.038796 0.781850 1 33 1.000000
  33 -18.222992 39.895180 7.842234 -0.479231 0.006782 0.877662 0.044475 0.797101 1 33 1.000000
  33 -17.727690 39.915283 7.915843 -0.007811 0.007838 0.999939 0.033041 0.793237 1 33 1.000000
pyro_hands_red
  33 -17.241590 39.963886 7.847872 0.441076 0.105660 0.891228 0.022236 0.788132 1 33 1.000000
  33 -17.801390 40.348686 7.669441 -0.061745 0.523341 0.849883 0.038796 0.781850 1 33 1.000000
  33 -17.727690 39.915283 7.915843 -0.007811 0.007838 0.999939 0.033041 0.793237 1 33 1.000000
pyro_hands_red
  33 -17.241590 39.963886 7.847872 0.441076 0.105660 0.891228 0.022236 0.788132 1 33 1.000000
  33 -17.225691 40.337883 7.591722 0.463831 0.448712 0.763883 0.024132 0.776926 1 33 1.000000
  33 -17.801390 40.348686 7.669441 -0.061745 0.523341 0.849883 0.038796 0.781850 1 33 1.000000
pyro_hands_red
  33 -17.801390 40.348686 7.669441 -0.061745 0.523341 0.849883 0.038796 0.781850 1 33 1.000000
  33 -17.225691 40.337883 7.591722 0.463831 0.448712 0.763883 0.024132 0.776926 1 33 1.000000
  33 -17.238192 40.738689 7.344502 0.463831 0.448712 0.763883 0.027411 0.764289 2 33 0.852200 31 0.147800
pyro_hands_red
  33 -17.801390 40.348686 7.669441 -0.061745 0.523341 0.849883 0.038796 0.781850 1 33 1.000000
  33 -17.238192 40.738689 7.344502 0.463831 0.448712 0.763883 0.027411 0.764289 2 33 0.852200 31 0.147800
  33 -17.845192 40.742592 7.424872 -0.069026 0.477292 0.876029 0.043996 0.770141 2 33 0.889400 31 0.110600
pyro_hands_red
  33 -17.884989 41.172791 7.216244 -0.041734 0.432573 0.900633 0.049406 0.757152 2 33 0.648000 31 0.352000
  33 -17.845192 40.742592 7.424872 -0.069026 0.477292 0.876029 0.043996 0.770141 2 33 0.889400 31 0.110600
  33 -17.238192 40.738689 7.344502 0.463831 0.448712 0.763883 0.027411 0.764289 2 33 0.852200 31 0.147800
pyro_hands_red
  33 -18.416691 40.638592 7.305872 -0.599258 0.330680 0.729068 0.059724 0.776999 2 33 0.816800 31 0.183200
  33 -17.845192 40.742592 7.424872 -0.069026 0.477292 0.876029 0.043996 0.770141 2 33 0.889400 31 0.110600
  33 -17.884989 41.172791 7.216244 -0.041734 0.432573 0.900633 0.049406 0.757152 2 33 0.648000 31 0.352000
pyro_hands_red
  33 -18.416691 40.638592 7.305872 -0.599258 0.330680 0.729068 0.059724 0.776999 2 33 0.816800 31 0.183200
  33 -17.884989 41.172791 7.216244 -0.041734 0.432573 0.900633 0.049406 0.757152 2 33 0.648000 31 0.352000
  33 -18.478987 41.060089 7.094893 -0.617880 0.282507 0.733767 0.066208 0.764461 2 33 0.604200 31 0.395800
pyro_hands_red
  33 -18.356892 40.259785 7.555233 -0.599258 0.330680 0.729068 0.052950 0.788003 2 33 0.940100 31 0.059900
  33 -17.845192 40.742592 7.424872 -0.069026 0.477292 0.876029 0.043996 0.770141 2 33 0.889400 31 0.110600
  33 -18.416691 40.638592 7.305872 -0.599258 0.330680 0.729068 0.059724 0.776999 2 33 0.816800 31 0.183200
pyro_hands_red
  33 -18.356892 40.259785 7.555233 -0.599258 0.330680 0.729068 0.052950 0.788003 2 33 0.940100 31 0.059900
  33 -17.801390 40.348686 7.669441 -0.061745 0.523341 0.849883 0.038796 0.781850 1 33 1.000000
  33 -17.845192 40.742592 7.424872 -0.069026 0.477292 0.876029 0.043996 0.770141 2 33 0.889400 31 0.110600
pyro_hands_red
  33 -17.884989 41.172791 7.216244 -0.041734 0.432573 0.900633 0.049406 0.757152 2 33 0.648000 31 0.352000
  33 -17.238192 40.738689 7.344502 0.463831 0.448712 0.763883 0.027411 0.764289 2 33 0.852200 31 0.147800
  33 -17.241493 41.175587 7.123805 0.463831 0.448712 0.763883 0.031246 0.750528 2 33 0.615100 31 0.384900
pyro_hands_red
  33 -17.801390 40.348686 7.669441 -0.061745 0.523341 0.849883 0.038796 0.781850 1 33 1.000000
  33 -18.356892 40.259785 7.555233 -0.599258 0.330680 0.729068 0.052950 0.788003 2 33 0.940100 31 0.059900
  33 -18.222992 39.895180 7.842234 -0.479231 0.006782 0.877662 0.044475 0.797101 1 33 1.000000
pyro_hands_red
  33 -18.356892 40.259785 7.555233 -0.599258 0.330680 0.729068 0.052950 0.788003 2 33 0.940100 31 0.059900
  33 -18.285692 39.693977 7.689864 -0.571085 -0.619807 0.538239 0.046772 0.803229 1 33 1.000000
  33 -18.222992 39.895180 7.842234 -0.479231 0.006782 0.877662 0.044475 0.797101 1 33 1.000000
pyro_hands_red
  33 -18.356892 40.259785 7.555233 -0.599258 0.330680 0.729068 0.052950 0.788003 2 33 0.940100 31 0.059900
  33 -18.568390 40.035282 7.264003 -0.947772 -0.241237 0.208647 0.062451 0.795009 2 33 0.916600 31 0.083400
  33 -18.285692 39.693977 7.689864 -0.571085 -0.619807 0.538239 0.046772 0.803229 1 33 1.000000
pyro_hands_red
  33 -18.568390 40.035282 7.264003 -0.947772 -0.241237 0.208647 0.062451 0.795009 2 33 0.916600 31 0.083400
  33 -18.356892 40.259785 7.555233 -0.599258 0.330680 0.729068 0.052950 0.788003 2 33 0.940100 31 0.059900
  33 -18.416691 40.638592 7.305872 -0.599258 0.330680 0.729068 0.059724 0.776999 2 33 0.816800 31 0.183200
pyro_hands_red
  33 -18.568390 40.035282 7.264003 -0.947772 -0.241237 0.208647 0.062451 0.795009 2 33 0.916600 31 0.083400
  33 -18.416691 40.638592 7.305872 -0.599258 0.330680 0.729068 0.059724 0.776999 2 33 0.816800 31 0.183200
  33 -18.656023 40.394859 6.950985 -0.981391 -0.141773 0.129507 0.072152 0.784534 2 33 0.767100 31 0.232900
pyro_hands_red
  33 -18.656023 40.394859 6.950985 -0.981391 -0.141773 0.129507 0.072152 0.784534 2 33 0.767100 31 0.232900
  33 -18.416691 40.638592 7.305872 -0.599258 0.330680 0.729068 0.059724 0.776999 2 33 0.816800 31 0.183200
  33 -18.478987 41.060089 7.094893 -0.617880 0.282507 0.733767 0.066208 0.764461 2 33 0.604200 31 0.395800
pyro_hands_red
  33 -18.656023 40.394859 6.950985 -0.981391 -0.141773 0.129507 0.072152 0.784534 2 33 0.767100 31 0.232900
  33 -18.478987 41.060089 7.094893 -0.617880 0.282507 0.733767 0.066208 0.764461 2 33 0.604200 31 0.395800
  33 -18.738638 40.776794 6.669120 -0.988867 -0.106831 0.103585 0.080981 0.773208 2 33 0.567100 31 0.432900
pyro_hands_red
  33 -18.478987 41.060089 7.094893 -0.617880 0.282507 0.733767 0.066208 0.764461 2 33 0.604200 31 0.395800
  31 -18.810089 41.389992 6.334952 -0.988867 -0.106831 0.103585 0.087830 0.763818 2 31 0.559600 33 0.440400
  33 -18.738638 40.776794 6.669120 -0.988867 -0.106831 0.103585 0.080981 0.773208 2 33 0.567100 31 0.432900
pyro_hands_red
  33 -18.478987 41.060089 7.094893 -0.617880 0.282507 0.733767 0.066208 0.764461 2 33 0.604200 31 0.395800
  31 -18.539486 41.696487 6.791402 -0.617880 0.282507 0.733767 0.071989 0.753917 2 31 0.569000 33 0.431000
  31 -18.810089 41.389992 6.334952 -0.988867 -0.106831 0.103585 0.087830 0.763818 2 31 0.559600 33 0.440400
pyro_hands_red
  33 -18.478987 41.060089 7.094893 -0.617880 0.282507 0.733767 0.066208 0.764461 2 33 0.604200 31 0.395800
  31 -17.938889 41.789383 6.919435 -0.041734 0.432573 0.900633 0.053936 0.746789 2 31 0.586900 33 0.413100
  31 -18.539486 41.696487 6.791402 -0.617880 0.282507 0.733767 0.071989 0.753917 2 31 0.569000 33 0.431000
pyro_hands_red
  33 -18.478987 41.060089 7.094893 -0.617880 0.282507 0.733767 0.066208 0.764461 2 33 0.604200 31 0.395800
  33 -17.884989 41.172791 7.216244 -0.041734 0.432573 0.900633 0.049406 0.757152 2 33 0.648000 31 0.352000
  31 -17.938889 41.789383 6.919435 -0.041734 0.432573 0.900633 0.053936 0.746789 2 31 0.586900 33 0.413100
pyro_hands_red
  31 -17.283489 41.763489 6.803424 0.529597 0.444249 0.722613 0.034178 0.740213 2 31 0.591000 33 0.409000
  31 -17.938889 41.789383 6.919435 -0.041734 0.432573 0.900633 0.053936 0.746789 2 31 0.586900 33 0.413100
  33 -17.884989 41.172791 7.216244 -0.041734 0.432573 0.900633 0.049406 0.757152 2 33 0.648000 31 0.352000
pyro_hands_red
  31 -17.283489 41.763489 6.803424 0.529597 0.444249 0.722613 0.034178 0.740213 2 31 0.591000 33 0.409000
  33 -17.884989 41.172791 7.216244 -0.041734 0.432573 0.900633 0.049406 0.757152 2 33 0.648000 31 0.352000
  33 -17.241493 41.175587 7.123805 0.463831 0.448712 0.763883 0.031246 0.750528 2 33 0.615100 31 0.384900
pyro_hands_red
  31 -16.936590 41.500389 6.400354 0.980803 0.174680 0.086673 0.016149 0.736895 2 31 0.582700 33 0.417300
  31 -17.283489 41.763489 6.803424 0.529597 0.444249 0.722613 0.034178 0.740213 2 31 0.591000 33 0.409000
  33 -17.241493 41.175587 7.123805 0.463831 0.448712 0.763883 0.031246 0.750528 2 33 0.615100 31 0.384900
pyro_hands_red
  31 -16.936590 41.500389 6.400354 0.980803 0.174680 0.086673 0.016149 0.736895 2 31 0.582700 33 0.417300
  33 -17.241493 41.175587 7.123805 0.463831 0.448712 0.763883 0.031246 0.750528 2 33 0.615100 31 0.384900
  33 -16.866093 40.962189 6.773514 0.978248 0.113417 0.173690 0.015092 0.747174 2 33 0.579900 31 0.420100
pyro_hands_red
  33 -17.238192 40.738689 7.344502 0.463831 0.448712 0.763883 0.027411 0.764289 2 33 0.852200 31 0.147800
  33 -16.866093 40.962189 6.773514 0.978248 0.113417 0.173690 0.015092 0.747174 2 33 0.579900 31 0.420100
  33 -17.241493 41.175587 7.123805 0.463831 0.448712 0.763883 0.031246 0.750528 2 33 0.615100 31 0.384900
pyro_hands_red
  33 -17.238192 40.738689 7.344502 0.463831 0.448712 0.763883 0.027411 0.764289 2 33 0.852200 31 0.147800
  33 -16.891590 40.546288 7.054913 0.973835 0.045364 0.222683 0.013464 0.761849 2 33 0.806500 31 0.193500
  33 -16.866093 40.962189 6.773514 0.978248 0.113417 0.173690 0.015092 0.747174 2 33 0.579900 31 0.420100
pyro_hands_red
  33 -17.225691 40.337883 7.591722 0.463831 0.448712 0.763883 0.024132 0.776926 1 33 1.000000
  33 -16.891590 40.546288 7.054913 0.973835 0.045364 0.222683 0.013464 0.761849 2 33 0.806500 31 0.193500
  33 -17.238192 40.738689 7.344502 0.463831 0.448712 0.763883 0.027411 0.764289 2 33 0.852200 31 0.147800
pyro_hands_red
  33 -16.891590 40.546288 7.054913 0.973835 0.045364 0.222683 0.971424 0.688380 2 33 0.806500 31 0.193500
  33 -16.936691 40.142887 7.346713 0.965780 -0.058731 0.252625 0.977303 0.696676 2 33 0.942800 31 0.057200
  33 -17.124893 39.880489 7.012170 0.651066 -0.686271 -0.324260 0.970019 0.701772 1 33 1.000000
pyro_hands_red
  33 -16.891590 40.546288 7.054913 0.973835 0.045364 0.222683 0.971424 0.688380 2 33 0.806500 31 0.193500
  33 -17.124893 39.880489 7.012170 0.651066 -0.686271 -0.324260 0.970019 0.701772 1 33 1.000000
  33 -17.087687 40.200081 6.640399 0.710697 -0.540366 -0.450460 0.963322 0.695949 2 33 0.870900 31 0.129100
pyro_hands_red
  33 -16.891590 40.546288 7.054913 0.973835 0.045364 0.222683 0.971424 0.688380 2 33 0.806500 31 0.193500
  33 -17.087687 40.200081 6.640399 0.710697 -0.540366 -0.450460 0.963322 0.695949 2 33 0.870900 31 0.129100
  33 -17.057289 40.571880 6.286644 0.738652 -0.420167 -0.527117 0.956102 0.689664 2 33 0.595000 31 0.405000
pyro_hands_red
  33 -16.891590 40.546288 7.054913 0.973835 0.045364 0.222683 0.971424 0.688380 2 33 0.806500 31 0.193500
  33 -17.057289 40.571880 6.286644 0.738652 -0.420167 -0.527117 0.956102 0.689664 2 33 0.595000 31 0.405000
  33 -16.866093 40.962189 6.773514 0.978248 0.113417 0.173690 0.965020 0.680410 2 33 0.579900 31 0.420100
pyro_hands_red
  33 -17.057289 40.571880 6.286644 0.738652 -0.420167 -0.527117 0.956102 0.689664 2 33 0.595000 31 0.405000
  31 -16.936590 41.500389 6.400354 0.980803 0.174680 0.086673 0.959377 0.673721 2 31 0.582700 33 0.417300
  33 -16.866093 40.962189 6.773514 0.978248 0.113417 0.173690 0.965020 0.680410 2 33 0.579900 31 0.420100
pyro_hands_red
  33 -17.057289 40.571880 6.286644 0.738652 -0.420167 -0.527117 0.956102 0.689664 2 33 0.595000 31 0.405000
  31 -17.121891 41.124886 5.872416 0.740714 -0.303165 -0.599528 0.949054 0.683083 2 31 0.593000 33 0.407000
  31 -16.936590 41.500389 6.400354 0.980803 0.174680 0.086673 0.959377 0.673721 2 31 0.582700 33 0.417300
pyro_hands_red
  31 -17.121891 41.124886 5.872416 0.740714 -0.303165 -0.599528 0.949054 0.683083 2 31 0.593000 33 0.407000
  33 -17.779991 40.369682 6.060685 0.083478 -0.640612 -0.763314 0.946899 0.701642 2 33 0.625400 31 0.374600
  31 -17.819889 40.940983 5.641645 0.042993 -0.536226 -0.842979 0.938570 0.696089 2 31 0.615600 33 0.384400
pyro_hands_red
  31 -17.121891 41.124886 5.872416 0.740714 -0.303165 -0.599528 0.949054 0.683083 2 31 0.593000 33 0.407000
  33 -17.057289 40.571880 6.286644 0.738652 -0.420167 -0.527117 0.956102 0.689664 2 33 0.595000 31 0.405000
  33 -17.779991 40.369682 6.060685 0.083478 -0.640612 -0.763314 0.946899 0.701642 2 33 0.625400 31 0.374600
pyro_hands_red
  33 -17.057289 40.571880 6.286644 0.738652 -0.420167 -0.527117 0.956102 0.689664 2 33 0.595000 31 0.405000
  33 -17.762190 40.013084 6.448132 0.109308 -0.761308 -0.639111 0.955306 0.706437 2 33 0.928400 31 0.071600
  33 -17.779991 40.369682 6.060685 0.083478 -0.640612 -0.763314 0.946899 0.701642 2 33 0.625400 31 0.374600
pyro_hands_red
  33 -17.057289 40.571880 6.286644 0.738652 -0.420167 -0.527117 0.956102 0.689664 2 33 0.595000 31 0.405000
  33 -17.087687 40.200081 6.640399 0.710697 -0.540366 -0.450460 0.963322 0.695949 2 33 0.870900 31 0.129100
  33 -17.762190 40.013084 6.448132 0.109308 -0.761308 -0.639111 0.955306 0.706437 2 33 0.928400 31 0.071600
pyro_hands_red
  33 -17.087687 40.200081 6.640399 0.710697 -0.540366 -0.450460 0.963322 0.695949 2 33 0.870900 31 0.129100
  33 -17.742992 39.731190 6.878041 0.104746 -0.887683 -0.448382 0.963121 0.710892 1 33 1.000000
  33 -17.762190 40.013084 6.448132 0.109308 -0.761308 -0.639111 0.955306 0.706437 2 33 0.928400 31 0.071600
pyro_hands_red
  33 -17.087687 40.200081 6.640399 0.710697 -0.540366 -0.450460 0.963322 0.695949 2 33 0.870900 31 0.129100
  33 -17.124893 39.880489 7.012170 0.651066 -0.686271 -0.324260 0.970019 0.701772 1 33 1.000000
  33 -17.742992 39.731190 6.878041 0.104746 -0.887683 -0.448382 0.963121 0.710892 1 33 1.000000
pyro_hands_red
  33 -17.742992 39.731190 6.878041 0.104746 -0.887683 -0.448382 0.963121 0.710892 1 33 1.000000
  33 -17.124893 39.880489 7.012170 0.651066 -0.686271 -0.324260 0.970019 0.701772 1 33 1.000000
  33 -17.203892 39.663990 7.458223 0.500077 -0.865886 -0.012825 0.976780 0.707778 1 33 1.000000
pyro_hands_red
  33 -16.936691 40.142887 7.346713 0.965780 -0.058731 0.252625 0.977303 0.696676 2 33 0.942800 31 0.057200
  33 -17.203892 39.663990 7.458223 0.500077 -0.865886 -0.012825 0.976780 0.707778 1 33 1.000000
  33 -17.124893 39.880489 7.012170 0.651066 -0.686271 -0.324260 0.970019 0.701772 1 33 1.000000
pyro_hands_red
  33 -16.936691 40.142887 7.346713 0.965780 -0.058731 0.252625 0.977303 0.696676 2 33 0.942800 31 0.057200
  33 -17.120790 39.792786 7.678162 0.667256 -0.523722 0.529608 0.981966 0.707302 1 33 1.000000
  33 -17.203892 39.663990 7.458223 0.500077 -0.865886 -0.012825 0.976780 0.707778 1 33 1.000000
pyro_hands_red
  33 -17.712091 39.655384 7.786533 0.064756 -0.754522 0.653072 0.978005 0.719262 1 33 1.000000
  33 -17.203892 39.663990 7.458223 0.500077 -0.865886 -0.012825 0.976780 0.707778 1 33 1.000000
  33 -17.120790 39.792786 7.678162 0.667256 -0.523722 0.529608 0.981966 0.707302 1 33 1.000000
pyro_hands_red
  33 -17.712091 39.655384 7.786533 0.064756 -0.754522 0.653072 0.978005 0.719262 1 33 1.000000
  33 -17.721392 39.560188 7.503904 0.093630 -0.994801 0.040050 0.972948 0.716556 1 33 1.000000
  33 -17.203892 39.663990 7.458223 0.500077 -0.865886 -0.012825 0.976780 0.707778 1 33 1.000000
pyro_hands_red
  33 -17.712091 39.655384 7.786533 0.064756 -0.754522 0.653072 0.978005 0.719262 1 33 1.000000
  33 -18.197990 39.566490 7.486883 -0.343106 -0.938550 0.037447 0.968001 0.723439 1 33 1.000000
  33 -17.721392 39.560188 7.503904 0.093630 -0.994801 0.040050 0.972948 0.716556 1 33 1.000000
pyro_hands_red
  33 -17.742992 39.731190 6.878041 0.104746 -0.887683 -0.448382 0.963121 0.710892 1 33 1.000000
  33 -17.721392 39.560188 7.503904 0.093630 -0.994801 0.040050 0.972948 0.716556 1 33 1.000000
  33 -18.197990 39.566490 7.486883 -0.343106 -0.938550 0.037447 0.968001 0.723439 1 33 1.000000
pyro_hands_red
  33 -17.742992 39.731190 6.878041 0.104746 -0.887683 -0.448382 0.963121 0.710892 1 33 1.000000
  33 -18.197990 39.566490 7.486883 -0.343106 -0.938550 0.037447 0.968001 0.723439 1 33 1.000000
  33 -18.334492 39.770687 6.912433 -0.513016 -0.799786 -0.311700 0.957889 0.719586 2 33 0.945200 31 0.054800
pyro_hands_red
  33 -17.762190 40.013084 6.448132 0.109308 -0.761308 -0.639111 0.955306 0.706437 2 33 0.928400 31 0.071600
  33 -17.742992 39.731190 6.878041 0.104746 -0.887683 -0.448382 0.963121 0.710892 1 33 1.000000
  33 -18.334492 39.770687 6.912433 -0.513016 -0.799786 -0.311700 0.957889 0.719586 2 33 0.945200 31 0.054800
pyro_hands_red
  33 -17.762190 40.013084 6.448132 0.109308 -0.761308 -0.639111 0.955306 0.706437 2 33 0.928400 31 0.071600
  33 -18.334492 39.770687 6.912433 -0.513016 -0.799786 -0.311700 0.957889 0.719586 2 33 0.945200 31 0.054800
  33 -18.391190 40.071888 6.521253 -0.576681 -0.655723 -0.487306 0.949991 0.716317 2 33 0.802000 31 0.198000
pyro_hands_red
  33 -17.779991 40.369682 6.060685 0.083478 -0.640612 -0.763314 0.946899 0.701642 2 33 0.625400 31 0.374600
  33 -17.762190 40.013084 6.448132 0.109308 -0.761308 -0.639111 0.955306 0.706437 2 33 0.928400 31 0.071600
  33 -18.391190 40.071888 6.521253 -0.576681 -0.655723 -0.487306 0.949991 0.716317 2 33 0.802000 31 0.198000
pyro_hands_red
  33 -17.779991 40.369682 6.060685 0.083478 -0.640612 -0.763314 0.946899 0.701642 2 33 0.625400 31 0.374600
  33 -18.391190 40.071888 6.521253 -0.576681 -0.655723 -0.487306 0.949991 0.716317 2 33 0.802000 31 0.198000
  33 -18.465691 40.442688 6.194824 -0.625847 -0.532309 -0.570055 0.941425 0.713675 2 33 0.562900 31 0.437100
pyro_hands_red
  33 -18.465691 40.442688 6.194824 -0.625847 -0.532309 -0.570055 0.941425 0.713675 2 33 0.562900 31 0.437100
  31 -17.819889 40.940983 5.641645 0.042993 -0.536226 -0.842979 0.938570 0.696089 2 31 0.615600 33 0.384400
  33 -17.779991 40.369682 6.060685 0.083478 -0.640612 -0.763314 0.946899 0.701642 2 33 0.625400 31 0.374600
pyro_hands_red
  33 -18.465691 40.442688 6.194824 -0.625847 -0.532309 -0.570055 0.941425 0.713675 2 33 0.562900 31 0.437100
  31 -18.553190 41.068489 5.850394 -0.666777 -0.456097 -0.589393 0.932123 0.712037 2 31 0.565000 33 0.435000
  31 -17.819889 40.940983 5.641645 0.042993 -0.536226 -0.842979 0.938570 0.696089 2 31 0.615600 33 0.384400
pyro_hands_red
  31 -18.553190 41.068489 5.850394 -0.666777 -0.456097 -0.589393 0.932123 0.712037 2 31 0.565000 33 0.435000
  33 -18.465691 40.442688 6.194824 -0.625847 -0.532309 -0.570055 0.941425 0.713675 2 33 0.562900 31 0.437100
  33 -18.738638 40.776794 6.669120 -0.988867 -0.106831 0.103585 0.938316 0.725124 2 33 0.567100 31 0.432900
pyro_hands_red
  31 -18.553190 41.068489 5.850394 -0.666777 -0.456097 -0.589393 0.932123 0.712037 2 31 0.565000 33 0.435000
  33 -18.738638 40.776794 6.669120 -0.988867 -0.106831 0.103585 0.938316 0.725124 2 33 0.567100 31 0.432900
  31 -18.810089 41.389992 6.334952 -0.988867 -0.106831 0.103585 0.930149 0.723757 2 31 0.559600 33 0.440400
pyro_hands_red
  33 -17.742992 39.731190 6.878041 0.104746 -0.887683 -0.448382 0.963121 0.710892 1 33 1.000000
  33 -17.203892 39.663990 7.458223 0.500077 -0.865886 -0.012825 0.976780 0.707778 1 33 1.000000
  33 -17.721392 39.560188 7.503904 0.093630 -0.994801 0.040050 0.972948 0.716556 1 33 1.000000
pyro_hands_red
  33 -17.712091 39.655384 7.786533 0.064756 -0.754522 0.653072 0.978005 0.719262 1 33 1.000000
  33 -18.285692 39.693977 7.689864 -0.571085 -0.619807 0.538239 0.969611 0.727802 1 33 1.000000
  33 -18.197990 39.566490 7.486883 -0.343106 -0.938550 0.037447 0.968001 0.723439 1 33 1.000000
pyro_hands_red
  33 -18.568390 40.035282 7.264003 -0.947772 -0.241237 0.208647 0.957123 0.728527 2 33 0.916600 31 0.083400
  33 -18.197990 39.566490 7.486883 -0.343106 -0.938550 0.037447 0.968001 0.723439 1 33 1.000000
  33 -18.285692 39.693977 7.689864 -0.571085 -0.619807 0.538239 0.969611 0.727802 1 33 1.000000
pyro_hands_red
  33 -18.568390 40.035282 7.264003 -0.947772 -0.241237 0.208647 0.957123 0.728527 2 33 0.916600 31 0.083400
  33 -18.334492 39.770687 6.912433 -0.513016 -0.799786 -0.311700 0.957889 0.719586 2 33 0.945200 31 0.054800
  33 -18.197990 39.566490 7.486883 -0.343106 -0.938550 0.037447 0.968001 0.723439 1 33 1.000000
pyro_hands_red
  33 -18.334492 39.770687 6.912433 -0.513016 -0.799786 -0.311700 0.957889 0.719586 2 33 0.945200 31 0.054800
  33 -18.568390 40.035282 7.264003 -0.947772 -0.241237 0.208647 0.957123 0.728527 2 33 0.916600 31 0.083400
  33 -18.656023 40.394859 6.950985 -0.981391 -0.141773 0.129507 0.947488 0.727013 2 33 0.767100 31 0.232900
pyro_hands_red
  33 -18.334492 39.770687 6.912433 -0.513016 -0.799786 -0.311700 0.957889 0.719586 2 33 0.945200 31 0.054800
  33 -18.656023 40.394859 6.950985 -0.981391 -0.141773 0.129507 0.947488 0.727013 2 33 0.767100 31 0.232900
  33 -18.391190 40.071888 6.521253 -0.576681 -0.655723 -0.487306 0.949991 0.716317 2 33 0.802000 31 0.198000
pyro_hands_red
  33 -18.465691 40.442688 6.194824 -0.625847 -0.532309 -0.570055 0.941425 0.713675 2 33 0.562900 31 0.437100
  33 -18.391190 40.071888 6.521253 -0.576681 -0.655723 -0.487306 0.949991 0.716317 2 33 0.802000 31 0.198000
  33 -18.656023 40.394859 6.950985 -0.981391 -0.141773 0.129507 0.947488 0.727013 2 33 0.767100 31 0.232900
pyro_hands_red
  33 -18.465691 40.442688 6.194824 -0.625847 -0.532309 -0.570055 0.941425 0.713675 2 33 0.562900 31 0.437100
  33 -18.656023 40.394859 6.950985 -0.981391 -0.141773 0.129507 0.947488 0.727013 2 33 0.767100 31 0.232900
  33 -18.738638 40.776794 6.669120 -0.988867 -0.106831 0.103585 0.938316 0.725124 2 33 0.567100 31 0.432900
pyro_hands_red
  8 -18.324493 42.854496 0.731316 0.848918 -0.512580 -0.128839 0.723979 0.585407 1 8 1.000000
  8 -18.842995 41.729397 0.207738 0.940567 -0.331654 -0.073070 0.685274 0.626635 1 8 1.000000
  8 -18.477095 42.844292 0.018790 0.870935 -0.432738 -0.232831 0.694109 0.578931 1 8 1.000000
pyro_hands_red
  8 -18.221992 42.363495 2.968893 0.593664 -0.757022 -0.272911 0.812010 0.633666 2 8 0.655800 29 0.344200
  8 -18.906090 41.885288 1.795023 0.853049 -0.521108 0.027456 0.749202 0.647337 1 8 1.000000
  8 -18.008492 42.994793 1.807973 0.785344 -0.593388 -0.176424 0.773161 0.589406 2 8 0.919000 29 0.081000
pyro_hands_red
  8 -18.324493 42.854496 0.731316 0.848918 -0.512580 -0.128839 0.723979 0.585407 1 8 1.000000
  8 -18.008492 42.994793 1.807973 0.785344 -0.593388 -0.176424 0.773161 0.589406 2 8 0.919000 29 0.081000
  8 -18.906090 41.885288 1.795023 0.853049 -0.521108 0.027456 0.749202 0.647337 1 8 1.000000
pyro_hands_red
  8 -17.625198 43.950600 0.460373 0.807939 -0.552552 -0.204748 0.726872 0.533507 1 8 1.000000
  8 -18.008492 42.994793 1.807973 0.785344 -0.593388 -0.176424 0.773161 0.589406 2 8 0.919000 29 0.081000
  8 -18.324493 42.854496 0.731316 0.848918 -0.512580 -0.128839 0.723979 0.585407 1 8 1.000000
pyro_hands_red
  8 -18.324493 42.854496 0.731316 0.848918 -0.512580 -0.128839 0.723979 0.585407 1 8 1.000000
  8 -17.876297 43.915699 -0.163249 0.765369 -0.536213 -0.355930 0.698396 0.531710 1 8 1.000000
  8 -17.625198 43.950600 0.460373 0.807939 -0.552552 -0.204748 0.726872 0.533507 1 8 1.000000
pyro_hands_red
  8 -18.324493 42.854496 0.731316 0.848918 -0.512580 -0.128839 0.723979 0.585407 1 8 1.000000
  8 -18.477095 42.844292 0.018790 0.870935 -0.432738 -0.232831 0.694109 0.578931 1 8 1.000000
  8 -17.876297 43.915699 -0.163249 0.765369 -0.536213 -0.355930 0.698396 0.531710 1 8 1.000000
pyro_hands_red
  8 -18.152897 43.949493 -0.580960 0.595318 -0.472393 -0.649955 0.677827 0.529802 1 8 1.000000
  8 -17.876297 43.915699 -0.163249 0.765369 -0.536213 -0.355930 0.698396 0.531710 1 8 1.000000
  8 -18.477095 42.844292 0.018790 0.870935 -0.432738 -0.232831 0.694109 0.578931 1 8 1.000000
pyro_hands_red
  8 -18.152897 43.949493 -0.580960 0.595318 -0.472393 -0.649955 0.677827 0.529802 1 8 1.000000
  8 -18.477095 42.844292 0.018790 0.870935 -0.432738 -0.232831 0.694109 0.578931 1 8 1.000000
  8 -18.647793 42.853996 -0.437774 0.741311 -0.339205 -0.579136 0.674902 0.575020 1 8 1.000000
pyro_hands_red
  8 -18.477095 42.844292 0.018790 0.870935 -0.432738 -0.232831 0.694109 0.578931 1 8 1.000000
  8 -18.919094 41.660496 -0.225652 0.842386 -0.301954 -0.446328 0.667782 0.623445 1 8 1.000000
  8 -18.647793 42.853996 -0.437774 0.741311 -0.339205 -0.579136 0.674902 0.575020 1 8 1.000000
pyro_hands_red
  8 -18.477095 42.844292 0.018790 0.870935 -0.432738 -0.232831 0.694109 0.578931 1 8 1.000000
  8 -18.842995 41.729397 0.207738 0.940567 -0.331654 -0.073070 0.685274 0.626635 1 8 1.000000
  8 -18.919094 41.660496 -0.225652 0.842386 -0.301954 -0.446328 0.667782 0.623445 1 8 1.000000
pyro_hands_red
  8 -18.842995 41.729397 0.207738 0.940567 -0.331654 -0.073070 0.685274 0.626635 1 8 1.000000
  53 -19.201487 40.681885 -0.052834 0.898148 -0.266262 -0.349906 0.657640 0.663081 1 53 1.000000
  8 -18.919094 41.660496 -0.225652 0.842386 -0.301954 -0.446328 0.667782 0.623445 1 8 1.000000
pyro_hands_red
  8 -18.842995 41.729397 0.207738 0.940567 -0.331654 -0.073070 0.685274 0.626635 1 8 1.000000
  53 -19.179489 40.712784 0.385442 0.954414 -0.291503 0.064188 0.674247 0.669365 1 53 1.000000
  53 -19.201487 40.681885 -0.052834 0.898148 -0.266262 -0.349906 0.657640 0.663081 1 53 1.000000
pyro_hands_red
  53 -19.179489 40.712784 0.385442 0.954414 -0.291503 0.064188 0.674247 0.669365 1 53 1.000000
  53 -19.314383 40.059082 0.014149 0.942039 -0.147963 -0.301113 0.648813 0.686492 1 53 1.000000
  53 -19.201487 40.681885 -0.052834 0.898148 -0.266262 -0.349906 0.657640 0.663081 1 53 1.000000
pyro_hands_red
  53 -19.179489 40.712784 0.385442 0.954414 -0.291503 0.064188 0.674247 0.669365 1 53 1.000000
  53 -19.340586 40.112183 0.447558 0.948515 -0.240960 0.205565 0.665132 0.693434 1 53 1.000000
  53 -19.314383 40.059082 0.014149 0.942039 -0.147963 -0.301113 0.648813 0.686492 1 53 1.000000
pyro_hands_red
  53 -19.314383 40.059082 0.014149 0.942039 -0.147963 -0.301113 0.648813 0.686492 1 53 1.000000
  53 -19.340586 40.112183 0.447558 0.948515 -0.240960 0.205565 0.665132 0.693434 1 53 1.000000
  53 -19.400089 39.666080 0.436330 0.936908 -0.127943 0.325320 0.655401 0.708708 1 53 1.000000
pyro_hands_red
  53 -19.725889 39.781082 0.914315 0.569182 -0.484749 0.664117 0.676132 0.720482 1 53 1.000000
  53 -19.400089 39.666080 0.436330 0.936908 -0.127943 0.325320 0.655401 0.708708 1 53 1.000000
  53 -19.340586 40.112183 0.447558 0.948515 -0.240960 0.205565 0.665132 0.693434 1 53 1.000000
pyro_hands_red
  53 -19.723888 39.274284 0.863518 0.441076 0.105660 0.891228 0.662935 0.731315 2 53 0.700000 55 0.300000
  53 -19.400089 39.666080 0.436330 0.936908 -0.127943 0.325320 0.655401 0.708708 1 53 1.000000
  53 -19.725889 39.781082 0.914315 0.569182 -0.484749 0.664117 0.676132 0.720482 1 53 1.000000
pyro_hands_red
  53 -19.723888 39.274284 0.863518 0.441076 0.105660 0.891228 0.662935 0.731315 2 53 0.700000 55 0.300000
  53 -19.406088 39.242989 0.418925 0.934486 0.130256 0.331314 0.645372 0.721174 2 53 0.700000 55 0.300000
  53 -19.400089 39.666080 0.436330 0.936908 -0.127943 0.325320 0.655401 0.708708 1 53 1.000000
pyro_hands_red
  53 -19.406088 39.242989 0.418925 0.934486 0.130256 0.331314 0.645372 0.721174 2 53 0.700000 55 0.300000
  53 -19.723888 39.274284 0.863518 0.441076 0.105660 0.891228 0.662935 0.731315 2 53 0.700000 55 0.300000
  55 -19.637888 39.058189 0.905580 0.439668 0.301459 0.846058 0.657063 0.737812 2 55 0.750000 53 0.250000
pyro_hands_red
  53 -19.406088 39.242989 0.418925 0.934486 0.130256 0.331314 0.645372 0.721174 2 53 0.700000 55 0.300000
  55 -19.637888 39.058189 0.905580 0.439668 0.301459 0.846058 0.657063 0.737812 2 55 0.750000 53 0.250000
  55 -19.348188 39.027393 0.417149 0.862988 0.441511 0.245601 0.639079 0.728481 2 55 0.750000 53 0.250000
pyro_hands_red
  55 -19.348188 39.027393 0.417149 0.862988 0.441511 0.245601 0.639079 0.728481 2 55 0.750000 53 0.250000
  53 -19.361689 39.200584 -0.027959 0.943538 0.130681 -0.304398 0.630815 0.712636 2 53 0.700000 55 0.300000
  53 -19.406088 39.242989 0.418925 0.934486 0.130256 0.331314 0.645372 0.721174 2 53 0.700000 55 0.300000
pyro_hands_red
  55 -19.348188 39.027393 0.417149 0.862988 0.441511 0.245601 0.639079 0.728481 2 55 0.750000 53 0.250000
  55 -19.300287 38.978992 -0.028229 0.865644 0.394002 -0.308905 0.625374 0.719431 2 55 0.750000 53 0.250000
  53 -19.361689 39.200584 -0.027959 0.943538 0.130681 -0.304398 0.630815 0.712636 2 53 0.700000 55 0.300000
pyro_hands_red
  53 -19.314383 40.059082 0.014149 0.942039 -0.147963 -0.301113 0.648813 0.686492 1 53 1.000000
  53 -19.400089 39.666080 0.436330 0.936908 -0.127943 0.325320 0.655401 0.708708 1 53 1.000000
  53 -19.345488 39.598980 0.000210 0.956799 -0.046143 -0.287066 0.639816 0.701358 1 53 1.000000
pyro_hands_red
  53 -19.345488 39.598980 0.000210 0.956799 -0.046143 -0.287066 0.639816 0.701358 1 53 1.000000
  53 -19.400089 39.666080 0.436330 0.936908 -0.127943 0.325320 0.655401 0.708708 1 53 1.000000
  53 -19.406088 39.242989 0.418925 0.934486 0.130256 0.331314 0.645372 0.721174 2 53 0.700000 55 0.300000
pyro_hands_red
  53 -19.345488 39.598980 0.000210 0.956799 -0.046143 -0.287066 0.639816 0.701358 1 53 1.000000
  53 -19.406088 39.242989 0.418925 0.934486 0.130256 0.331314 0.645372 0.721174 2 53 0.700000 55 0.300000
  53 -19.361689 39.200584 -0.027959 0.943538 0.130681 -0.304398 0.630815 0.712636 2 53 0.700000 55 0.300000
pyro_hands_red
  55 -19.506388 38.924393 -0.288831 0.459192 0.166254 -0.872641 0.618131 0.711032 2 55 0.750000 53 0.250000
  53 -19.596588 39.129578 -0.303884 0.472945 0.054244 -0.879421 0.620105 0.707152 2 53 0.700000 55 0.300000
  53 -19.361689 39.200584 -0.027959 0.943538 0.130681 -0.304398 0.630815 0.712636 2 53 0.700000 55 0.300000
pyro_hands_red
  53 -19.621389 39.545479 -0.325918 0.490903 -0.033390 -0.870574 0.625990 0.695959 1 53 1.000000
  53 -19.361689 39.200584 -0.027959 0.943538 0.130681 -0.304398 0.630815 0.712636 2 53 0.700000 55 0.300000
  53 -19.596588 39.129578 -0.303884 0.472945 0.054244 -0.879421 0.620105 0.707152 2 53 0.700000 55 0.300000
pyro_hands_red
  53 -19.621389 39.545479 -0.325918 0.490903 -0.033390 -0.870574 0.625990 0.695959 1 53 1.000000
  53 -19.345488 39.598980 0.000210 0.956799 -0.046143 -0.287066 0.639816 0.701358 1 53 1.000000
  53 -19.361689 39.200584 -0.027959 0.943538 0.130681 -0.304398 0.630815 0.712636 2 53 0.700000 55 0.300000
pyro_hands_red
  53 -19.345488 39.598980 0.000210 0.956799 -0.046143 -0.287066 0.639816 0.701358 1 53 1.000000
  53 -19.621389 39.545479 -0.325918 0.490903 -0.033390 -0.870574 0.625990 0.695959 1 53 1.000000
  53 -19.589687 40.029079 -0.333723 0.496899 -0.100441 -0.861976 0.633248 0.681380 1 53 1.000000
pyro_hands_red
  53 -19.345488 39.598980 0.000210 0.956799 -0.046143 -0.287066 0.639816 0.701358 1 53 1.000000
  53 -19.589687 40.029079 -0.333723 0.496899 -0.100441 -0.861976 0.633248 0.681380 1 53 1.000000
  53 -19.314383 40.059082 0.014149 0.942039 -0.147963 -0.301113 0.648813 0.686492 1 53 1.000000
pyro_hands_red
  53 -19.496286 40.633186 -0.378794 0.474924 -0.206618 -0.855428 0.640793 0.660929 1 53 1.000000
  53 -19.314383 40.059082 0.014149 0.942039 -0.147963 -0.301113 0.648813 0.686492 1 53 1.000000
  53 -19.589687 40.029079 -0.333723 0.496899 -0.100441 -0.861976 0.633248 0.681380 1 53 1.000000
pyro_hands_red
  53 -19.496286 40.633186 -0.378794 0.474924 -0.206618 -0.855428 0.640793 0.660929 1 53 1.000000
  53 -19.201487 40.681885 -0.052834 0.898148 -0.266262 -0.349906 0.657640 0.663081 1 53 1.000000
  53 -19.314383 40.059082 0.014149 0.942039 -0.147963 -0.301113 0.648813 0.686492 1 53 1.000000
pyro_hands_red
  53 -19.201487 40.681885 -0.052834 0.898148 -0.266262 -0.349906 0.657640 0.663081 1 53 1.000000
  53 -19.496286 40.633186 -0.378794 0.474924 -0.206618 -0.855428 0.640793 0.660929 1 53 1.000000
  8 -19.257597 41.637100 -0.547678 0.426711 -0.235605 -0.873159 0.649686 0.621937 1 8 1.000000
pyro_hands_red
  53 -19.201487 40.681885 -0.052834 0.898148 -0.266262 -0.349906 0.657640 0.663081 1 53 1.000000
  8 -19.257597 41.637100 -0.547678 0.426711 -0.235605 -0.873159 0.649686 0.621937 1 8 1.000000
  8 -18.919094 41.660496 -0.225652 0.842386 -0.301954 -0.446328 0.667782 0.623445 1 8 1.000000
pyro_hands_red
  8 -19.036894 42.884895 -0.738220 0.353666 -0.207982 -0.911956 0.655915 0.573426 1 8 1.000000
  8 -18.919094 41.660496 -0.225652 0.842386 -0.301954 -0.446328 0.667782 0.623445 1 8 1.000000
  8 -19.257597 41.637100 -0.547678 0.426711 -0.235605 -0.873159 0.649686 0.621937 1 8 1.000000
pyro_hands_red
  8 -19.036894 42.884895 -0.738220 0.353666 -0.207982 -0.911956 0.655915 0.573426 1 8 1.000000
  8 -18.647793 42.853996 -0.437774 0.741311 -0.339205 -0.579136 0.674902 0.575020 1 8 1.000000
  8 -18.919094 41.660496 -0.225652 0.842386 -0.301954 -0.446328 0.667782 0.623445 1 8 1.000000
pyro_hands_red
  8 -18.617132 44.001282 -0.830675 0.262526 -0.343117 -0.901860 0.656628 0.530768 1 8 1.000000
  8 -18.647793 42.853996 -0.437774 0.741311 -0.339205 -0.579136 0.674902 0.575020 1 8 1.000000
  8 -19.036894 42.884895 -0.738220 0.353666 -0.207982 -0.911956 0.655915 0.573426 1 8 1.000000
pyro_hands_red
  8 -18.617132 44.001282 -0.830675 0.262526 -0.343117 -0.901860 0.656628 0.530768 1 8 1.000000
  8 -18.152897 43.949493 -0.580960 0.595318 -0.472393 -0.649955 0.677827 0.529802 1 8 1.000000
  8 -18.647793 42.853996 -0.437774 0.741311 -0.339205 -0.579136 0.674902 0.575020 1 8 1.000000
pyro_hands_red
  8 -18.152897 43.949493 -0.580960 0.595318 -0.472393 -0.649955 0.677827 0.529802 1 8 1.000000
  8 -18.617132 44.001282 -0.830675 0.262526 -0.343117 -0.901860 0.656628 0.530768 1 8 1.000000
  8 -17.918659 45.800831 -1.671598 0.201184 -0.471123 -0.858818 0.632984 0.443158 2 8 0.850000 6 0.150000
pyro_hands_red
  53 -19.218088 40.850185 0.998959 0.923260 -0.353550 0.150312 0.699548 0.675670 1 53 1.000000
  47 -19.541498 40.328987 1.444394 0.861437 -0.475993 0.177080 0.706368 0.707123 1 47 1.000000
  53 -19.472288 40.232380 0.951829 0.871585 -0.397589 0.286813 0.686130 0.700580 1 53 1.000000
pyro_hands_red
  53 -19.472288 40.232380 0.951829 0.871585 -0.397589 0.286813 0.686130 0.700580 1 53 1.000000
  47 -19.541498 40.328987 1.444394 0.861437 -0.475993 0.177080 0.706368 0.707123 1 47 1.000000
  47 -19.841198 39.880688 1.317545 0.813938 -0.580690 -0.017440 0.692402 0.726861 1 47 1.000000
pyro_hands_red
  53 -19.472288 40.232380 0.951829 0.871585 -0.397589 0.286813 0.686130 0.700580 1 53 1.000000
  47 -19.841198 39.880688 1.317545 0.813938 -0.580690 -0.017440 0.692402 0.726861 1 47 1.000000
  53 -19.725889 39.781082 0.914315 0.569182 -0.484749 0.664117 0.676132 0.720482 1 53 1.000000
pyro_hands_red
  53 -20.305986 39.853279 0.948877 0.176347 -0.893702 -0.412551 0.679827 0.731882 1 53 1.000000
  53 -19.725889 39.781082 0.914315 0.569182 -0.484749 0.664117 0.676132 0.720482 1 53 1.000000
  47 -19.841198 39.880688 1.317545 0.813938 -0.580690 -0.017440 0.692402 0.726861 1 47 1.000000
pyro_hands_red
  53 -20.305986 39.853279 0.948877 0.176347 -0.893702 -0.412551 0.679827 0.731882 1 53 1.000000
  53 -20.271591 39.777390 0.829606 -0.271363 -0.601307 0.751526 0.678338 0.730589 1 53 1.000000
  53 -19.725889 39.781082 0.914315 0.569182 -0.484749 0.664117 0.676132 0.720482 1 53 1.000000
pyro_hands_red
  53 -20.152889 39.204189 0.840055 -0.309272 -0.036577 0.950270 0.670300 0.738298 2 53 0.700000 55 0.300000
  53 -19.725889 39.781082 0.914315 0.569182 -0.484749 0.664117 0.676132 0.720482 1 53 1.000000
  53 -20.271591 39.777390 0.829606 -0.271363 -0.601307 0.751526 0.678338 0.730589 1 53 1.000000
pyro_hands_red
  53 -20.152889 39.204189 0.840055 -0.309272 -0.036577 0.950270 0.670300 0.738298 2 53 0.700000 55 0.300000
  53 -19.723888 39.274284 0.863518 0.441076 0.105660 0.891228 0.662935 0.731315 2 53 0.700000 55 0.300000
  53 -19.725889 39.781082 0.914315 0.569182 -0.484749 0.664117 0.676132 0.720482 1 53 1.000000
pyro_hands_red
  55 -20.052689 39.007294 0.875982 -0.309272 -0.036577 0.950270 0.667533 0.741252 2 55 0.750000 53 0.250000
  53 -19.723888 39.274284 0.863518 0.441076 0.105660 0.891228 0.662935 0.731315 2 53 0.700000 55 0.300000
  53 -20.152889 39.204189 0.840055 -0.309272 -0.036577 0.950270 0.670300 0.738298 2 53 0.700000 55 0.300000
pyro_hands_red
  55 -20.052689 39.007294 0.875982 -0.309272 -0.036577 0.950270 0.667533 0.741252 2 55 0.750000 53 0.250000
  55 -19.637888 39.058189 0.905580 0.439668 0.301459 0.846058 0.657063 0.737812 2 55 0.750000 53 0.250000
  53 -19.723888 39.274284 0.863518 0.441076 0.105660 0.891228 0.662935 0.731315 2 53 0.700000 55 0.300000
pyro_hands_red
  55 -19.637888 39.058189 0.905580 0.439668 0.301459 0.846058 0.657063 0.737812 2 55 0.750000 53 0.250000
  55 -20.052689 39.007294 0.875982 -0.309272 -0.036577 0.950270 0.667533 0.741252 2 55 0.750000 53 0.250000
  55 -19.298687 38.159889 0.979614 -0.232706 -0.174074 0.956842 0.649120 0.759283 2 55 0.540700 57 0.459300
pyro_hands_red
  55 -19.637888 39.058189 0.905580 0.439668 0.301459 0.846058 0.657063 0.737812 2 55 0.750000 53 0.250000
  55 -19.298687 38.159889 0.979614 -0.232706 -0.174074 0.956842 0.649120 0.759283 2 55 0.540700 57 0.459300
  55 -19.067884 38.322289 0.974323 0.384749 0.442034 0.810292 0.641682 0.753231 2 55 0.523200 57 0.476800
pyro_hands_red
  55 -19.348188 39.027393 0.417149 0.862988 0.441511 0.245601 0.639079 0.728481 2 55 0.750000 53 0.250000
  55 -19.637888 39.058189 0.905580 0.439668 0.301459 0.846058 0.657063 0.737812 2 55 0.750000 53 0.250000
  55 -19.067884 38.322289 0.974323 0.384749 0.442034 0.810292 0.641682 0.753231 2 55 0.523200 57 0.476800
pyro_hands_red
  55 -19.348188 39.027393 0.417149 0.862988 0.441511 0.245601 0.639079 0.728481 2 55 0.750000 53 0.250000
  55 -19.067884 38.322289 0.974323 0.384749 0.442034 0.810292 0.641682 0.753231 2 55 0.523200 57 0.476800
  55 -18.925087 38.400589 0.477466 0.718624 0.676650 0.160384 0.628345 0.740844 2 55 0.780100 57 0.219900
pyro_hands_red
  55 -18.925087 38.400589 0.477466 0.718624 0.676650 0.160384 0.628345 0.740844 2 55 0.780100 57 0.219900
  55 -19.300287 38.978992 -0.028229 0.865644 0.394002 -0.308905 0.625374 0.719431 2 55 0.750000 53 0.250000
  55 -19.348188 39.027393 0.417149 0.862988 0.441511 0.245601 0.639079 0.728481 2 55 0.750000 53 0.250000
pyro_hands_red
  55 -18.925087 38.400589 0.477466 0.718624 0.676650 0.160384 0.628345 0.740844 2 55 0.780100 57 0.219900
  55 -18.875086 38.336693 0.049009 0.744302 0.583537 -0.324808 0.615945 0.732410 2 55 0.598200 57 0.401800
  55 -19.300287 38.978992 -0.028229 0.865644 0.394002 -0.308905 0.625374 0.719431 2 55 0.750000 53 0.250000
pyro_hands_red
  55 -19.300287 38.978992 -0.028229 0.865644 0.394002 -0.308905 0.625374 0.719431 2 55 0.750000 53 0.250000
  55 -18.875086 38.336693 0.049009 0.744302 0.583537 -0.324808 0.615945 0.732410 2 55 0.598200 57 0.401800
  55 -18.979485 38.189690 -0.195309 0.443760 0.218342 -0.869139 0.607270 0.727140 2 55 0.561700 57 0.438300
pyro_hands_red
  55 -19.300287 38.978992 -0.028229 0.865644 0.394002 -0.308905 0.625374 0.719431 2 55 0.750000 53 0.250000
  55 -18.979485 38.189690 -0.195309 0.443760 0.218342 -0.869139 0.607270 0.727140 2 55 0.561700 57 0.438300
  55 -19.506388 38.924393 -0.288831 0.459192 0.166254 -0.872641 0.618131 0.711032 2 55 0.750000 53 0.250000
pyro_hands_red
  55 -19.506388 38.924393 -0.288831 0.459192 0.166254 -0.872641 0.618131 0.711032 2 55 0.750000 53 0.250000
  53 -19.361689 39.200584 -0.027959 0.943538 0.130681 -0.304398 0.630815 0.712636 2 53 0.700000 55 0.300000
  55 -19.300287 38.978992 -0.028229 0.865644 0.394002 -0.308905 0.625374 0.719431 2 55 0.750000 53 0.250000
pyro_hands_red
  53 -19.725889 39.781082 0.914315 0.569182 -0.484749 0.664117 0.676132 0.720482 1 53 1.000000
  53 -19.340586 40.112183 0.447558 0.948515 -0.240960 0.205565 0.665132 0.693434 1 53 1.000000
  53 -19.472288 40.232380 0.951829 0.871585 -0.397589 0.286813 0.686130 0.700580 1 53 1.000000
pyro_hands_red
  53 -19.472288 40.232380 0.951829 0.871585 -0.397589 0.286813 0.686130 0.700580 1 53 1.000000
  53 -19.340586 40.112183 0.447558 0.948515 -0.240960 0.205565 0.665132 0.693434 1 53 1.000000
  53 -19.179489 40.712784 0.385442 0.954414 -0.291503 0.064188 0.674247 0.669365 1 53 1.000000
pyro_hands_red
  53 -19.472288 40.232380 0.951829 0.871585 -0.397589 0.286813 0.686130 0.700580 1 53 1.000000
  53 -19.179489 40.712784 0.385442 0.954414 -0.291503 0.064188 0.674247 0.669365 1 53 1.000000
  53 -19.218088 40.850185 0.998959 0.923260 -0.353550 0.150312 0.699548 0.675670 1 53 1.000000
pyro_hands_red
  53 -19.218088 40.850185 0.998959 0.923260 -0.353550 0.150312 0.699548 0.675670 1 53 1.000000
  53 -19.179489 40.712784 0.385442 0.954414 -0.291503 0.064188 0.674247 0.669365 1 53 1.000000
  8 -18.842995 41.729397 0.207738 0.940567 -0.331654 -0.073070 0.685274 0.626635 1 8 1.000000
pyro_hands_red
  53 -19.218088 40.850185 0.998959 0.923260 -0.353550 0.150312 0.699548 0.675670 1 53 1.000000
  8 -18.842995 41.729397 0.207738 0.940567 -0.331654 -0.073070 0.685274 0.626635 1 8 1.000000
  8 -18.847492 41.818897 0.886176 0.910511 -0.412868 0.022589 0.712587 0.633735 1 8 1.000000
pyro_hands_red
  8 -18.324493 42.854496 0.731316 0.848918 -0.512580 -0.128839 0.723979 0.585407 1 8 1.000000
  8 -18.847492 41.818897 0.886176 0.910511 -0.412868 0.022589 0.712587 0.633735 1 8 1.000000
  8 -18.842995 41.729397 0.207738 0.940567 -0.331654 -0.073070 0.685274 0.626635 1 8 1.000000
pyro_hands_red
  8 -18.324493 42.854496 0.731316 0.848918 -0.512580 -0.128839 0.723979 0.585407 1 8 1.000000
  8 -18.906090 41.885288 1.795023 0.853049 -0.521108 0.027456 0.749202 0.647337 1 8 1.000000
  8 -18.847492 41.818897 0.886176 0.910511 -0.412868 0.022589 0.712587 0.633735 1 8 1.000000
pyro_hands_red
  53 -19.218088 40.850185 0.998959 0.923260 -0.353550 0.150312 0.699548 0.675670 1 53 1.000000
  8 -18.847492 41.818897 0.886176 0.910511 -0.412868 0.022589 0.712587 0.633735 1 8 1.000000
  8 -18.906090 41.885288 1.795023 0.853049 -0.521108 0.027456 0.749202 0.647337 1 8 1.000000
pyro_hands_red
  6 -13.809131 50.082047 -1.318885 0.968809 0.099390 -0.227005 0.653887 0.092084 1 6 1.000000
  6 -14.062619 50.069920 -2.133325 0.908384 0.117294 -0.401347 0.672714 0.100210 1 6 1.000000
  6 -14.125832 50.131237 -2.104532 0.435868 0.889952 -0.134181 0.671791 0.102648 1 6 1.000000
pyro_hands_red
  6 -14.125832 50.131237 -2.104532 0.435868 0.889952 -0.134181 0.671791 0.102648 1 6 1.000000
  6 -14.062619 50.069920 -2.133325 0.908384 0.117294 -0.401347 0.672714 0.100210 1 6 1.000000
  6 -14.617903 50.222164 -3.045255 0.732169 0.122471 -0.670022 0.696886 0.109413 1 6 1.000000
pyro_hands_red
  6 -14.125832 50.131237 -2.104532 0.435868 0.889952 -0.134181 0.671791 0.102648 1 6 1.000000
  6 -14.617903 50.222164 -3.045255 0.732169 0.122471 -0.670022 0.696886 0.109413 1 6 1.000000
  6 -14.666069 50.283924 -2.993399 0.429829 0.885126 -0.178322 0.696016 0.112035 1 6 1.000000
pyro_hands_red
  6 -14.666069 50.283924 -2.993399 0.429829 0.885126 -0.178322 0.696016 0.112035 1 6 1.000000
  6 -14.617903 50.222164 -3.045255 0.732169 0.122471 -0.670022 0.696886 0.109413 1 6 1.000000
  6 -16.020035 50.705795 -3.966472 0.394518 0.135680 -0.908816 0.735186 0.130467 1 6 1.000000
pyro_hands_red
  6 -14.666069 50.283924 -2.993399 0.429829 0.885126 -0.178322 0.696016 0.112035 1 6 1.000000
  6 -16.020035 50.705795 -3.966472 0.394518 0.135680 -0.908816 0.735186 0.130467 1 6 1.000000
  6 -16.037865 50.768764 -3.900680 0.430186 0.863113 -0.264531 0.733768 0.132890 1 6 1.000000
pyro_hands_red
  6 -14.666069 50.283924 -2.993399 0.429829 0.885126 -0.178322 0.696016 0.112035 1 6 1.000000
  6 -16.037865 50.768764 -3.900680 0.430186 0.863113 -0.264531 0.733768 0.132890 1 6 1.000000
  6 -16.066534 50.775665 -3.788302 0.196314 0.854146 0.481555 0.731358 0.135368 1 6 1.000000
pyro_hands_red
  6 -14.666069 50.283924 -2.993399 0.429829 0.885126 -0.178322 0.696016 0.112035 1 6 1.000000
  6 -16.066534 50.775665 -3.788302 0.196314 0.854146 0.481555 0.731358 0.135368 1 6 1.000000
  6 -14.740668 50.301685 -2.907458 -0.037870 0.922532 0.384058 0.694494 0.115127 1 6 1.000000
pyro_hands_red
  6 -14.125832 50.131237 -2.104532 0.435868 0.889952 -0.134181 0.671791 0.102648 1 6 1.000000
  6 -14.666069 50.283924 -2.993399 0.429829 0.885126 -0.178322 0.696016 0.112035 1 6 1.000000
  6 -14.740668 50.301685 -2.907458 -0.037870 0.922532 0.384058 0.694494 0.115127 1 6 1.000000
pyro_hands_red
  6 -14.125832 50.131237 -2.104532 0.435868 0.889952 -0.134181 0.671791 0.102648 1 6 1.000000
  6 -14.740668 50.301685 -2.907458 -0.037870 0.922532 0.384058 0.694494 0.115127 1 6 1.000000
  6 -14.223254 50.151997 -2.050414 -0.209055 0.957180 0.200254 0.670312 0.105559 1 6 1.000000
pyro_hands_red
  6 -13.874514 50.145123 -1.309243 0.435868 0.889952 -0.134181 0.652742 0.094455 1 6 1.000000
  6 -14.125832 50.131237 -2.104532 0.435868 0.889952 -0.134181 0.671791 0.102648 1 6 1.000000
  6 -14.223254 50.151997 -2.050414 -0.209055 0.957180 0.200254 0.670312 0.105559 1 6 1.000000
pyro_hands_red
  6 -13.809131 50.082047 -1.318885 0.968809 0.099390 -0.227005 0.653887 0.092084 1 6 1.000000
  6 -14.125832 50.131237 -2.104532 0.435868 0.889952 -0.134181 0.671791 0.102648 1 6 1.000000
  6 -13.874514 50.145123 -1.309243 0.435868 0.889952 -0.134181 0.652742 0.094455 1 6 1.000000
pyro_hands_red
  6 -13.720738 50.265762 -0.289846 0.429829 0.885126 -0.178322 0.628716 0.083549 1 6 1.000000
  6 -13.809131 50.082047 -1.318885 0.968809 0.099390 -0.227005 0.653887 0.092084 1 6 1.000000
  6 -13.874514 50.145123 -1.309243 0.435868 0.889952 -0.134181 0.652742 0.094455 1 6 1.000000
pyro_hands_red
  6 -13.720738 50.265762 -0.289846 0.429829 0.885126 -0.178322 0.628716 0.083549 1 6 1.000000
  6 -13.656714 50.203136 -0.278890 0.991291 0.093683 -0.092550 0.629771 0.081120 1 6 1.000000
  6 -13.809131 50.082047 -1.318885 0.968809 0.099390 -0.227005 0.653887 0.092084 1 6 1.000000
pyro_hands_red
  6 -13.712449 50.521564 0.920145 0.429829 0.885126 -0.178322 0.600226 0.069920 1 6 1.000000
  6 -13.656714 50.203136 -0.278890 0.991291 0.093683 -0.092550 0.629771 0.081120 1 6 1.000000
  6 -13.720738 50.265762 -0.289846 0.429829 0.885126 -0.178322 0.628716 0.083549 1 6 1.000000
pyro_hands_red
  6 -13.712449 50.521564 0.920145 0.429829 0.885126 -0.178322 0.600226 0.069920 1 6 1.000000
  6 -13.645973 50.464252 0.955759 0.980803 0.174680 0.086673 0.601041 0.067314 1 6 1.000000
  6 -13.656714 50.203136 -0.278890 0.991291 0.093683 -0.092550 0.629771 0.081120 1 6 1.000000
pyro_hands_red
  6 -13.948048 50.827904 1.971898 0.397818 0.897613 -0.189820 0.574673 0.058725 1 6 1.000000
  6 -13.645973 50.464252 0.955759 0.980803 0.174680 0.086673 0.601041 0.067314 1 6 1.000000
  6 -13.712449 50.521564 0.920145 0.429829 0.885126 -0.178322 0.600226 0.069920 1 6 1.000000
pyro_hands_red
  6 -13.948048 50.827904 1.971898 0.397818 0.897613 -0.189820 0.574673 0.058725 1 6 1.000000
  6 -13.884854 50.783855 2.039566 0.884274 0.333691 0.326663 0.575569 0.055981 1 6 1.000000
  6 -13.645973 50.464252 0.955759 0.980803 0.174680 0.086673 0.601041 0.067314 1 6 1.000000
pyro_hands_red
  6 -14.717055 51.326267 2.705179 0.413746 0.879672 -0.234503 0.545450 0.048355 1 6 1.000000
  6 -13.884854 50.783855 2.039566 0.884274 0.333691 0.326663 0.575569 0.055981 1 6 1.000000
  6 -13.948048 50.827904 1.971898 0.397818 0.897613 -0.189820 0.574673 0.058725 1 6 1.000000
pyro_hands_red
  6 -14.717055 51.326267 2.705179 0.413746 0.879672 -0.234503 0.545450 0.048355 1 6 1.000000
  6 -14.670735 51.300903 2.801409 0.631157 0.540382 0.556443 0.547297 0.045567 1 6 1.000000
  6 -13.884854 50.783855 2.039566 0.884274 0.333691 0.326663 0.575569 0.055981 1 6 1.000000
pyro_hands_red
  6 -15.439499 51.742466 2.964017 0.443193 0.636448 0.631279 0.521879 0.036175 1 6 1.000000
  6 -14.670735 51.300903 2.801409 0.631157 0.540382 0.556443 0.547297 0.045567 1 6 1.000000
  6 -14.717055 51.326267 2.705179 0.413746 0.879672 -0.234503 0.545450 0.048355 1 6 1.000000
pyro_hands_red
  6 -15.439499 51.742466 2.964017 0.443193 0.636448 0.631279 0.521879 0.036175 1 6 1.000000
  6 -14.717055 51.326267 2.705179 0.413746 0.879672 -0.234503 0.545450 0.048355 1 6 1.000000
  6 -15.458887 51.757679 2.857740 0.430186 0.863113 -0.264531 0.520420 0.039106 1 6 1.000000
pyro_hands_red
  6 -19.367542 53.201370 1.084667 0.833650 0.389605 -0.391453 0.380955 0.013530 1 6 1.000000
  6 -18.968819 53.188698 1.820833 0.291496 0.951770 -0.095729 0.405692 0.011047 1 6 1.000000
  6 -18.899307 53.113583 1.747932 0.712841 0.356136 -0.604173 0.405602 0.014781 1 6 1.000000
pyro_hands_red
  6 -18.899307 53.113583 1.747932 0.712841 0.356136 -0.604173 0.405602 0.014781 1 6 1.000000
  6 -18.968819 53.188698 1.820833 0.291496 0.951770 -0.095729 0.405692 0.011047 1 6 1.000000
  6 -18.212242 53.006214 2.365524 0.354411 0.926558 -0.126032 0.433102 0.014044 1 6 1.000000
pyro_hands_red
  6 -18.899307 53.113583 1.747932 0.712841 0.356136 -0.604173 0.405602 0.014781 1 6 1.000000
  6 -18.212242 53.006214 2.365524 0.354411 0.926558 -0.126032 0.433102 0.014044 1 6 1.000000
  6 -18.171244 52.932648 2.273305 0.542552 0.341226 -0.767595 0.432823 0.017777 1 6 1.000000
pyro_hands_red
  6 -18.171244 52.932648 2.273305 0.542552 0.341226 -0.767595 0.432823 0.017777 1 6 1.000000
  6 -18.212242 53.006214 2.365524 0.354411 0.926558 -0.126032 0.433102 0.014044 1 6 1.000000
  6 -17.191795 52.618919 2.765768 0.429829 0.885126 -0.178322 0.466333 0.021604 1 6 1.000000
pyro_hands_red
  6 -18.171244 52.932648 2.273305 0.542552 0.341226 -0.767595 0.432823 0.017777 1 6 1.000000
  6 -17.191795 52.618919 2.765768 0.429829 0.885126 -0.178322 0.466333 0.021604 1 6 1.000000
  6 -17.182096 52.553394 2.661839 0.379828 0.363086 -0.850823 0.465558 0.025249 1 6 1.000000
pyro_hands_red
  6 -17.182096 52.553394 2.661839 0.379828 0.363086 -0.850823 0.465558 0.025249 1 6 1.000000
  6 -17.191795 52.618919 2.765768 0.429829 0.885126 -0.178322 0.466333 0.021604 1 6 1.000000
  6 -16.322035 52.231804 2.912291 0.429829 0.885126 -0.178322 0.493255 0.029227 1 6 1.000000
pyro_hands_red
  6 -17.182096 52.553394 2.661839 0.379828 0.363086 -0.850823 0.465558 0.025249 1 6 1.000000
  6 -16.322035 52.231804 2.912291 0.429829 0.885126 -0.178322 0.493255 0.029227 1 6 1.000000
  6 -16.340839 52.173462 2.805011 0.231298 0.414137 -0.880336 0.492264 0.032824 1 6 1.000000
pyro_hands_red
  6 -16.340839 52.173462 2.805011 0.231298 0.414137 -0.880336 0.492264 0.032824 1 6 1.000000
  6 -16.322035 52.231804 2.912291 0.429829 0.885126 -0.178322 0.493255 0.029227 1 6 1.000000
  6 -15.458887 51.757679 2.857740 0.430186 0.863113 -0.264531 0.520420 0.039106 1 6 1.000000
pyro_hands_red
  6 -16.340839 52.173462 2.805011 0.231298 0.414137 -0.880336 0.492264 0.032824 1 6 1.000000
  6 -15.458887 51.757679 2.857740 0.430186 0.863113 -0.264531 0.520420 0.039106 1 6 1.000000
  6 -15.501793 51.710361 2.752120 0.113151 0.481020 -0.869377 0.519113 0.042612 1 6 1.000000
pyro_hands_red
  6 -15.458887 51.757679 2.857740 0.430186 0.863113 -0.264531 0.520420 0.039106 1 6 1.000000
  6 -14.788499 51.294147 2.607421 -0.072555 0.634909 -0.769173 0.543907 0.051639 1 6 1.000000
  6 -15.501793 51.710361 2.752120 0.113151 0.481020 -0.869377 0.519113 0.042612 1 6 1.000000
pyro_hands_red
  6 -15.458887 51.757679 2.857740 0.430186 0.863113 -0.264531 0.520420 0.039106 1 6 1.000000
  6 -14.717055 51.326267 2.705179 0.413746 0.879672 -0.234503 0.545450 0.048355 1 6 1.000000
  6 -14.788499 51.294147 2.607421 -0.072555 0.634909 -0.769173 0.543907 0.051639 1 6 1.000000
pyro_hands_red
  6 -14.788499 51.294147 2.607421 -0.072555 0.634909 -0.769173 0.543907 0.051639 1 6 1.000000
  6 -14.717055 51.326267 2.705179 0.413746 0.879672 -0.234503 0.545450 0.048355 1 6 1.000000
  6 -13.948048 50.827904 1.971898 0.397818 0.897613 -0.189820 0.574673 0.058725 1 6 1.000000
pyro_hands_red
  6 -14.788499 51.294147 2.607421 -0.072555 0.634909 -0.769173 0.543907 0.051639 1 6 1.000000
  6 -13.948048 50.827904 1.971898 0.397818 0.897613 -0.189820 0.574673 0.058725 1 6 1.000000
  6 -14.049335 50.823845 1.904960 -0.274199 0.820518 -0.501562 0.573556 0.062084 1 6 1.000000
pyro_hands_red
  6 -14.049335 50.823845 1.904960 -0.274199 0.820518 -0.501562 0.573556 0.062084 1 6 1.000000
  6 -13.948048 50.827904 1.971898 0.397818 0.897613 -0.189820 0.574673 0.058725 1 6 1.000000
  6 -13.712449 50.521564 0.920145 0.429829 0.885126 -0.178322 0.600226 0.069920 1 6 1.000000
pyro_hands_red
  6 -14.049335 50.823845 1.904960 -0.274199 0.820518 -0.501562 0.573556 0.062084 1 6 1.000000
  6 -13.712449 50.521564 0.920145 0.429829 0.885126 -0.178322 0.600226 0.069920 1 6 1.000000
  6 -13.822669 50.532242 0.891487 -0.338648 0.904993 -0.257497 0.599197 0.073054 1 6 1.000000
pyro_hands_red
  6 -13.822669 50.532242 0.891487 -0.338648 0.904993 -0.257497 0.599197 0.073054 1 6 1.000000
  6 -13.712449 50.521564 0.920145 0.429829 0.885126 -0.178322 0.600226 0.069920 1 6 1.000000
  6 -13.720738 50.265762 -0.289846 0.429829 0.885126 -0.178322 0.628716 0.083549 1 6 1.000000
pyro_hands_red
  6 -13.822669 50.532242 0.891487 -0.338648 0.904993 -0.257497 0.599197 0.073054 1 6 1.000000
  6 -13.720738 50.265762 -0.289846 0.429829 0.885126 -0.178322 0.628716 0.083549 1 6 1.000000
  6 -13.830005 50.283760 -0.288071 -0.331911 0.936031 -0.116968 0.627355 0.086493 1 6 1.000000
pyro_hands_red
  6 -13.720738 50.265762 -0.289846 0.429829 0.885126 -0.178322 0.628716 0.083549 1 6 1.000000
  6 -13.980848 50.164810 -1.281141 -0.298589 0.954102 0.023092 0.651189 0.097298 1 6 1.000000
  6 -13.830005 50.283760 -0.288071 -0.331911 0.936031 -0.116968 0.627355 0.086493 1 6 1.000000
pyro_hands_red
  6 -13.720738 50.265762 -0.289846 0.429829 0.885126 -0.178322 0.628716 0.083549 1 6 1.000000
  6 -13.874514 50.145123 -1.309243 0.435868 0.889952 -0.134181 0.652742 0.094455 1 6 1.000000
  6 -13.980848 50.164810 -1.281141 -0.298589 0.954102 0.023092 0.651189 0.097298 1 6 1.000000
pyro_hands_red
  6 -13.874514 50.145123 -1.309243 0.435868 0.889952 -0.134181 0.652742 0.094455 1 6 1.000000
  6 -14.223254 50.151997 -2.050414 -0.209055 0.957180 0.200254 0.670312 0.105559 1 6 1.000000
  6 -13.980848 50.164810 -1.281141 -0.298589 0.954102 0.023092 0.651189 0.097298 1 6 1.000000
pyro_hands_red
  6 -16.066534 50.775665 -3.788302 0.196314 0.854146 0.481555 0.731358 0.135368 1 6 1.000000
  6 -17.717697 48.867798 -2.502868 -0.009602 0.566371 0.824095 0.681913 0.196949 1 6 1.000000
  6 -16.755497 48.414288 -2.075212 -0.346851 0.672440 0.653849 0.657170 0.177642 1 6 1.000000
pyro_hands_red
  6 -16.066534 50.775665 -3.788302 0.196314 0.854146 0.481555 0.731358 0.135368 1 6 1.000000
  6 -16.755497 48.414288 -2.075212 -0.346851 0.672440 0.653849 0.657170 0.177642 1 6 1.000000
  6 -14.740668 50.301685 -2.907458 -0.037870 0.922532 0.384058 0.694494 0.115127 1 6 1.000000
pyro_hands_red
  6 -14.740668 50.301685 -2.907458 -0.037870 0.922532 0.384058 0.694494 0.115127 1 6 1.000000
  6 -16.755497 48.414288 -2.075212 -0.346851 0.672440 0.653849 0.657170 0.177642 1 6 1.000000
  6 -16.116894 48.271885 -1.430951 -0.578669 0.721154 0.380892 0.637870 0.163152 1 6 1.000000
pyro_hands_red
  6 -14.740668 50.301685 -2.907458 -0.037870 0.922532 0.384058 0.694494 0.115127 1 6 1.000000
  6 -16.116894 48.271885 -1.430951 -0.578669 0.721154 0.380892 0.637870 0.163152 1 6 1.000000
  6 -14.223254 50.151997 -2.050414 -0.209055 0.957180 0.200254 0.670312 0.105559 1 6 1.000000
pyro_hands_red
  6 -14.223254 50.151997 -2.050414 -0.209055 0.957180 0.200254 0.670312 0.105559 1 6 1.000000
  6 -16.116894 48.271885 -1.430951 -0.578669 0.721154 0.380892 0.637870 0.163152 1 6 1.000000
  6 -15.781392 48.278790 -0.674808 -0.690496 0.708441 0.146038 0.618858 0.153914 1 6 1.000000
pyro_hands_red
  6 -14.223254 50.151997 -2.050414 -0.209055 0.957180 0.200254 0.670312 0.105559 1 6 1.000000
  6 -15.781392 48.278790 -0.674808 -0.690496 0.708441 0.146038 0.618858 0.153914 1 6 1.000000
  6 -13.980848 50.164810 -1.281141 -0.298589 0.954102 0.023092 0.651189 0.097298 1 6 1.000000
pyro_hands_red
  6 -13.980848 50.164810 -1.281141 -0.298589 0.954102 0.023092 0.651189 0.097298 1 6 1.000000
  6 -15.781392 48.278790 -0.674808 -0.690496 0.708441 0.146038 0.618858 0.153914 1 6 1.000000
  6 -15.556891 48.411289 0.178801 -0.737619 0.674392 -0.033371 0.599098 0.142142 1 6 1.000000
pyro_hands_red
  6 -13.980848 50.164810 -1.281141 -0.298589 0.954102 0.023092 0.651189 0.097298 1 6 1.000000
  6 -15.556891 48.411289 0.178801 -0.737619 0.674392 -0.033371 0.599098 0.142142 1 6 1.000000
  6 -13.830005 50.283760 -0.288071 -0.331911 0.936031 -0.116968 0.627355 0.086493 1 6 1.000000
pyro_hands_red
  6 -13.830005 50.283760 -0.288071 -0.331911 0.936031 -0.116968 0.627355 0.086493 1 6 1.000000
  6 -15.556891 48.411289 0.178801 -0.737619 0.674392 -0.033371 0.599098 0.142142 1 6 1.000000
  6 -15.493594 48.640087 1.173563 -0.744648 0.627558 -0.227311 0.574097 0.131409 1 6 1.000000
pyro_hands_red
  6 -13.830005 50.283760 -0.288071 -0.331911 0.936031 -0.116968 0.627355 0.086493 1 6 1.000000
  6 -15.493594 48.640087 1.173563 -0.744648 0.627558 -0.227311 0.574097 0.131409 1 6 1.000000
  6 -13.822669 50.532242 0.891487 -0.338648 0.904993 -0.257497 0.599197 0.073054 1 6 1.000000
pyro_hands_red
  6 -13.822669 50.532242 0.891487 -0.338648 0.904993 -0.257497 0.599197 0.073054 1 6 1.000000
  6 -15.493594 48.640087 1.173563 -0.744648 0.627558 -0.227311 0.574097 0.131409 1 6 1.000000
  6 -15.627100 48.964802 2.052814 -0.661004 0.501416 -0.558261 0.550854 0.122200 1 6 1.000000
pyro_hands_red
  6 -13.822669 50.532242 0.891487 -0.338648 0.904993 -0.257497 0.599197 0.073054 1 6 1.000000
  6 -15.627100 48.964802 2.052814 -0.661004 0.501416 -0.558261 0.550854 0.122200 1 6 1.000000
  6 -14.049335 50.823845 1.904960 -0.274199 0.820518 -0.501562 0.573556 0.062084 1 6 1.000000
pyro_hands_red
  6 -14.049335 50.823845 1.904960 -0.274199 0.820518 -0.501562 0.573556 0.062084 1 6 1.000000
  6 -15.627100 48.964802 2.052814 -0.661004 0.501416 -0.558261 0.550854 0.122200 1 6 1.000000
  6 -16.010698 49.415798 2.636003 -0.408661 0.246029 -0.878900 0.529708 0.114791 1 6 1.000000
pyro_hands_red
  6 -14.049335 50.823845 1.904960 -0.274199 0.820518 -0.501562 0.573556 0.062084 1 6 1.000000
  6 -16.010698 49.415798 2.636003 -0.408661 0.246029 -0.878900 0.529708 0.114791 1 6 1.000000
  6 -14.788499 51.294147 2.607421 -0.072555 0.634909 -0.769173 0.543907 0.051639 1 6 1.000000
pyro_hands_red
  6 -14.788499 51.294147 2.607421 -0.072555 0.634909 -0.769173 0.543907 0.051639 1 6 1.000000
  6 -16.010698 49.415798 2.636003 -0.408661 0.246029 -0.878900 0.529708 0.114791 1 6 1.000000
  6 -16.476494 49.793282 2.879574 -0.182399 0.039735 -0.982421 0.511716 0.110289 1 6 1.000000
pyro_hands_red
  6 -14.788499 51.294147 2.607421 -0.072555 0.634909 -0.769173 0.543907 0.051639 1 6 1.000000
  6 -16.476494 49.793282 2.879574 -0.182399 0.039735 -0.982421 0.511716 0.110289 1 6 1.000000
  6 -15.501793 51.710361 2.752120 0.113151 0.481020 -0.869377 0.519113 0.042612 1 6 1.000000
pyro_hands_red
  6 -15.501793 51.710361 2.752120 0.113151 0.481020 -0.869377 0.519113 0.042612 1 6 1.000000
  6 -16.476494 49.793282 2.879574 -0.182399 0.039735 -0.982421 0.511716 0.110289 1 6 1.000000
  6 -17.136993 50.202480 2.979953 -0.022535 -0.078924 -0.996626 0.487467 0.105425 1 6 1.000000
pyro_hands_red
  6 -15.501793 51.710361 2.752120 0.113151 0.481020 -0.869377 0.519113 0.042612 1 6 1.000000
  6 -17.136993 50.202480 2.979953 -0.022535 -0.078924 -0.996626 0.487467 0.105425 1 6 1.000000
  6 -16.340839 52.173462 2.805011 0.231298 0.414137 -0.880336 0.492264 0.032824 1 6 1.000000
pyro_hands_red
  6 -16.340839 52.173462 2.805011 0.231298 0.414137 -0.880336 0.492264 0.032824 1 6 1.000000
  6 -17.136993 50.202480 2.979953 -0.022535 -0.078924 -0.996626 0.487467 0.105425 1 6 1.000000
  6 -17.871397 50.516788 2.917073 0.185895 -0.173078 -0.967206 0.462776 0.105259 1 6 1.000000
pyro_hands_red
  6 -16.340839 52.173462 2.805011 0.231298 0.414137 -0.880336 0.492264 0.032824 1 6 1.000000
  6 -17.871397 50.516788 2.917073 0.185895 -0.173078 -0.967206 0.462776 0.105259 1 6 1.000000
  6 -17.182096 52.553394 2.661839 0.379828 0.363086 -0.850823 0.465558 0.025249 1 6 1.000000
pyro_hands_red
  6 -17.182096 52.553394 2.661839 0.379828 0.363086 -0.850823 0.465558 0.025249 1 6 1.000000
  6 -17.871397 50.516788 2.917073 0.185895 -0.173078 -0.967206 0.462776 0.105259 1 6 1.000000
  6 -18.571898 50.826801 2.608454 0.426711 -0.235605 -0.873159 0.436564 0.102291 1 6 1.000000
pyro_hands_red
  6 -17.182096 52.553394 2.661839 0.379828 0.363086 -0.850823 0.465558 0.025249 1 6 1.000000
  6 -18.571898 50.826801 2.608454 0.426711 -0.235605 -0.873159 0.436564 0.102291 1 6 1.000000
  6 -18.171244 52.932648 2.273305 0.542552 0.341226 -0.767595 0.432823 0.017777 1 6 1.000000
pyro_hands_red
  6 -18.171244 52.932648 2.273305 0.542552 0.341226 -0.767595 0.432823 0.017777 1 6 1.000000
  6 -18.571898 50.826801 2.608454 0.426711 -0.235605 -0.873159 0.436564 0.102291 1 6 1.000000
  6 -19.111897 50.938499 2.155373 0.698158 -0.198765 -0.687799 0.415006 0.104349 1 6 1.000000
pyro_hands_red
  6 -18.171244 52.932648 2.273305 0.542552 0.341226 -0.767595 0.432823 0.017777 1 6 1.000000
  6 -19.111897 50.938499 2.155373 0.698158 -0.198765 -0.687799 0.415006 0.104349 1 6 1.000000
  6 -18.899307 53.113583 1.747932 0.712841 0.356136 -0.604173 0.405602 0.014781 1 6 1.000000
pyro_hands_red
  6 -18.899307 53.113583 1.747932 0.712841 0.356136 -0.604173 0.405602 0.014781 1 6 1.000000
  6 -19.111897 50.938499 2.155373 0.698158 -0.198765 -0.687799 0.415006 0.104349 1 6 1.000000
  6 -19.487392 50.956791 1.560254 0.890408 -0.141326 -0.432667 0.393467 0.106384 1 6 1.000000
pyro_hands_red
  6 -18.899307 53.113583 1.747932 0.712841 0.356136 -0.604173 0.405602 0.014781 1 6 1.000000
  6 -19.487392 50.956791 1.560254 0.890408 -0.141326 -0.432667 0.393467 0.106384 1 6 1.000000
  6 -19.367542 53.201370 1.084667 0.833650 0.389605 -0.391453 0.380955 0.013530 1 6 1.000000
pyro_hands_red
  6 -19.367542 53.201370 1.084667 0.833650 0.389605 -0.391453 0.380955 0.013530 1 6 1.000000
  6 -19.487392 50.956791 1.560254 0.890408 -0.141326 -0.432667 0.393467 0.106384 1 6 1.000000
  6 -19.698593 50.893589 0.856421 0.976625 -0.079454 -0.199727 0.370998 0.109637 1 6 1.000000
pyro_hands_red
  6 -19.367542 53.201370 1.084667 0.833650 0.389605 -0.391453 0.380955 0.013530 1 6 1.000000
  6 -19.698593 50.893589 0.856421 0.976625 -0.079454 -0.199727 0.370998 0.109637 1 6 1.000000
  6 -19.636818 53.183834 0.281421 0.876158 0.428469 -0.220819 0.355196 0.015093 1 6 1.000000
pyro_hands_red
  6 -19.636818 53.183834 0.281421 0.876158 0.428469 -0.220819 0.355196 0.015093 1 6 1.000000
  6 -19.698593 50.893589 0.856421 0.976625 -0.079454 -0.199727 0.370998 0.109637 1 6 1.000000
  6 -19.780895 50.755890 0.095485 0.998904 -0.033707 -0.032465 0.347467 0.114575 1 6 1.000000
pyro_hands_red
  6 -19.636818 53.183834 0.281421 0.876158 0.428469 -0.220819 0.355196 0.015093 1 6 1.000000
  6 -19.780895 50.755890 0.095485 0.998904 -0.033707 -0.032465 0.347467 0.114575 1 6 1.000000
  6 -19.730011 53.078106 -0.569232 0.888063 0.449819 -0.094905 0.329196 0.019284 1 6 1.000000
pyro_hands_red
  6 -19.730011 53.078106 -0.569232 0.888063 0.449819 -0.094905 0.329196 0.019284 1 6 1.000000
  6 -19.780895 50.755890 0.095485 0.998904 -0.033707 -0.032465 0.347467 0.114575 1 6 1.000000
  6 -19.766994 50.567989 -0.657576 0.993761 0.011937 0.110887 0.324750 0.120196 1 6 1.000000
pyro_hands_red
  6 -19.730011 53.078106 -0.569232 0.888063 0.449819 -0.094905 0.329196 0.019284 1 6 1.000000
  6 -19.766994 50.567989 -0.657576 0.993761 0.011937 0.110887 0.324750 0.120196 1 6 1.000000
  6 -19.692556 52.903191 -1.416549 0.873975 0.485637 -0.018048 0.303531 0.025697 1 6 1.000000
pyro_hands_red
  6 -19.692556 52.903191 -1.416549 0.873975 0.485637 -0.018048 0.303531 0.025697 1 6 1.000000
  6 -19.766994 50.567989 -0.657576 0.993761 0.011937 0.110887 0.324750 0.120196 1 6 1.000000
  6 -19.625792 50.269192 -1.432757 0.946155 0.070899 0.315856 0.300208 0.129007 1 6 1.000000
pyro_hands_red
  6 -19.692556 52.903191 -1.416549 0.873975 0.485637 -0.018048 0.303531 0.025697 1 6 1.000000
  6 -19.625792 50.269192 -1.432757 0.946155 0.070899 0.315856 0.300208 0.129007 1 6 1.000000
  6 -19.451111 52.571037 -2.467283 0.840707 0.530579 0.108158 0.271257 0.037622 1 6 1.000000
pyro_hands_red
  6 -19.451111 52.571037 -2.467283 0.840707 0.530579 0.108158 0.271257 0.037622 1 6 1.000000
  6 -19.625792 50.269192 -1.432757 0.946155 0.070899 0.315856 0.300208 0.129007 1 6 1.000000
  6 -19.265594 49.892490 -2.124518 0.778702 0.226528 0.585071 0.275512 0.140961 1 6 1.000000
pyro_hands_red
  6 -19.451111 52.571037 -2.467283 0.840707 0.530579 0.108158 0.271257 0.037622 1 6 1.000000
  6 -19.265594 49.892490 -2.124518 0.778702 0.226528 0.585071 0.275512 0.140961 1 6 1.000000
  6 -18.870794 52.095051 -3.506935 0.719531 0.631598 0.288718 0.236664 0.055388 1 6 1.000000
pyro_hands_red
  6 -16.316006 52.218315 3.021386 0.323050 0.672710 0.665657 0.494714 0.026301 1 6 1.000000
  6 -15.439499 51.742466 2.964017 0.443193 0.636448 0.631279 0.521879 0.036175 1 6 1.000000
  6 -15.458887 51.757679 2.857740 0.430186 0.863113 -0.264531 0.520420 0.039106 1 6 1.000000
pyro_hands_red
  6 -16.316006 52.218315 3.021386 0.323050 0.672710 0.665657 0.494714 0.026301 1 6 1.000000
  6 -15.458887 51.757679 2.857740 0.430186 0.863113 -0.264531 0.520420 0.039106 1 6 1.000000
  6 -16.322035 52.231804 2.912291 0.429829 0.885126 -0.178322 0.493255 0.029227 1 6 1.000000
pyro_hands_red
  6 -17.211517 52.608448 2.872509 0.101495 0.720627 0.685853 0.467582 0.018611 1 6 1.000000
  6 -16.316006 52.218315 3.021386 0.323050 0.672710 0.665657 0.494714 0.026301 1 6 1.000000
  6 -16.322035 52.231804 2.912291 0.429829 0.885126 -0.178322 0.493255 0.029227 1 6 1.000000
pyro_hands_red
  6 -17.211517 52.608448 2.872509 0.101495 0.720627 0.685853 0.467582 0.018611 1 6 1.000000
  6 -16.322035 52.231804 2.912291 0.429829 0.885126 -0.178322 0.493255 0.029227 1 6 1.000000
  6 -17.191795 52.618919 2.765768 0.429829 0.885126 -0.178322 0.466333 0.021604 1 6 1.000000
pyro_hands_red
  6 -18.259167 52.998444 2.462932 -0.128061 0.748063 0.651154 0.433893 0.010953 1 6 1.000000
  6 -17.211517 52.608448 2.872509 0.101495 0.720627 0.685853 0.467582 0.018611 1 6 1.000000
  6 -17.191795 52.618919 2.765768 0.429829 0.885126 -0.178322 0.466333 0.021604 1 6 1.000000
pyro_hands_red
  6 -18.259167 52.998444 2.462932 -0.128061 0.748063 0.651154 0.433893 0.010953 1 6 1.000000
  6 -17.191795 52.618919 2.765768 0.429829 0.885126 -0.178322 0.466333 0.021604 1 6 1.000000
  6 -18.212242 53.006214 2.365524 0.354411 0.926558 -0.126032 0.433102 0.014044 1 6 1.000000
pyro_hands_red
  6 -19.040821 53.179043 1.900023 -0.388059 0.752493 0.532131 0.406194 0.008013 1 6 1.000000
  6 -18.259167 52.998444 2.462932 -0.128061 0.748063 0.651154 0.433893 0.010953 1 6 1.000000
  6 -18.212242 53.006214 2.365524 0.354411 0.926558 -0.126032 0.433102 0.014044 1 6 1.000000
pyro_hands_red
  6 -19.040821 53.179043 1.900023 -0.388059 0.752493 0.532131 0.406194 0.008013 1 6 1.000000
  6 -18.212242 53.006214 2.365524 0.354411 0.926558 -0.126032 0.433102 0.014044 1 6 1.000000
  6 -18.968819 53.188698 1.820833 0.291496 0.951770 -0.095729 0.405692 0.011047 1 6 1.000000
pyro_hands_red
  6 -19.546654 53.260357 1.185232 -0.601309 0.727332 0.330780 0.381277 0.006860 1 6 1.000000
  6 -19.040821 53.179043 1.900023 -0.388059 0.752493 0.532131 0.406194 0.008013 1 6 1.000000
  6 -18.968819 53.188698 1.820833 0.291496 0.951770 -0.095729 0.405692 0.011047 1 6 1.000000
pyro_hands_red
  6 -19.546654 53.260357 1.185232 -0.601309 0.727332 0.330780 0.381277 0.006860 1 6 1.000000
  6 -18.968819 53.188698 1.820833 0.291496 0.951770 -0.095729 0.405692 0.011047 1 6 1.000000
  6 -19.457235 53.275196 1.130997 0.238862 0.967437 -0.083731 0.380959 0.009858 1 6 1.000000
pyro_hands_red
  6 -19.367542 53.201370 1.084667 0.833650 0.389605 -0.391453 0.380955 0.013530 1 6 1.000000
  6 -19.457235 53.275196 1.130997 0.238862 0.967437 -0.083731 0.380959 0.009858 1 6 1.000000
  6 -18.968819 53.188698 1.820833 0.291496 0.951770 -0.095729 0.405692 0.011047 1 6 1.000000
pyro_hands_red
  6 -19.736855 53.253891 0.299819 0.187717 0.975062 -0.118394 0.354891 0.011462 1 6 1.000000
  6 -19.457235 53.275196 1.130997 0.238862 0.967437 -0.083731 0.380959 0.009858 1 6 1.000000
  6 -19.367542 53.201370 1.084667 0.833650 0.389605 -0.391453 0.380955 0.013530 1 6 1.000000
pyro_hands_red
  6 -19.736855 53.253891 0.299819 0.187717 0.975062 -0.118394 0.354891 0.011462 1 6 1.000000
  6 -19.367542 53.201370 1.084667 0.833650 0.389605 -0.391453 0.380955 0.013530 1 6 1.000000
  6 -19.636818 53.183834 0.281421 0.876158 0.428469 -0.220819 0.355196 0.015093 1 6 1.000000
pyro_hands_red
  6 -19.833128 53.142834 -0.575559 0.161166 0.972404 -0.168687 0.328508 0.015752 1 6 1.000000
  6 -19.736855 53.253891 0.299819 0.187717 0.975062 -0.118394 0.354891 0.011462 1 6 1.000000
  6 -19.636818 53.183834 0.281421 0.876158 0.428469 -0.220819 0.355196 0.015093 1 6 1.000000
pyro_hands_red
  6 -19.833128 53.142834 -0.575559 0.161166 0.972404 -0.168687 0.328508 0.015752 1 6 1.000000
  6 -19.636818 53.183834 0.281421 0.876158 0.428469 -0.220819 0.355196 0.015093 1 6 1.000000
  6 -19.730011 53.078106 -0.569232 0.888063 0.449819 -0.094905 0.329196 0.019284 1 6 1.000000
pyro_hands_red
  6 -19.692556 52.903191 -1.416549 0.873975 0.485637 -0.018048 0.303531 0.025697 1 6 1.000000
  6 -19.833128 53.142834 -0.575559 0.161166 0.972404 -0.168687 0.328508 0.015752 1 6 1.000000
  6 -19.730011 53.078106 -0.569232 0.888063 0.449819 -0.094905 0.329196 0.019284 1 6 1.000000
pyro_hands_red
  6 -19.692556 52.903191 -1.416549 0.873975 0.485637 -0.018048 0.303531 0.025697 1 6 1.000000
  6 -19.794724 52.961712 -1.446102 0.156862 0.960530 -0.229730 0.302470 0.022276 1 6 1.000000
  6 -19.833128 53.142834 -0.575559 0.161166 0.972404 -0.168687 0.328508 0.015752 1 6 1.000000
pyro_hands_red
  6 -19.451111 52.571037 -2.467283 0.840707 0.530579 0.108158 0.271257 0.037622 1 6 1.000000
  6 -19.794724 52.961712 -1.446102 0.156862 0.960530 -0.229730 0.302470 0.022276 1 6 1.000000
  6 -19.692556 52.903191 -1.416549 0.873975 0.485637 -0.018048 0.303531 0.025697 1 6 1.000000
pyro_hands_red
  6 -19.451111 52.571037 -2.467283 0.840707 0.530579 0.108158 0.271257 0.037622 1 6 1.000000
  6 -19.546310 52.620022 -2.525804 0.179720 0.940313 -0.288984 0.269697 0.034370 1 6 1.000000
  6 -19.794724 52.961712 -1.446102 0.156862 0.960530 -0.229730 0.302470 0.022276 1 6 1.000000
pyro_hands_red
  6 -19.546310 52.620022 -2.525804 0.179720 0.940313 -0.288984 0.269697 0.034370 1 6 1.000000
  6 -19.887478 52.933464 -1.460311 -0.767058 0.587065 -0.258800 0.301368 0.019642 1 6 1.000000
  6 -19.794724 52.961712 -1.446102 0.156862 0.960530 -0.229730 0.302470 0.022276 1 6 1.000000
pyro_hands_red
  6 -19.546310 52.620022 -2.525804 0.179720 0.940313 -0.288984 0.269697 0.034370 1 6 1.000000
  6 -19.631323 52.585468 -2.561224 -0.707895 0.525082 -0.472412 0.268139 0.031964 1 6 1.000000
  6 -19.887478 52.933464 -1.460311 -0.767058 0.587065 -0.258800 0.301368 0.019642 1 6 1.000000
pyro_hands_red
  6 -19.833557 53.234962 0.327664 -0.722902 0.683173 0.103374 0.354753 0.008506 1 6 1.000000
  6 -19.546654 53.260357 1.185232 -0.601309 0.727332 0.330780 0.381277 0.006860 1 6 1.000000
  6 -19.457235 53.275196 1.130997 0.238862 0.967437 -0.083731 0.380959 0.009858 1 6 1.000000
pyro_hands_red
  6 -19.833557 53.234962 0.327664 -0.722902 0.683173 0.103374 0.354753 0.008506 1 6 1.000000
  6 -19.457235 53.275196 1.130997 0.238862 0.967437 -0.083731 0.380959 0.009858 1 6 1.000000
  6 -19.736855 53.253891 0.299819 0.187717 0.975062 -0.118394 0.354891 0.011462 1 6 1.000000
pyro_hands_red
  6 -19.929531 53.119724 -0.570978 -0.766977 0.636160 -0.083947 0.327860 0.012941 1 6 1.000000
  6 -19.833557 53.234962 0.327664 -0.722902 0.683173 0.103374 0.354753 0.008506 1 6 1.000000
  6 -19.736855 53.253891 0.299819 0.187717 0.975062 -0.118394 0.354891 0.011462 1 6 1.000000
pyro_hands_red
  6 -19.929531 53.119724 -0.570978 -0.766977 0.636160 -0.083947 0.327860 0.012941 1 6 1.000000
  6 -19.736855 53.253891 0.299819 0.187717 0.975062 -0.118394 0.354891 0.011462 1 6 1.000000
  6 -19.833128 53.142834 -0.575559 0.161166 0.972404 -0.168687 0.328508 0.015752 1 6 1.000000
pyro_hands_red
  6 -19.794724 52.961712 -1.446102 0.156862 0.960530 -0.229730 0.302470 0.022276 1 6 1.000000
  6 -19.929531 53.119724 -0.570978 -0.766977 0.636160 -0.083947 0.327860 0.012941 1 6 1.000000
  6 -19.833128 53.142834 -0.575559 0.161166 0.972404 -0.168687 0.328508 0.015752 1 6 1.000000
pyro_hands_red
  6 -19.794724 52.961712 -1.446102 0.156862 0.960530 -0.229730 0.302470 0.022276 1 6 1.000000
  6 -19.887478 52.933464 -1.460311 -0.767058 0.587065 -0.258800 0.301368 0.019642 1 6 1.000000
  6 -19.929531 53.119724 -0.570978 -0.766977 0.636160 -0.083947 0.327860 0.012941 1 6 1.000000
pyro_hands_red
  6 -18.870794 52.095051 -3.506935 0.719531 0.631598 0.288718 0.236664 0.055388 1 6 1.000000
  6 -19.546310 52.620022 -2.525804 0.179720 0.940313 -0.288984 0.269697 0.034370 1 6 1.000000
  6 -19.451111 52.571037 -2.467283 0.840707 0.530579 0.108158 0.271257 0.037622 1 6 1.000000
pyro_hands_red
  6 -18.870794 52.095051 -3.506935 0.719531 0.631598 0.288718 0.236664 0.055388 1 6 1.000000
  6 -18.945637 52.128460 -3.600035 0.239786 0.912943 -0.330208 0.234593 0.052385 1 6 1.000000
  6 -19.546310 52.620022 -2.525804 0.179720 0.940313 -0.288984 0.269697 0.034370 1 6 1.000000
pyro_hands_red
  6 -18.945637 52.128460 -3.600035 0.239786 0.912943 -0.330208 0.234593 0.052385 1 6 1.000000
  6 -19.631323 52.585468 -2.561224 -0.707895 0.525082 -0.472412 0.268139 0.031964 1 6 1.000000
  6 -19.546310 52.620022 -2.525804 0.179720 0.940313 -0.288984 0.269697 0.034370 1 6 1.000000
pyro_hands_red
  6 -18.945637 52.128460 -3.600035 0.239786 0.912943 -0.330208 0.234593 0.052385 1 6 1.000000
  6 -19.012550 52.085926 -3.660812 -0.506499 0.420511 -0.752748 0.232619 0.050293 1 6 1.000000
  6 -19.631323 52.585468 -2.561224 -0.707895 0.525082 -0.472412 0.268139 0.031964 1 6 1.000000
pyro_hands_red
  6 -17.975288 51.603817 -4.173444 0.347237 0.876930 -0.332295 0.206634 0.074443 1 6 1.000000
  6 -19.012550 52.085926 -3.660812 -0.506499 0.420511 -0.752748 0.232619 0.050293 1 6 1.000000
  6 -18.945637 52.128460 -3.600035 0.239786 0.912943 -0.330208 0.234593 0.052385 1 6 1.000000
pyro_hands_red
  6 -17.975288 51.603817 -4.173444 0.347237 0.876930 -0.332295 0.206634 0.074443 1 6 1.000000
  6 -18.008003 51.550125 -4.247177 -0.071046 0.251436 -0.965263 0.204516 0.072487 1 6 1.000000
  6 -19.012550 52.085926 -3.660812 -0.506499 0.420511 -0.752748 0.232619 0.050293 1 6 1.000000
pyro_hands_red
  6 -16.037865 50.768764 -3.900680 0.430186 0.863113 -0.264531 0.169317 0.124888 1 6 1.000000
  6 -18.008003 51.550125 -4.247177 -0.071046 0.251436 -0.965263 0.204516 0.072487 1 6 1.000000
  6 -17.975288 51.603817 -4.173444 0.347237 0.876930 -0.332295 0.206634 0.074443 1 6 1.000000
pyro_hands_red
  6 -16.037865 50.768764 -3.900680 0.430186 0.863113 -0.264531 0.169317 0.124888 1 6 1.000000
  6 -16.020035 50.705795 -3.966472 0.394518 0.135680 -0.908816 0.166621 0.124110 1 6 1.000000
  6 -18.008003 51.550125 -4.247177 -0.071046 0.251436 -0.965263 0.204516 0.072487 1 6 1.000000
pyro_hands_red
  6 -17.975288 51.603817 -4.173444 0.347237 0.876930 -0.332295 0.206634 0.074443 1 6 1.000000
  6 -18.945637 52.128460 -3.600035 0.239786 0.912943 -0.330208 0.234593 0.052385 1 6 1.000000
  6 -18.870794 52.095051 -3.506935 0.719531 0.631598 0.288718 0.236664 0.055388 1 6 1.000000
pyro_hands_red
  6 -17.975288 51.603817 -4.173444 0.347237 0.876930 -0.332295 0.206634 0.074443 1 6 1.000000
  6 -18.870794 52.095051 -3.506935 0.719531 0.631598 0.288718 0.236664 0.055388 1 6 1.000000
  6 -17.942757 51.590176 -4.056182 0.475519 0.758426 0.445727 0.208736 0.077469 1 6 1.000000
pyro_hands_red
  6 -16.037865 50.768764 -3.900680 0.430186 0.863113 -0.264531 0.169317 0.124888 1 6 1.000000
  6 -17.975288 51.603817 -4.173444 0.347237 0.876930 -0.332295 0.206634 0.074443 1 6 1.000000
  6 -17.942757 51.590176 -4.056182 0.475519 0.758426 0.445727 0.208736 0.077469 1 6 1.000000
pyro_hands_red
  6 -16.037865 50.768764 -3.900680 0.430186 0.863113 -0.264531 0.169317 0.124888 1 6 1.000000
  6 -17.942757 51.590176 -4.056182 0.475519 0.758426 0.445727 0.208736 0.077469 1 6 1.000000
  6 -16.066534 50.775665 -3.788302 0.196314 0.854146 0.481555 0.172354 0.126658 1 6 1.000000
pyro_hands_red
  6 -17.942757 51.590176 -4.056182 0.475519 0.758426 0.445727 0.208736 0.077469 1 6 1.000000
  6 -17.717697 48.867798 -2.502868 -0.009602 0.566371 0.824095 0.230953 0.180287 1 6 1.000000
  6 -16.066534 50.775665 -3.788302 0.196314 0.854146 0.481555 0.172354 0.126658 1 6 1.000000
pyro_hands_red
  6 -17.942757 51.590176 -4.056182 0.475519 0.758426 0.445727 0.208736 0.077469 1 6 1.000000
  6 -18.651896 49.485992 -2.508069 0.384749 0.442034 0.810292 0.254639 0.153759 1 6 1.000000
  6 -17.717697 48.867798 -2.502868 -0.009602 0.566371 0.824095 0.230953 0.180287 1 6 1.000000
pyro_hands_red
  6 -18.870794 52.095051 -3.506935 0.719531 0.631598 0.288718 0.236664 0.055388 1 6 1.000000
  6 -18.651896 49.485992 -2.508069 0.384749 0.442034 0.810292 0.254639 0.153759 1 6 1.000000
  6 -17.942757 51.590176 -4.056182 0.475519 0.758426 0.445727 0.208736 0.077469 1 6 1.000000
pyro_hands_red
  6 -18.870794 52.095051 -3.506935 0.719531 0.631598 0.288718 0.236664 0.055388 1 6 1.000000
  6 -19.265594 49.892490 -2.124518 0.778702 0.226528 0.585071 0.275512 0.140961 1 6 1.000000
  6 -18.651896 49.485992 -2.508069 0.384749 0.442034 0.810292 0.254639 0.153759 1 6 1.000000
pyro_hands_red
  49 -19.741798 37.110786 1.719553 -0.282021 -0.629178 -0.724293 0.429714 0.878260 2 49 0.500000 51 0.500000
  51 -19.794996 36.938385 2.311642 -0.514929 -0.856335 0.039217 0.417202 0.881812 2 51 0.511400 49 0.488600
  49 -20.002396 37.093185 2.256992 -0.634002 -0.772506 -0.035730 0.417358 0.877163 2 49 0.502700 51 0.497300
pyro_hands_red
  49 -19.741798 37.110786 1.719553 -0.282021 -0.629178 -0.724293 0.429714 0.878260 2 49 0.500000 51 0.500000
  51 -19.529896 36.960186 1.789343 -0.206925 -0.695719 -0.687864 0.429535 0.883987 2 51 0.526600 49 0.473400
  51 -19.794996 36.938385 2.311642 -0.514929 -0.856335 0.039217 0.417202 0.881812 2 51 0.511400 49 0.488600
pyro_hands_red
  51 -19.529896 36.960186 1.789343 -0.206925 -0.695719 -0.687864 0.429535 0.883987 2 51 0.526600 49 0.473400
  51 -18.829697 36.502384 2.561702 -0.434012 -0.899125 0.056636 0.415925 0.905746 1 51 1.000000
  51 -19.794996 36.938385 2.311642 -0.514929 -0.856335 0.039217 0.417202 0.881812 2 51 0.511400 49 0.488600
pyro_hands_red
  51 -19.529896 36.960186 1.789343 -0.206925 -0.695719 -0.687864 0.429535 0.883987 2 51 0.526600 49 0.473400
  51 -18.597898 36.499084 2.064722 -0.168819 -0.757001 -0.631229 0.427884 0.908276 1 51 1.000000
  51 -18.829697 36.502384 2.561702 -0.434012 -0.899125 0.056636 0.415925 0.905746 1 51 1.000000
pyro_hands_red
  51 -18.597898 36.499084 2.064722 -0.168819 -0.757001 -0.631229 0.427884 0.908276 1 51 1.000000
  51 -18.283197 36.253284 2.707222 -0.434012 -0.899125 0.056636 0.415289 0.919527 1 51 1.000000
  51 -18.829697 36.502384 2.561702 -0.434012 -0.899125 0.056636 0.415925 0.905746 1 51 1.000000
pyro_hands_red
  51 -18.597898 36.499084 2.064722 -0.168819 -0.757001 -0.631229 0.427884 0.908276 1 51 1.000000
  51 -18.109299 36.244083 2.257732 -0.148704 -0.811616 -0.564948 0.425840 0.921136 1 51 1.000000
  51 -18.283197 36.253284 2.707222 -0.434012 -0.899125 0.056636 0.415289 0.919527 1 51 1.000000
pyro_hands_red
  51 -17.780893 36.031876 2.474293 0.123120 -0.943197 -0.308577 0.422511 0.929849 1 51 1.000000
  51 -18.283197 36.253284 2.707222 -0.434012 -0.899125 0.056636 0.415289 0.919527 1 51 1.000000
  51 -18.109299 36.244083 2.257732 -0.148704 -0.811616 -0.564948 0.425840 0.921136 1 51 1.000000
pyro_hands_red
  51 -17.780893 36.031876 2.474293 0.123120 -0.943197 -0.308577 0.422511 0.929849 1 51 1.000000
  51 -17.885395 36.062679 2.837620 -0.000401 -0.981254 0.192718 0.414760 0.929432 1 51 1.000000
  51 -18.283197 36.253284 2.707222 -0.434012 -0.899125 0.056636 0.415289 0.919527 1 51 1.000000
pyro_hands_red
  51 -19.212900 37.466087 1.650292 0.337902 -0.045251 -0.940093 0.443159 0.880946 2 51 0.509800 49 0.490200
  51 -19.055599 37.306084 1.717042 0.287428 -0.043676 -0.956806 0.441599 0.889571 2 51 0.602300 49 0.397700
  51 -19.529896 36.960186 1.789343 -0.206925 -0.695719 -0.687864 0.429535 0.883987 2 51 0.526600 49 0.473400
pyro_hands_red
  51 -19.055599 37.306084 1.717042 0.287428 -0.043676 -0.956806 0.441599 0.889571 2 51 0.602300 49 0.397700
  51 -18.597898 36.499084 2.064722 -0.168819 -0.757001 -0.631229 0.427884 0.908276 1 51 1.000000
  51 -19.529896 36.960186 1.789343 -0.206925 -0.695719 -0.687864 0.429535 0.883987 2 51 0.526600 49 0.473400
pyro_hands_red
  51 -19.055599 37.306084 1.717042 0.287428 -0.043676 -0.956806 0.441599 0.889571 2 51 0.602300 49 0.397700
  51 -18.186398 36.775185 1.984312 0.285465 -0.127728 -0.949839 0.438001 0.913937 1 51 1.000000
  51 -18.597898 36.499084 2.064722 -0.168819 -0.757001 -0.631229 0.427884 0.908276 1 51 1.000000
pyro_hands_red
  51 -18.186398 36.775185 1.984312 0.285465 -0.127728 -0.949839 0.438001 0.913937 1 51 1.000000
  51 -18.109299 36.244083 2.257732 -0.148704 -0.811616 -0.564948 0.425840 0.921136 1 51 1.000000
  51 -18.597898 36.499084 2.064722 -0.168819 -0.757001 -0.631229 0.427884 0.908276 1 51 1.000000
pyro_hands_red
  51 -18.186398 36.775185 1.984312 0.285465 -0.127728 -0.949839 0.438001 0.913937 1 51 1.000000
  51 -17.805901 36.444786 2.176812 0.384040 -0.301794 -0.872601 0.432907 0.925912 1 51 1.000000
  51 -18.109299 36.244083 2.257732 -0.148704 -0.811616 -0.564948 0.425840 0.921136 1 51 1.000000
pyro_hands_red
  51 -17.805901 36.444786 2.176812 0.384040 -0.301794 -0.872601 0.432907 0.925912 1 51 1.000000
  51 -17.780893 36.031876 2.474293 0.123120 -0.943197 -0.308577 0.422511 0.929849 1 51 1.000000
  51 -18.109299 36.244083 2.257732 -0.148704 -0.811616 -0.564948 0.425840 0.921136 1 51 1.000000
pyro_hands_red
  51 -17.805901 36.444786 2.176812 0.384040 -0.301794 -0.872601 0.432907 0.925912 1 51 1.000000
  51 -17.585695 36.176182 2.452783 0.693085 -0.615437 -0.375327 0.425686 0.934104 1 51 1.000000
  51 -17.780893 36.031876 2.474293 0.123120 -0.943197 -0.308577 0.422511 0.929849 1 51 1.000000
pyro_hands_red
  51 -17.628094 36.200279 2.879249 0.711838 -0.641546 0.285841 0.414054 0.936253 1 51 1.000000
  51 -17.780893 36.031876 2.474293 0.123120 -0.943197 -0.308577 0.422511 0.929849 1 51 1.000000
  51 -17.585695 36.176182 2.452783 0.693085 -0.615437 -0.375327 0.425686 0.934104 1 51 1.000000
pyro_hands_red
  51 -17.628094 36.200279 2.879249 0.711838 -0.641546 0.285841 0.414054 0.936253 1 51 1.000000
  51 -17.885395 36.062679 2.837620 -0.000401 -0.981254 0.192718 0.414760 0.929432 1 51 1.000000
  51 -17.780893 36.031876 2.474293 0.123120 -0.943197 -0.308577 0.422511 0.929849 1 51 1.000000
pyro_hands_red
  51 -17.628094 36.200279 2.879249 0.711838 -0.641546 0.285841 0.414054 0.936253 1 51 1.000000
  51 -17.950098 36.166885 3.178518 -0.084245 -0.740115 0.667182 0.407175 0.928832 1 51 1.000000
  51 -17.885395 36.062679 2.837620 -0.000401 -0.981254 0.192718 0.414760 0.929432 1 51 1.000000
pyro_hands_red
  51 -18.283197 36.253284 2.707222 -0.434012 -0.899125 0.056636 0.415289 0.919527 1 51 1.000000
  51 -17.885395 36.062679 2.837620 -0.000401 -0.981254 0.192718 0.414760 0.929432 1 51 1.000000
  51 -17.950098 36.166885 3.178518 -0.084245 -0.740115 0.667182 0.407175 0.928832 1 51 1.000000
pyro_hands_red
  51 -18.283197 36.253284 2.707222 -0.434012 -0.899125 0.056636 0.415289 0.919527 1 51 1.000000
  51 -17.950098 36.166885 3.178518 -0.084245 -0.740115 0.667182 0.407175 0.928832 1 51 1.000000
  51 -18.270098 36.393887 3.158862 -0.419882 -0.589084 0.690419 0.404767 0.920669 1 51 1.000000
pyro_hands_red
  51 -18.283197 36.253284 2.707222 -0.434012 -0.899125 0.056636 0.415289 0.919527 1 51 1.000000
  51 -18.270098 36.393887 3.158862 -0.419882 -0.589084 0.690419 0.404767 0.920669 1 51 1.000000
  51 -18.801598 36.660084 3.069862 -0.419882 -0.589084 0.690419 0.403932 0.906860 1 51 1.000000
pyro_hands_red
  51 -18.283197 36.253284 2.707222 -0.434012 -0.899125 0.056636 0.415289 0.919527 1 51 1.000000
  51 -18.801598 36.660084 3.069862 -0.419882 -0.589084 0.690419 0.403932 0.906860 1 51 1.000000
  51 -18.829697 36.502384 2.561702 -0.434012 -0.899125 0.056636 0.415925 0.905746 1 51 1.000000
pyro_hands_red
  51 -18.829697 36.502384 2.561702 -0.434012 -0.899125 0.056636 0.415925 0.905746 1 51 1.000000
  51 -18.801598 36.660084 3.069862 -0.419882 -0.589084 0.690419 0.403932 0.906860 1 51 1.000000
  51 -19.787098 37.120483 2.832832 -0.474955 -0.558352 0.680192 0.405384 0.882067 2 51 0.510500 49 0.489500
pyro_hands_red
  51 -18.829697 36.502384 2.561702 -0.434012 -0.899125 0.056636 0.415925 0.905746 1 51 1.000000
  51 -19.787098 37.120483 2.832832 -0.474955 -0.558352 0.680192 0.405384 0.882067 2 51 0.510500 49 0.489500
  51 -19.794996 36.938385 2.311642 -0.514929 -0.856335 0.039217 0.417202 0.881812 2 51 0.511400 49 0.488600
pyro_hands_red
  51 -19.794996 36.938385 2.311642 -0.514929 -0.856335 0.039217 0.417202 0.881812 2 51 0.511400 49 0.488600
  51 -19.787098 37.120483 2.832832 -0.474955 -0.558352 0.680192 0.405384 0.882067 2 51 0.510500 49 0.489500
  49 -19.995996 37.259483 2.789202 -0.569557 -0.504097 0.649224 0.405771 0.877380 2 49 0.502700 51 0.497300
pyro_hands_red
  51 -19.794996 36.938385 2.311642 -0.514929 -0.856335 0.039217 0.417202 0.881812 2 51 0.511400 49 0.488600
  49 -19.995996 37.259483 2.789202 -0.569557 -0.504097 0.649224 0.405771 0.877380 2 49 0.502700 51 0.497300
  49 -20.002396 37.093185 2.256992 -0.634002 -0.772506 -0.035730 0.417358 0.877163 2 49 0.502700 51 0.497300
pyro_hands_red
  51 -17.628094 36.200279 2.879249 0.711838 -0.641546 0.285841 0.414054 0.936253 1 51 1.000000
  51 -17.746899 36.326183 3.218779 0.423175 -0.395612 0.815116 0.403993 0.933618 1 51 1.000000
  51 -17.950098 36.166885 3.178518 -0.084245 -0.740115 0.667182 0.407175 0.928832 1 51 1.000000
pyro_hands_red
  51 -17.950098 36.166885 3.178518 -0.084245 -0.740115 0.667182 0.407175 0.928832 1 51 1.000000
  51 -17.746899 36.326183 3.218779 0.423175 -0.395612 0.815116 0.403993 0.933618 1 51 1.000000
  51 -18.008598 36.622284 3.279132 -0.007811 0.007837 0.999939 0.397126 0.925084 1 51 1.000000
pyro_hands_red
  51 -17.950098 36.166885 3.178518 -0.084245 -0.740115 0.667182 0.407175 0.928832 1 51 1.000000
  51 -18.008598 36.622284 3.279132 -0.007811 0.007837 0.999939 0.397126 0.925084 1 51 1.000000
  51 -18.270098 36.393887 3.158862 -0.419882 -0.589084 0.690419 0.404767 0.920669 1 51 1.000000
pyro_hands_red
  51 -18.270098 36.393887 3.158862 -0.419882 -0.589084 0.690419 0.404767 0.920669 1 51 1.000000
  51 -18.008598 36.622284 3.279132 -0.007811 0.007837 0.999939 0.397126 0.925084 1 51 1.000000
  51 -18.466099 36.985283 3.241612 -0.094184 0.084057 0.992000 0.393232 0.911036 1 51 1.000000
pyro_hands_red
  51 -18.270098 36.393887 3.158862 -0.419882 -0.589084 0.690419 0.404767 0.920669 1 51 1.000000
  51 -18.466099 36.985283 3.241612 -0.094184 0.084057 0.992000 0.393232 0.911036 1 51 1.000000
  51 -18.801598 36.660084 3.069862 -0.419882 -0.589084 0.690419 0.403932 0.906860 1 51 1.000000
pyro_hands_red
  51 -18.801598 36.660084 3.069862 -0.419882 -0.589084 0.690419 0.403932 0.906860 1 51 1.000000
  51 -18.466099 36.985283 3.241612 -0.094184 0.084057 0.992000 0.393232 0.911036 1 51 1.000000
  51 -19.416096 37.529083 3.045002 -0.094184 0.084057 0.992000 0.392655 0.885321 2 51 0.532500 49 0.467500
pyro_hands_red
  51 -18.801598 36.660084 3.069862 -0.419882 -0.589084 0.690419 0.403932 0.906860 1 51 1.000000
  51 -19.416096 37.529083 3.045002 -0.094184 0.084057 0.992000 0.392655 0.885321 2 51 0.532500 49 0.467500
  51 -19.787098 37.120483 2.832832 -0.474955 -0.558352 0.680192 0.405384 0.882067 2 51 0.510500 49 0.489500
pyro_hands_red
  51 -19.787098 37.120483 2.832832 -0.474955 -0.558352 0.680192 0.405384 0.882067 2 51 0.510500 49 0.489500
  51 -19.416096 37.529083 3.045002 -0.094184 0.084057 0.992000 0.392655 0.885321 2 51 0.532500 49 0.467500
  49 -19.599796 37.678284 3.012202 -0.094184 0.084057 0.992000 0.392856 0.878567 2 49 0.501000 51 0.499000
pyro_hands_red
  51 -19.787098 37.120483 2.832832 -0.474955 -0.558352 0.680192 0.405384 0.882067 2 51 0.510500 49 0.489500
  49 -19.599796 37.678284 3.012202 -0.094184 0.084057 0.992000 0.392856 0.878567 2 49 0.501000 51 0.499000
  49 -19.995996 37.259483 2.789202 -0.569557 -0.504097 0.649224 0.405771 0.877380 2 49 0.502700 51 0.497300
pyro_hands_red
  49 -19.995996 37.259483 2.789202 -0.569557 -0.504097 0.649224 0.405771 0.877380 2 49 0.502700 51 0.497300
  49 -19.599796 37.678284 3.012202 -0.094184 0.084057 0.992000 0.392856 0.878567 2 49 0.501000 51 0.499000
  49 -20.663897 38.785683 2.779591 -0.141612 0.104687 0.984371 0.390650 0.862538 1 49 1.000000
pyro_hands_red
  49 -19.995996 37.259483 2.789202 -0.569557 -0.504097 0.649224 0.405771 0.877380 2 49 0.502700 51 0.497300
  49 -20.663897 38.785683 2.779591 -0.141612 0.104687 0.984371 0.390650 0.862538 1 49 1.000000
  49 -21.307398 38.543579 2.455932 -0.707458 -0.351179 0.613332 0.404185 0.855481 1 49 1.000000
pyro_hands_red
  49 -20.002396 37.093185 2.256992 -0.634002 -0.772506 -0.035730 0.417358 0.877163 2 49 0.502700 51 0.497300
  49 -19.995996 37.259483 2.789202 -0.569557 -0.504097 0.649224 0.405771 0.877380 2 49 0.502700 51 0.497300
  49 -21.307398 38.543579 2.455932 -0.707458 -0.351179 0.613332 0.404185 0.855481 1 49 1.000000
pyro_hands_red
  49 -20.002396 37.093185 2.256992 -0.634002 -0.772506 -0.035730 0.417358 0.877163 2 49 0.502700 51 0.497300
  49 -21.307398 38.543579 2.455932 -0.707458 -0.351179 0.613332 0.404185 0.855481 1 49 1.000000
  49 -21.343000 38.420486 1.832032 -0.812726 -0.573208 -0.104451 0.416710 0.853838 1 49 1.000000
pyro_hands_red
  49 -21.030800 38.408485 1.211792 -0.386243 -0.498472 -0.776107 0.430687 0.854914 2 49 0.948800 51 0.051200
  49 -20.002396 37.093185 2.256992 -0.634002 -0.772506 -0.035730 0.417358 0.877163 2 49 0.502700 51 0.497300
  49 -21.343000 38.420486 1.832032 -0.812726 -0.573208 -0.104451 0.416710 0.853838 1 49 1.000000
pyro_hands_red
  49 -21.030800 38.408485 1.211792 -0.386243 -0.498472 -0.776107 0.430687 0.854914 2 49 0.948800 51 0.051200
  49 -19.741798 37.110786 1.719553 -0.282021 -0.629178 -0.724293 0.429714 0.878260 2 49 0.500000 51 0.500000
  49 -20.002396 37.093185 2.256992 -0.634002 -0.772506 -0.035730 0.417358 0.877163 2 49 0.502700 51 0.497300
pyro_hands_red
  49 -20.158003 38.596485 1.209462 0.372802 -0.088462 -0.923685 0.446989 0.864472 2 49 0.938200 51 0.061800
  49 -19.741798 37.110786 1.719553 -0.282021 -0.629178 -0.724293 0.429714 0.878260 2 49 0.500000 51 0.500000
  49 -21.030800 38.408485 1.211792 -0.386243 -0.498472 -0.776107 0.430687 0.854914 2 49 0.948800 51 0.051200
pyro_hands_red
  49 -20.158003 38.596485 1.209462 0.372802 -0.088462 -0.923685 0.446989 0.864472 2 49 0.938200 51 0.061800
  51 -19.212900 37.466087 1.650292 0.337902 -0.045251 -0.940093 0.443159 0.880946 2 51 0.509800 49 0.490200
  49 -19.741798 37.110786 1.719553 -0.282021 -0.629178 -0.724293 0.429714 0.878260 2 49 0.500000 51 0.500000
pyro_hands_red
  51 -19.212900 37.466087 1.650292 0.337902 -0.045251 -0.940093 0.443159 0.880946 2 51 0.509800 49 0.490200
  51 -19.529896 36.960186 1.789343 -0.206925 -0.695719 -0.687864 0.429535 0.883987 2 51 0.526600 49 0.473400
  49 -19.741798 37.110786 1.719553 -0.282021 -0.629178 -0.724293 0.429714 0.878260 2 49 0.500000 51 0.500000
pyro_hands_red
  6 -13.657282 50.446957 0.959427 0.861437 -0.475993 0.177080 0.804798 0.237114 1 6 1.000000
  6 -13.884854 50.783855 2.039566 0.884274 0.333691 0.326663 0.837428 0.239496 1 6 1.000000
  6 -13.894668 50.766151 2.042703 0.775288 -0.316197 0.546761 0.837346 0.240035 1 6 1.000000
pyro_hands_red
  6 -13.657282 50.446957 0.959427 0.861437 -0.475993 0.177080 0.804798 0.237114 1 6 1.000000
  6 -13.645973 50.464252 0.955759 0.980803 0.174680 0.086673 0.804834 0.236620 1 6 1.000000
  6 -13.884854 50.783855 2.039566 0.884274 0.333691 0.326663 0.837428 0.239496 1 6 1.000000
pyro_hands_red
  6 -13.668225 50.187107 -0.274617 0.853049 -0.521108 0.027456 0.768689 0.234790 1 6 1.000000
  6 -13.645973 50.464252 0.955759 0.980803 0.174680 0.086673 0.804834 0.236620 1 6 1.000000
  6 -13.657282 50.446957 0.959427 0.861437 -0.475993 0.177080 0.804798 0.237114 1 6 1.000000
pyro_hands_red
  6 -13.668225 50.187107 -0.274617 0.853049 -0.521108 0.027456 0.768689 0.234790 1 6 1.000000
  6 -13.656714 50.203136 -0.278890 0.991291 0.093683 -0.092550 0.768739 0.234291 1 6 1.000000
  6 -13.645973 50.464252 0.955759 0.980803 0.174680 0.086673 0.804834 0.236620 1 6 1.000000
pyro_hands_red
  6 -13.819354 50.066154 -1.313540 0.816145 -0.553231 -0.166862 0.738400 0.232215 1 6 1.000000
  6 -13.656714 50.203136 -0.278890 0.991291 0.093683 -0.092550 0.768739 0.234291 1 6 1.000000
  6 -13.668225 50.187107 -0.274617 0.853049 -0.521108 0.027456 0.768689 0.234790 1 6 1.000000
pyro_hands_red
  6 -13.819354 50.066154 -1.313540 0.816145 -0.553231 -0.166862 0.738400 0.232215 1 6 1.000000
  6 -13.809131 50.082047 -1.318885 0.968809 0.099390 -0.227005 0.738388 0.231712 1 6 1.000000
  6 -13.656714 50.203136 -0.278890 0.991291 0.093683 -0.092550 0.768739 0.234291 1 6 1.000000
pyro_hands_red
  6 -14.071007 50.054459 -2.126418 0.713546 -0.586521 -0.383205 0.714050 0.229688 1 6 1.000000
  6 -13.809131 50.082047 -1.318885 0.968809 0.099390 -0.227005 0.738388 0.231712 1 6 1.000000
  6 -13.819354 50.066154 -1.313540 0.816145 -0.553231 -0.166862 0.738400 0.232215 1 6 1.000000
pyro_hands_red
  6 -14.071007 50.054459 -2.126418 0.713546 -0.586521 -0.383205 0.714050 0.229688 1 6 1.000000
  6 -14.062619 50.069920 -2.133325 0.908384 0.117294 -0.401347 0.713992 0.229201 1 6 1.000000
  6 -13.809131 50.082047 -1.318885 0.968809 0.099390 -0.227005 0.738388 0.231712 1 6 1.000000
pyro_hands_red
  6 -14.624355 50.205612 -3.036485 0.513550 -0.551924 -0.656998 0.683092 0.226145 1 6 1.000000
  6 -14.062619 50.069920 -2.133325 0.908384 0.117294 -0.401347 0.713992 0.229201 1 6 1.000000
  6 -14.071007 50.054459 -2.126418 0.713546 -0.586521 -0.383205 0.714050 0.229688 1 6 1.000000
pyro_hands_red
  6 -14.624355 50.205612 -3.036485 0.513550 -0.551924 -0.656998 0.683092 0.226145 1 6 1.000000
  6 -14.617903 50.222164 -3.045255 0.732169 0.122471 -0.670022 0.682983 0.225636 1 6 1.000000
  6 -14.062619 50.069920 -2.133325 0.908384 0.117294 -0.401347 0.713992 0.229201 1 6 1.000000
pyro_hands_red
  6 -13.884854 50.783855 2.039566 0.884274 0.333691 0.326663 0.837428 0.239496 1 6 1.000000
  6 -14.670735 51.300903 2.801409 0.631157 0.540382 0.556443 0.870820 0.242767 1 6 1.000000
  6 -14.676908 51.281479 2.804833 0.479996 -0.047421 0.875988 0.870697 0.243241 1 6 1.000000
pyro_hands_red
  6 -13.884854 50.783855 2.039566 0.884274 0.333691 0.326663 0.837428 0.239496 1 6 1.000000
  6 -14.676908 51.281479 2.804833 0.479996 -0.047421 0.875988 0.870697 0.243241 1 6 1.000000
  6 -13.894668 50.766151 2.042703 0.775288 -0.316197 0.546761 0.837346 0.240035 1 6 1.000000
pyro_hands_red
  6 -15.304485 49.871330 3.032158 0.540398 -0.101203 0.835301 0.862352 0.278746 1 6 1.000000
  6 -13.894668 50.766151 2.042703 0.775288 -0.316197 0.546761 0.837346 0.240035 1 6 1.000000
  6 -14.676908 51.281479 2.804833 0.479996 -0.047421 0.875988 0.870697 0.243241 1 6 1.000000
pyro_hands_red
  6 -15.304485 49.871330 3.032158 0.540398 -0.101203 0.835301 0.862352 0.278746 1 6 1.000000
  6 -14.642726 49.353840 2.241676 0.792480 -0.336860 0.508430 0.830763 0.278075 1 6 1.000000
  6 -13.894668 50.766151 2.042703 0.775288 -0.316197 0.546761 0.837346 0.240035 1 6 1.000000
pyro_hands_red
  6 -14.642726 49.353840 2.241676 0.792480 -0.336860 0.508430 0.830763 0.278075 1 6 1.000000
  6 -13.657282 50.446957 0.959427 0.861437 -0.475993 0.177080 0.804798 0.237114 1 6 1.000000
  6 -13.894668 50.766151 2.042703 0.775288 -0.316197 0.546761 0.837346 0.240035 1 6 1.000000
pyro_hands_red
  6 -14.642726 49.353840 2.241676 0.792480 -0.336860 0.508430 0.830763 0.278075 1 6 1.000000
  6 -14.507269 48.969273 1.231935 0.861437 -0.475993 0.177080 0.799944 0.278399 1 6 1.000000
  6 -13.657282 50.446957 0.959427 0.861437 -0.475993 0.177080 0.804798 0.237114 1 6 1.000000
pyro_hands_red
  6 -14.507269 48.969273 1.231935 0.861437 -0.475993 0.177080 0.799944 0.278399 1 6 1.000000
  6 -13.668225 50.187107 -0.274617 0.853049 -0.521108 0.027456 0.768689 0.234790 1 6 1.000000
  6 -13.657282 50.446957 0.959427 0.861437 -0.475993 0.177080 0.804798 0.237114 1 6 1.000000
pyro_hands_red
  6 -14.507269 48.969273 1.231935 0.861437 -0.475993 0.177080 0.799944 0.278399 1 6 1.000000
  6 -14.587469 48.663795 0.132343 0.853049 -0.521108 0.027456 0.767098 0.278682 1 6 1.000000
  6 -13.668225 50.187107 -0.274617 0.853049 -0.521108 0.027456 0.768689 0.234790 1 6 1.000000
pyro_hands_red
  6 -14.782183 48.518997 -0.864763 0.816145 -0.553231 -0.166862 0.737660 0.277216 1 6 1.000000
  6 -13.668225 50.187107 -0.274617 0.853049 -0.521108 0.027456 0.768689 0.234790 1 6 1.000000
  6 -14.587469 48.663795 0.132343 0.853049 -0.521108 0.027456 0.767098 0.278682 1 6 1.000000
pyro_hands_red
  6 -14.782183 48.518997 -0.864763 0.816145 -0.553231 -0.166862 0.737660 0.277216 1 6 1.000000
  6 -13.819354 50.066154 -1.313540 0.816145 -0.553231 -0.166862 0.738400 0.232215 1 6 1.000000
  6 -13.668225 50.187107 -0.274617 0.853049 -0.521108 0.027456 0.768689 0.234790 1 6 1.000000
pyro_hands_red
  6 -15.033695 48.501431 -1.629762 0.713546 -0.586521 -0.383205 0.714785 0.275073 1 6 1.000000
  6 -13.819354 50.066154 -1.313540 0.816145 -0.553231 -0.166862 0.738400 0.232215 1 6 1.000000
  6 -14.782183 48.518997 -0.864763 0.816145 -0.553231 -0.166862 0.737660 0.277216 1 6 1.000000
pyro_hands_red
  6 -15.033695 48.501431 -1.629762 0.713546 -0.586521 -0.383205 0.714785 0.275073 1 6 1.000000
  6 -14.071007 50.054459 -2.126418 0.713546 -0.586521 -0.383205 0.714050 0.229688 1 6 1.000000
  6 -13.819354 50.066154 -1.313540 0.816145 -0.553231 -0.166862 0.738400 0.232215 1 6 1.000000
pyro_hands_red
  6 -15.517030 48.622902 -2.415269 0.513550 -0.551924 -0.656998 0.688276 0.272155 1 6 1.000000
  6 -14.071007 50.054459 -2.126418 0.713546 -0.586521 -0.383205 0.714050 0.229688 1 6 1.000000
  6 -15.033695 48.501431 -1.629762 0.713546 -0.586521 -0.383205 0.714785 0.275073 1 6 1.000000
pyro_hands_red
  6 -15.517030 48.622902 -2.415269 0.513550 -0.551924 -0.656998 0.688276 0.272155 1 6 1.000000
  6 -14.624355 50.205612 -3.036485 0.513550 -0.551924 -0.656998 0.683092 0.226145 1 6 1.000000
  6 -14.071007 50.054459 -2.126418 0.713546 -0.586521 -0.383205 0.714050 0.229688 1 6 1.000000
pyro_hands_red
  6 -16.678743 48.995350 -3.164390 0.147683 -0.485413 -0.861722 0.647133 0.271990 1 6 1.000000
  6 -14.624355 50.205612 -3.036485 0.513550 -0.551924 -0.656998 0.683092 0.226145 1 6 1.000000
  6 -15.517030 48.622902 -2.415269 0.513550 -0.551924 -0.656998 0.688276 0.272155 1 6 1.000000
pyro_hands_red
  6 -16.678743 48.995350 -3.164390 0.147683 -0.485413 -0.861722 0.647133 0.271990 1 6 1.000000
  6 -16.022280 50.686657 -3.954736 0.147683 -0.485413 -0.861722 0.632683 0.225741 1 6 1.000000
  6 -14.624355 50.205612 -3.036485 0.513550 -0.551924 -0.656998 0.683092 0.226145 1 6 1.000000
pyro_hands_red
  6 -16.022280 50.686657 -3.954736 0.147683 -0.485413 -0.861722 0.632683 0.225741 1 6 1.000000
  6 -14.617903 50.222164 -3.045255 0.732169 0.122471 -0.670022 0.682983 0.225636 1 6 1.000000
  6 -14.624355 50.205612 -3.036485 0.513550 -0.551924 -0.656998 0.683092 0.226145 1 6 1.000000
pyro_hands_red
  6 -16.022280 50.686657 -3.954736 0.147683 -0.485413 -0.861722 0.632683 0.225741 1 6 1.000000
  6 -16.020035 50.705795 -3.966472 0.394518 0.135680 -0.908816 0.632112 0.225144 1 6 1.000000
  6 -14.617903 50.222164 -3.045255 0.732169 0.122471 -0.670022 0.682983 0.225636 1 6 1.000000
pyro_hands_red
  6 -16.761894 50.629475 3.402564 0.113301 0.205601 0.972055 0.127834 0.311736 1 6 1.000000
  6 -15.976542 50.253906 3.294062 0.297442 0.090655 0.950426 0.102447 0.320880 1 6 1.000000
  6 -15.446344 51.721958 2.968557 0.229680 0.125532 0.965137 0.095909 0.281392 1 6 1.000000
pyro_hands_red
  6 -16.761894 50.629475 3.402564 0.113301 0.205601 0.972055 0.127834 0.311736 1 6 1.000000
  6 -15.446344 51.721958 2.968557 0.229680 0.125532 0.965137 0.095909 0.281392 1 6 1.000000
  6 -16.319901 52.194817 3.026419 0.058778 0.203483 0.977312 0.123386 0.267687 1 6 1.000000
pyro_hands_red
  6 -17.659508 50.924263 3.300263 -0.155321 0.255680 0.954203 0.155949 0.303969 1 6 1.000000
  6 -16.761894 50.629475 3.402564 0.113301 0.205601 0.972055 0.127834 0.311736 1 6 1.000000
  6 -16.319901 52.194817 3.026419 0.058778 0.203483 0.977312 0.123386 0.267687 1 6 1.000000
pyro_hands_red
  6 -17.659508 50.924263 3.300263 -0.155321 0.255680 0.954203 0.155949 0.303969 1 6 1.000000
  6 -16.319901 52.194817 3.026419 0.058778 0.203483 0.977312 0.123386 0.267687 1 6 1.000000
  6 -17.215965 52.583504 2.877807 -0.155321 0.255680 0.954203 0.151150 0.255434 1 6 1.000000
pyro_hands_red
  6 -18.786091 51.162121 2.942826 -0.365365 0.330716 0.870135 0.191990 0.296776 1 6 1.000000
  6 -17.659508 50.924263 3.300263 -0.155321 0.255680 0.954203 0.155949 0.303969 1 6 1.000000
  6 -17.215965 52.583504 2.877807 -0.155321 0.255680 0.954203 0.151150 0.255434 1 6 1.000000
pyro_hands_red
  6 -18.786091 51.162121 2.942826 -0.365365 0.330716 0.870135 0.191990 0.296776 1 6 1.000000
  6 -17.215965 52.583504 2.877807 -0.155321 0.255680 0.954203 0.151150 0.255434 1 6 1.000000
  6 -18.262924 52.972191 2.468555 -0.388310 0.287351 0.875582 0.184894 0.241502 1 6 1.000000
pyro_hands_red
  6 -18.786091 51.162121 2.942826 -0.365365 0.330716 0.870135 0.191990 0.296776 1 6 1.000000
  6 -18.262924 52.972191 2.468555 -0.388310 0.287351 0.875582 0.184894 0.241502 1 6 1.000000
  6 -19.044510 53.151592 1.905258 -0.658946 0.290392 0.693875 0.213716 0.232501 1 6 1.000000
pyro_hands_red
  6 -18.786091 51.162121 2.942826 -0.365365 0.330716 0.870135 0.191990 0.296776 1 6 1.000000
  6 -19.044510 53.151592 1.905258 -0.658946 0.290392 0.693875 0.213716 0.232501 1 6 1.000000
  6 -19.632748 51.139488 2.428186 -0.659727 0.355570 0.662065 0.222123 0.295465 1 6 1.000000
pyro_hands_red
  6 -20.118420 51.112167 1.670747 -0.877691 0.316489 0.359852 0.249890 0.290812 1 6 1.000000
  6 -19.632748 51.139488 2.428186 -0.659727 0.355570 0.662065 0.222123 0.295465 1 6 1.000000
  6 -19.044510 53.151592 1.905258 -0.658946 0.290392 0.693875 0.213716 0.232501 1 6 1.000000
pyro_hands_red
  6 -20.118420 51.112167 1.670747 -0.877691 0.316489 0.359852 0.249890 0.290812 1 6 1.000000
  6 -19.044510 53.151592 1.905258 -0.658946 0.290392 0.693875 0.213716 0.232501 1 6 1.000000
  6 -19.550220 53.231514 1.189965 -0.864618 0.276516 0.419493 0.239971 0.224909 1 6 1.000000
pyro_hands_red
  6 -20.346939 51.013447 0.797636 -0.961578 0.250298 0.112781 0.278188 0.286560 1 6 1.000000
  6 -20.118420 51.112167 1.670747 -0.877691 0.316489 0.359852 0.249890 0.290812 1 6 1.000000
  6 -19.550220 53.231514 1.189965 -0.864618 0.276516 0.419493 0.239971 0.224909 1 6 1.000000
pyro_hands_red
  6 -20.346939 51.013447 0.797636 -0.961578 0.250298 0.112781 0.278188 0.286560 1 6 1.000000
  6 -19.550220 53.231514 1.189965 -0.864618 0.276516 0.419493 0.239971 0.224909 1 6 1.000000
  6 -19.836382 53.205772 0.331818 -0.965875 0.189646 0.176410 0.267627 0.218910 1 6 1.000000
pyro_hands_red
  6 -20.394707 50.850338 -0.118411 -0.979414 0.194471 -0.054120 0.307368 0.283277 1 6 1.000000
  6 -20.346939 51.013447 0.797636 -0.961578 0.250298 0.112781 0.278188 0.286560 1 6 1.000000
  6 -19.836382 53.205772 0.331818 -0.965875 0.189646 0.176410 0.267627 0.218910 1 6 1.000000
pyro_hands_red
  6 -20.394707 50.850338 -0.118411 -0.979414 0.194471 -0.054120 0.307368 0.283277 1 6 1.000000
  6 -19.836382 53.205772 0.331818 -0.965875 0.189646 0.176410 0.267627 0.218910 1 6 1.000000
  6 -19.931316 53.090755 -0.567308 -0.991220 0.132108 -0.005420 0.295922 0.214725 1 6 1.000000
pyro_hands_red
  6 -20.320572 50.658039 -1.001047 -0.967763 0.144062 -0.206592 0.335706 0.280815 1 6 1.000000
  6 -20.394707 50.850338 -0.118411 -0.979414 0.194471 -0.054120 0.307368 0.283277 1 6 1.000000
  6 -19.931316 53.090755 -0.567308 -0.991220 0.132108 -0.005420 0.295922 0.214725 1 6 1.000000
pyro_hands_red
  6 -20.320572 50.658039 -1.001047 -0.967763 0.144062 -0.206592 0.335706 0.280815 1 6 1.000000
  6 -19.931316 53.090755 -0.567308 -0.991220 0.132108 -0.005420 0.295922 0.214725 1 6 1.000000
  6 -19.888260 52.904579 -1.455984 -0.979803 0.110592 -0.166597 0.324293 0.212362 1 6 1.000000
pyro_hands_red
  6 -20.320572 50.658039 -1.001047 -0.967763 0.144062 -0.206592 0.335706 0.280815 1 6 1.000000
  6 -19.888260 52.904579 -1.455984 -0.979803 0.110592 -0.166597 0.324293 0.212362 1 6 1.000000
  6 -19.631519 52.557384 -2.555291 -0.928712 0.002440 -0.370793 0.361421 0.212489 1 6 1.000000
pyro_hands_red
  6 -20.320572 50.658039 -1.001047 -0.967763 0.144062 -0.206592 0.335706 0.280815 1 6 1.000000
  6 -19.631519 52.557384 -2.555291 -0.928712 0.002440 -0.370793 0.361421 0.212489 1 6 1.000000
  6 -20.051270 50.374416 -1.995467 -0.904719 0.062070 -0.421462 0.369309 0.279588 1 6 1.000000
pyro_hands_red
  6 -15.976542 50.253906 3.294062 0.297442 0.090655 0.950426 0.102447 0.320880 1 6 1.000000
  6 -15.304485 49.871330 3.032158 0.540398 -0.101203 0.835301 0.078567 0.329030 1 6 1.000000
  6 -14.676908 51.281479 2.804833 0.479996 -0.047421 0.875988 0.070861 0.293731 1 6 1.000000
pyro_hands_red
  6 -15.976542 50.253906 3.294062 0.297442 0.090655 0.950426 0.102447 0.320880 1 6 1.000000
  6 -14.676908 51.281479 2.804833 0.479996 -0.047421 0.875988 0.070861 0.293731 1 6 1.000000
  6 -15.446344 51.721958 2.968557 0.229680 0.125532 0.965137 0.095909 0.281392 1 6 1.000000
pyro_hands_red
  6 -14.670735 51.300903 2.801409 0.631157 0.540382 0.556443 0.070641 0.293110 1 6 1.000000
  6 -15.446344 51.721958 2.968557 0.229680 0.125532 0.965137 0.095909 0.281392 1 6 1.000000
  6 -14.676908 51.281479 2.804833 0.479996 -0.047421 0.875988 0.070861 0.293731 1 6 1.000000
pyro_hands_red
  6 -14.670735 51.300903 2.801409 0.631157 0.540382 0.556443 0.070641 0.293110 1 6 1.000000
  6 -15.439499 51.742466 2.964017 0.443193 0.636448 0.631279 0.095732 0.280740 1 6 1.000000
  6 -15.446344 51.721958 2.968557 0.229680 0.125532 0.965137 0.095909 0.281392 1 6 1.000000
pyro_hands_red
  6 -15.439499 51.742466 2.964017 0.443193 0.636448 0.631279 0.095732 0.280740 1 6 1.000000
  6 -16.319901 52.194817 3.026419 0.058778 0.203483 0.977312 0.123386 0.267687 1 6 1.000000
  6 -15.446344 51.721958 2.968557 0.229680 0.125532 0.965137 0.095909 0.281392 1 6 1.000000
pyro_hands_red
  6 -15.439499 51.742466 2.964017 0.443193 0.636448 0.631279 0.095732 0.280740 1 6 1.000000
  6 -16.316006 52.218315 3.021386 0.323050 0.672710 0.665657 0.123304 0.266911 1 6 1.000000
  6 -16.319901 52.194817 3.026419 0.058778 0.203483 0.977312 0.123386 0.267687 1 6 1.000000
pyro_hands_red
  6 -16.316006 52.218315 3.021386 0.323050 0.672710 0.665657 0.123304 0.266911 1 6 1.000000
  6 -17.215965 52.583504 2.877807 -0.155321 0.255680 0.954203 0.151150 0.255434 1 6 1.000000
  6 -16.319901 52.194817 3.026419 0.058778 0.203483 0.977312 0.123386 0.267687 1 6 1.000000
pyro_hands_red
  6 -16.316006 52.218315 3.021386 0.323050 0.672710 0.665657 0.123304 0.266911 1 6 1.000000
  6 -17.211517 52.608448 2.872509 0.101495 0.720627 0.685853 0.151052 0.254627 1 6 1.000000
  6 -17.215965 52.583504 2.877807 -0.155321 0.255680 0.954203 0.151150 0.255434 1 6 1.000000
pyro_hands_red
  6 -17.211517 52.608448 2.872509 0.101495 0.720627 0.685853 0.151052 0.254627 1 6 1.000000
  6 -18.262924 52.972191 2.468555 -0.388310 0.287351 0.875582 0.184894 0.241502 1 6 1.000000
  6 -17.215965 52.583504 2.877807 -0.155321 0.255680 0.954203 0.151150 0.255434 1 6 1.000000
pyro_hands_red
  6 -17.211517 52.608448 2.872509 0.101495 0.720627 0.685853 0.151052 0.254627 1 6 1.000000
  6 -18.259167 52.998444 2.462932 -0.128061 0.748063 0.651154 0.184810 0.240640 1 6 1.000000
  6 -18.262924 52.972191 2.468555 -0.388310 0.287351 0.875582 0.184894 0.241502 1 6 1.000000
pyro_hands_red
  6 -18.259167 52.998444 2.462932 -0.128061 0.748063 0.651154 0.184810 0.240640 1 6 1.000000
  6 -19.044510 53.151592 1.905258 -0.658946 0.290392 0.693875 0.213716 0.232501 1 6 1.000000
  6 -18.262924 52.972191 2.468555 -0.388310 0.287351 0.875582 0.184894 0.241502 1 6 1.000000
pyro_hands_red
  6 -18.259167 52.998444 2.462932 -0.128061 0.748063 0.651154 0.184810 0.240640 1 6 1.000000
  6 -19.040821 53.179043 1.900023 -0.388059 0.752493 0.532131 0.213599 0.231611 1 6 1.000000
  6 -19.044510 53.151592 1.905258 -0.658946 0.290392 0.693875 0.213716 0.232501 1 6 1.000000
pyro_hands_red
  6 -19.040821 53.179043 1.900023 -0.388059 0.752493 0.532131 0.213599 0.231611 1 6 1.000000
  6 -19.550220 53.231514 1.189965 -0.864618 0.276516 0.419493 0.239971 0.224909 1 6 1.000000
  6 -19.044510 53.151592 1.905258 -0.658946 0.290392 0.693875 0.213716 0.232501 1 6 1.000000
pyro_hands_red
  6 -19.040821 53.179043 1.900023 -0.388059 0.752493 0.532131 0.213599 0.231611 1 6 1.000000
  6 -19.546654 53.260357 1.185232 -0.601309 0.727332 0.330780 0.239874 0.224005 1 6 1.000000
  6 -19.550220 53.231514 1.189965 -0.864618 0.276516 0.419493 0.239971 0.224909 1 6 1.000000
pyro_hands_red
  6 -19.546654 53.260357 1.185232 -0.601309 0.727332 0.330780 0.239874 0.224005 1 6 1.000000
  6 -19.836382 53.205772 0.331818 -0.965875 0.189646 0.176410 0.267627 0.218910 1 6 1.000000
  6 -19.550220 53.231514 1.189965 -0.864618 0.276516 0.419493 0.239971 0.224909 1 6 1.000000
pyro_hands_red
  6 -19.546654 53.260357 1.185232 -0.601309 0.727332 0.330780 0.239874 0.224005 1 6 1.000000
  6 -19.833557 53.234962 0.327664 -0.722902 0.683173 0.103374 0.267540 0.217962 1 6 1.000000
  6 -19.836382 53.205772 0.331818 -0.965875 0.189646 0.176410 0.267627 0.218910 1 6 1.000000
pyro_hands_red
  6 -19.836382 53.205772 0.331818 -0.965875 0.189646 0.176410 0.267627 0.218910 1 6 1.000000
  6 -19.833557 53.234962 0.327664 -0.722902 0.683173 0.103374 0.267540 0.217962 1 6 1.000000
  6 -19.929531 53.119724 -0.570978 -0.766977 0.636160 -0.083947 0.295737 0.213811 1 6 1.000000
pyro_hands_red
  6 -19.836382 53.205772 0.331818 -0.965875 0.189646 0.176410 0.267627 0.218910 1 6 1.000000
  6 -19.929531 53.119724 -0.570978 -0.766977 0.636160 -0.083947 0.295737 0.213811 1 6 1.000000
  6 -19.931316 53.090755 -0.567308 -0.991220 0.132108 -0.005420 0.295922 0.214725 1 6 1.000000
pyro_hands_red
  6 -19.931316 53.090755 -0.567308 -0.991220 0.132108 -0.005420 0.295922 0.214725 1 6 1.000000
  6 -19.929531 53.119724 -0.570978 -0.766977 0.636160 -0.083947 0.295737 0.213811 1 6 1.000000
  6 -19.887478 52.933464 -1.460311 -0.767058 0.587065 -0.258800 0.324181 0.211486 1 6 1.000000
pyro_hands_red
  6 -19.931316 53.090755 -0.567308 -0.991220 0.132108 -0.005420 0.295922 0.214725 1 6 1.000000
  6 -19.887478 52.933464 -1.460311 -0.767058 0.587065 -0.258800 0.324181 0.211486 1 6 1.000000
  6 -19.888260 52.904579 -1.455984 -0.979803 0.110592 -0.166597 0.324293 0.212362 1 6 1.000000
pyro_hands_red
  6 -19.888260 52.904579 -1.455984 -0.979803 0.110592 -0.166597 0.324293 0.212362 1 6 1.000000
  6 -19.887478 52.933464 -1.460311 -0.767058 0.587065 -0.258800 0.324181 0.211486 1 6 1.000000
  6 -19.631323 52.585468 -2.561224 -0.707895 0.525082 -0.472412 0.361308 0.211554 1 6 1.000000
pyro_hands_red
  6 -19.888260 52.904579 -1.455984 -0.979803 0.110592 -0.166597 0.324293 0.212362 1 6 1.000000
  6 -19.631323 52.585468 -2.561224 -0.707895 0.525082 -0.472412 0.361308 0.211554 1 6 1.000000
  6 -19.631519 52.557384 -2.555291 -0.928712 0.002440 -0.370793 0.361421 0.212489 1 6 1.000000
pyro_hands_red
  6 -19.631519 52.557384 -2.555291 -0.928712 0.002440 -0.370793 0.361421 0.212489 1 6 1.000000
  6 -19.631323 52.585468 -2.561224 -0.707895 0.525082 -0.472412 0.361308 0.211554 1 6 1.000000
  6 -19.012550 52.085926 -3.660812 -0.506499 0.420511 -0.752748 0.403568 0.215359 1 6 1.000000
pyro_hands_red
  6 -19.631519 52.557384 -2.555291 -0.928712 0.002440 -0.370793 0.361421 0.212489 1 6 1.000000
  6 -19.012550 52.085926 -3.660812 -0.506499 0.420511 -0.752748 0.403568 0.215359 1 6 1.000000
  6 -19.012987 52.059376 -3.652793 -0.734380 -0.145290 -0.663006 0.403542 0.216248 1 6 1.000000
pyro_hands_red
  6 -19.012987 52.059376 -3.652793 -0.734380 -0.145290 -0.663006 0.403542 0.216248 1 6 1.000000
  6 -19.012550 52.085926 -3.660812 -0.506499 0.420511 -0.752748 0.403568 0.215359 1 6 1.000000
  6 -18.008003 51.550125 -4.247177 -0.071046 0.251436 -0.965263 0.441695 0.224273 1 6 1.000000
pyro_hands_red
  6 -19.012987 52.059376 -3.652793 -0.734380 -0.145290 -0.663006 0.403542 0.216248 1 6 1.000000
  6 -18.008003 51.550125 -4.247177 -0.071046 0.251436 -0.965263 0.441695 0.224273 1 6 1.000000
  6 -18.009438 51.526470 -4.236279 -0.319347 -0.345783 -0.882299 0.441661 0.225102 1 6 1.000000
pyro_hands_red
  6 -18.009438 51.526470 -4.236279 -0.319347 -0.345783 -0.882299 0.441661 0.225102 1 6 1.000000
  6 -18.008003 51.550125 -4.247177 -0.071046 0.251436 -0.965263 0.441695 0.224273 1 6 1.000000
  6 -16.020035 50.705795 -3.966472 0.394518 0.135680 -0.908816 0.501898 0.242637 1 6 1.000000
pyro_hands_red
  6 -18.009438 51.526470 -4.236279 -0.319347 -0.345783 -0.882299 0.441661 0.225102 1 6 1.000000
  6 -16.020035 50.705795 -3.966472 0.394518 0.135680 -0.908816 0.501898 0.242637 1 6 1.000000
  6 -16.022280 50.686657 -3.954736 0.147683 -0.485413 -0.861722 0.502035 0.243097 1 6 1.000000
pyro_hands_red
  6 -18.504139 49.616272 -3.404068 -0.270189 -0.319812 -0.908140 0.440735 0.278335 1 6 1.000000
  6 -18.009438 51.526470 -4.236279 -0.319347 -0.345783 -0.882299 0.441661 0.225102 1 6 1.000000
  6 -16.022280 50.686657 -3.954736 0.147683 -0.485413 -0.861722 0.502035 0.243097 1 6 1.000000
pyro_hands_red
  6 -18.504139 49.616272 -3.404068 -0.270189 -0.319812 -0.908140 0.440735 0.278335 1 6 1.000000
  6 -16.022280 50.686657 -3.954736 0.147683 -0.485413 -0.861722 0.502035 0.243097 1 6 1.000000
  6 -16.678743 48.995350 -3.164390 0.147683 -0.485413 -0.861722 0.495256 0.285462 1 6 1.000000
pyro_hands_red
  6 -20.051270 50.374416 -1.995467 -0.904719 0.062070 -0.421462 0.369309 0.279588 1 6 1.000000
  6 -19.631519 52.557384 -2.555291 -0.928712 0.002440 -0.370793 0.361421 0.212489 1 6 1.000000
  6 -19.012987 52.059376 -3.652793 -0.734380 -0.145290 -0.663006 0.403542 0.216248 1 6 1.000000
pyro_hands_red
  6 -20.051270 50.374416 -1.995467 -0.904719 0.062070 -0.421462 0.369309 0.279588 1 6 1.000000
  6 -19.012987 52.059376 -3.652793 -0.734380 -0.145290 -0.663006 0.403542 0.216248 1 6 1.000000
  6 -19.463657 49.998367 -2.917971 -0.694012 -0.105072 -0.712255 0.405683 0.277441 1 6 1.000000
pyro_hands_red
  6 -19.463657 49.998367 -2.917971 -0.694012 -0.105072 -0.712255 0.405683 0.277441 1 6 1.000000
  6 -19.012987 52.059376 -3.652793 -0.734380 -0.145290 -0.663006 0.403542 0.216248 1 6 1.000000
  6 -18.009438 51.526470 -4.236279 -0.319347 -0.345783 -0.882299 0.441661 0.225102 1 6 1.000000
pyro_hands_red
  6 -19.463657 49.998367 -2.917971 -0.694012 -0.105072 -0.712255 0.405683 0.277441 1 6 1.000000
  6 -18.009438 51.526470 -4.236279 -0.319347 -0.345783 -0.882299 0.441661 0.225102 1 6 1.000000
  6 -18.504139 49.616272 -3.404068 -0.270189 -0.319812 -0.908140 0.440735 0.278335 1 6 1.000000
pyro_hands_red
  6 -19.936342 47.836700 -2.147257 -0.636933 -0.134003 -0.759184 0.452446 0.401193 2 6 0.750000 8 0.250000
  6 -20.491520 48.084820 -1.408299 -0.883133 0.045135 -0.466946 0.412908 0.402936 2 6 0.750000 8 0.250000
  6 -20.051270 50.374416 -1.995467 -0.904719 0.062070 -0.421462 0.402130 0.329394 1 6 1.000000
pyro_hands_red
  6 -19.936342 47.836700 -2.147257 -0.636933 -0.134003 -0.759184 0.452446 0.401193 2 6 0.750000 8 0.250000
  6 -20.051270 50.374416 -1.995467 -0.904719 0.062070 -0.421462 0.402130 0.329394 1 6 1.000000
  6 -19.463657 49.998367 -2.917971 -0.694012 -0.105072 -0.712255 0.449521 0.331050 1 6 1.000000
pyro_hands_red
  6 -19.023006 47.612778 -2.531209 -0.215425 -0.336980 -0.916535 0.493924 0.400607 2 6 0.750000 8 0.250000
  6 -19.936342 47.836700 -2.147257 -0.636933 -0.134003 -0.759184 0.452446 0.401193 2 6 0.750000 8 0.250000
  6 -19.463657 49.998367 -2.917971 -0.694012 -0.105072 -0.712255 0.449521 0.331050 1 6 1.000000
pyro_hands_red
  6 -19.023006 47.612778 -2.531209 -0.215425 -0.336980 -0.916535 0.493924 0.400607 2 6 0.750000 8 0.250000
  6 -19.463657 49.998367 -2.917971 -0.694012 -0.105072 -0.712255 0.449521 0.331050 1 6 1.000000
  6 -18.504139 49.616272 -3.404068 -0.270189 -0.319812 -0.908140 0.495189 0.336668 1 6 1.000000
pyro_hands_red
  6 -19.023006 47.612778 -2.531209 -0.215425 -0.336980 -0.916535 0.493924 0.400607 2 6 0.750000 8 0.250000
  6 -18.504139 49.616272 -3.404068 -0.270189 -0.319812 -0.908140 0.495189 0.336668 1 6 1.000000
  6 -16.678743 48.995350 -3.164390 0.147683 -0.485413 -0.861722 0.565110 0.361544 1 6 1.000000
pyro_hands_red
  6 -19.023006 47.612778 -2.531209 -0.215425 -0.336980 -0.916535 0.493924 0.400607 2 6 0.750000 8 0.250000
  6 -16.678743 48.995350 -3.164390 0.147683 -0.485413 -0.861722 0.565110 0.361544 1 6 1.000000
  6 -17.367271 47.221428 -2.335439 0.201184 -0.471123 -0.858818 0.554679 0.412966 2 6 0.750000 8 0.250000
pyro_hands_red
  8 -17.918659 45.800831 -1.671598 0.201184 -0.471123 -0.858818 0.546325 0.480840 2 8 0.850000 6 0.150000
  6 -19.023006 47.612778 -2.531209 -0.215425 -0.336980 -0.916535 0.493924 0.400607 2 6 0.750000 8 0.250000
  6 -17.367271 47.221428 -2.335439 0.201184 -0.471123 -0.858818 0.554679 0.412966 2 6 0.750000 8 0.250000
pyro_hands_red
  8 -17.918659 45.800831 -1.671598 0.201184 -0.471123 -0.858818 0.546325 0.480840 2 8 0.850000 6 0.150000
  8 -19.438532 46.008335 -1.832204 -0.147339 -0.356581 -0.922573 0.492910 0.478502 2 8 0.850000 6 0.150000
  6 -19.023006 47.612778 -2.531209 -0.215425 -0.336980 -0.916535 0.493924 0.400607 2 6 0.750000 8 0.250000
pyro_hands_red
  8 -18.617132 44.001282 -0.830675 0.262526 -0.343117 -0.901860 0.535743 0.566818 1 8 1.000000
  8 -19.438532 46.008335 -1.832204 -0.147339 -0.356581 -0.922573 0.492910 0.478502 2 8 0.850000 6 0.150000
  8 -17.918659 45.800831 -1.671598 0.201184 -0.471123 -0.858818 0.546325 0.480840 2 8 0.850000 6 0.150000
pyro_hands_red
  8 -18.617132 44.001282 -0.830675 0.262526 -0.343117 -0.901860 0.535743 0.566818 1 8 1.000000
  8 -19.964893 43.975895 -0.946737 -0.092547 -0.231596 -0.968400 0.491626 0.577177 1 8 1.000000
  8 -19.438532 46.008335 -1.832204 -0.147339 -0.356581 -0.922573 0.492910 0.478502 2 8 0.850000 6 0.150000
pyro_hands_red
  8 -19.036894 42.884895 -0.738220 0.353666 -0.207982 -0.911956 0.541132 0.613994 1 8 1.000000
  8 -19.964893 43.975895 -0.946737 -0.092547 -0.231596 -0.968400 0.491626 0.577177 1 8 1.000000
  8 -18.617132 44.001282 -0.830675 0.262526 -0.343117 -0.901860 0.535743 0.566818 1 8 1.000000
pyro_hands_red
  8 -19.036894 42.884895 -0.738220 0.353666 -0.207982 -0.911956 0.541132 0.613994 1 8 1.000000
  8 -20.035797 42.878799 -0.859343 -0.072585 -0.112594 -0.990986 0.499724 0.623322 1 8 1.000000
  8 -19.964893 43.975895 -0.946737 -0.092547 -0.231596 -0.968400 0.491626 0.577177 1 8 1.000000
pyro_hands_red
  8 -19.257597 41.637100 -0.547678 0.426711 -0.235605 -0.873159 0.544142 0.668977 1 8 1.000000
  8 -20.035797 42.878799 -0.859343 -0.072585 -0.112594 -0.990986 0.499724 0.623322 1 8 1.000000
  8 -19.036894 42.884895 -0.738220 0.353666 -0.207982 -0.911956 0.541132 0.613994 1 8 1.000000
pyro_hands_red
  8 -19.257597 41.637100 -0.547678 0.426711 -0.235605 -0.873159 0.544142 0.668977 1 8 1.000000
  8 -20.172094 41.613201 -0.691473 -0.073079 -0.152105 -0.985659 0.505440 0.677018 1 8 1.000000
  8 -20.035797 42.878799 -0.859343 -0.072585 -0.112594 -0.990986 0.499724 0.623322 1 8 1.000000
pyro_hands_red
  53 -19.496286 40.633186 -0.378794 0.474924 -0.206618 -0.855428 0.541900 0.714846 1 53 1.000000
  8 -20.172094 41.613201 -0.691473 -0.073079 -0.152105 -0.985659 0.505440 0.677018 1 8 1.000000
  8 -19.257597 41.637100 -0.547678 0.426711 -0.235605 -0.873159 0.544142 0.668977 1 8 1.000000
pyro_hands_red
  53 -19.496286 40.633186 -0.378794 0.474924 -0.206618 -0.855428 0.541900 0.714846 1 53 1.000000
  53 -20.320490 40.586483 -0.513995 -0.073079 -0.152105 -0.985659 0.506741 0.721363 1 53 1.000000
  8 -20.172094 41.613201 -0.691473 -0.073079 -0.152105 -0.985659 0.505440 0.677018 1 8 1.000000
pyro_hands_red
  53 -20.320490 40.586483 -0.513995 -0.073079 -0.152105 -0.985659 0.506741 0.721363 1 53 1.000000
  53 -19.496286 40.633186 -0.378794 0.474924 -0.206618 -0.855428 0.541900 0.714846 1 53 1.000000
  53 -19.589687 40.029079 -0.333723 0.496899 -0.100441 -0.861976 0.540135 0.741895 1 53 1.000000
pyro_hands_red
  53 -20.320490 40.586483 -0.513995 -0.073079 -0.152105 -0.985659 0.506741 0.721363 1 53 1.000000
  53 -19.589687 40.029079 -0.333723 0.496899 -0.100441 -0.861976 0.540135 0.741895 1 53 1.000000
  53 -20.394291 40.021786 -0.466594 -0.181624 -0.086508 -0.979556 0.506711 0.744712 1 53 1.000000
end
