// Created by Crowbar 0.68
version 1
nodes
  0 "weapon_bone_L" -1
  1 "OrientBase" 0
  2 "bottom_left" 1
  3 "OrientBase1" 0
  4 "top_right" 3
end
skeleton
  time 0
    0 0.000000 0.000000 0.000000 0.000000 0.000000 0.000000
    1 1.269718 0.098188 -0.540804 1.534750 1.486455 1.618756
    2 0.000000 0.000000 0.000000 0.000000 0.000000 0.000000
    3 1.324459 -0.589014 0.485902 -3.141593 1.539887 3.105407
    4 -0.100989 -0.037867 0.001500 0.000000 0.000000 0.060382
end
triangles
c_spy_watch
  0 0.791359 -1.626623 0.364404 -0.452196 0.286900 0.844516 0.218935 0.327089 1 0 1.000000
  0 0.772855 -1.636804 0.384756 -0.452196 0.286900 0.844516 0.213269 0.335271 1 0 1.000000
  0 0.781105 -1.654323 0.362314 -0.452196 0.286900 0.844516 0.221052 0.336399 1 0 1.000000
c_spy_watch
  0 1.260621 0.282070 -0.292563 -0.404618 0.047904 0.913230 0.591224 0.669500 1 0 1.000000
  0 1.225198 0.261440 -0.279123 -0.715476 0.332648 0.614361 0.596667 0.674943 1 0 1.000000
  0 1.227582 0.242521 -0.314751 -0.841796 0.030660 0.538924 0.584881 0.682818 1 0 1.000000
c_spy_watch
  0 1.257877 0.306543 -0.272370 -0.269844 0.180697 0.945797 0.597431 0.660211 1 0 1.000000
  0 1.225198 0.261440 -0.279123 -0.715476 0.332648 0.614361 0.596667 0.674943 1 0 1.000000
  0 1.260621 0.282070 -0.292563 -0.404618 0.047904 0.913230 0.591224 0.669500 1 0 1.000000
c_spy_watch
  0 1.257877 0.306543 -0.272370 -0.269844 0.180697 0.945797 0.597431 0.660211 1 0 1.000000
  0 1.221718 0.292493 -0.253501 -0.479658 0.564999 0.671345 0.604543 0.663157 1 0 1.000000
  0 1.225198 0.261440 -0.279123 -0.715476 0.332648 0.614361 0.596667 0.674943 1 0 1.000000
c_spy_watch
  0 1.257877 0.306543 -0.272370 -0.269844 0.180697 0.945797 0.597431 0.660211 1 0 1.000000
  0 1.217671 0.330955 -0.241785 -0.170244 0.692340 0.701201 0.607308 0.649254 1 0 1.000000
  0 1.221718 0.292493 -0.253501 -0.479658 0.564999 0.671345 0.604543 0.663157 1 0 1.000000
c_spy_watch
  0 1.208161 0.431980 -0.296064 0.716143 0.345196 0.606613 0.584881 0.615690 1 0 1.000000
  0 1.246662 0.425700 -0.336391 0.488315 -0.116229 0.864892 0.570978 0.620622 1 0 1.000000
  0 1.207486 0.443688 -0.334735 0.846913 0.045462 0.529784 0.570978 0.612924 1 0 1.000000
c_spy_watch
  0 1.208161 0.431980 -0.296064 0.716143 0.345196 0.606613 0.584881 0.615690 1 0 1.000000
  0 1.247195 0.416474 -0.305915 0.413577 0.055075 0.908802 0.581935 0.622802 1 0 1.000000
  0 1.246662 0.425700 -0.336391 0.488315 -0.116229 0.864892 0.570978 0.620622 1 0 1.000000
c_spy_watch
  0 1.246662 0.425700 -0.336391 0.488315 -0.116229 0.864892 0.570978 0.620622 1 0 1.000000
  0 1.247195 0.416474 -0.305915 0.413577 0.055075 0.908802 0.581935 0.622802 1 0 1.000000
  0 1.254945 0.344894 -0.344361 0.007397 -0.245259 0.969429 0.570978 0.649254 1 0 1.000000
c_spy_watch
  0 1.247195 0.416474 -0.305915 0.413577 0.055075 0.908802 0.581935 0.622802 1 0 1.000000
  0 1.248907 0.396349 -0.281292 0.276856 0.185488 0.942839 0.591224 0.629008 1 0 1.000000
  0 1.254945 0.344894 -0.344361 0.007397 -0.245259 0.969429 0.570978 0.649254 1 0 1.000000
c_spy_watch
  0 1.248907 0.396349 -0.281292 0.276856 0.185488 0.942839 0.591224 0.629008 1 0 1.000000
  0 1.251538 0.368391 -0.266270 0.098967 0.255157 0.961821 0.597431 0.638297 1 0 1.000000
  0 1.254945 0.344894 -0.344361 0.007397 -0.245259 0.969429 0.570978 0.649254 1 0 1.000000
c_spy_watch
  0 1.210335 0.406445 -0.264820 0.476918 0.573384 0.666168 0.596667 0.623565 1 0 1.000000
  0 1.251538 0.368391 -0.266270 0.098967 0.255157 0.961821 0.597431 0.638297 1 0 1.000000
  0 1.248907 0.396349 -0.281292 0.276856 0.185488 0.942839 0.591224 0.629008 1 0 1.000000
c_spy_watch
  0 1.210335 0.406445 -0.264820 0.476918 0.573384 0.666168 0.596667 0.623565 1 0 1.000000
  0 1.213674 0.370970 -0.245760 0.165661 0.695284 0.699383 0.604543 0.635351 1 0 1.000000
  0 1.251538 0.368391 -0.266270 0.098967 0.255157 0.961821 0.597431 0.638297 1 0 1.000000
c_spy_watch
  0 1.217671 0.330955 -0.241785 -0.170244 0.692340 0.701201 0.607308 0.649254 1 0 1.000000
  0 1.251538 0.368391 -0.266270 0.098967 0.255157 0.961821 0.597431 0.638297 1 0 1.000000
  0 1.213674 0.370970 -0.245760 0.165661 0.695284 0.699383 0.604543 0.635351 1 0 1.000000
c_spy_watch
  0 1.217671 0.330955 -0.241785 -0.170244 0.692340 0.701201 0.607308 0.649254 1 0 1.000000
  0 1.254689 0.336856 -0.263138 -0.093009 0.253474 0.962860 0.599610 0.649254 1 0 1.000000
  0 1.251538 0.368391 -0.266270 0.098967 0.255157 0.961821 0.597431 0.638297 1 0 1.000000
c_spy_watch
  0 1.257877 0.306543 -0.272370 -0.269844 0.180697 0.945797 0.597431 0.660211 1 0 1.000000
  0 1.254689 0.336856 -0.263138 -0.093009 0.253474 0.962860 0.599610 0.649254 1 0 1.000000
  0 1.217671 0.330955 -0.241785 -0.170244 0.692340 0.701201 0.607308 0.649254 1 0 1.000000
c_spy_watch
  0 1.257877 0.306543 -0.272370 -0.269844 0.180697 0.945797 0.597431 0.660211 1 0 1.000000
  0 1.254945 0.344894 -0.344361 0.007397 -0.245259 0.969429 0.570978 0.649254 1 0 1.000000
  0 1.254689 0.336856 -0.263138 -0.093009 0.253474 0.962860 0.599610 0.649254 1 0 1.000000
c_spy_watch
  0 1.257877 0.306543 -0.272370 -0.269844 0.180697 0.945797 0.597431 0.660211 1 0 1.000000
  0 1.260621 0.282070 -0.292563 -0.404618 0.047904 0.913230 0.591224 0.669500 1 0 1.000000
  0 1.254945 0.344894 -0.344361 0.007397 -0.245259 0.969429 0.570978 0.649254 1 0 1.000000
c_spy_watch
  0 1.260621 0.282070 -0.292563 -0.404618 0.047904 0.913230 0.591224 0.669500 1 0 1.000000
  0 1.262500 0.267161 -0.320642 -0.476813 -0.124688 0.870116 0.581935 0.675706 1 0 1.000000
  0 1.254945 0.344894 -0.344361 0.007397 -0.245259 0.969429 0.570978 0.649254 1 0 1.000000
c_spy_watch
  0 1.260621 0.282070 -0.292563 -0.404618 0.047904 0.913230 0.591224 0.669500 1 0 1.000000
  0 1.227582 0.242521 -0.314751 -0.841796 0.030660 0.538924 0.584881 0.682818 1 0 1.000000
  0 1.262500 0.267161 -0.320642 -0.476813 -0.124688 0.870116 0.581935 0.675706 1 0 1.000000
c_spy_watch
  0 1.263228 0.264086 -0.352331 -0.475436 -0.310803 0.823020 0.570978 0.677886 1 0 1.000000
  0 1.262500 0.267161 -0.320642 -0.476813 -0.124688 0.870116 0.581935 0.675706 1 0 1.000000
  0 1.227582 0.242521 -0.314751 -0.841796 0.030660 0.538924 0.584881 0.682818 1 0 1.000000
c_spy_watch
  0 1.263228 0.264086 -0.352331 -0.475436 -0.310803 0.823020 0.570978 0.677886 1 0 1.000000
  0 1.227582 0.242521 -0.314751 -0.841796 0.030660 0.538924 0.584881 0.682818 1 0 1.000000
  0 1.228507 0.238620 -0.354961 -0.839388 -0.294989 0.456518 0.570978 0.685584 1 0 1.000000
c_spy_watch
  0 1.263228 0.264086 -0.352331 -0.475436 -0.310803 0.823020 0.570978 0.677886 1 0 1.000000
  0 1.228507 0.238620 -0.354961 -0.839388 -0.294989 0.456518 0.570978 0.685584 1 0 1.000000
  0 1.227832 0.250327 -0.393632 -0.708617 -0.594724 0.379690 0.557075 0.682818 1 0 1.000000
c_spy_watch
  0 1.263228 0.264086 -0.352331 -0.475436 -0.310803 0.823020 0.570978 0.677886 1 0 1.000000
  0 1.227832 0.250327 -0.393632 -0.708617 -0.594724 0.379690 0.557075 0.682818 1 0 1.000000
  0 1.262697 0.273313 -0.382807 -0.400698 -0.482106 0.779112 0.560022 0.675706 1 0 1.000000
c_spy_watch
  0 1.208161 0.431980 -0.296064 0.716143 0.345196 0.606613 0.584881 0.615690 1 0 1.000000
  0 1.248907 0.396349 -0.281292 0.276856 0.185488 0.942839 0.591224 0.629008 1 0 1.000000
  0 1.247195 0.416474 -0.305915 0.413577 0.055075 0.908802 0.581935 0.622802 1 0 1.000000
c_spy_watch
  0 1.208161 0.431980 -0.296064 0.716143 0.345196 0.606613 0.584881 0.615690 1 0 1.000000
  0 1.210335 0.406445 -0.264820 0.476918 0.573384 0.666168 0.596667 0.623565 1 0 1.000000
  0 1.248907 0.396349 -0.281292 0.276856 0.185488 0.942839 0.591224 0.629008 1 0 1.000000
c_spy_watch
  0 1.262500 0.267161 -0.320642 -0.476813 -0.124688 0.870116 0.581935 0.675706 1 0 1.000000
  0 1.263228 0.264086 -0.352331 -0.475436 -0.310803 0.823020 0.570978 0.677886 1 0 1.000000
  0 1.254945 0.344894 -0.344361 0.007397 -0.245259 0.969429 0.570978 0.649254 1 0 1.000000
c_spy_watch
  0 1.263228 0.264086 -0.352331 -0.475436 -0.310803 0.823020 0.570978 0.677886 1 0 1.000000
  0 1.262697 0.273313 -0.382807 -0.400698 -0.482106 0.779112 0.560022 0.675706 1 0 1.000000
  0 1.254945 0.344894 -0.344361 0.007397 -0.245259 0.969429 0.570978 0.649254 1 0 1.000000
c_spy_watch
  0 1.254945 0.344894 -0.344361 0.007397 -0.245259 0.969429 0.570978 0.649254 1 0 1.000000
  0 1.251538 0.368391 -0.266270 0.098967 0.255157 0.961821 0.597431 0.638297 1 0 1.000000
  0 1.254689 0.336856 -0.263138 -0.093009 0.253474 0.962860 0.599610 0.649254 1 0 1.000000
c_spy_watch
  0 1.246662 0.425700 -0.336391 0.488315 -0.116229 0.864892 0.570978 0.620622 1 0 1.000000
  0 1.208412 0.439785 -0.374944 0.849321 -0.280188 0.447379 0.557075 0.615690 1 0 1.000000
  0 1.207486 0.443688 -0.334735 0.846913 0.045462 0.529784 0.570978 0.612924 1 0 1.000000
c_spy_watch
  0 1.260984 0.293438 -0.407431 -0.263978 -0.612519 0.745075 0.550733 0.669500 1 0 1.000000
  0 1.262697 0.273313 -0.382807 -0.400698 -0.482106 0.779112 0.560022 0.675706 1 0 1.000000
  0 1.227832 0.250327 -0.393632 -0.708617 -0.594724 0.379690 0.557075 0.682818 1 0 1.000000
c_spy_watch
  0 1.262697 0.273313 -0.382807 -0.400698 -0.482106 0.779112 0.560022 0.675706 1 0 1.000000
  0 1.260984 0.293438 -0.407431 -0.263978 -0.612519 0.745075 0.550733 0.669500 1 0 1.000000
  0 1.254945 0.344894 -0.344361 0.007397 -0.245259 0.969429 0.570978 0.649254 1 0 1.000000
c_spy_watch
  0 1.260984 0.293438 -0.407431 -0.263978 -0.612519 0.745075 0.550733 0.669500 1 0 1.000000
  0 1.258352 0.321396 -0.422452 -0.086089 -0.682187 0.726092 0.544526 0.660211 1 0 1.000000
  0 1.254945 0.344894 -0.344361 0.007397 -0.245259 0.969429 0.570978 0.649254 1 0 1.000000
c_spy_watch
  0 1.258352 0.321396 -0.422452 -0.086089 -0.682187 0.726092 0.544526 0.660211 1 0 1.000000
  0 1.255203 0.352932 -0.425585 0.105887 -0.680504 0.725053 0.542347 0.649254 1 0 1.000000
  0 1.254945 0.344894 -0.344361 0.007397 -0.245259 0.969429 0.570978 0.649254 1 0 1.000000
c_spy_watch
  0 1.258352 0.321396 -0.422452 -0.086089 -0.682187 0.726092 0.544526 0.660211 1 0 1.000000
  0 1.218323 0.351352 -0.447910 0.177769 -0.941868 0.285103 0.534649 0.649254 1 0 1.000000
  0 1.255203 0.352932 -0.425585 0.105887 -0.680504 0.725053 0.542347 0.649254 1 0 1.000000
c_spy_watch
  0 1.252012 0.383243 -0.416352 0.282723 -0.607727 0.742115 0.544526 0.638297 1 0 1.000000
  0 1.255203 0.352932 -0.425585 0.105887 -0.680504 0.725053 0.542347 0.649254 1 0 1.000000
  0 1.218323 0.351352 -0.447910 0.177769 -0.941868 0.285103 0.534649 0.649254 1 0 1.000000
c_spy_watch
  0 1.252012 0.383243 -0.416352 0.282723 -0.607727 0.742115 0.544526 0.638297 1 0 1.000000
  0 1.218323 0.351352 -0.447910 0.177769 -0.941868 0.285103 0.534649 0.649254 1 0 1.000000
  0 1.214275 0.389815 -0.436194 0.487184 -0.814527 0.314958 0.537414 0.635351 1 0 1.000000
c_spy_watch
  0 1.252012 0.383243 -0.416352 0.282723 -0.607727 0.742115 0.544526 0.638297 1 0 1.000000
  0 1.214275 0.389815 -0.436194 0.487184 -0.814527 0.314958 0.537414 0.635351 1 0 1.000000
  0 1.210795 0.420867 -0.410573 0.723001 -0.582175 0.371942 0.545289 0.623565 1 0 1.000000
c_spy_watch
  0 1.252012 0.383243 -0.416352 0.282723 -0.607727 0.742115 0.544526 0.638297 1 0 1.000000
  0 1.210795 0.420867 -0.410573 0.723001 -0.582175 0.371942 0.545289 0.623565 1 0 1.000000
  0 1.249269 0.407716 -0.396159 0.417497 -0.474934 0.774683 0.550733 0.629008 1 0 1.000000
c_spy_watch
  0 1.249269 0.407716 -0.396159 0.417497 -0.474934 0.774683 0.550733 0.629008 1 0 1.000000
  0 1.210795 0.420867 -0.410573 0.723001 -0.582175 0.371942 0.545289 0.623565 1 0 1.000000
  0 1.208412 0.439785 -0.374944 0.849321 -0.280188 0.447379 0.557075 0.615690 1 0 1.000000
c_spy_watch
  0 1.249269 0.407716 -0.396159 0.417497 -0.474934 0.774683 0.550733 0.629008 1 0 1.000000
  0 1.208412 0.439785 -0.374944 0.849321 -0.280188 0.447379 0.557075 0.615690 1 0 1.000000
  0 1.247391 0.422625 -0.368081 0.489691 -0.302343 0.817797 0.560022 0.622802 1 0 1.000000
c_spy_watch
  0 1.246662 0.425700 -0.336391 0.488315 -0.116229 0.864892 0.570978 0.620622 1 0 1.000000
  0 1.247391 0.422625 -0.368081 0.489691 -0.302343 0.817797 0.560022 0.622802 1 0 1.000000
  0 1.208412 0.439785 -0.374944 0.849321 -0.280188 0.447379 0.557075 0.615690 1 0 1.000000
c_spy_watch
  0 1.247391 0.422625 -0.368081 0.489691 -0.302343 0.817797 0.560022 0.622802 1 0 1.000000
  0 1.246662 0.425700 -0.336391 0.488315 -0.116229 0.864892 0.570978 0.620622 1 0 1.000000
  0 1.254945 0.344894 -0.344361 0.007397 -0.245259 0.969429 0.570978 0.649254 1 0 1.000000
c_spy_watch
  0 1.249269 0.407716 -0.396159 0.417497 -0.474934 0.774683 0.550733 0.629008 1 0 1.000000
  0 1.247391 0.422625 -0.368081 0.489691 -0.302343 0.817797 0.560022 0.622802 1 0 1.000000
  0 1.254945 0.344894 -0.344361 0.007397 -0.245259 0.969429 0.570978 0.649254 1 0 1.000000
c_spy_watch
  0 1.252012 0.383243 -0.416352 0.282723 -0.607727 0.742115 0.544526 0.638297 1 0 1.000000
  0 1.249269 0.407716 -0.396159 0.417497 -0.474934 0.774683 0.550733 0.629008 1 0 1.000000
  0 1.254945 0.344894 -0.344361 0.007397 -0.245259 0.969429 0.570978 0.649254 1 0 1.000000
c_spy_watch
  0 1.255203 0.352932 -0.425585 0.105887 -0.680504 0.725053 0.542347 0.649254 1 0 1.000000
  0 1.252012 0.383243 -0.416352 0.282723 -0.607727 0.742115 0.544526 0.638297 1 0 1.000000
  0 1.254945 0.344894 -0.344361 0.007397 -0.245259 0.969429 0.570978 0.649254 1 0 1.000000
c_spy_watch
  0 1.258352 0.321396 -0.422452 -0.086089 -0.682187 0.726092 0.544526 0.660211 1 0 1.000000
  0 1.222319 0.311338 -0.443936 -0.158136 -0.944812 0.286920 0.537414 0.663157 1 0 1.000000
  0 1.218323 0.351352 -0.447910 0.177769 -0.941868 0.285103 0.534649 0.649254 1 0 1.000000
c_spy_watch
  0 1.260984 0.293438 -0.407431 -0.263978 -0.612519 0.745075 0.550733 0.669500 1 0 1.000000
  0 1.222319 0.311338 -0.443936 -0.158136 -0.944812 0.286920 0.537414 0.663157 1 0 1.000000
  0 1.258352 0.321396 -0.422452 -0.086089 -0.682187 0.726092 0.544526 0.660211 1 0 1.000000
c_spy_watch
  0 1.260984 0.293438 -0.407431 -0.263978 -0.612519 0.745075 0.550733 0.669500 1 0 1.000000
  0 1.225659 0.275863 -0.424876 -0.469394 -0.822911 0.320135 0.545289 0.674943 1 0 1.000000
  0 1.222319 0.311338 -0.443936 -0.158136 -0.944812 0.286920 0.537414 0.663157 1 0 1.000000
c_spy_watch
  0 1.260984 0.293438 -0.407431 -0.263978 -0.612519 0.745075 0.550733 0.669500 1 0 1.000000
  0 1.227832 0.250327 -0.393632 -0.708617 -0.594724 0.379690 0.557075 0.682818 1 0 1.000000
  0 1.225659 0.275863 -0.424876 -0.469394 -0.822911 0.320135 0.545289 0.674943 1 0 1.000000
c_spy_watch
  0 0.922439 -1.205580 -0.558969 0.267642 -0.436828 -0.858806 0.544879 0.224152 1 0 1.000000
  0 0.903476 -1.200317 -0.536177 0.267642 -0.436828 -0.858806 0.552724 0.222162 1 0 1.000000
  0 0.939021 -1.062284 -0.547767 0.373417 -0.417124 -0.828593 0.570431 0.261638 1 0 1.000000
c_spy_watch
  0 0.922439 -1.205580 -0.558969 0.267642 -0.436828 -0.858806 0.544879 0.224152 1 0 1.000000
  0 0.939021 -1.062284 -0.547767 0.373417 -0.417124 -0.828593 0.570431 0.261638 1 0 1.000000
  0 0.957990 -1.068004 -0.570739 0.373417 -0.417124 -0.828593 0.562164 0.262640 1 0 1.000000
c_spy_watch
  0 1.007106 -0.937430 -0.561616 0.420844 -0.403059 -0.812670 0.566000 0.300561 1 0 1.000000
  0 0.957990 -1.068004 -0.570739 0.373417 -0.417124 -0.828593 0.562164 0.262640 1 0 1.000000
  0 0.939021 -1.062284 -0.547767 0.373417 -0.417124 -0.828593 0.570431 0.261638 1 0 1.000000
c_spy_watch
  0 1.007106 -0.937430 -0.561616 0.420844 -0.403059 -0.812670 0.566000 0.300561 1 0 1.000000
  0 1.024801 -0.946872 -0.584775 0.420844 -0.403059 -0.812670 0.557811 0.299454 1 0 1.000000
  0 0.957990 -1.068004 -0.570739 0.373417 -0.417124 -0.828593 0.562164 0.262640 1 0 1.000000
c_spy_watch
  0 0.917921 -1.227338 -0.537545 -0.523964 -0.646765 -0.554218 0.545224 0.215724 1 0 1.000000
  0 1.117858 -1.284133 -0.574554 -0.523964 -0.646765 -0.554218 0.490112 0.224193 1 0 1.000000
  0 1.109030 -1.304157 -0.552788 -0.523964 -0.646765 -0.554218 0.485137 0.216000 1 0 1.000000
c_spy_watch
  0 0.917921 -1.227338 -0.537545 -0.523964 -0.646765 -0.554218 0.545224 0.215724 1 0 1.000000
  0 0.922439 -1.205580 -0.558969 -0.523964 -0.646765 -0.554218 0.544879 0.224152 1 0 1.000000
  0 1.117858 -1.284133 -0.574554 -0.523964 -0.646765 -0.554218 0.490112 0.224193 1 0 1.000000
c_spy_watch
  0 0.939055 -1.298468 0.404591 -0.412517 0.195082 -0.889816 0.233063 0.152393 1 0 1.000000
  0 0.917921 -1.227338 -0.537545 -0.412517 0.195082 -0.889816 0.485713 0.161121 1 0 1.000000
  0 0.953349 -1.325076 0.399278 -0.412517 0.195082 -0.889816 0.233491 0.161121 1 0 1.000000
c_spy_watch
  0 0.939055 -1.298468 0.404591 -0.412517 0.195082 -0.889816 0.233063 0.152393 1 0 1.000000
  0 0.903476 -1.200317 -0.536177 -0.412517 0.195082 -0.889816 0.485919 0.152393 1 0 1.000000
  0 0.917921 -1.227338 -0.537545 -0.412517 0.195082 -0.889816 0.485713 0.161121 1 0 1.000000
c_spy_watch
  0 -0.314489 -1.624907 -0.559083 -0.637898 -0.314800 0.702842 0.472099 0.633022 1 0 1.000000
  0 -0.155232 -1.526594 0.385905 -0.637898 -0.314800 0.702842 0.221052 0.575857 1 0 1.000000
  0 -0.274270 -1.691687 0.379259 -0.637898 -0.314800 0.702842 0.221052 0.633022 1 0 1.000000
c_spy_watch
  0 -0.314489 -1.624907 -0.559083 -0.637898 -0.314800 0.702842 0.472099 0.633022 1 0 1.000000
  0 -0.195460 -1.459825 -0.552438 -0.637898 -0.314800 0.702842 0.472099 0.575857 1 0 1.000000
  0 -0.155232 -1.526594 0.385905 -0.637898 -0.314800 0.702842 0.221052 0.575857 1 0 1.000000
c_spy_watch
  0 -0.116284 1.568549 0.636036 0.007397 -0.245259 0.969429 0.221052 0.480582 1 0 1.000000
  0 -0.123549 1.853590 -0.284142 0.007397 -0.245259 0.969429 0.472099 0.423580 1 0 1.000000
  0 -0.139686 1.770068 0.653582 0.007397 -0.245259 0.969429 0.221052 0.423580 1 0 1.000000
c_spy_watch
  0 -0.116284 1.568549 0.636036 0.007397 -0.245259 0.969429 0.221052 0.480582 1 0 1.000000
  0 -0.100148 1.652071 -0.301689 0.007397 -0.245259 0.969429 0.472099 0.480582 1 0 1.000000
  0 -0.123549 1.853590 -0.284142 0.007397 -0.245259 0.969429 0.472099 0.423580 1 0 1.000000
c_spy_watch
  0 0.776834 -1.494533 -0.557121 -0.412517 0.195082 -0.889816 0.472099 0.423580 1 0 1.000000
  0 0.725199 -1.424288 0.402270 -0.412517 0.195082 -0.889816 0.221052 0.480582 1 0 1.000000
  0 0.678234 -1.318122 -0.532121 -0.412517 0.195082 -0.889816 0.472099 0.480582 1 0 1.000000
c_spy_watch
  0 0.776834 -1.494533 -0.557121 -0.412517 0.195082 -0.889816 0.472099 0.423580 1 0 1.000000
  0 0.823800 -1.600699 0.377270 -0.412517 0.195082 -0.889816 0.221052 0.423580 1 0 1.000000
  0 0.725199 -1.424288 0.402270 -0.412517 0.195082 -0.889816 0.221052 0.480582 1 0 1.000000
c_spy_watch
  0 -0.994468 1.365741 -0.346989 -0.850938 -0.038546 -0.523850 0.472099 0.575857 1 0 1.000000
  0 -0.995605 1.291414 0.592115 -0.850938 -0.038546 -0.523850 0.221052 0.567651 1 0 1.000000
  0 -1.022300 1.304235 0.592164 -0.850938 -0.038546 -0.523850 0.221052 0.575857 1 0 1.000000
c_spy_watch
  0 -0.994468 1.365741 -0.346989 -0.850938 -0.038546 -0.523850 0.472099 0.575857 1 0 1.000000
  0 -0.967773 1.352920 -0.347037 -0.850938 -0.038546 -0.523850 0.472099 0.567651 1 0 1.000000
  0 -0.995605 1.291414 0.592115 -0.850938 -0.038546 -0.523850 0.221052 0.567651 1 0 1.000000
c_spy_watch
  0 0.833748 0.944704 0.680405 -0.571869 0.107480 -0.813273 0.498568 0.077551 1 0 1.000000
  0 0.735484 1.129432 -0.327473 -0.467499 0.143215 -0.872316 0.226632 0.114813 1 0 1.000000
  0 0.827408 1.025095 -0.360316 -0.571869 0.107480 -0.813273 0.220192 0.077551 1 0 1.000000
c_spy_watch
  0 0.833748 0.944704 0.680405 -0.571869 0.107480 -0.813273 0.498568 0.077551 1 0 1.000000
  0 0.741531 1.052764 0.665091 -0.467499 0.143215 -0.872316 0.492128 0.114813 1 0 1.000000
  0 0.735484 1.129432 -0.327473 -0.467499 0.143215 -0.872316 0.226632 0.114813 1 0 1.000000
c_spy_watch
  0 0.735484 1.129432 -0.327473 -0.467499 0.143215 -0.872316 0.226632 0.114813 1 0 1.000000
  0 0.741531 1.052764 0.665091 -0.467499 0.143215 -0.872316 0.492128 0.114813 1 0 1.000000
  0 0.678555 1.180356 0.650758 -0.337861 0.155583 -0.928248 0.485919 0.152393 1 0 1.000000
c_spy_watch
  0 0.735484 1.129432 -0.327473 -0.467499 0.143215 -0.872316 0.226632 0.114813 1 0 1.000000
  0 0.678555 1.180356 0.650758 -0.337861 0.155583 -0.928248 0.485919 0.152393 1 0 1.000000
  0 0.672807 1.253251 -0.292956 -0.337861 0.155583 -0.928248 0.233063 0.152393 1 0 1.000000
c_spy_watch
  0 1.260336 -1.137812 0.479655 0.161346 0.434039 0.886328 0.212087 0.299999 1 0 1.000000
  0 1.280998 -1.140003 0.457140 0.161346 0.434039 0.886328 0.220258 0.299669 1 0 1.000000
  0 1.266709 -1.113309 0.462291 0.161346 0.434039 0.886328 0.219400 0.307595 1 0 1.000000
c_spy_watch
  0 1.051253 1.115055 -0.351172 0.726283 -0.003997 0.687384 0.892418 0.104835 1 0 1.000000
  0 1.078542 0.988880 0.700313 0.726283 -0.003997 0.687384 0.644172 0.095650 1 0 1.000000
  0 1.081890 1.093684 -0.358764 0.726283 -0.003997 0.687384 0.893614 0.095649 1 0 1.000000
c_spy_watch
  0 1.051253 1.115055 -0.351172 0.726283 -0.003997 0.687384 0.892418 0.104835 1 0 1.000000
  0 1.047941 1.011338 0.696865 0.726283 -0.003997 0.687384 0.645315 0.104836 1 0 1.000000
  0 1.078542 0.988880 0.700313 0.726283 -0.003997 0.687384 0.644172 0.095650 1 0 1.000000
c_spy_watch
  0 1.051695 0.988135 0.726456 0.162595 0.520851 0.838020 0.634988 0.100532 1 0 1.000000
  0 1.105247 0.827663 0.745208 0.127304 0.527915 0.839702 0.629946 0.058775 1 0 1.000000
  0 1.078542 0.988880 0.700313 0.162595 0.520851 0.838020 0.644172 0.095650 1 0 1.000000
c_spy_watch
  0 1.051695 0.988135 0.726456 0.162595 0.520851 0.838020 0.634988 0.100532 1 0 1.000000
  0 1.078709 0.822369 0.771299 0.127304 0.527915 0.839702 0.619760 0.060547 1 0 1.000000
  0 1.105247 0.827663 0.745208 0.127304 0.527915 0.839702 0.629946 0.058775 1 0 1.000000
c_spy_watch
  0 1.078709 0.822369 0.771299 0.127304 0.527915 0.839702 0.619760 0.060547 1 0 1.000000
  0 1.109556 0.638540 0.793665 0.061648 0.508121 0.859076 0.614285 0.015834 1 0 1.000000
  0 1.105247 0.827663 0.745208 0.127304 0.527915 0.839702 0.629946 0.058775 1 0 1.000000
c_spy_watch
  0 1.078709 0.822369 0.771299 0.127304 0.527915 0.839702 0.619760 0.060547 1 0 1.000000
  0 1.082117 0.632817 0.823164 0.061648 0.508121 0.859076 0.599888 0.018440 1 0 1.000000
  0 1.109556 0.638540 0.793665 0.061648 0.508121 0.859076 0.614285 0.015834 1 0 1.000000
c_spy_watch
  0 0.864239 0.941268 0.681772 -0.874982 -0.285831 0.390776 0.499170 0.069585 1 0 1.000000
  0 1.029788 1.136141 -0.354790 -0.874982 -0.285831 0.390776 0.219826 0.014505 1 0 1.000000
  0 1.036149 1.055475 0.689547 -0.874982 -0.285831 0.390776 0.499170 0.014505 1 0 1.000000
c_spy_watch
  0 0.864239 0.941268 0.681772 -0.874982 -0.285831 0.390776 0.499170 0.069585 1 0 1.000000
  0 0.857877 1.021939 -0.362565 -0.874982 -0.285831 0.390776 0.219826 0.069585 1 0 1.000000
  0 1.029788 1.136141 -0.354790 -0.874982 -0.285831 0.390776 0.219826 0.014505 1 0 1.000000
c_spy_watch
  0 0.838391 0.990134 0.694104 0.713324 0.680702 0.166770 0.627751 0.154066 1 0 1.000000
  0 1.051695 0.988135 0.726456 0.713324 0.680702 0.166770 0.634988 0.100532 1 0 1.000000
  0 1.047941 1.011338 0.696865 0.713324 0.680702 0.166770 0.645315 0.104836 1 0 1.000000
c_spy_watch
  0 0.838391 0.990134 0.694104 0.713324 0.680702 0.166770 0.627751 0.154066 1 0 1.000000
  0 0.838590 0.966568 0.723647 0.713324 0.680702 0.166770 0.617312 0.154392 1 0 1.000000
  0 1.051695 0.988135 0.726456 0.713324 0.680702 0.166770 0.634988 0.100532 1 0 1.000000
c_spy_watch
  0 1.051253 1.115055 -0.351172 0.932483 -0.348426 -0.095264 0.892418 0.104835 1 0 1.000000
  0 0.842103 1.076527 -0.387521 0.932483 -0.348426 -0.095264 0.919942 0.155494 1 0 1.000000
  0 0.841703 1.093841 -0.353935 0.932483 -0.348426 -0.095264 0.909929 0.154066 1 0 1.000000
c_spy_watch
  0 1.051253 1.115055 -0.351172 0.932483 -0.348426 -0.095264 0.892418 0.104835 1 0 1.000000
  0 1.055207 1.098092 -0.384714 0.932483 -0.348426 -0.095264 0.902035 0.101017 1 0 1.000000
  0 0.842103 1.076527 -0.387521 0.932483 -0.348426 -0.095264 0.919942 0.155494 1 0 1.000000
c_spy_watch
  0 1.036149 1.055475 0.689547 -0.364172 -0.304530 0.880136 0.500030 0.307918 1 0 1.000000
  0 1.038491 1.165324 -0.350770 -0.364172 -0.304530 0.880136 0.220258 0.299669 1 0 1.000000
  0 1.044831 1.084934 0.689952 -0.364172 -0.304530 0.880136 0.494733 0.299669 1 0 1.000000
c_spy_watch
  0 1.036149 1.055475 0.689547 -0.364172 -0.304530 0.880136 0.500030 0.307918 1 0 1.000000
  0 1.029788 1.136141 -0.354790 -0.364172 -0.304530 0.880136 0.219400 0.307595 1 0 1.000000
  0 1.038491 1.165324 -0.350770 -0.364172 -0.304530 0.880136 0.220258 0.299669 1 0 1.000000
c_spy_watch
  0 0.981884 1.212438 0.675961 0.488315 -0.116229 0.864892 0.488440 0.262834 1 0 1.000000
  0 1.044831 1.084934 0.689952 0.382552 -0.184340 0.905358 0.494733 0.299669 1 0 1.000000
  0 1.038491 1.165324 -0.350770 0.382552 -0.184340 0.905358 0.220258 0.299669 1 0 1.000000
c_spy_watch
  0 0.981884 1.212438 0.675961 0.488315 -0.116229 0.864892 0.488440 0.262834 1 0 1.000000
  0 1.038491 1.165324 -0.350770 0.382552 -0.184340 0.905358 0.220258 0.299669 1 0 1.000000
  0 0.975837 1.289106 -0.316604 0.488315 -0.116229 0.864892 0.226551 0.262834 1 0 1.000000
c_spy_watch
  0 0.883865 1.393461 -0.283411 0.571903 -0.107468 0.813251 0.233050 0.225985 1 0 1.000000
  0 0.981884 1.212438 0.675961 0.488315 -0.116229 0.864892 0.488440 0.262834 1 0 1.000000
  0 0.975837 1.289106 -0.316604 0.488315 -0.116229 0.864892 0.226551 0.262834 1 0 1.000000
c_spy_watch
  0 0.883865 1.393461 -0.283411 0.571903 -0.107468 0.813251 0.233050 0.225985 1 0 1.000000
  0 0.889613 1.320566 0.660304 0.571903 -0.107468 0.813251 0.481941 0.225985 1 0 1.000000
  0 0.981884 1.212438 0.675961 0.488315 -0.116229 0.864892 0.488440 0.262834 1 0 1.000000
c_spy_watch
  0 -0.100148 1.652071 -0.301689 -0.568811 -0.298356 0.766445 0.472099 0.480582 1 0 1.000000
  0 -0.131034 1.542987 0.633505 -0.568811 -0.298356 0.766445 0.221052 0.488428 1 0 1.000000
  0 -0.114898 1.626519 -0.304219 -0.568811 -0.298356 0.766445 0.472099 0.488428 1 0 1.000000
c_spy_watch
  0 -0.100148 1.652071 -0.301689 -0.568811 -0.298356 0.766445 0.472099 0.480582 1 0 1.000000
  0 -0.116284 1.568549 0.636036 -0.568811 -0.298356 0.766445 0.221052 0.480582 1 0 1.000000
  0 -0.131034 1.542987 0.633505 -0.568811 -0.298356 0.766445 0.221052 0.488428 1 0 1.000000
c_spy_watch
  0 -0.729600 1.503260 -0.350832 0.352140 -0.790809 0.500618 0.537022 0.414716 1 0 1.000000
  0 -0.808576 1.693687 -0.320002 0.352140 -0.790809 0.500618 0.472099 0.423580 1 0 1.000000
  0 -0.713265 1.513947 -0.328948 0.352140 -0.790809 0.500618 0.537487 0.423570 1 0 1.000000
c_spy_watch
  0 -0.729600 1.503260 -0.350832 0.352140 -0.790809 0.500618 0.537022 0.414716 1 0 1.000000
  0 -0.827489 1.687853 -0.341645 0.352140 -0.790809 0.500618 0.476090 0.414716 1 0 1.000000
  0 -0.808576 1.693687 -0.320002 0.352140 -0.790809 0.500618 0.472099 0.423580 1 0 1.000000
c_spy_watch
  0 0.233027 -1.422709 -0.557840 0.979334 0.197720 0.042550 0.472099 0.528039 1 0 1.000000
  0 0.095043 -1.461071 -0.554655 0.967951 0.222151 -0.117135 0.472099 0.488428 1 0 1.000000
  0 0.135271 -1.527850 0.383688 0.967951 0.222151 -0.117135 0.221052 0.488428 1 0 1.000000
c_spy_watch
  0 0.233027 -1.422709 -0.557840 0.979334 0.197720 0.042550 0.472099 0.528039 1 0 1.000000
  0 0.135271 -1.527850 0.383688 0.967951 0.222151 -0.117135 0.221052 0.488428 1 0 1.000000
  0 0.273255 -1.489478 0.380503 0.979334 0.197720 0.042550 0.221052 0.528039 1 0 1.000000
c_spy_watch
  0 0.416280 -1.494324 0.374027 0.972918 0.153370 0.172937 0.221052 0.567651 1 0 1.000000
  0 0.233027 -1.422709 -0.557840 0.979334 0.197720 0.042550 0.472099 0.528039 1 0 1.000000
  0 0.273255 -1.489478 0.380503 0.979334 0.197720 0.042550 0.221052 0.528039 1 0 1.000000
c_spy_watch
  0 0.416280 -1.494324 0.374027 0.972918 0.153370 0.172937 0.221052 0.567651 1 0 1.000000
  0 0.376051 -1.427545 -0.564316 0.972918 0.153370 0.172937 0.472099 0.567651 1 0 1.000000
  0 0.233027 -1.422709 -0.557840 0.979334 0.197720 0.042550 0.472099 0.528039 1 0 1.000000
c_spy_watch
  0 -0.413199 -1.341578 0.410130 0.326910 0.901488 -0.283636 0.537487 0.423570 1 0 1.000000
  0 -0.516231 -1.522355 0.422401 0.326910 0.901488 -0.283636 0.476090 0.414716 1 0 1.000000
  0 -0.393976 -1.352799 0.429225 0.326910 0.901488 -0.283636 0.537022 0.414716 1 0 1.000000
c_spy_watch
  0 -0.413199 -1.341578 0.410130 0.326910 0.901488 -0.283636 0.537487 0.423570 1 0 1.000000
  0 -0.532228 -1.506660 0.403485 0.326910 0.901488 -0.283636 0.472099 0.423580 1 0 1.000000
  0 -0.516231 -1.522355 0.422401 0.326910 0.901488 -0.283636 0.476090 0.414716 1 0 1.000000
c_spy_watch
  0 -0.558219 -1.452657 -0.557096 0.580287 -0.428362 -0.692656 0.476090 0.414716 1 0 1.000000
  0 -0.453428 -1.274799 -0.528213 0.580287 -0.428362 -0.692656 0.537487 0.423570 1 0 1.000000
  0 -0.435965 -1.283101 -0.550270 0.580287 -0.428362 -0.692656 0.537022 0.414716 1 0 1.000000
c_spy_watch
  0 -0.558219 -1.452657 -0.557096 0.580287 -0.428362 -0.692656 0.476090 0.414716 1 0 1.000000
  0 -0.572456 -1.439891 -0.534858 0.580287 -0.428362 -0.692656 0.472099 0.423580 1 0 1.000000
  0 -0.453428 -1.274799 -0.528213 0.580287 -0.428362 -0.692656 0.537487 0.423570 1 0 1.000000
c_spy_watch
  0 0.088449 -1.743996 0.385577 -0.267642 0.436828 0.858806 0.476090 0.335824 1 0 1.000000
  0 0.132473 -1.540416 0.377457 -0.267642 0.436828 0.858806 0.537487 0.327089 1 0 1.000000
  0 0.113197 -1.536765 0.399262 -0.267642 0.436828 0.858806 0.537022 0.336606 1 0 1.000000
c_spy_watch
  0 0.088449 -1.743996 0.385577 -0.267642 0.436828 0.858806 0.476090 0.335824 1 0 1.000000
  0 0.108374 -1.742179 0.364134 -0.267642 0.436828 0.858806 0.471029 0.327089 1 0 1.000000
  0 0.132473 -1.540416 0.377457 -0.267642 0.436828 0.858806 0.537487 0.327089 1 0 1.000000
c_spy_watch
  0 -0.192823 -1.731134 0.377832 -0.412517 0.195082 -0.889816 0.221052 0.414716 1 0 1.000000
  0 -0.247704 -1.638744 -0.558060 -0.412517 0.195082 -0.889816 0.472099 0.423580 1 0 1.000000
  0 -0.233051 -1.664365 -0.560512 -0.412517 0.195082 -0.889816 0.467168 0.414716 1 0 1.000000
c_spy_watch
  0 -0.192823 -1.731134 0.377832 -0.412517 0.195082 -0.889816 0.221052 0.414716 1 0 1.000000
  0 -0.207476 -1.705513 0.380283 -0.412517 0.195082 -0.889816 0.221052 0.423580 1 0 1.000000
  0 -0.247704 -1.638744 -0.558060 -0.412517 0.195082 -0.889816 0.472099 0.423580 1 0 1.000000
c_spy_watch
  0 -0.692031 1.511393 -0.327766 -0.337861 0.155583 -0.928248 0.472099 0.575857 1 0 1.000000
  0 -0.790161 1.613650 0.625095 -0.337861 0.155583 -0.928248 0.221052 0.633022 1 0 1.000000
  0 -0.774024 1.697182 -0.312628 -0.337861 0.155583 -0.928248 0.472099 0.633022 1 0 1.000000
c_spy_watch
  0 -0.692031 1.511393 -0.327766 -0.337861 0.155583 -0.928248 0.472099 0.575857 1 0 1.000000
  0 -0.708160 1.427872 0.609959 -0.337861 0.155583 -0.928248 0.221052 0.575857 1 0 1.000000
  0 -0.790161 1.613650 0.625095 -0.337861 0.155583 -0.928248 0.221052 0.633022 1 0 1.000000
c_spy_watch
  0 0.997028 -1.175696 0.461514 0.060126 0.894075 -0.443863 0.562164 0.262640 1 0 1.000000
  0 1.065642 -1.059550 0.495184 0.137899 0.904909 -0.402644 0.557811 0.299454 1 0 1.000000
  0 1.046341 -1.045673 0.475856 0.137899 0.904909 -0.402644 0.566000 0.300561 1 0 1.000000
c_spy_watch
  0 0.997028 -1.175696 0.461514 0.060126 0.894075 -0.443863 0.562164 0.262640 1 0 1.000000
  0 1.046341 -1.045673 0.475856 0.137899 0.904909 -0.402644 0.566000 0.300561 1 0 1.000000
  0 0.976442 -1.165514 0.441697 0.060126 0.894075 -0.443863 0.570431 0.261638 1 0 1.000000
c_spy_watch
  0 0.976442 -1.165514 0.441697 0.060126 0.894075 -0.443863 0.570431 0.261638 1 0 1.000000
  0 0.959626 -1.308169 0.424327 -0.018121 0.876209 -0.481589 0.544879 0.224152 1 0 1.000000
  0 0.997028 -1.175696 0.461514 0.060126 0.894075 -0.443863 0.562164 0.262640 1 0 1.000000
c_spy_watch
  0 0.976442 -1.165514 0.441697 0.060126 0.894075 -0.443863 0.570431 0.261638 1 0 1.000000
  0 0.939055 -1.298468 0.404591 -0.018121 0.876209 -0.481589 0.552723 0.222162 1 0 1.000000
  0 0.959626 -1.308169 0.424327 -0.018121 0.876209 -0.481589 0.544879 0.224152 1 0 1.000000
c_spy_watch
  0 -1.117610 1.483965 0.601109 -0.352140 0.790809 -0.500618 0.471029 0.327089 1 0 1.000000
  0 -1.003386 1.310068 0.613807 -0.352140 0.790809 -0.500618 0.537022 0.336606 1 0 1.000000
  0 -1.101265 1.494663 0.622995 -0.352140 0.790809 -0.500618 0.476090 0.335824 1 0 1.000000
c_spy_watch
  0 -1.117610 1.483965 0.601109 -0.352140 0.790809 -0.500618 0.471029 0.327089 1 0 1.000000
  0 -1.022300 1.304235 0.592164 -0.352140 0.790809 -0.500618 0.537487 0.327089 1 0 1.000000
  0 -1.003386 1.310068 0.613807 -0.352140 0.790809 -0.500618 0.537022 0.336606 1 0 1.000000
c_spy_watch
  0 0.068144 -1.675400 -0.574209 -0.728142 -0.310632 0.610997 0.471029 0.327089 1 0 1.000000
  0 0.088088 -1.763736 0.363469 -0.728142 -0.310632 0.610997 0.221052 0.336399 1 0 1.000000
  0 0.047859 -1.696967 -0.574875 -0.728142 -0.310632 0.610997 0.467169 0.336399 1 0 1.000000
c_spy_watch
  0 0.068144 -1.675400 -0.574209 -0.728142 -0.310632 0.610997 0.471029 0.327089 1 0 1.000000
  0 0.108374 -1.742179 0.364134 -0.728142 -0.310632 0.610997 0.218935 0.327089 1 0 1.000000
  0 0.088088 -1.763736 0.363469 -0.728142 -0.310632 0.610997 0.221052 0.336399 1 0 1.000000
c_spy_watch
  0 -1.113195 1.513181 0.603152 0.241370 0.256951 -0.935797 0.221052 0.336399 1 0 1.000000
  0 -1.089767 1.545472 -0.338043 0.241370 0.256951 -0.935797 0.471029 0.327089 1 0 1.000000
  0 -1.117610 1.483965 0.601109 0.241370 0.256951 -0.935797 0.218935 0.327089 1 0 1.000000
c_spy_watch
  0 -1.113195 1.513181 0.603152 0.241370 0.256951 -0.935797 0.221052 0.336399 1 0 1.000000
  0 -1.085363 1.574687 -0.335998 0.241370 0.256951 -0.935797 0.467169 0.336399 1 0 1.000000
  0 -1.089767 1.545472 -0.338043 0.241370 0.256951 -0.935797 0.471029 0.327089 1 0 1.000000
c_spy_watch
  0 -1.072211 1.558861 -0.357346 -0.174377 -0.560238 -0.809769 0.476090 0.335824 1 0 1.000000
  0 -0.994468 1.365741 -0.346989 -0.174377 -0.560238 -0.809769 0.537487 0.327089 1 0 1.000000
  0 -1.089767 1.545472 -0.338043 -0.174377 -0.560238 -0.809769 0.471029 0.327089 1 0 1.000000
c_spy_watch
  0 -1.072211 1.558861 -0.357346 -0.174377 -0.560238 -0.809769 0.476090 0.335824 1 0 1.000000
  0 -0.974332 1.374267 -0.366535 -0.174377 -0.560238 -0.809769 0.537022 0.336606 1 0 1.000000
  0 -0.994468 1.365741 -0.346989 -0.174377 -0.560238 -0.809769 0.537487 0.327089 1 0 1.000000
c_spy_watch
  0 1.054947 -1.339598 -0.553496 0.412517 -0.195082 0.889816 0.472099 0.633022 1 0 1.000000
  0 1.003312 -1.269353 0.405895 0.412517 -0.195082 0.889816 0.221052 0.575857 1 0 1.000000
  0 1.101914 -1.445764 0.380895 0.412517 -0.195082 0.889816 0.221052 0.633022 1 0 1.000000
c_spy_watch
  0 1.054947 -1.339598 -0.553496 0.412517 -0.195082 0.889816 0.472099 0.633022 1 0 1.000000
  0 0.956347 -1.163187 -0.528497 0.412517 -0.195082 0.889816 0.472099 0.575857 1 0 1.000000
  0 1.003312 -1.269353 0.405895 0.412517 -0.195082 0.889816 0.221052 0.575857 1 0 1.000000
c_spy_watch
  0 0.396276 -1.449049 -0.566714 0.030122 -0.288596 0.956977 0.472099 0.575857 1 0 1.000000
  0 0.460033 -1.717507 0.356268 0.030122 -0.288596 0.956977 0.221052 0.633022 1 0 1.000000
  0 0.419806 -1.650738 -0.582075 0.030122 -0.288596 0.956977 0.472099 0.633022 1 0 1.000000
c_spy_watch
  0 0.396276 -1.449049 -0.566714 0.030122 -0.288596 0.956977 0.472099 0.575857 1 0 1.000000
  0 0.436503 -1.515819 0.371629 0.030122 -0.288596 0.956977 0.221052 0.575857 1 0 1.000000
  0 0.460033 -1.717507 0.356268 0.030122 -0.288596 0.956977 0.221052 0.633022 1 0 1.000000
c_spy_watch
  0 0.791359 -1.626623 0.364404 0.190121 -0.236124 0.952942 0.221052 0.633022 1 0 1.000000
  0 0.709542 -1.351874 -0.555298 0.190121 -0.236124 0.952942 0.472099 0.575857 1 0 1.000000
  0 0.734510 -1.431921 0.382536 0.190121 -0.236124 0.952942 0.221052 0.575857 1 0 1.000000
c_spy_watch
  0 0.791359 -1.626623 0.364404 0.190121 -0.236124 0.952942 0.221052 0.633022 1 0 1.000000
  0 0.766391 -1.546577 -0.573431 0.190121 -0.236124 0.952942 0.472099 0.633022 1 0 1.000000
  0 0.709542 -1.351874 -0.555298 0.190121 -0.236124 0.952942 0.472099 0.575857 1 0 1.000000
c_spy_watch
  0 0.830056 1.336968 0.651791 -0.637898 -0.314800 0.702842 0.472099 0.633022 1 0 1.000000
  0 0.735151 1.268126 -0.304392 -0.637898 -0.314800 0.702842 0.221052 0.575857 1 0 1.000000
  0 0.856135 1.430743 -0.284740 -0.637898 -0.314800 0.702842 0.221052 0.633022 1 0 1.000000
c_spy_watch
  0 0.830056 1.336968 0.651791 -0.637898 -0.314800 0.702842 0.472099 0.633022 1 0 1.000000
  0 0.709071 1.174351 0.632140 -0.637898 -0.314800 0.702842 0.472099 0.575857 1 0 1.000000
  0 0.735151 1.268126 -0.304392 -0.637898 -0.314800 0.702842 0.221052 0.575857 1 0 1.000000
c_spy_watch
  0 1.055376 -0.990666 -0.559536 -0.983358 -0.180169 -0.023381 0.627751 0.154066 1 0 1.000000
  0 1.261614 -1.073169 0.491263 -0.983358 -0.180169 -0.023381 0.892418 0.104835 1 0 1.000000
  0 1.052065 -1.094383 0.488502 -0.983358 -0.180169 -0.023381 0.909929 0.154066 1 0 1.000000
c_spy_watch
  0 1.055376 -0.990666 -0.559536 -0.983358 -0.180169 -0.023381 0.627751 0.154066 1 0 1.000000
  0 1.264927 -0.969461 -0.556775 -0.983358 -0.180169 -0.023381 0.645315 0.104836 1 0 1.000000
  0 1.261614 -1.073169 0.491263 -0.983358 -0.180169 -0.023381 0.892418 0.104835 1 0 1.000000
c_spy_watch
  0 1.227338 -1.004682 -0.578785 0.870295 0.049548 0.490033 0.499170 0.014505 1 0 1.000000
  0 1.075600 -1.036480 0.477533 0.870295 0.049548 0.490033 0.219826 0.069585 1 0 1.000000
  0 1.266709 -1.113309 0.462291 0.870295 0.049548 0.490033 0.219826 0.014505 1 0 1.000000
c_spy_watch
  0 1.227338 -1.004682 -0.578785 0.870295 0.049548 0.490033 0.499170 0.014505 1 0 1.000000
  0 1.036227 -0.927863 -0.563543 0.870295 0.049548 0.490033 0.499170 0.069585 1 0 1.000000
  0 1.075600 -1.036480 0.477533 0.870295 0.049548 0.490033 0.219826 0.069585 1 0 1.000000
c_spy_watch
  0 1.144458 -1.401895 0.384035 -0.798247 0.571488 -0.190273 0.485137 0.216000 1 0 1.000000
  0 0.959626 -1.308169 0.424327 -0.798247 0.571488 -0.190273 0.544879 0.224152 1 0 1.000000
  0 0.953349 -1.325076 0.399278 -0.798247 0.571488 -0.190273 0.545224 0.215724 1 0 1.000000
c_spy_watch
  0 1.144458 -1.401895 0.384035 -0.798247 0.571488 -0.190273 0.485137 0.216000 1 0 1.000000
  0 1.155044 -1.386724 0.408740 -0.798247 0.571488 -0.190273 0.490112 0.224193 1 0 1.000000
  0 0.959626 -1.308169 0.424327 -0.798247 0.571488 -0.190273 0.544879 0.224152 1 0 1.000000
c_spy_watch
  0 1.065642 -1.059550 0.495184 0.393201 0.752604 0.528185 0.557811 0.299454 1 0 1.000000
  0 1.266709 -1.113309 0.462291 0.393201 0.752604 0.528185 0.500030 0.307918 1 0 1.000000
  0 1.075600 -1.036480 0.477533 0.393201 0.752604 0.528185 0.558559 0.308098 1 0 1.000000
c_spy_watch
  0 1.065642 -1.059550 0.495184 0.393201 0.752604 0.528185 0.557811 0.299454 1 0 1.000000
  0 1.260336 -1.137812 0.479655 0.393201 0.752604 0.528185 0.503266 0.299560 1 0 1.000000
  0 1.266709 -1.113309 0.462291 0.393201 0.752604 0.528185 0.500030 0.307918 1 0 1.000000
c_spy_watch
  0 1.024801 -0.946872 -0.584775 0.717849 -0.689350 0.097410 0.557811 0.299454 1 0 1.000000
  0 1.227338 -1.004682 -0.578785 0.717849 -0.689350 0.097410 0.500030 0.307918 1 0 1.000000
  0 1.219493 -1.025134 -0.600303 0.717849 -0.689350 0.097410 0.503266 0.299560 1 0 1.000000
c_spy_watch
  0 1.024801 -0.946872 -0.584775 0.717849 -0.689350 0.097410 0.557811 0.299454 1 0 1.000000
  0 1.036227 -0.927863 -0.563543 0.717849 -0.689350 0.097410 0.558559 0.308098 1 0 1.000000
  0 1.227338 -1.004682 -0.578785 0.717849 -0.689350 0.097410 0.500030 0.307918 1 0 1.000000
c_spy_watch
  0 0.729050 -1.395095 0.405393 0.199339 0.322578 -0.925315 0.221052 0.488428 1 0 1.000000
  0 0.678234 -1.318122 -0.532121 0.199339 0.322578 -0.925315 0.472099 0.480582 1 0 1.000000
  0 0.725199 -1.424288 0.402270 0.199339 0.322578 -0.925315 0.221052 0.480582 1 0 1.000000
c_spy_watch
  0 0.729050 -1.395095 0.405393 0.199339 0.322578 -0.925315 0.221052 0.488428 1 0 1.000000
  0 0.682086 -1.288929 -0.528998 0.199339 0.322578 -0.925315 0.472099 0.488428 1 0 1.000000
  0 0.678234 -1.318122 -0.532121 0.199339 0.322578 -0.925315 0.472099 0.480582 1 0 1.000000
c_spy_watch
  0 0.929439 -1.151129 -0.525774 0.846913 0.045462 0.529784 0.472099 0.567651 1 0 1.000000
  0 1.003312 -1.269353 0.405895 0.846913 0.045462 0.529784 0.221052 0.575857 1 0 1.000000
  0 0.956347 -1.163187 -0.528497 0.846913 0.045462 0.529784 0.472099 0.575857 1 0 1.000000
c_spy_watch
  0 0.929439 -1.151129 -0.525774 0.846913 0.045462 0.529784 0.472099 0.567651 1 0 1.000000
  0 0.976404 -1.257295 0.408617 0.846913 0.045462 0.529784 0.221052 0.567651 1 0 1.000000
  0 1.003312 -1.269353 0.405895 0.846913 0.045462 0.529784 0.221052 0.575857 1 0 1.000000
c_spy_watch
  0 -0.741097 1.452442 0.610204 0.146489 0.576719 0.803702 0.537487 0.423570 1 0 1.000000
  0 -0.856543 1.623646 0.638694 0.146489 0.576719 0.803702 0.476090 0.414716 1 0 1.000000
  0 -0.758653 1.439052 0.629508 0.146489 0.576719 0.803702 0.537022 0.414716 1 0 1.000000
c_spy_watch
  0 -0.741097 1.452442 0.610204 0.146489 0.576719 0.803702 0.537487 0.423570 1 0 1.000000
  0 -0.836408 1.632181 0.619150 0.146489 0.576719 0.803702 0.472099 0.423580 1 0 1.000000
  0 -0.856543 1.623646 0.638694 0.146489 0.576719 0.803702 0.476090 0.414716 1 0 1.000000
c_spy_watch
  0 1.266709 -1.113309 0.462291 0.382552 -0.184340 0.905358 0.219400 0.307595 1 0 1.000000
  0 1.241762 -1.031760 -0.580331 0.382552 -0.184340 0.905358 0.494733 0.299669 1 0 1.000000
  0 1.227338 -1.004682 -0.578785 0.382552 -0.184340 0.905358 0.500030 0.307918 1 0 1.000000
c_spy_watch
  0 1.266709 -1.113309 0.462291 0.382552 -0.184340 0.905358 0.219400 0.307595 1 0 1.000000
  0 1.280998 -1.140003 0.457140 0.382552 -0.184340 0.905358 0.220258 0.299669 1 0 1.000000
  0 1.241762 -1.031760 -0.580331 0.382552 -0.184340 0.905358 0.494733 0.299669 1 0 1.000000
c_spy_watch
  0 1.024776 -0.968208 -0.562983 -0.578352 -0.351982 -0.735947 0.617043 0.163998 1 0 1.000000
  0 1.054559 -0.982777 -0.577276 -0.578352 -0.351982 -0.735947 0.622596 0.154594 1 0 1.000000
  0 1.055376 -0.990666 -0.559536 -0.578352 -0.351982 -0.735947 0.627751 0.154066 1 0 1.000000
c_spy_watch
  0 1.024776 -0.968208 -0.562983 -0.578352 -0.351982 -0.735947 0.617043 0.163998 1 0 1.000000
  0 1.051623 -0.967456 -0.589127 -0.578352 -0.351982 -0.735947 0.617312 0.154392 1 0 1.000000
  0 1.054559 -0.982777 -0.577276 -0.578352 -0.351982 -0.735947 0.622596 0.154594 1 0 1.000000
c_spy_watch
  0 0.710963 -1.414097 0.384684 0.557281 0.805963 0.199652 0.544877 0.335051 1 0 1.000000
  0 0.575305 -1.454512 0.405576 0.545018 0.834333 0.082730 0.542124 0.375532 1 0 1.000000
  0 0.714469 -1.436836 0.403380 0.557281 0.805963 0.199652 0.537022 0.336606 1 0 1.000000
c_spy_watch
  0 0.710963 -1.414097 0.384684 0.557281 0.805963 0.199652 0.544877 0.335051 1 0 1.000000
  0 0.568971 -1.432947 0.386855 0.545018 0.834333 0.082730 0.550224 0.375532 1 0 1.000000
  0 0.575305 -1.454512 0.405576 0.545018 0.834333 0.082730 0.542124 0.375532 1 0 1.000000
c_spy_watch
  0 0.439158 -1.493503 0.385143 0.514931 0.857032 -0.018519 0.544877 0.416013 1 0 1.000000
  0 0.575305 -1.454512 0.405576 0.545018 0.834333 0.082730 0.542124 0.375532 1 0 1.000000
  0 0.568971 -1.432947 0.386855 0.545018 0.834333 0.082730 0.550224 0.375532 1 0 1.000000
c_spy_watch
  0 0.439158 -1.493503 0.385143 0.514931 0.857032 -0.018519 0.544877 0.416013 1 0 1.000000
  0 0.448503 -1.514534 0.403829 0.514931 0.857032 -0.018519 0.537022 0.414716 1 0 1.000000
  0 0.575305 -1.454512 0.405576 0.545018 0.834333 0.082730 0.542124 0.375532 1 0 1.000000
c_spy_watch
  0 1.155044 -1.386724 0.408740 -0.928558 0.279820 0.243887 0.225202 0.224095 1 0 1.000000
  0 1.144458 -1.401895 0.384035 -0.928558 0.279820 0.243887 0.233718 0.216686 1 0 1.000000
  0 1.173684 -1.392781 0.385879 -0.928558 0.279820 0.243887 0.233050 0.225985 1 0 1.000000
c_spy_watch
  0 0.734510 -1.431921 0.382536 0.745920 -0.061845 0.663158 0.221052 0.575857 1 0 1.000000
  0 0.685996 -1.334050 -0.553150 0.745920 -0.061845 0.663158 0.472099 0.567651 1 0 1.000000
  0 0.710963 -1.414097 0.384684 0.745920 -0.061845 0.663158 0.221052 0.567651 1 0 1.000000
c_spy_watch
  0 0.734510 -1.431921 0.382536 0.745920 -0.061845 0.663158 0.221052 0.575857 1 0 1.000000
  0 0.709542 -1.351874 -0.555298 0.745920 -0.061845 0.663158 0.472099 0.575857 1 0 1.000000
  0 0.685996 -1.334050 -0.553150 0.745920 -0.061845 0.663158 0.472099 0.567651 1 0 1.000000
c_spy_watch
  0 1.259147 -0.777957 -0.630879 -0.131556 -0.961268 -0.242190 0.619760 0.060547 1 0 1.000000
  0 1.264726 -0.945891 -0.586318 -0.131556 -0.961268 -0.242190 0.634988 0.100532 1 0 1.000000
  0 1.051623 -0.967456 -0.589127 -0.131556 -0.961268 -0.242190 0.617312 0.154392 1 0 1.000000
c_spy_watch
  0 1.259147 -0.777957 -0.630879 -0.131556 -0.961268 -0.242190 0.619760 0.060547 1 0 1.000000
  0 1.051623 -0.967456 -0.589127 -0.131556 -0.961268 -0.242190 0.617312 0.154392 1 0 1.000000
  0 1.024608 -0.801695 -0.633970 -0.131556 -0.961268 -0.242190 0.579321 0.106446 1 0 1.000000
c_spy_watch
  0 1.021199 -0.612144 -0.685833 -0.131556 -0.961268 -0.242190 0.554047 0.052284 1 0 1.000000
  0 1.259147 -0.777957 -0.630879 -0.131556 -0.961268 -0.242190 0.619760 0.060547 1 0 1.000000
  0 1.024608 -0.801695 -0.633970 -0.131556 -0.961268 -0.242190 0.579321 0.106446 1 0 1.000000
c_spy_watch
  0 1.021199 -0.612144 -0.685833 -0.131556 -0.961268 -0.242190 0.554047 0.052284 1 0 1.000000
  0 1.225866 -0.591430 -0.683136 -0.131556 -0.961268 -0.242190 0.599888 0.018440 1 0 1.000000
  0 1.259147 -0.777957 -0.630879 -0.131556 -0.961268 -0.242190 0.619760 0.060547 1 0 1.000000
c_spy_watch
  0 0.926804 -1.436100 -0.578826 -0.463571 -0.885710 0.024893 0.476090 0.375500 1 0 1.000000
  0 1.037216 -1.349708 -0.574560 -0.417623 -0.900453 0.121554 0.476090 0.335824 1 0 1.000000
  0 1.051098 -1.368790 -0.556620 -0.417623 -0.900453 0.121554 0.467169 0.336399 1 0 1.000000
c_spy_watch
  0 0.926804 -1.436100 -0.578826 -0.463571 -0.885710 0.024893 0.476090 0.375500 1 0 1.000000
  0 1.051098 -1.368790 -0.556620 -0.417623 -0.900453 0.121554 0.467169 0.336399 1 0 1.000000
  0 0.937870 -1.456390 -0.560882 -0.463571 -0.885710 0.024893 0.467229 0.375437 1 0 1.000000
c_spy_watch
  0 0.803745 -1.506591 -0.559844 -0.504107 -0.860630 -0.072058 0.467168 0.414716 1 0 1.000000
  0 0.926804 -1.436100 -0.578826 -0.463571 -0.885710 0.024893 0.476090 0.375500 1 0 1.000000
  0 0.937870 -1.456390 -0.560882 -0.463571 -0.885710 0.024893 0.467229 0.375437 1 0 1.000000
c_spy_watch
  0 0.803745 -1.506591 -0.559844 -0.504107 -0.860630 -0.072058 0.467168 0.414716 1 0 1.000000
  0 0.795174 -1.484540 -0.577714 -0.504107 -0.860630 -0.072058 0.476090 0.414716 1 0 1.000000
  0 0.926804 -1.436100 -0.578826 -0.463571 -0.885710 0.024893 0.476090 0.375500 1 0 1.000000
c_spy_watch
  0 1.144458 -1.401895 0.384035 -0.959278 -0.232227 0.160795 0.233718 0.216686 1 0 1.000000
  0 1.138106 -1.294630 -0.554890 -0.959278 -0.232227 0.160795 0.481941 0.225985 1 0 1.000000
  0 1.173684 -1.392781 0.385879 -0.959278 -0.232227 0.160795 0.233050 0.225985 1 0 1.000000
c_spy_watch
  0 1.144458 -1.401895 0.384035 -0.959278 -0.232227 0.160795 0.233718 0.216686 1 0 1.000000
  0 1.109030 -1.304157 -0.552788 -0.959278 -0.232227 0.160795 0.485137 0.216000 1 0 1.000000
  0 1.138106 -1.294630 -0.554890 -0.959278 -0.232227 0.160795 0.481941 0.225985 1 0 1.000000
c_spy_watch
  0 1.021428 -1.073014 0.496093 -0.726283 0.003997 -0.687384 0.911684 0.163479 1 0 1.000000
  0 1.055376 -0.990666 -0.559536 -0.726283 0.003997 -0.687384 0.627751 0.154066 1 0 1.000000
  0 1.052065 -1.094383 0.488502 -0.726283 0.003997 -0.687384 0.909929 0.154066 1 0 1.000000
c_spy_watch
  0 1.021428 -1.073014 0.496093 -0.726283 0.003997 -0.687384 0.911684 0.163479 1 0 1.000000
  0 1.024776 -0.968208 -0.562983 -0.726283 0.003997 -0.687384 0.617043 0.163998 1 0 1.000000
  0 1.055376 -0.990666 -0.559536 -0.726283 0.003997 -0.687384 0.627751 0.154066 1 0 1.000000
c_spy_watch
  0 0.803745 -1.506591 -0.559844 -0.939385 -0.283049 0.193494 0.467168 0.414716 1 0 1.000000
  0 0.984833 -1.562546 0.373511 -0.889142 -0.314446 0.332490 0.221052 0.375437 1 0 1.000000
  0 0.850709 -1.612757 0.374547 -0.939385 -0.283049 0.193494 0.221052 0.414716 1 0 1.000000
c_spy_watch
  0 0.803745 -1.506591 -0.559844 -0.939385 -0.283049 0.193494 0.467168 0.414716 1 0 1.000000
  0 0.937870 -1.456390 -0.560882 -0.889142 -0.314446 0.332490 0.467229 0.375437 1 0 1.000000
  0 0.984833 -1.562546 0.373511 -0.889142 -0.314446 0.332490 0.221052 0.375437 1 0 1.000000
c_spy_watch
  0 1.051098 -1.368790 -0.556620 -0.818600 -0.338667 0.463895 0.467169 0.336399 1 0 1.000000
  0 0.984833 -1.562546 0.373511 -0.889142 -0.314446 0.332490 0.221052 0.375437 1 0 1.000000
  0 0.937870 -1.456390 -0.560882 -0.889142 -0.314446 0.332490 0.467229 0.375437 1 0 1.000000
c_spy_watch
  0 1.051098 -1.368790 -0.556620 -0.818600 -0.338667 0.463895 0.467169 0.336399 1 0 1.000000
  0 1.098062 -1.474957 0.377772 -0.818600 -0.338667 0.463895 0.221052 0.336399 1 0 1.000000
  0 0.984833 -1.562546 0.373511 -0.889142 -0.314446 0.332490 0.221052 0.375437 1 0 1.000000
c_spy_watch
  0 0.989611 -0.747741 0.656104 -0.335464 0.777669 -0.531691 0.545996 0.058266 1 0 1.000000
  0 1.020711 -0.923640 0.598335 -0.383745 0.759603 -0.525112 0.579321 0.106446 1 0 1.000000
  0 1.016861 -0.747929 0.686321 -0.335464 0.777669 -0.531691 0.554046 0.052284 1 0 1.000000
c_spy_watch
  0 0.989611 -0.747741 0.656104 -0.335464 0.777669 -0.531691 0.545996 0.058266 1 0 1.000000
  0 0.994341 -0.923701 0.571547 -0.383745 0.759603 -0.525112 0.571557 0.112057 1 0 1.000000
  0 1.020711 -0.923640 0.598335 -0.383745 0.759603 -0.525112 0.579321 0.106446 1 0 1.000000
c_spy_watch
  0 0.994341 -0.923701 0.571547 -0.383745 0.759603 -0.525112 0.571557 0.112057 1 0 1.000000
  0 1.048110 -1.077420 0.522042 -0.430990 0.739486 -0.517115 0.617312 0.154392 1 0 1.000000
  0 1.020711 -0.923640 0.598335 -0.383745 0.759603 -0.525112 0.579321 0.106446 1 0 1.000000
c_spy_watch
  0 0.994341 -0.923701 0.571547 -0.383745 0.759603 -0.525112 0.571557 0.112057 1 0 1.000000
  0 1.021428 -1.073014 0.496093 -0.430990 0.739486 -0.517115 0.617043 0.163998 1 0 1.000000
  0 1.048110 -1.077420 0.522042 -0.430990 0.739486 -0.517115 0.617312 0.154392 1 0 1.000000
c_spy_watch
  0 0.092249 -1.473636 -0.560884 0.412517 -0.195082 0.889816 0.472099 0.575857 1 0 1.000000
  0 0.117823 -1.514794 0.379909 0.412517 -0.195082 0.889816 0.221052 0.567651 1 0 1.000000
  0 0.132473 -1.540416 0.377457 0.412517 -0.195082 0.889816 0.221052 0.575857 1 0 1.000000
c_spy_watch
  0 0.092249 -1.473636 -0.560884 0.412517 -0.195082 0.889816 0.472099 0.575857 1 0 1.000000
  0 0.077596 -1.448015 -0.558433 0.412517 -0.195082 0.889816 0.472099 0.567651 1 0 1.000000
  0 0.117823 -1.514794 0.379909 0.412517 -0.195082 0.889816 0.221052 0.567651 1 0 1.000000
c_spy_watch
  0 1.185630 -1.159501 -0.588896 -0.270529 -0.906054 0.325392 0.497264 0.262523 1 0 1.000000
  0 1.219493 -1.025134 -0.600303 -0.194397 -0.908126 0.370832 0.503266 0.299560 1 0 1.000000
  0 1.241762 -1.031760 -0.580331 -0.194397 -0.908126 0.370832 0.494733 0.299669 1 0 1.000000
c_spy_watch
  0 1.185630 -1.159501 -0.588896 -0.270529 -0.906054 0.325392 0.497264 0.262523 1 0 1.000000
  0 1.241762 -1.031760 -0.580331 -0.194397 -0.908126 0.370832 0.494733 0.299669 1 0 1.000000
  0 1.206218 -1.169693 -0.569079 -0.270529 -0.906054 0.325392 0.488440 0.262834 1 0 1.000000
c_spy_watch
  0 1.206218 -1.169693 -0.569079 -0.270529 -0.906054 0.325392 0.488440 0.262834 1 0 1.000000
  0 1.117858 -1.284133 -0.574554 -0.326910 -0.901488 0.283636 0.490112 0.224193 1 0 1.000000
  0 1.185630 -1.159501 -0.588896 -0.270529 -0.906054 0.325392 0.497264 0.262523 1 0 1.000000
c_spy_watch
  0 1.206218 -1.169693 -0.569079 -0.270529 -0.906054 0.325392 0.488440 0.262834 1 0 1.000000
  0 1.138106 -1.294630 -0.554890 -0.326910 -0.901488 0.283636 0.481941 0.225985 1 0 1.000000
  0 1.117858 -1.284133 -0.574554 -0.326910 -0.901488 0.283636 0.490112 0.224193 1 0 1.000000
c_spy_watch
  0 1.016861 -0.747929 0.686321 -0.513247 0.831087 0.214175 0.554046 0.052284 1 0 1.000000
  0 1.255251 -0.899903 0.601426 -0.513247 0.831087 0.214175 0.619760 0.060547 1 0 1.000000
  0 1.221529 -0.727215 0.689018 -0.513247 0.831087 0.214175 0.599888 0.018440 1 0 1.000000
c_spy_watch
  0 1.016861 -0.747929 0.686321 -0.513247 0.831087 0.214175 0.554046 0.052284 1 0 1.000000
  0 1.020711 -0.923640 0.598335 -0.513247 0.831087 0.214175 0.579321 0.106446 1 0 1.000000
  0 1.255251 -0.899903 0.601426 -0.513247 0.831087 0.214175 0.619760 0.060547 1 0 1.000000
c_spy_watch
  0 1.048110 -1.077420 0.522042 -0.513247 0.831087 0.214175 0.617312 0.154392 1 0 1.000000
  0 1.255251 -0.899903 0.601426 -0.513247 0.831087 0.214175 0.619760 0.060547 1 0 1.000000
  0 1.020711 -0.923640 0.598335 -0.513247 0.831087 0.214175 0.579321 0.106446 1 0 1.000000
c_spy_watch
  0 1.048110 -1.077420 0.522042 -0.513247 0.831087 0.214175 0.617312 0.154392 1 0 1.000000
  0 1.261215 -1.055854 0.524850 -0.513247 0.831087 0.214175 0.634988 0.100532 1 0 1.000000
  0 1.255251 -0.899903 0.601426 -0.513247 0.831087 0.214175 0.619760 0.060547 1 0 1.000000
c_spy_watch
  0 0.682086 -1.288929 -0.528998 0.296650 -0.274876 -0.914572 0.544877 0.416013 1 0 1.000000
  0 0.693907 -1.303363 -0.552038 0.296650 -0.274876 -0.914572 0.537022 0.414716 1 0 1.000000
  0 0.678234 -1.318122 -0.532121 0.296650 -0.274876 -0.914572 0.537487 0.423570 1 0 1.000000
c_spy_watch
  0 0.376051 -1.427545 -0.564316 0.608876 -0.124930 0.783366 0.472099 0.567651 1 0 1.000000
  0 0.436503 -1.515819 0.371629 0.608876 -0.124930 0.783366 0.221052 0.575857 1 0 1.000000
  0 0.396276 -1.449049 -0.566714 0.608876 -0.124930 0.783366 0.472099 0.575857 1 0 1.000000
c_spy_watch
  0 0.376051 -1.427545 -0.564316 0.608876 -0.124930 0.783366 0.472099 0.567651 1 0 1.000000
  0 0.416280 -1.494324 0.374027 0.608876 -0.124930 0.783366 0.221052 0.567651 1 0 1.000000
  0 0.436503 -1.515819 0.371629 0.608876 -0.124930 0.783366 0.221052 0.575857 1 0 1.000000
c_spy_watch
  0 1.052065 -1.094383 0.488502 -0.932483 0.348426 0.095264 0.909929 0.154066 1 0 1.000000
  0 1.261215 -1.055854 0.524850 -0.932483 0.348426 0.095264 0.902035 0.101017 1 0 1.000000
  0 1.048110 -1.077420 0.522042 -0.932483 0.348426 0.095264 0.919942 0.155494 1 0 1.000000
c_spy_watch
  0 1.052065 -1.094383 0.488502 -0.932483 0.348426 0.095264 0.909929 0.154066 1 0 1.000000
  0 1.261614 -1.073169 0.491263 -0.932483 0.348426 0.095264 0.892418 0.104835 1 0 1.000000
  0 1.261215 -1.055854 0.524850 -0.932483 0.348426 0.095264 0.902035 0.101017 1 0 1.000000
c_spy_watch
  0 1.138106 -1.294630 -0.554890 -0.560435 -0.339168 0.755565 0.481941 0.225985 1 0 1.000000
  0 1.243637 -1.272924 0.420385 -0.445125 -0.346850 0.825565 0.226551 0.262834 1 0 1.000000
  0 1.173684 -1.392781 0.385879 -0.560435 -0.339168 0.755565 0.233050 0.225985 1 0 1.000000
c_spy_watch
  0 1.138106 -1.294630 -0.554890 -0.560435 -0.339168 0.755565 0.481941 0.225985 1 0 1.000000
  0 1.206218 -1.169693 -0.569079 -0.445125 -0.346850 0.825565 0.488440 0.262834 1 0 1.000000
  0 1.243637 -1.272924 0.420385 -0.445125 -0.346850 0.825565 0.226551 0.262834 1 0 1.000000
c_spy_watch
  0 1.241762 -1.031760 -0.580331 -0.332959 -0.337948 0.880300 0.494733 0.299669 1 0 1.000000
  0 1.243637 -1.272924 0.420385 -0.445125 -0.346850 0.825565 0.226551 0.262834 1 0 1.000000
  0 1.206218 -1.169693 -0.569079 -0.445125 -0.346850 0.825565 0.488440 0.262834 1 0 1.000000
c_spy_watch
  0 1.241762 -1.031760 -0.580331 -0.332959 -0.337948 0.880300 0.494733 0.299669 1 0 1.000000
  0 1.280998 -1.140003 0.457140 -0.332959 -0.337948 0.880300 0.220258 0.299669 1 0 1.000000
  0 1.243637 -1.272924 0.420385 -0.445125 -0.346850 0.825565 0.226551 0.262834 1 0 1.000000
c_spy_watch
  0 0.853449 1.396555 -0.280995 0.963413 0.108131 0.245242 0.233718 0.216686 1 0 1.000000
  0 0.889613 1.320566 0.660304 0.963413 0.108131 0.245242 0.481941 0.225985 1 0 1.000000
  0 0.883865 1.393461 -0.283411 0.963413 0.108131 0.245242 0.233050 0.225985 1 0 1.000000
c_spy_watch
  0 0.853449 1.396555 -0.280995 0.963413 0.108131 0.245242 0.233718 0.216686 1 0 1.000000
  0 0.859173 1.323966 0.658762 0.963413 0.108131 0.245242 0.485137 0.216000 1 0 1.000000
  0 0.889613 1.320566 0.660304 0.963413 0.108131 0.245242 0.481941 0.225985 1 0 1.000000
c_spy_watch
  0 1.051253 1.115055 -0.351172 0.979334 0.197720 0.042550 0.892418 0.104835 1 0 1.000000
  0 0.838391 0.990134 0.694104 0.979334 0.197720 0.042550 0.627751 0.154066 1 0 1.000000
  0 1.047941 1.011338 0.696865 0.979334 0.197720 0.042550 0.645315 0.104836 1 0 1.000000
c_spy_watch
  0 1.051253 1.115055 -0.351172 0.979334 0.197720 0.042550 0.892418 0.104835 1 0 1.000000
  0 0.841703 1.093841 -0.353935 0.979334 0.197720 0.042550 0.909929 0.154066 1 0 1.000000
  0 0.838391 0.990134 0.694104 0.979334 0.197720 0.042550 0.627751 0.154066 1 0 1.000000
c_spy_watch
  0 0.816177 1.066792 -0.362264 0.733077 0.323661 -0.598198 0.911684 0.163479 1 0 1.000000
  0 0.838391 0.990134 0.694104 0.733077 0.323661 -0.598198 0.627751 0.154066 1 0 1.000000
  0 0.841703 1.093841 -0.353935 0.733077 0.323661 -0.598198 0.909929 0.154066 1 0 1.000000
c_spy_watch
  0 0.816177 1.066792 -0.362264 0.733077 0.323661 -0.598198 0.911684 0.163479 1 0 1.000000
  0 0.812829 0.961988 0.696812 0.733077 0.323661 -0.598198 0.617043 0.163998 1 0 1.000000
  0 0.838391 0.990134 0.694104 0.733077 0.323661 -0.598198 0.627751 0.154066 1 0 1.000000
c_spy_watch
  0 0.872346 1.306849 0.680807 0.393202 0.629308 0.670346 0.490112 0.224193 1 0 1.000000
  0 0.981884 1.212438 0.675961 0.320921 0.589082 0.741614 0.488440 0.262834 1 0 1.000000
  0 0.889613 1.320566 0.660304 0.393202 0.629308 0.670346 0.481941 0.225985 1 0 1.000000
c_spy_watch
  0 0.872346 1.306849 0.680807 0.393202 0.629308 0.670346 0.490112 0.224193 1 0 1.000000
  0 0.964224 1.198958 0.696617 0.320921 0.589082 0.741614 0.497264 0.262523 1 0 1.000000
  0 0.981884 1.212438 0.675961 0.320921 0.589082 0.741614 0.488440 0.262834 1 0 1.000000
c_spy_watch
  0 0.964224 1.198958 0.696617 0.320921 0.589082 0.741614 0.497264 0.262523 1 0 1.000000
  0 1.044831 1.084934 0.689952 0.230535 0.578231 0.782625 0.494733 0.299669 1 0 1.000000
  0 0.981884 1.212438 0.675961 0.320921 0.589082 0.741614 0.488440 0.262834 1 0 1.000000
c_spy_watch
  0 0.964224 1.198958 0.696617 0.320921 0.589082 0.741614 0.497264 0.262523 1 0 1.000000
  0 1.024808 1.074607 0.710713 0.230535 0.578231 0.782625 0.503266 0.299560 1 0 1.000000
  0 1.044831 1.084934 0.689952 0.230535 0.578231 0.782625 0.494733 0.299669 1 0 1.000000
c_spy_watch
  0 1.029788 1.136141 -0.354790 -0.412166 -0.908276 0.071789 0.500030 0.307918 1 0 1.000000
  0 0.843072 1.041945 -0.380548 -0.412166 -0.908276 0.071789 0.557811 0.299454 1 0 1.000000
  0 1.018208 1.158295 -0.372626 -0.412166 -0.908276 0.071789 0.503266 0.299560 1 0 1.000000
c_spy_watch
  0 1.029788 1.136141 -0.354790 -0.412166 -0.908276 0.071789 0.500030 0.307918 1 0 1.000000
  0 0.857877 1.021939 -0.362565 -0.412166 -0.908276 0.071789 0.558559 0.308098 1 0 1.000000
  0 0.843072 1.041945 -0.380548 -0.412166 -0.908276 0.071789 0.557811 0.299454 1 0 1.000000
c_spy_watch
  0 0.854350 0.742166 -0.522192 0.324980 -0.430064 -0.842278 0.545996 0.058266 1 0 1.000000
  0 0.848065 0.920577 -0.464096 0.373417 -0.417124 -0.828593 0.579321 0.106446 1 0 1.000000
  0 0.881788 0.747889 -0.551689 0.324980 -0.430064 -0.842278 0.554046 0.052284 1 0 1.000000
c_spy_watch
  0 0.854350 0.742166 -0.522192 0.324980 -0.430064 -0.842278 0.545996 0.058266 1 0 1.000000
  0 0.821529 0.915284 -0.438004 0.373417 -0.417124 -0.828593 0.571557 0.112057 1 0 1.000000
  0 0.848065 0.920577 -0.464096 0.373417 -0.417124 -0.828593 0.579321 0.106446 1 0 1.000000
c_spy_watch
  0 0.821529 0.915284 -0.438004 0.373417 -0.417124 -0.828593 0.571557 0.112057 1 0 1.000000
  0 0.842103 1.076527 -0.387521 0.420844 -0.403059 -0.812670 0.617312 0.154392 1 0 1.000000
  0 0.848065 0.920577 -0.464096 0.373417 -0.417124 -0.828593 0.579321 0.106446 1 0 1.000000
c_spy_watch
  0 0.821529 0.915284 -0.438004 0.373417 -0.417124 -0.828593 0.571557 0.112057 1 0 1.000000
  0 0.816177 1.066792 -0.362264 0.420844 -0.403059 -0.812670 0.617043 0.163998 1 0 1.000000
  0 0.842103 1.076527 -0.387521 0.420844 -0.403059 -0.812670 0.617312 0.154392 1 0 1.000000
c_spy_watch
  0 1.024808 1.074607 0.710713 -0.692211 0.554424 0.462014 0.503266 0.299560 1 0 1.000000
  0 0.864239 0.941268 0.681772 -0.692211 0.554424 0.462014 0.558559 0.308098 1 0 1.000000
  0 1.036149 1.055475 0.689547 -0.692211 0.554424 0.462014 0.500030 0.307918 1 0 1.000000
c_spy_watch
  0 1.024808 1.074607 0.710713 -0.692211 0.554424 0.462014 0.503266 0.299560 1 0 1.000000
  0 0.849672 0.958261 0.702793 -0.692211 0.554424 0.462014 0.557811 0.299454 1 0 1.000000
  0 0.864239 0.941268 0.681772 -0.692211 0.554424 0.462014 0.558559 0.308098 1 0 1.000000
c_spy_watch
  0 1.264612 -0.961521 -0.574509 -0.621014 -0.702432 0.347752 0.640334 0.104057 1 0 1.000000
  0 1.264726 -0.945891 -0.586318 -0.504782 -0.847690 0.163145 0.634988 0.100532 1 0 1.000000
  0 1.282761 -0.941792 -0.578680 -0.621014 -0.702432 0.347752 0.639462 0.096571 1 0 1.000000
c_spy_watch
  0 1.290487 -0.941316 -0.559482 -0.694589 -0.508923 0.508472 0.644172 0.095650 1 0 1.000000
  0 1.264612 -0.961521 -0.574509 -0.621014 -0.702432 0.347752 0.640334 0.104057 1 0 1.000000
  0 1.282761 -0.941792 -0.578680 -0.621014 -0.702432 0.347752 0.639462 0.096571 1 0 1.000000
c_spy_watch
  0 1.290487 -0.941316 -0.559482 -0.694589 -0.508923 0.508472 0.644172 0.095650 1 0 1.000000
  0 1.264927 -0.969461 -0.556775 -0.694589 -0.508923 0.508472 0.645315 0.104836 1 0 1.000000
  0 1.264612 -0.961521 -0.574509 -0.621014 -0.702432 0.347752 0.640334 0.104057 1 0 1.000000
c_spy_watch
  0 0.071209 -1.467067 -0.580234 -0.014265 -0.893022 0.449786 0.537022 0.336606 1 0 1.000000
  0 0.068144 -1.675400 -0.574209 -0.014265 -0.893022 0.449786 0.471029 0.327089 1 0 1.000000
  0 0.046449 -1.674289 -0.593920 -0.014265 -0.893022 0.449786 0.476090 0.335824 1 0 1.000000
c_spy_watch
  0 0.071209 -1.467067 -0.580234 -0.014265 -0.893022 0.449786 0.537022 0.336606 1 0 1.000000
  0 0.092249 -1.473636 -0.560884 -0.014265 -0.893022 0.449786 0.537487 0.327089 1 0 1.000000
  0 0.068144 -1.675400 -0.574209 -0.014265 -0.893022 0.449786 0.471029 0.327089 1 0 1.000000
c_spy_watch
  0 0.859173 1.323966 0.658762 0.538833 0.828442 -0.152783 0.485137 0.216000 1 0 1.000000
  0 0.696559 1.190070 0.672858 0.538833 0.828442 -0.152783 0.544879 0.224152 1 0 1.000000
  0 0.872346 1.306849 0.680807 0.538833 0.828442 -0.152783 0.490112 0.224193 1 0 1.000000
c_spy_watch
  0 0.859173 1.323966 0.658762 0.538833 0.828442 -0.152783 0.485137 0.216000 1 0 1.000000
  0 0.687263 1.209762 0.650987 0.538833 0.828442 -0.152783 0.545224 0.215724 1 0 1.000000
  0 0.696559 1.190070 0.672858 0.538833 0.828442 -0.152783 0.544879 0.224152 1 0 1.000000
c_spy_watch
  0 0.853449 1.396555 -0.280995 0.775433 -0.407339 -0.482470 0.485137 0.216000 1 0 1.000000
  0 0.690551 1.266256 -0.313517 0.775433 -0.407339 -0.482470 0.544879 0.224152 1 0 1.000000
  0 0.681537 1.282351 -0.288770 0.775433 -0.407339 -0.482470 0.545224 0.215724 1 0 1.000000
c_spy_watch
  0 0.853449 1.396555 -0.280995 0.775433 -0.407339 -0.482470 0.485137 0.216000 1 0 1.000000
  0 0.866336 1.383045 -0.305566 0.775433 -0.407339 -0.482470 0.490112 0.224193 1 0 1.000000
  0 0.690551 1.266256 -0.313517 0.775433 -0.407339 -0.482470 0.544879 0.224152 1 0 1.000000
c_spy_watch
  0 0.681537 1.282351 -0.288770 0.365488 0.304627 -0.879557 0.233491 0.161121 1 0 1.000000
  0 0.678555 1.180356 0.650758 0.365488 0.304627 -0.879557 0.485919 0.152393 1 0 1.000000
  0 0.687263 1.209762 0.650987 0.365488 0.304627 -0.879557 0.485713 0.161121 1 0 1.000000
c_spy_watch
  0 0.681537 1.282351 -0.288770 0.365488 0.304627 -0.879557 0.233491 0.161121 1 0 1.000000
  0 0.672807 1.253251 -0.292956 0.365488 0.304627 -0.879557 0.233063 0.152393 1 0 1.000000
  0 0.678555 1.180356 0.650758 0.365488 0.304627 -0.879557 0.485919 0.152393 1 0 1.000000
c_spy_watch
  0 0.403939 -1.441156 -0.554783 0.419614 0.329140 -0.845926 0.472099 0.480582 1 0 1.000000
  0 0.439158 -1.493503 0.385143 0.419614 0.329140 -0.845926 0.221052 0.488428 1 0 1.000000
  0 0.414192 -1.413457 -0.552692 0.419614 0.329140 -0.845926 0.472099 0.488428 1 0 1.000000
c_spy_watch
  0 0.403939 -1.441156 -0.554783 0.419614 0.329140 -0.845926 0.472099 0.480582 1 0 1.000000
  0 0.428905 -1.521203 0.383052 0.419614 0.329140 -0.845926 0.221052 0.480582 1 0 1.000000
  0 0.439158 -1.493503 0.385143 0.419614 0.329140 -0.845926 0.221052 0.488428 1 0 1.000000
c_spy_watch
  0 0.830056 1.336968 0.651791 -0.096758 -0.240638 0.965780 0.471029 0.327089 1 0 1.000000
  0 0.856129 1.460210 -0.281791 -0.096758 -0.240638 0.965780 0.221052 0.336399 1 0 1.000000
  0 0.830049 1.366435 0.654742 -0.096758 -0.240638 0.965780 0.467169 0.336399 1 0 1.000000
c_spy_watch
  0 0.830056 1.336968 0.651791 -0.096758 -0.240638 0.965780 0.471029 0.327089 1 0 1.000000
  0 0.856135 1.430743 -0.284740 -0.096758 -0.240638 0.965780 0.218935 0.327089 1 0 1.000000
  0 0.856129 1.460210 -0.281791 -0.096758 -0.240638 0.965780 0.221052 0.336399 1 0 1.000000
c_spy_watch
  0 0.135271 -1.527850 0.383688 0.550287 0.350322 -0.757931 0.221052 0.488428 1 0 1.000000
  0 0.080325 -1.486737 -0.555850 0.550287 0.350322 -0.757931 0.472099 0.480582 1 0 1.000000
  0 0.120551 -1.553516 0.382492 0.550287 0.350322 -0.757931 0.221052 0.480582 1 0 1.000000
c_spy_watch
  0 0.135271 -1.527850 0.383688 0.550287 0.350322 -0.757931 0.221052 0.488428 1 0 1.000000
  0 0.095043 -1.461071 -0.554655 0.550287 0.350322 -0.757931 0.472099 0.488428 1 0 1.000000
  0 0.080325 -1.486737 -0.555850 0.550287 0.350322 -0.757931 0.472099 0.480582 1 0 1.000000
c_spy_watch
  0 0.690551 1.266256 -0.313517 0.001036 -0.499881 -0.866094 0.544879 0.224152 1 0 1.000000
  0 0.735484 1.129432 -0.327473 -0.096815 -0.531336 -0.841611 0.570431 0.261638 1 0 1.000000
  0 0.672807 1.253251 -0.292956 0.001036 -0.499881 -0.866094 0.552723 0.222162 1 0 1.000000
c_spy_watch
  0 0.690551 1.266256 -0.313517 0.001036 -0.499881 -0.866094 0.544879 0.224152 1 0 1.000000
  0 0.753145 1.142912 -0.348130 -0.096815 -0.531336 -0.841611 0.562164 0.262640 1 0 1.000000
  0 0.735484 1.129432 -0.327473 -0.096815 -0.531336 -0.841611 0.570431 0.261638 1 0 1.000000
c_spy_watch
  0 0.827408 1.025095 -0.360316 -0.174377 -0.560238 -0.809769 0.566000 0.300561 1 0 1.000000
  0 0.735484 1.129432 -0.327473 -0.096815 -0.531336 -0.841611 0.570431 0.261638 1 0 1.000000
  0 0.753145 1.142912 -0.348130 -0.096815 -0.531336 -0.841611 0.562164 0.262640 1 0 1.000000
c_spy_watch
  0 0.827408 1.025095 -0.360316 -0.174377 -0.560238 -0.809769 0.566000 0.300561 1 0 1.000000
  0 0.753145 1.142912 -0.348130 -0.096815 -0.531336 -0.841611 0.562164 0.262640 1 0 1.000000
  0 0.843072 1.041945 -0.380548 -0.174377 -0.560238 -0.809769 0.557811 0.299454 1 0 1.000000
c_spy_watch
  0 0.600195 1.619734 -0.272945 0.959278 0.232227 -0.160795 0.221052 0.423580 1 0 1.000000
  0 0.602415 1.534528 0.665233 0.959278 0.232227 -0.160795 0.467168 0.414716 1 0 1.000000
  0 0.628494 1.628293 -0.271300 0.959278 0.232227 -0.160795 0.221052 0.414716 1 0 1.000000
c_spy_watch
  0 0.600195 1.619734 -0.272945 0.959278 0.232227 -0.160795 0.221052 0.423580 1 0 1.000000
  0 0.574116 1.525959 0.663587 0.959278 0.232227 -0.160795 0.472099 0.423580 1 0 1.000000
  0 0.602415 1.534528 0.665233 0.959278 0.232227 -0.160795 0.467168 0.414716 1 0 1.000000
c_spy_watch
  0 -1.113195 1.513181 0.603152 0.845333 0.254870 -0.469523 0.221052 0.336399 1 0 1.000000
  0 -0.970411 1.659641 -0.327028 0.912135 0.235669 -0.335364 0.467229 0.375437 1 0 1.000000
  0 -1.085363 1.574687 -0.335998 0.845333 0.254870 -0.469523 0.467169 0.336399 1 0 1.000000
c_spy_watch
  0 -1.113195 1.513181 0.603152 0.845333 0.254870 -0.469523 0.221052 0.336399 1 0 1.000000
  0 -0.998243 1.598135 0.612124 0.912135 0.235669 -0.335364 0.221052 0.375437 1 0 1.000000
  0 -0.970411 1.659641 -0.327028 0.912135 0.235669 -0.335364 0.467229 0.375437 1 0 1.000000
c_spy_watch
  0 -0.998243 1.598135 0.612124 0.912135 0.235669 -0.335364 0.221052 0.375437 1 0 1.000000
  0 -0.835271 1.706508 -0.319953 0.958114 0.211086 -0.193547 0.467168 0.414716 1 0 1.000000
  0 -0.970411 1.659641 -0.327028 0.912135 0.235669 -0.335364 0.467229 0.375437 1 0 1.000000
c_spy_watch
  0 -0.998243 1.598135 0.612124 0.912135 0.235669 -0.335364 0.221052 0.375437 1 0 1.000000
  0 -0.863103 1.645002 0.619199 0.958114 0.211086 -0.193547 0.221052 0.414716 1 0 1.000000
  0 -0.835271 1.706508 -0.319953 0.958114 0.211086 -0.193547 0.467168 0.414716 1 0 1.000000
c_spy_watch
  0 0.856135 1.430743 -0.284740 -0.322764 -0.884876 0.335883 0.471029 0.327089 1 0 1.000000
  0 0.717489 1.280241 -0.324429 -0.322764 -0.884876 0.335883 0.537022 0.336606 1 0 1.000000
  0 0.841746 1.447255 -0.304246 -0.322764 -0.884876 0.335883 0.476090 0.335824 1 0 1.000000
c_spy_watch
  0 0.856135 1.430743 -0.284740 -0.322764 -0.884876 0.335883 0.471029 0.327089 1 0 1.000000
  0 0.735151 1.268126 -0.304392 -0.322764 -0.884876 0.335883 0.537487 0.327089 1 0 1.000000
  0 0.717489 1.280241 -0.324429 -0.322764 -0.884876 0.335883 0.537022 0.336606 1 0 1.000000
c_spy_watch
  0 0.095043 -1.461071 -0.554655 0.807284 -0.511887 -0.293707 0.544877 0.416013 1 0 1.000000
  0 0.234540 -1.441764 -0.579980 0.815429 -0.546609 -0.190509 0.542124 0.375532 1 0 1.000000
  0 0.099614 -1.480104 -0.576924 0.807284 -0.511887 -0.293707 0.537022 0.414716 1 0 1.000000
c_spy_watch
  0 0.095043 -1.461071 -0.554655 0.807284 -0.511887 -0.293707 0.544877 0.416013 1 0 1.000000
  0 0.233027 -1.422709 -0.557840 0.815429 -0.546609 -0.190509 0.550224 0.375532 1 0 1.000000
  0 0.234540 -1.441764 -0.579980 0.815429 -0.546609 -0.190509 0.542124 0.375532 1 0 1.000000
c_spy_watch
  0 0.376051 -1.427545 -0.564316 0.813853 -0.574814 -0.085040 0.544877 0.335051 1 0 1.000000
  0 0.234540 -1.441764 -0.579980 0.815429 -0.546609 -0.190509 0.542124 0.375532 1 0 1.000000
  0 0.233027 -1.422709 -0.557840 0.815429 -0.546609 -0.190509 0.550224 0.375532 1 0 1.000000
c_spy_watch
  0 0.376051 -1.427545 -0.564316 0.813853 -0.574814 -0.085040 0.544877 0.335051 1 0 1.000000
  0 0.374586 -1.447296 -0.586377 0.813853 -0.574814 -0.085040 0.537022 0.336606 1 0 1.000000
  0 0.234540 -1.441764 -0.579980 0.815429 -0.546609 -0.190509 0.542124 0.375532 1 0 1.000000
c_spy_watch
  0 1.108977 0.944375 -0.434217 0.007397 -0.245259 0.969429 0.907841 0.058775 1 0 1.000000
  0 1.109556 0.638540 0.793665 -0.060199 -0.258318 0.964182 0.614285 0.015834 1 0 1.000000
  0 1.113705 0.768416 -0.518774 -0.060199 -0.258318 0.964182 0.923502 0.015835 1 0 1.000000
c_spy_watch
  0 1.108977 0.944375 -0.434217 0.007397 -0.245259 0.969429 0.907841 0.058775 1 0 1.000000
  0 1.105247 0.827663 0.745208 0.007397 -0.245259 0.969429 0.629946 0.058775 1 0 1.000000
  0 1.109556 0.638540 0.793665 -0.060199 -0.258318 0.964182 0.614285 0.015834 1 0 1.000000
c_spy_watch
  0 1.108977 0.944375 -0.434217 0.007397 -0.245259 0.969429 0.907841 0.058775 1 0 1.000000
  0 1.078542 0.988880 0.700313 0.082738 -0.229317 0.969829 0.644172 0.095650 1 0 1.000000
  0 1.105247 0.827663 0.745208 0.007397 -0.245259 0.969429 0.629946 0.058775 1 0 1.000000
c_spy_watch
  0 1.108977 0.944375 -0.434217 0.007397 -0.245259 0.969429 0.907841 0.058775 1 0 1.000000
  0 1.081890 1.093684 -0.358764 0.082738 -0.229317 0.969829 0.893614 0.095649 1 0 1.000000
  0 1.078542 0.988880 0.700313 0.082738 -0.229317 0.969829 0.644172 0.095650 1 0 1.000000
c_spy_watch
  0 0.830056 1.336968 0.651791 -0.606907 0.465810 0.643960 0.471029 0.327089 1 0 1.000000
  0 0.690265 1.182349 0.653176 -0.606907 0.465810 0.643960 0.537022 0.336606 1 0 1.000000
  0 0.709071 1.174351 0.632140 -0.606907 0.465810 0.643960 0.537487 0.327089 1 0 1.000000
c_spy_watch
  0 0.830056 1.336968 0.651791 -0.606907 0.465810 0.643960 0.471029 0.327089 1 0 1.000000
  0 0.814523 1.349373 0.673359 -0.606907 0.465810 0.643960 0.476090 0.335824 1 0 1.000000
  0 0.690265 1.182349 0.653176 -0.606907 0.465810 0.643960 0.537022 0.336606 1 0 1.000000
c_spy_watch
  0 0.709071 1.174351 0.632140 -0.967594 -0.221593 0.121069 0.472099 0.575857 1 0 1.000000
  0 0.706851 1.259567 -0.306036 -0.967594 -0.221593 0.121069 0.221052 0.567651 1 0 1.000000
  0 0.735151 1.268126 -0.304392 -0.967594 -0.221593 0.121069 0.221052 0.575857 1 0 1.000000
c_spy_watch
  0 0.709071 1.174351 0.632140 -0.967594 -0.221593 0.121069 0.472099 0.575857 1 0 1.000000
  0 0.680770 1.165792 0.630495 -0.967594 -0.221593 0.121069 0.472099 0.567651 1 0 1.000000
  0 0.706851 1.259567 -0.306036 -0.967594 -0.221593 0.121069 0.221052 0.567651 1 0 1.000000
c_spy_watch
  0 0.574116 1.525959 0.663587 0.322764 0.884876 -0.335883 0.472099 0.423580 1 0 1.000000
  0 0.467517 1.346839 0.663442 0.322764 0.884876 -0.335883 0.537022 0.414716 1 0 1.000000
  0 0.591777 1.513854 0.683625 0.322764 0.884876 -0.335883 0.476090 0.414716 1 0 1.000000
c_spy_watch
  0 0.574116 1.525959 0.663587 0.322764 0.884876 -0.335883 0.472099 0.423580 1 0 1.000000
  0 0.453128 1.363352 0.643936 0.322764 0.884876 -0.335883 0.537487 0.423570 1 0 1.000000
  0 0.467517 1.346839 0.663442 0.322764 0.884876 -0.335883 0.537022 0.414716 1 0 1.000000
c_spy_watch
  0 0.600195 1.619734 -0.272945 0.606907 -0.465810 -0.643960 0.472099 0.423580 1 0 1.000000
  0 0.494743 1.444721 -0.314163 0.606907 -0.465810 -0.643960 0.537022 0.414716 1 0 1.000000
  0 0.479209 1.457116 -0.292596 0.606907 -0.465810 -0.643960 0.537487 0.423570 1 0 1.000000
c_spy_watch
  0 0.600195 1.619734 -0.272945 0.606907 -0.465810 -0.643960 0.472099 0.423580 1 0 1.000000
  0 0.619002 1.611736 -0.293981 0.606907 -0.465810 -0.643960 0.476090 0.414716 1 0 1.000000
  0 0.494743 1.444721 -0.314163 0.606907 -0.465810 -0.643960 0.537022 0.414716 1 0 1.000000
c_spy_watch
  0 0.881788 0.747889 -0.551689 0.513247 -0.831087 -0.214175 0.554046 0.052284 1 0 1.000000
  0 1.082605 0.944314 -0.461007 0.513247 -0.831087 -0.214175 0.619760 0.060547 1 0 1.000000
  0 1.086455 0.768602 -0.548993 0.513247 -0.831087 -0.214175 0.599888 0.018440 1 0 1.000000
c_spy_watch
  0 0.881788 0.747889 -0.551689 0.513247 -0.831087 -0.214175 0.554046 0.052284 1 0 1.000000
  0 0.848065 0.920577 -0.464096 0.513247 -0.831087 -0.214175 0.579321 0.106446 1 0 1.000000
  0 1.082605 0.944314 -0.461007 0.513247 -0.831087 -0.214175 0.619760 0.060547 1 0 1.000000
c_spy_watch
  0 0.848065 0.920577 -0.464096 0.513247 -0.831087 -0.214175 0.579321 0.106446 1 0 1.000000
  0 1.055207 1.098092 -0.384714 0.513247 -0.831087 -0.214175 0.634988 0.100532 1 0 1.000000
  0 1.082605 0.944314 -0.461007 0.513247 -0.831087 -0.214175 0.619760 0.060547 1 0 1.000000
c_spy_watch
  0 0.848065 0.920577 -0.464096 0.513247 -0.831087 -0.214175 0.579321 0.106446 1 0 1.000000
  0 0.842103 1.076527 -0.387521 0.513247 -0.831087 -0.214175 0.617312 0.154392 1 0 1.000000
  0 1.055207 1.098092 -0.384714 0.513247 -0.831087 -0.214175 0.634988 0.100532 1 0 1.000000
c_spy_watch
  0 0.850201 0.612291 0.790248 -0.082738 0.229317 -0.969829 0.617447 0.238301 1 0 1.000000
  0 0.821529 0.915284 -0.438004 -0.007397 0.245259 -0.969429 0.911660 0.198562 1 0 1.000000
  0 0.854350 0.742166 -0.522192 -0.082738 0.229317 -0.969829 0.911660 0.238301 1 0 1.000000
c_spy_watch
  0 0.850201 0.612291 0.790248 -0.082738 0.229317 -0.969829 0.617447 0.238301 1 0 1.000000
  0 0.817799 0.798571 0.741420 -0.007397 0.245259 -0.969429 0.617447 0.198562 1 0 1.000000
  0 0.821529 0.915284 -0.438004 -0.007397 0.245259 -0.969429 0.911660 0.198562 1 0 1.000000
c_spy_watch
  0 0.821529 0.915284 -0.438004 -0.007397 0.245259 -0.969429 0.911660 0.198562 1 0 1.000000
  0 0.817799 0.798571 0.741420 -0.007397 0.245259 -0.969429 0.617447 0.198562 1 0 1.000000
  0 0.812829 0.961988 0.696812 0.060199 0.258318 -0.964182 0.617043 0.163998 1 0 1.000000
c_spy_watch
  0 0.821529 0.915284 -0.438004 -0.007397 0.245259 -0.969429 0.911660 0.198562 1 0 1.000000
  0 0.812829 0.961988 0.696812 0.060199 0.258318 -0.964182 0.617043 0.163998 1 0 1.000000
  0 0.816177 1.066792 -0.362264 0.060199 0.258318 -0.964182 0.911684 0.163479 1 0 1.000000
c_spy_watch
  0 0.729050 -1.395095 0.405393 0.037505 0.817973 -0.574032 0.544877 0.416013 1 0 1.000000
  0 0.725199 -1.424288 0.402270 0.037505 0.817973 -0.574032 0.537487 0.423570 1 0 1.000000
  0 0.742930 -1.414178 0.423332 0.037505 0.817973 -0.574032 0.537022 0.414716 1 0 1.000000
c_spy_watch
  0 0.479218 1.427650 -0.295546 0.096758 0.240638 -0.965780 0.221052 0.488428 1 0 1.000000
  0 0.453128 1.363352 0.643936 0.096758 0.240638 -0.965780 0.472099 0.480582 1 0 1.000000
  0 0.479209 1.457116 -0.292596 0.096758 0.240638 -0.965780 0.221052 0.480582 1 0 1.000000
c_spy_watch
  0 0.479218 1.427650 -0.295546 0.096758 0.240638 -0.965780 0.221052 0.488428 1 0 1.000000
  0 0.453135 1.333885 0.640987 0.096758 0.240638 -0.965780 0.472099 0.488428 1 0 1.000000
  0 0.453128 1.363352 0.643936 0.096758 0.240638 -0.965780 0.472099 0.480582 1 0 1.000000
c_spy_watch
  0 0.453135 1.333885 0.640987 -0.575760 0.714082 -0.398230 0.544877 0.416013 1 0 1.000000
  0 0.565733 1.246913 0.656171 -0.651313 0.685863 -0.324627 0.542124 0.375532 1 0 1.000000
  0 0.467517 1.346839 0.663442 -0.575760 0.714082 -0.398230 0.537022 0.414716 1 0 1.000000
c_spy_watch
  0 0.453135 1.333885 0.640987 -0.575760 0.714082 -0.398230 0.544877 0.416013 1 0 1.000000
  0 0.553993 1.232418 0.633634 -0.651313 0.685863 -0.324627 0.550224 0.375532 1 0 1.000000
  0 0.565733 1.246913 0.656171 -0.651313 0.685863 -0.324627 0.542124 0.375532 1 0 1.000000
c_spy_watch
  0 0.680770 1.165792 0.630495 -0.705471 0.669878 -0.231459 0.544877 0.335051 1 0 1.000000
  0 0.565733 1.246913 0.656171 -0.651313 0.685863 -0.324627 0.542124 0.375532 1 0 1.000000
  0 0.553993 1.232418 0.633634 -0.651313 0.685863 -0.324627 0.550224 0.375532 1 0 1.000000
c_spy_watch
  0 0.680770 1.165792 0.630495 -0.705471 0.669878 -0.231459 0.544877 0.335051 1 0 1.000000
  0 0.690265 1.182349 0.653176 -0.705471 0.669878 -0.231459 0.537022 0.336606 1 0 1.000000
  0 0.565733 1.246913 0.656171 -0.651313 0.685863 -0.324627 0.542124 0.375532 1 0 1.000000
c_spy_watch
  0 0.984972 -1.279346 0.426487 0.536354 0.573428 0.619277 0.537022 0.336606 1 0 1.000000
  0 1.003312 -1.269353 0.405895 0.536354 0.573428 0.619277 0.537487 0.327089 1 0 1.000000
  0 0.976404 -1.257295 0.408617 0.536354 0.573428 0.619277 0.544877 0.335051 1 0 1.000000
c_spy_watch
  0 -0.423315 1.526376 0.623634 -0.276254 -0.276756 0.920375 0.221052 0.488428 1 0 1.000000
  0 -0.400655 1.638656 -0.311417 -0.276254 -0.276756 0.920375 0.472099 0.480582 1 0 1.000000
  0 -0.416783 1.555135 0.626309 -0.276254 -0.276756 0.920375 0.221052 0.480582 1 0 1.000000
c_spy_watch
  0 -0.423315 1.526376 0.623634 -0.276254 -0.276756 0.920375 0.221052 0.488428 1 0 1.000000
  0 -0.407176 1.609899 -0.314090 -0.276254 -0.276756 0.920375 0.472099 0.488428 1 0 1.000000
  0 -0.400655 1.638656 -0.311417 -0.276254 -0.276756 0.920375 0.472099 0.480582 1 0 1.000000
c_spy_watch
  0 -0.682463 1.413190 0.609093 -0.800996 -0.016562 -0.598440 0.221052 0.567651 1 0 1.000000
  0 -0.692031 1.511393 -0.327766 -0.800996 -0.016562 -0.598440 0.472099 0.575857 1 0 1.000000
  0 -0.666324 1.496713 -0.328632 -0.800996 -0.016562 -0.598440 0.472099 0.567651 1 0 1.000000
c_spy_watch
  0 -0.682463 1.413190 0.609093 -0.800996 -0.016562 -0.598440 0.221052 0.567651 1 0 1.000000
  0 -0.708160 1.427872 0.609959 -0.800996 -0.016562 -0.598440 0.221052 0.575857 1 0 1.000000
  0 -0.692031 1.511393 -0.327766 -0.800996 -0.016562 -0.598440 0.472099 0.575857 1 0 1.000000
c_spy_watch
  0 -0.682463 1.413190 0.609093 -0.817179 0.522851 0.242578 0.544877 0.335051 1 0 1.000000
  0 -0.552806 1.466951 0.636846 -0.788435 0.507994 0.346860 0.542124 0.375532 1 0 1.000000
  0 -0.688518 1.431783 0.631377 -0.817179 0.522851 0.242578 0.537022 0.336606 1 0 1.000000
c_spy_watch
  0 -0.682463 1.413190 0.609093 -0.817179 0.522851 0.242578 0.544877 0.335051 1 0 1.000000
  0 -0.544106 1.449874 0.614742 -0.788435 0.507994 0.346860 0.550224 0.375532 1 0 1.000000
  0 -0.552806 1.466951 0.636846 -0.788435 0.507994 0.346860 0.542124 0.375532 1 0 1.000000
c_spy_watch
  0 -0.423315 1.526376 0.623634 -0.750291 0.487080 0.447007 0.544877 0.416013 1 0 1.000000
  0 -0.552806 1.466951 0.636846 -0.788435 0.507994 0.346860 0.542124 0.375532 1 0 1.000000
  0 -0.544106 1.449874 0.614742 -0.788435 0.507994 0.346860 0.550224 0.375532 1 0 1.000000
c_spy_watch
  0 -0.423315 1.526376 0.623634 -0.750291 0.487080 0.447007 0.544877 0.416013 1 0 1.000000
  0 -0.434923 1.542532 0.645605 -0.750291 0.487080 0.447007 0.537022 0.414716 1 0 1.000000
  0 -0.552806 1.466951 0.636846 -0.788435 0.507994 0.346860 0.542124 0.375532 1 0 1.000000
c_spy_watch
  0 0.929439 -1.151129 -0.525774 0.818590 -0.515214 0.253900 0.544877 0.335051 1 0 1.000000
  0 0.956347 -1.163187 -0.528497 0.818590 -0.515214 0.253900 0.537487 0.327089 1 0 1.000000
  0 0.935947 -1.168520 -0.548884 0.818590 -0.515214 0.253900 0.537022 0.336606 1 0 1.000000
c_spy_watch
  0 0.725199 -1.424288 0.402270 -0.439568 0.788942 -0.429360 0.537487 0.423570 1 0 1.000000
  0 0.844199 -1.595366 0.397658 -0.439568 0.788942 -0.429360 0.476090 0.414716 1 0 1.000000
  0 0.742930 -1.414178 0.423332 -0.439568 0.788942 -0.429360 0.537022 0.414716 1 0 1.000000
c_spy_watch
  0 0.725199 -1.424288 0.402270 -0.439568 0.788942 -0.429360 0.537487 0.423570 1 0 1.000000
  0 0.823800 -1.600699 0.377270 -0.439568 0.788942 -0.429360 0.472099 0.423580 1 0 1.000000
  0 0.844199 -1.595366 0.397658 -0.439568 0.788942 -0.429360 0.476090 0.414716 1 0 1.000000
c_spy_watch
  0 -0.093994 1.610162 -0.302018 -0.337861 0.155583 -0.928248 0.472099 0.567651 1 0 1.000000
  0 -0.122958 1.553238 0.637855 -0.337861 0.155583 -0.928248 0.221052 0.575857 1 0 1.000000
  0 -0.106820 1.636761 -0.299870 -0.337861 0.155583 -0.928248 0.472099 0.575857 1 0 1.000000
c_spy_watch
  0 -0.093994 1.610162 -0.302018 -0.337861 0.155583 -0.928248 0.472099 0.567651 1 0 1.000000
  0 -0.110131 1.526630 0.635706 -0.337861 0.155583 -0.928248 0.221052 0.567651 1 0 1.000000
  0 -0.122958 1.553238 0.637855 -0.337861 0.155583 -0.928248 0.221052 0.575857 1 0 1.000000
c_spy_watch
  0 -0.183380 -1.503750 0.393607 0.733077 0.323661 -0.598198 0.221052 0.480582 1 0 1.000000
  0 -0.203324 -1.415414 -0.544071 0.733077 0.323661 -0.598198 0.472099 0.488428 1 0 1.000000
  0 -0.223598 -1.436980 -0.544736 0.733077 0.323661 -0.598198 0.472099 0.480582 1 0 1.000000
c_spy_watch
  0 -0.183380 -1.503750 0.393607 0.733077 0.323661 -0.598198 0.221052 0.480582 1 0 1.000000
  0 -0.163086 -1.482182 0.394273 0.733077 0.323661 -0.598198 0.221052 0.488428 1 0 1.000000
  0 -0.203324 -1.415414 -0.544071 0.733077 0.323661 -0.598198 0.472099 0.488428 1 0 1.000000
c_spy_watch
  0 0.795199 -1.201132 -0.524708 0.889142 0.314446 -0.332490 0.472099 0.528039 1 0 1.000000
  0 0.682086 -1.288929 -0.528998 0.817738 0.338885 -0.465253 0.472099 0.488428 1 0 1.000000
  0 0.729050 -1.395095 0.405393 0.817738 0.338885 -0.465253 0.221052 0.488428 1 0 1.000000
c_spy_watch
  0 0.795199 -1.201132 -0.524708 0.889142 0.314446 -0.332490 0.472099 0.528039 1 0 1.000000
  0 0.729050 -1.395095 0.405393 0.817738 0.338885 -0.465253 0.221052 0.488428 1 0 1.000000
  0 0.842166 -1.307299 0.409684 0.889142 0.314446 -0.332490 0.221052 0.528039 1 0 1.000000
c_spy_watch
  0 0.842166 -1.307299 0.409684 0.889142 0.314446 -0.332490 0.221052 0.528039 1 0 1.000000
  0 0.929439 -1.151129 -0.525774 0.939809 0.282675 -0.191973 0.472099 0.567651 1 0 1.000000
  0 0.795199 -1.201132 -0.524708 0.889142 0.314446 -0.332490 0.472099 0.528039 1 0 1.000000
c_spy_watch
  0 0.842166 -1.307299 0.409684 0.889142 0.314446 -0.332490 0.221052 0.528039 1 0 1.000000
  0 0.976404 -1.257295 0.408617 0.939809 0.282675 -0.191973 0.221052 0.567651 1 0 1.000000
  0 0.929439 -1.151129 -0.525774 0.939809 0.282675 -0.191973 0.472099 0.567651 1 0 1.000000
c_spy_watch
  0 -0.203324 -1.415414 -0.544071 0.818444 -0.558231 -0.136115 0.544877 0.416013 1 0 1.000000
  0 -0.063611 -1.429167 -0.571758 0.819881 -0.571154 -0.039734 0.542124 0.375532 1 0 1.000000
  0 -0.203674 -1.435163 -0.566179 0.818444 -0.558231 -0.136115 0.537022 0.414716 1 0 1.000000
c_spy_watch
  0 -0.203324 -1.415414 -0.544071 0.818444 -0.558231 -0.136115 0.544877 0.416013 1 0 1.000000
  0 -0.060278 -1.410107 -0.549826 0.819881 -0.571154 -0.039734 0.550224 0.375532 1 0 1.000000
  0 -0.063611 -1.429167 -0.571758 0.819881 -0.571154 -0.039734 0.542124 0.375532 1 0 1.000000
c_spy_watch
  0 0.077596 -1.448015 -0.558433 0.774979 -0.628568 0.065648 0.544877 0.335051 1 0 1.000000
  0 -0.063611 -1.429167 -0.571758 0.819881 -0.571154 -0.039734 0.542124 0.375532 1 0 1.000000
  0 -0.060278 -1.410107 -0.549826 0.819881 -0.571154 -0.039734 0.550224 0.375532 1 0 1.000000
c_spy_watch
  0 0.077596 -1.448015 -0.558433 0.774979 -0.628568 0.065648 0.544877 0.335051 1 0 1.000000
  0 0.071209 -1.467067 -0.580234 0.774979 -0.628568 0.065648 0.537022 0.336606 1 0 1.000000
  0 -0.063611 -1.429167 -0.571758 0.819881 -0.571154 -0.039734 0.542124 0.375532 1 0 1.000000
c_spy_watch
  0 0.964224 1.198958 0.696617 -0.028572 0.983827 0.176830 0.497264 0.262523 1 0 1.000000
  0 0.849672 0.958261 0.702793 -0.028572 0.983827 0.176830 0.557811 0.299454 1 0 1.000000
  0 1.024808 1.074607 0.710713 -0.028572 0.983827 0.176830 0.503266 0.299560 1 0 1.000000
c_spy_watch
  0 0.964224 1.198958 0.696617 -0.028572 0.983827 0.176830 0.497264 0.262523 1 0 1.000000
  0 0.759452 1.062919 0.687356 -0.028572 0.983827 0.176830 0.562164 0.262640 1 0 1.000000
  0 0.849672 0.958261 0.702793 -0.028572 0.983827 0.176830 0.557811 0.299454 1 0 1.000000
c_spy_watch
  0 0.696559 1.190070 0.672858 -0.028572 0.983827 0.176830 0.544879 0.224152 1 0 1.000000
  0 0.759452 1.062919 0.687356 -0.028572 0.983827 0.176830 0.562164 0.262640 1 0 1.000000
  0 0.964224 1.198958 0.696617 -0.028572 0.983827 0.176830 0.497264 0.262523 1 0 1.000000
c_spy_watch
  0 0.696559 1.190070 0.672858 -0.028572 0.983827 0.176830 0.544879 0.224152 1 0 1.000000
  0 0.964224 1.198958 0.696617 -0.028572 0.983827 0.176830 0.497264 0.262523 1 0 1.000000
  0 0.872346 1.306849 0.680807 -0.028572 0.983827 0.176830 0.490112 0.224193 1 0 1.000000
c_spy_watch
  0 -0.068629 1.835941 -0.281471 0.307692 0.280377 -0.909238 0.472099 0.633022 1 0 1.000000
  0 -0.122958 1.553238 0.637855 0.307692 0.280377 -0.909238 0.221052 0.575857 1 0 1.000000
  0 -0.084767 1.752409 0.656253 0.307692 0.280377 -0.909238 0.221052 0.633022 1 0 1.000000
c_spy_watch
  0 -0.068629 1.835941 -0.281471 0.307692 0.280377 -0.909238 0.472099 0.633022 1 0 1.000000
  0 -0.106820 1.636761 -0.299870 0.307692 0.280377 -0.909238 0.472099 0.575857 1 0 1.000000
  0 -0.122958 1.553238 0.637855 0.307692 0.280377 -0.909238 0.221052 0.575857 1 0 1.000000
c_spy_watch
  0 0.167966 1.473302 0.635741 -0.782111 -0.289473 0.551823 0.221052 0.488428 1 0 1.000000
  0 0.205862 1.576801 -0.299829 -0.782111 -0.289473 0.551823 0.472099 0.480582 1 0 1.000000
  0 0.189723 1.493278 0.637895 -0.782111 -0.289473 0.551823 0.221052 0.480582 1 0 1.000000
c_spy_watch
  0 0.167966 1.473302 0.635741 -0.782111 -0.289473 0.551823 0.221052 0.488428 1 0 1.000000
  0 0.184103 1.556834 -0.301982 -0.782111 -0.289473 0.551823 0.472099 0.488428 1 0 1.000000
  0 0.205862 1.576801 -0.299829 -0.782111 -0.289473 0.551823 0.472099 0.480582 1 0 1.000000
c_spy_watch
  0 0.184103 1.556834 -0.301982 -0.547843 -0.785521 -0.287794 0.544877 0.416013 1 0 1.000000
  0 0.045206 1.584257 -0.322662 -0.541120 -0.751776 -0.376857 0.542124 0.375532 1 0 1.000000
  0 0.185421 1.579828 -0.320644 -0.547843 -0.785521 -0.287794 0.537022 0.414716 1 0 1.000000
c_spy_watch
  0 0.184103 1.556834 -0.301982 -0.547843 -0.785521 -0.287794 0.544877 0.416013 1 0 1.000000
  0 0.040964 1.562163 -0.303971 -0.541120 -0.751776 -0.376857 0.550224 0.375532 1 0 1.000000
  0 0.045206 1.584257 -0.322662 -0.541120 -0.751776 -0.376857 0.542124 0.375532 1 0 1.000000
c_spy_watch
  0 -0.093994 1.610162 -0.302018 -0.500004 -0.724601 -0.474288 0.544877 0.335051 1 0 1.000000
  0 0.045206 1.584257 -0.322662 -0.541120 -0.751776 -0.376857 0.542124 0.375532 1 0 1.000000
  0 0.040964 1.562163 -0.303971 -0.541120 -0.751776 -0.376857 0.550224 0.375532 1 0 1.000000
c_spy_watch
  0 -0.093994 1.610162 -0.302018 -0.500004 -0.724601 -0.474288 0.544877 0.335051 1 0 1.000000
  0 -0.086705 1.632010 -0.320679 -0.500004 -0.724601 -0.474288 0.537022 0.336606 1 0 1.000000
  0 0.045206 1.584257 -0.322662 -0.541120 -0.751776 -0.376857 0.542124 0.375532 1 0 1.000000
c_spy_watch
  0 1.108977 0.944375 -0.434217 0.395456 -0.747376 0.533895 0.907841 0.058775 1 0 1.000000
  0 1.055207 1.098092 -0.384714 0.430990 -0.739486 0.517115 0.902035 0.101017 1 0 1.000000
  0 1.081890 1.093684 -0.358764 0.430990 -0.739486 0.517115 0.893614 0.095649 1 0 1.000000
c_spy_watch
  0 1.108977 0.944375 -0.434217 0.395456 -0.747376 0.533895 0.907841 0.058775 1 0 1.000000
  0 1.082605 0.944314 -0.461007 0.395456 -0.747376 0.533895 0.917167 0.059895 1 0 1.000000
  0 1.055207 1.098092 -0.384714 0.430990 -0.739486 0.517115 0.902035 0.101017 1 0 1.000000
c_spy_watch
  0 1.113705 0.768416 -0.518774 0.335464 -0.777669 0.531691 0.923502 0.015835 1 0 1.000000
  0 1.082605 0.944314 -0.461007 0.395456 -0.747376 0.533895 0.917167 0.059895 1 0 1.000000
  0 1.108977 0.944375 -0.434217 0.395456 -0.747376 0.533895 0.907841 0.058775 1 0 1.000000
c_spy_watch
  0 1.113705 0.768416 -0.518774 0.335464 -0.777669 0.531691 0.923502 0.015835 1 0 1.000000
  0 1.086455 0.768602 -0.548993 0.335464 -0.777669 0.531691 0.933595 0.016382 1 0 1.000000
  0 1.082605 0.944314 -0.461007 0.395456 -0.747376 0.533895 0.917167 0.059895 1 0 1.000000
c_spy_watch
  0 1.047941 1.011338 0.696865 0.617989 0.415746 0.667267 0.645315 0.104836 1 0 1.000000
  0 1.051695 0.988135 0.726456 0.617989 0.415746 0.667267 0.634988 0.100532 1 0 1.000000
  0 1.078542 0.988880 0.700313 0.617989 0.415746 0.667267 0.644172 0.095650 1 0 1.000000
c_spy_watch
  0 0.227914 1.692449 0.656292 -0.276254 -0.276756 0.920375 0.221052 0.423580 1 0 1.000000
  0 0.205862 1.576801 -0.299829 -0.276254 -0.276756 0.920375 0.472099 0.480582 1 0 1.000000
  0 0.244050 1.775981 -0.281431 -0.276254 -0.276756 0.920375 0.472099 0.423580 1 0 1.000000
c_spy_watch
  0 0.227914 1.692449 0.656292 -0.276254 -0.276756 0.920375 0.221052 0.423580 1 0 1.000000
  0 0.189723 1.493278 0.637895 -0.276254 -0.276756 0.920375 0.221052 0.480582 1 0 1.000000
  0 0.205862 1.576801 -0.299829 -0.276254 -0.276756 0.920375 0.472099 0.480582 1 0 1.000000
c_spy_watch
  0 0.075846 1.744728 0.679065 -0.191243 0.954321 0.229561 0.476090 0.375500 1 0 1.000000
  0 -0.064326 1.749382 0.677067 -0.191243 0.954321 0.229561 0.476090 0.335824 1 0 1.000000
  0 -0.103550 1.544826 0.658172 -0.191243 0.954321 0.229561 0.537022 0.336606 1 0 1.000000
c_spy_watch
  0 0.075846 1.744728 0.679065 -0.191243 0.954321 0.229561 0.476090 0.375500 1 0 1.000000
  0 -0.103550 1.544826 0.658172 -0.191243 0.954321 0.229561 0.537022 0.336606 1 0 1.000000
  0 0.028359 1.497072 0.656189 -0.191243 0.954321 0.229561 0.542124 0.375532 1 0 1.000000
c_spy_watch
  0 0.168575 1.492643 0.658207 -0.191243 0.954321 0.229561 0.537022 0.414716 1 0 1.000000
  0 0.075846 1.744728 0.679065 -0.191243 0.954321 0.229561 0.476090 0.375500 1 0 1.000000
  0 0.028359 1.497072 0.656189 -0.191243 0.954321 0.229561 0.542124 0.375532 1 0 1.000000
c_spy_watch
  0 0.168575 1.492643 0.658207 -0.191243 0.954321 0.229561 0.537022 0.414716 1 0 1.000000
  0 0.207800 1.697209 0.677104 -0.191243 0.954321 0.229561 0.476090 0.414716 1 0 1.000000
  0 0.075846 1.744728 0.679065 -0.191243 0.954321 0.229561 0.476090 0.375500 1 0 1.000000
c_spy_watch
  0 -0.836408 1.632181 0.619150 0.374276 -0.145306 0.915862 0.221052 0.423580 1 0 1.000000
  0 -0.713265 1.513947 -0.328948 0.374276 -0.145306 0.915862 0.472099 0.480582 1 0 1.000000
  0 -0.808576 1.693687 -0.320002 0.374276 -0.145306 0.915862 0.472099 0.423580 1 0 1.000000
c_spy_watch
  0 -0.836408 1.632181 0.619150 0.374276 -0.145306 0.915862 0.221052 0.423580 1 0 1.000000
  0 -0.741097 1.452442 0.610204 0.374276 -0.145306 0.915862 0.221052 0.480582 1 0 1.000000
  0 -0.713265 1.513947 -0.328948 0.374276 -0.145306 0.915862 0.472099 0.480582 1 0 1.000000
c_spy_watch
  0 0.113197 -1.536765 0.399262 -0.191587 0.943062 0.271899 0.537022 0.336606 1 0 1.000000
  0 -0.051589 -1.749748 0.391171 -0.191587 0.943062 0.271899 0.476090 0.375500 1 0 1.000000
  0 0.088449 -1.743996 0.385577 -0.191587 0.943062 0.271899 0.476090 0.335824 1 0 1.000000
c_spy_watch
  0 0.113197 -1.536765 0.399262 -0.191587 0.943062 0.271899 0.537022 0.336606 1 0 1.000000
  0 -0.021622 -1.498875 0.407739 -0.191587 0.943062 0.271899 0.542124 0.375532 1 0 1.000000
  0 -0.051589 -1.749748 0.391171 -0.191587 0.943062 0.271899 0.476090 0.375500 1 0 1.000000
c_spy_watch
  0 -0.051589 -1.749748 0.391171 -0.191587 0.943062 0.271899 0.476090 0.375500 1 0 1.000000
  0 -0.021622 -1.498875 0.407739 -0.191587 0.943062 0.271899 0.542124 0.375532 1 0 1.000000
  0 -0.161685 -1.504862 0.413317 -0.191587 0.943062 0.271899 0.537022 0.414716 1 0 1.000000
c_spy_watch
  0 -0.051589 -1.749748 0.391171 -0.191587 0.943062 0.271899 0.476090 0.375500 1 0 1.000000
  0 -0.161685 -1.504862 0.413317 -0.191587 0.943062 0.271899 0.537022 0.414716 1 0 1.000000
  0 -0.186436 -1.712083 0.399632 -0.191587 0.943062 0.271899 0.476090 0.414716 1 0 1.000000
c_spy_watch
  0 1.081890 1.093684 -0.358764 0.792177 -0.402212 0.459000 0.893614 0.095649 1 0 1.000000
  0 1.055207 1.098092 -0.384714 0.792177 -0.402212 0.459000 0.902035 0.101017 1 0 1.000000
  0 1.051253 1.115055 -0.351172 0.792177 -0.402212 0.459000 0.892418 0.104835 1 0 1.000000
c_spy_watch
  0 0.917921 -1.227338 -0.537545 -0.870295 -0.049548 -0.490033 0.485713 0.161121 1 0 1.000000
  0 1.144458 -1.401895 0.384035 -0.870295 -0.049548 -0.490033 0.233718 0.216686 1 0 1.000000
  0 0.953349 -1.325076 0.399278 -0.870295 -0.049548 -0.490033 0.233491 0.161121 1 0 1.000000
c_spy_watch
  0 0.917921 -1.227338 -0.537545 -0.870295 -0.049548 -0.490033 0.485713 0.161121 1 0 1.000000
  0 1.109030 -1.304157 -0.552788 -0.870295 -0.049548 -0.490033 0.485137 0.216000 1 0 1.000000
  0 1.144458 -1.401895 0.384035 -0.870295 -0.049548 -0.490033 0.233718 0.216686 1 0 1.000000
c_spy_watch
  0 -0.637908 1.785146 -0.323182 0.202112 -0.949081 -0.241653 0.476090 0.375500 1 0 1.000000
  0 -0.502289 1.820534 -0.317697 0.202112 -0.949081 -0.241653 0.476090 0.414716 1 0 1.000000
  0 -0.418077 1.629726 -0.333244 0.202112 -0.949081 -0.241653 0.537022 0.414716 1 0 1.000000
c_spy_watch
  0 -0.637908 1.785146 -0.323182 0.202112 -0.949081 -0.241653 0.476090 0.375500 1 0 1.000000
  0 -0.418077 1.629726 -0.333244 0.202112 -0.949081 -0.241653 0.537022 0.414716 1 0 1.000000
  0 -0.535960 1.554145 -0.342005 0.202112 -0.949081 -0.241653 0.542124 0.375532 1 0 1.000000
c_spy_watch
  0 -0.671672 1.518967 -0.347474 0.202112 -0.949081 -0.241653 0.537022 0.336606 1 0 1.000000
  0 -0.637908 1.785146 -0.323182 0.202112 -0.949081 -0.241653 0.476090 0.375500 1 0 1.000000
  0 -0.535960 1.554145 -0.342005 0.202112 -0.949081 -0.241653 0.542124 0.375532 1 0 1.000000
c_spy_watch
  0 -0.671672 1.518967 -0.347474 0.202112 -0.949081 -0.241653 0.537022 0.336606 1 0 1.000000
  0 -0.755873 1.709776 -0.331926 0.202112 -0.949081 -0.241653 0.476090 0.335824 1 0 1.000000
  0 -0.637908 1.785146 -0.323182 0.202112 -0.949081 -0.241653 0.476090 0.375500 1 0 1.000000
c_spy_watch
  0 1.155044 -1.386724 0.408740 -0.359119 0.913694 0.190253 0.490112 0.224193 1 0 1.000000
  0 0.997028 -1.175696 0.461514 -0.359119 0.913694 0.190253 0.562164 0.262640 1 0 1.000000
  0 0.959626 -1.308169 0.424327 -0.359119 0.913694 0.190253 0.544879 0.224152 1 0 1.000000
c_spy_watch
  0 1.155044 -1.386724 0.408740 -0.359119 0.913694 0.190253 0.490112 0.224193 1 0 1.000000
  0 1.224669 -1.267203 0.443358 -0.359119 0.913694 0.190253 0.497264 0.262523 1 0 1.000000
  0 0.997028 -1.175696 0.461514 -0.359119 0.913694 0.190253 0.562164 0.262640 1 0 1.000000
c_spy_watch
  0 1.224669 -1.267203 0.443358 -0.359119 0.913694 0.190253 0.497264 0.262523 1 0 1.000000
  0 1.065642 -1.059550 0.495184 -0.359119 0.913694 0.190253 0.557811 0.299454 1 0 1.000000
  0 0.997028 -1.175696 0.461514 -0.359119 0.913694 0.190253 0.562164 0.262640 1 0 1.000000
c_spy_watch
  0 1.224669 -1.267203 0.443358 -0.359119 0.913694 0.190253 0.497264 0.262523 1 0 1.000000
  0 1.260336 -1.137812 0.479655 -0.359119 0.913694 0.190253 0.503266 0.299560 1 0 1.000000
  0 1.065642 -1.059550 0.495184 -0.359119 0.913694 0.190253 0.557811 0.299454 1 0 1.000000
c_spy_watch
  0 -0.207476 -1.705513 0.380283 0.199339 0.322578 -0.925315 0.221052 0.423580 1 0 1.000000
  0 -0.223598 -1.436980 -0.544736 0.199339 0.322578 -0.925315 0.472099 0.480582 1 0 1.000000
  0 -0.247704 -1.638744 -0.558060 0.199339 0.322578 -0.925315 0.472099 0.423580 1 0 1.000000
c_spy_watch
  0 -0.207476 -1.705513 0.380283 0.199339 0.322578 -0.925315 0.221052 0.423580 1 0 1.000000
  0 -0.183380 -1.503750 0.393607 0.199339 0.322578 -0.925315 0.221052 0.480582 1 0 1.000000
  0 -0.223598 -1.436980 -0.544736 0.199339 0.322578 -0.925315 0.472099 0.480582 1 0 1.000000
c_spy_watch
  0 0.553993 1.232418 0.633634 -0.726283 0.003997 -0.687384 0.472099 0.528039 1 0 1.000000
  0 0.453135 1.333885 0.640987 -0.598139 0.072126 -0.798140 0.472099 0.488428 1 0 1.000000
  0 0.479218 1.427650 -0.295546 -0.598139 0.072126 -0.798140 0.221052 0.488428 1 0 1.000000
c_spy_watch
  0 0.553993 1.232418 0.633634 -0.726283 0.003997 -0.687384 0.472099 0.528039 1 0 1.000000
  0 0.479218 1.427650 -0.295546 -0.598139 0.072126 -0.798140 0.221052 0.488428 1 0 1.000000
  0 0.580074 1.326193 -0.302896 -0.726283 0.003997 -0.687384 0.221052 0.528039 1 0 1.000000
c_spy_watch
  0 0.706851 1.259567 -0.306036 -0.817912 -0.041170 -0.573869 0.221052 0.567651 1 0 1.000000
  0 0.553993 1.232418 0.633634 -0.726283 0.003997 -0.687384 0.472099 0.528039 1 0 1.000000
  0 0.580074 1.326193 -0.302896 -0.726283 0.003997 -0.687384 0.221052 0.528039 1 0 1.000000
c_spy_watch
  0 0.706851 1.259567 -0.306036 -0.817912 -0.041170 -0.573869 0.221052 0.567651 1 0 1.000000
  0 0.680770 1.165792 0.630495 -0.817912 -0.041170 -0.573869 0.472099 0.567651 1 0 1.000000
  0 0.553993 1.232418 0.633634 -0.726283 0.003997 -0.687384 0.472099 0.528039 1 0 1.000000
c_spy_watch
  0 0.600195 1.619734 -0.272945 0.657377 0.296325 -0.692854 0.221052 0.423580 1 0 1.000000
  0 0.453128 1.363352 0.643936 0.657377 0.296325 -0.692854 0.472099 0.480582 1 0 1.000000
  0 0.574116 1.525959 0.663587 0.657377 0.296325 -0.692854 0.472099 0.423580 1 0 1.000000
c_spy_watch
  0 0.600195 1.619734 -0.272945 0.657377 0.296325 -0.692854 0.221052 0.423580 1 0 1.000000
  0 0.479209 1.457116 -0.292596 0.657377 0.296325 -0.692854 0.221052 0.480582 1 0 1.000000
  0 0.453128 1.363352 0.643936 0.657377 0.296325 -0.692854 0.472099 0.480582 1 0 1.000000
c_spy_watch
  0 -0.790161 1.613650 0.625095 -0.352140 0.790809 -0.500618 0.471029 0.327089 1 0 1.000000
  0 -0.688518 1.431783 0.631377 -0.352140 0.790809 -0.500618 0.537022 0.336606 1 0 1.000000
  0 -0.772730 1.622591 0.646925 -0.352140 0.790809 -0.500618 0.476090 0.335824 1 0 1.000000
c_spy_watch
  0 -0.790161 1.613650 0.625095 -0.352140 0.790809 -0.500618 0.471029 0.327089 1 0 1.000000
  0 -0.708160 1.427872 0.609959 -0.352140 0.790809 -0.500618 0.537487 0.327089 1 0 1.000000
  0 -0.688518 1.431783 0.631377 -0.352140 0.790809 -0.500618 0.537022 0.336606 1 0 1.000000
c_spy_watch
  0 -0.068629 1.835941 -0.281471 0.782111 0.289473 -0.551823 0.471029 0.327089 1 0 1.000000
  0 -0.063010 1.772385 0.658407 0.782111 0.289473 -0.551823 0.221052 0.336399 1 0 1.000000
  0 -0.046872 1.855907 -0.279318 0.782111 0.289473 -0.551823 0.467169 0.336399 1 0 1.000000
c_spy_watch
  0 -0.068629 1.835941 -0.281471 0.782111 0.289473 -0.551823 0.471029 0.327089 1 0 1.000000
  0 -0.084767 1.752409 0.656253 0.782111 0.289473 -0.551823 0.218935 0.327089 1 0 1.000000
  0 -0.063010 1.772385 0.658407 0.782111 0.289473 -0.551823 0.221052 0.336399 1 0 1.000000
c_spy_watch
  0 0.227914 1.692449 0.656292 -0.330570 0.479111 0.813127 0.472099 0.423580 1 0 1.000000
  0 0.168575 1.492643 0.658207 -0.330570 0.479111 0.813127 0.537022 0.414716 1 0 1.000000
  0 0.189723 1.493278 0.637895 -0.330570 0.479111 0.813127 0.537487 0.423570 1 0 1.000000
c_spy_watch
  0 0.227914 1.692449 0.656292 -0.330570 0.479111 0.813127 0.472099 0.423580 1 0 1.000000
  0 0.207800 1.697209 0.677104 -0.330570 0.479111 0.813127 0.476090 0.414716 1 0 1.000000
  0 0.168575 1.492643 0.658207 -0.330570 0.479111 0.813127 0.537022 0.414716 1 0 1.000000
c_spy_watch
  0 0.185421 1.579828 -0.320644 -0.053499 -0.853773 0.517889 0.537022 0.414716 1 0 1.000000
  0 0.244050 1.775981 -0.281431 -0.053499 -0.853773 0.517889 0.472099 0.423580 1 0 1.000000
  0 0.205862 1.576801 -0.299829 -0.053499 -0.853773 0.517889 0.537487 0.423570 1 0 1.000000
c_spy_watch
  0 0.185421 1.579828 -0.320644 -0.053499 -0.853773 0.517889 0.537022 0.414716 1 0 1.000000
  0 0.224645 1.784394 -0.301747 -0.053499 -0.853773 0.517889 0.476090 0.414716 1 0 1.000000
  0 0.244050 1.775981 -0.281431 -0.053499 -0.853773 0.517889 0.472099 0.423580 1 0 1.000000
c_spy_watch
  0 0.080086 1.766822 0.660373 0.947840 0.101791 0.302056 0.221052 0.375437 1 0 1.000000
  0 0.215088 1.719057 0.658442 0.897143 0.058941 0.437791 0.221052 0.414716 1 0 1.000000
  0 0.231227 1.802580 -0.279282 0.897143 0.058941 0.437791 0.467168 0.414716 1 0 1.000000
c_spy_watch
  0 0.080086 1.766822 0.660373 0.947840 0.101791 0.302056 0.221052 0.375437 1 0 1.000000
  0 0.231227 1.802580 -0.279282 0.897143 0.058941 0.437791 0.467168 0.414716 1 0 1.000000
  0 0.096224 1.850354 -0.277351 0.947840 0.101791 0.302056 0.467229 0.375437 1 0 1.000000
c_spy_watch
  0 -0.046872 1.855907 -0.279318 0.972918 0.153370 0.172937 0.467169 0.336399 1 0 1.000000
  0 0.080086 1.766822 0.660373 0.947840 0.101791 0.302056 0.221052 0.375437 1 0 1.000000
  0 0.096224 1.850354 -0.277351 0.947840 0.101791 0.302056 0.467229 0.375437 1 0 1.000000
c_spy_watch
  0 -0.046872 1.855907 -0.279318 0.972918 0.153370 0.172937 0.467169 0.336399 1 0 1.000000
  0 -0.063010 1.772385 0.658407 0.972918 0.153370 0.172937 0.221052 0.336399 1 0 1.000000
  0 0.080086 1.766822 0.660373 0.947840 0.101791 0.302056 0.221052 0.375437 1 0 1.000000
c_spy_watch
  0 0.231227 1.802580 -0.279282 0.306759 -0.164052 0.937543 0.467168 0.414716 1 0 1.000000
  0 0.227914 1.692449 0.656292 0.306759 -0.164052 0.937543 0.221052 0.423580 1 0 1.000000
  0 0.244050 1.775981 -0.281431 0.306759 -0.164052 0.937543 0.472099 0.423580 1 0 1.000000
c_spy_watch
  0 0.231227 1.802580 -0.279282 0.306759 -0.164052 0.937543 0.467168 0.414716 1 0 1.000000
  0 0.215088 1.719057 0.658442 0.306759 -0.164052 0.937543 0.221052 0.414716 1 0 1.000000
  0 0.227914 1.692449 0.656292 0.306759 -0.164052 0.937543 0.221052 0.423580 1 0 1.000000
c_spy_watch
  0 -0.084767 1.752409 0.656253 0.060112 0.870502 -0.488480 0.471029 0.327089 1 0 1.000000
  0 -0.103550 1.544826 0.658172 0.060112 0.870502 -0.488480 0.537022 0.336606 1 0 1.000000
  0 -0.064326 1.749382 0.677067 0.060112 0.870502 -0.488480 0.476090 0.335824 1 0 1.000000
c_spy_watch
  0 -0.084767 1.752409 0.656253 0.060112 0.870502 -0.488480 0.471029 0.327089 1 0 1.000000
  0 -0.122958 1.553238 0.637855 0.060112 0.870502 -0.488480 0.537487 0.327089 1 0 1.000000
  0 -0.103550 1.544826 0.658172 0.060112 0.870502 -0.488480 0.537022 0.336606 1 0 1.000000
c_spy_watch
  0 -0.106820 1.636761 -0.299870 0.330570 -0.479111 -0.813127 0.537487 0.327089 1 0 1.000000
  0 -0.047481 1.836576 -0.301783 0.330570 -0.479111 -0.813127 0.476090 0.335824 1 0 1.000000
  0 -0.086705 1.632010 -0.320679 0.330570 -0.479111 -0.813127 0.537022 0.336606 1 0 1.000000
c_spy_watch
  0 -0.106820 1.636761 -0.299870 0.330570 -0.479111 -0.813127 0.537487 0.327089 1 0 1.000000
  0 -0.068629 1.835941 -0.281471 0.330570 -0.479111 -0.813127 0.471029 0.327089 1 0 1.000000
  0 -0.047481 1.836576 -0.301783 0.330570 -0.479111 -0.813127 0.476090 0.335824 1 0 1.000000
c_spy_watch
  0 -0.435965 -1.283101 -0.550270 0.179165 -0.940346 -0.289221 0.537022 0.414716 1 0 1.000000
  0 -0.458778 -1.550931 -0.568352 0.179165 -0.940346 -0.289221 0.476090 0.375500 1 0 1.000000
  0 -0.558219 -1.452657 -0.557096 0.179165 -0.940346 -0.289221 0.476090 0.414716 1 0 1.000000
c_spy_watch
  0 -0.435965 -1.283101 -0.550270 0.179165 -0.940346 -0.289221 0.537022 0.414716 1 0 1.000000
  0 -0.310768 -1.345661 -0.560090 0.179165 -0.940346 -0.289221 0.542124 0.375532 1 0 1.000000
  0 -0.458778 -1.550931 -0.568352 0.179165 -0.940346 -0.289221 0.476090 0.375500 1 0 1.000000
c_spy_watch
  0 -0.458778 -1.550931 -0.568352 0.179165 -0.940346 -0.289221 0.476090 0.375500 1 0 1.000000
  0 -0.310768 -1.345661 -0.560090 0.179165 -0.940346 -0.289221 0.542124 0.375532 1 0 1.000000
  0 -0.211458 -1.444120 -0.571353 0.179165 -0.940346 -0.289221 0.537022 0.336606 1 0 1.000000
c_spy_watch
  0 -0.458778 -1.550931 -0.568352 0.179165 -0.940346 -0.289221 0.476090 0.375500 1 0 1.000000
  0 -0.211458 -1.444120 -0.571353 0.179165 -0.940346 -0.289221 0.537022 0.336606 1 0 1.000000
  0 -0.333713 -1.613676 -0.578178 0.179165 -0.940346 -0.289221 0.476090 0.335824 1 0 1.000000
c_spy_watch
  0 -1.101265 1.494663 0.622995 0.097378 0.771941 -0.628192 0.213269 0.335271 1 0 1.000000
  0 -1.113195 1.513181 0.603152 0.097378 0.771941 -0.628192 0.221052 0.336399 1 0 1.000000
  0 -1.117610 1.483965 0.601109 0.097378 0.771941 -0.628192 0.218935 0.327089 1 0 1.000000
c_spy_watch
  0 0.864239 0.941268 0.681772 -0.963413 -0.108131 -0.245242 0.499170 0.069585 1 0 1.000000
  0 0.827408 1.025095 -0.360316 -0.963413 -0.108131 -0.245242 0.220192 0.077551 1 0 1.000000
  0 0.857877 1.021939 -0.362565 -0.963413 -0.108131 -0.245242 0.219826 0.069585 1 0 1.000000
c_spy_watch
  0 0.864239 0.941268 0.681772 -0.963413 -0.108131 -0.245242 0.499170 0.069585 1 0 1.000000
  0 0.833748 0.944704 0.680405 -0.963413 -0.108131 -0.245242 0.498568 0.077551 1 0 1.000000
  0 0.827408 1.025095 -0.360316 -0.963413 -0.108131 -0.245242 0.220192 0.077551 1 0 1.000000
c_spy_watch
  0 -0.692031 1.511393 -0.327766 -0.081682 -0.558805 -0.825267 0.537487 0.327089 1 0 1.000000
  0 -0.755873 1.709776 -0.331926 -0.081682 -0.558805 -0.825267 0.476090 0.335824 1 0 1.000000
  0 -0.671672 1.518967 -0.347474 -0.081682 -0.558805 -0.825267 0.537022 0.336606 1 0 1.000000
c_spy_watch
  0 -0.692031 1.511393 -0.327766 -0.081682 -0.558805 -0.825267 0.537487 0.327089 1 0 1.000000
  0 -0.774024 1.697182 -0.312628 -0.081682 -0.558805 -0.825267 0.471029 0.327089 1 0 1.000000
  0 -0.755873 1.709776 -0.331926 -0.081682 -0.558805 -0.825267 0.476090 0.335824 1 0 1.000000
c_spy_watch
  0 -0.396149 1.594529 -0.311908 -0.598139 0.072126 -0.798140 0.472099 0.567651 1 0 1.000000
  0 -0.432509 1.532574 0.627390 -0.598139 0.072126 -0.798140 0.221052 0.575857 1 0 1.000000
  0 -0.416371 1.616096 -0.310335 -0.598139 0.072126 -0.798140 0.472099 0.575857 1 0 1.000000
c_spy_watch
  0 -0.396149 1.594529 -0.311908 -0.598139 0.072126 -0.798140 0.472099 0.567651 1 0 1.000000
  0 -0.412286 1.510997 0.625815 -0.598139 0.072126 -0.798140 0.221052 0.567651 1 0 1.000000
  0 -0.432509 1.532574 0.627390 -0.598139 0.072126 -0.798140 0.221052 0.575857 1 0 1.000000
c_spy_watch
  0 -0.412286 1.510997 0.625815 -0.801523 0.596913 0.035422 0.544877 0.335051 1 0 1.000000
  0 -0.271888 1.524082 0.650129 -0.840454 0.523771 0.138923 0.542124 0.375532 1 0 1.000000
  0 -0.412039 1.530351 0.648276 -0.801523 0.596913 0.035422 0.537022 0.336606 1 0 1.000000
c_spy_watch
  0 -0.412286 1.510997 0.625815 -0.801523 0.596913 0.035422 0.544877 0.335051 1 0 1.000000
  0 -0.269152 1.505407 0.627781 -0.840454 0.523771 0.138923 0.550224 0.375532 1 0 1.000000
  0 -0.271888 1.524082 0.650129 -0.840454 0.523771 0.138923 0.542124 0.375532 1 0 1.000000
c_spy_watch
  0 -0.131034 1.542987 0.633505 -0.817179 0.522851 0.242578 0.544877 0.416013 1 0 1.000000
  0 -0.271888 1.524082 0.650129 -0.840454 0.523771 0.138923 0.542124 0.375532 1 0 1.000000
  0 -0.269152 1.505407 0.627781 -0.840454 0.523771 0.138923 0.550224 0.375532 1 0 1.000000
c_spy_watch
  0 -0.131034 1.542987 0.633505 -0.817179 0.522851 0.242578 0.544877 0.416013 1 0 1.000000
  0 -0.136830 1.561656 0.655800 -0.817179 0.522851 0.242578 0.537022 0.414716 1 0 1.000000
  0 -0.271888 1.524082 0.650129 -0.840454 0.523771 0.138923 0.542124 0.375532 1 0 1.000000
c_spy_watch
  0 -1.089767 1.545472 -0.338043 0.293505 -0.355826 -0.887267 0.471029 0.327089 1 0 1.000000
  0 -1.085363 1.574687 -0.335998 0.293505 -0.355826 -0.887267 0.467169 0.336399 1 0 1.000000
  0 -1.072211 1.558861 -0.357346 0.293505 -0.355826 -0.887267 0.476090 0.335824 1 0 1.000000
c_spy_watch
  0 0.460535 1.367469 0.643670 -0.858606 -0.267321 0.437419 0.472099 0.567651 1 0 1.000000
  0 0.497281 1.454363 -0.293635 -0.858606 -0.267321 0.437419 0.221052 0.575857 1 0 1.000000
  0 0.484874 1.384266 0.645245 -0.858606 -0.267321 0.437419 0.472099 0.575857 1 0 1.000000
c_spy_watch
  0 0.460535 1.367469 0.643670 -0.858606 -0.267321 0.437419 0.472099 0.567651 1 0 1.000000
  0 0.472943 1.437566 -0.295212 -0.858606 -0.267321 0.437419 0.221052 0.567651 1 0 1.000000
  0 0.497281 1.454363 -0.293635 -0.858606 -0.267321 0.437419 0.221052 0.575857 1 0 1.000000
c_spy_watch
  0 0.467517 1.346839 0.663442 -0.191243 0.954321 0.229561 0.537022 0.414716 1 0 1.000000
  0 0.716167 1.449105 0.680606 -0.191243 0.954321 0.229561 0.476090 0.375500 1 0 1.000000
  0 0.591777 1.513854 0.683625 -0.191243 0.954321 0.229561 0.476090 0.414716 1 0 1.000000
c_spy_watch
  0 0.467517 1.346839 0.663442 -0.191243 0.954321 0.229561 0.537022 0.414716 1 0 1.000000
  0 0.565733 1.246913 0.656171 -0.191243 0.954321 0.229561 0.542124 0.375532 1 0 1.000000
  0 0.716167 1.449105 0.680606 -0.191243 0.954321 0.229561 0.476090 0.375500 1 0 1.000000
c_spy_watch
  0 0.716167 1.449105 0.680606 -0.191243 0.954321 0.229561 0.476090 0.375500 1 0 1.000000
  0 0.565733 1.246913 0.656171 -0.191243 0.954321 0.229561 0.542124 0.375532 1 0 1.000000
  0 0.690265 1.182349 0.653176 -0.191243 0.954321 0.229561 0.537022 0.336606 1 0 1.000000
c_spy_watch
  0 0.716167 1.449105 0.680606 -0.191243 0.954321 0.229561 0.476090 0.375500 1 0 1.000000
  0 0.690265 1.182349 0.653176 -0.191243 0.954321 0.229561 0.537022 0.336606 1 0 1.000000
  0 0.814523 1.349373 0.673359 -0.191243 0.954321 0.229561 0.476090 0.335824 1 0 1.000000
c_spy_watch
  0 1.037216 -1.349708 -0.574560 -0.037505 -0.817973 0.574032 0.476090 0.335824 1 0 1.000000
  0 1.054947 -1.339598 -0.553496 -0.037505 -0.817973 0.574032 0.471029 0.327089 1 0 1.000000
  0 1.051098 -1.368790 -0.556620 -0.037505 -0.817973 0.574032 0.467169 0.336399 1 0 1.000000
c_spy_watch
  0 -0.300983 1.774660 0.671949 -0.191243 0.954321 0.229561 0.476090 0.375500 1 0 1.000000
  0 -0.436075 1.737323 0.666298 -0.191243 0.954321 0.229561 0.476090 0.335824 1 0 1.000000
  0 -0.412039 1.530351 0.648276 -0.191243 0.954321 0.229561 0.537022 0.336606 1 0 1.000000
c_spy_watch
  0 -0.300983 1.774660 0.671949 -0.191243 0.954321 0.229561 0.476090 0.375500 1 0 1.000000
  0 -0.412039 1.530351 0.648276 -0.191243 0.954321 0.229561 0.537022 0.336606 1 0 1.000000
  0 -0.271888 1.524082 0.650129 -0.191243 0.954321 0.229561 0.542124 0.375532 1 0 1.000000
c_spy_watch
  0 -0.136830 1.561656 0.655800 -0.191243 0.954321 0.229561 0.537022 0.414716 1 0 1.000000
  0 -0.300983 1.774660 0.671949 -0.191243 0.954321 0.229561 0.476090 0.375500 1 0 1.000000
  0 -0.271888 1.524082 0.650129 -0.191243 0.954321 0.229561 0.542124 0.375532 1 0 1.000000
c_spy_watch
  0 -0.136830 1.561656 0.655800 -0.191243 0.954321 0.229561 0.537022 0.414716 1 0 1.000000
  0 -0.160864 1.768629 0.673822 -0.191243 0.954321 0.229561 0.476090 0.414716 1 0 1.000000
  0 -0.300983 1.774660 0.671949 -0.191243 0.954321 0.229561 0.476090 0.375500 1 0 1.000000
c_spy_watch
  0 0.103858 -1.688425 -0.571212 0.105389 -0.460857 -0.881195 0.472099 0.423580 1 0 1.000000
  0 0.099614 -1.480104 -0.576924 0.105389 -0.460857 -0.881195 0.537022 0.414716 1 0 1.000000
  0 0.123781 -1.687250 -0.592701 0.105389 -0.460857 -0.881195 0.476090 0.414716 1 0 1.000000
c_spy_watch
  0 0.103858 -1.688425 -0.571212 0.105389 -0.460857 -0.881195 0.472099 0.423580 1 0 1.000000
  0 0.080325 -1.486737 -0.555850 0.105389 -0.460857 -0.881195 0.537487 0.423570 1 0 1.000000
  0 0.099614 -1.480104 -0.576924 0.105389 -0.460857 -0.881195 0.537022 0.414716 1 0 1.000000
c_spy_watch
  0 0.484874 1.384266 0.645245 -0.404460 -0.288882 0.867732 0.472099 0.575857 1 0 1.000000
  0 0.562906 1.646529 -0.278421 -0.404460 -0.288882 0.867732 0.221052 0.633022 1 0 1.000000
  0 0.550496 1.576431 0.660460 -0.404460 -0.288882 0.867732 0.472099 0.633022 1 0 1.000000
c_spy_watch
  0 0.484874 1.384266 0.645245 -0.404460 -0.288882 0.867732 0.472099 0.575857 1 0 1.000000
  0 0.497281 1.454363 -0.293635 -0.404460 -0.288882 0.867732 0.221052 0.575857 1 0 1.000000
  0 0.562906 1.646529 -0.278421 -0.404460 -0.288882 0.867732 0.221052 0.633022 1 0 1.000000
c_spy_watch
  0 0.195918 1.556982 -0.289957 -0.208187 0.197235 -0.957996 0.221052 0.480582 1 0 1.000000
  0 0.192501 1.458736 0.646940 -0.208187 0.197235 -0.957996 0.472099 0.488428 1 0 1.000000
  0 0.183509 1.486884 0.648923 -0.208187 0.197235 -0.957996 0.472099 0.480582 1 0 1.000000
c_spy_watch
  0 0.195918 1.556982 -0.289957 -0.208187 0.197235 -0.957996 0.221052 0.480582 1 0 1.000000
  0 0.204911 1.528833 -0.291939 -0.208187 0.197235 -0.957996 0.221052 0.488428 1 0 1.000000
  0 0.192501 1.458736 0.646940 -0.208187 0.197235 -0.957996 0.472099 0.488428 1 0 1.000000
c_spy_watch
  0 -0.994468 1.365741 -0.346989 -0.374276 0.145306 -0.915862 0.472099 0.575857 1 0 1.000000
  0 -1.117610 1.483965 0.601109 -0.374276 0.145306 -0.915862 0.221052 0.633022 1 0 1.000000
  0 -1.089767 1.545472 -0.338043 -0.374276 0.145306 -0.915862 0.472099 0.633022 1 0 1.000000
c_spy_watch
  0 -0.994468 1.365741 -0.346989 -0.374276 0.145306 -0.915862 0.472099 0.575857 1 0 1.000000
  0 -1.022300 1.304235 0.592164 -0.374276 0.145306 -0.915862 0.221052 0.575857 1 0 1.000000
  0 -1.117610 1.483965 0.601109 -0.374276 0.145306 -0.915862 0.221052 0.633022 1 0 1.000000
c_spy_watch
  0 0.192501 1.458736 0.646940 -0.705471 0.669878 -0.231459 0.544877 0.416013 1 0 1.000000
  0 0.325893 1.410541 0.665812 -0.754063 0.642211 -0.137675 0.542124 0.375532 1 0 1.000000
  0 0.201893 1.476088 0.669067 -0.705471 0.669878 -0.231459 0.537022 0.414716 1 0 1.000000
c_spy_watch
  0 0.192501 1.458736 0.646940 -0.705471 0.669878 -0.231459 0.544877 0.416013 1 0 1.000000
  0 0.319489 1.392517 0.643674 -0.754063 0.642211 -0.137675 0.550224 0.375532 1 0 1.000000
  0 0.325893 1.410541 0.665812 -0.754063 0.642211 -0.137675 0.542124 0.375532 1 0 1.000000
c_spy_watch
  0 0.460535 1.367469 0.643670 -0.793664 0.606888 -0.042251 0.544877 0.335051 1 0 1.000000
  0 0.325893 1.410541 0.665812 -0.754063 0.642211 -0.137675 0.542124 0.375532 1 0 1.000000
  0 0.319489 1.392517 0.643674 -0.754063 0.642211 -0.137675 0.550224 0.375532 1 0 1.000000
c_spy_watch
  0 0.460535 1.367469 0.643670 -0.793664 0.606888 -0.042251 0.544877 0.335051 1 0 1.000000
  0 0.464169 1.386780 0.665865 -0.793664 0.606888 -0.042251 0.537022 0.336606 1 0 1.000000
  0 0.325893 1.410541 0.665812 -0.754063 0.642211 -0.137675 0.542124 0.375532 1 0 1.000000
c_spy_watch
  0 0.795174 -1.484540 -0.577714 -0.536354 -0.573428 -0.619277 0.476090 0.414716 1 0 1.000000
  0 0.803745 -1.506591 -0.559844 -0.536354 -0.573428 -0.619277 0.467168 0.414716 1 0 1.000000
  0 0.776834 -1.494533 -0.557121 -0.536354 -0.573428 -0.619277 0.472099 0.423580 1 0 1.000000
c_spy_watch
  0 -0.508344 1.839127 -0.295413 0.800996 0.016562 0.598440 0.467168 0.414716 1 0 1.000000
  0 -0.498775 1.740914 0.641445 0.800996 0.016562 0.598440 0.221052 0.423580 1 0 1.000000
  0 -0.482647 1.824446 -0.296278 0.800996 0.016562 0.598440 0.472099 0.423580 1 0 1.000000
c_spy_watch
  0 -0.508344 1.839127 -0.295413 0.800996 0.016562 0.598440 0.467168 0.414716 1 0 1.000000
  0 -0.524483 1.755605 0.642312 0.800996 0.016562 0.598440 0.221052 0.414716 1 0 1.000000
  0 -0.498775 1.740914 0.641445 0.800996 0.016562 0.598440 0.221052 0.423580 1 0 1.000000
c_spy_watch
  0 -0.745502 1.423236 0.608160 -0.241370 -0.256951 0.935797 0.221052 0.488428 1 0 1.000000
  0 -0.713265 1.513947 -0.328948 -0.241370 -0.256951 0.935797 0.472099 0.480582 1 0 1.000000
  0 -0.741097 1.452442 0.610204 -0.241370 -0.256951 0.935797 0.221052 0.480582 1 0 1.000000
c_spy_watch
  0 -0.745502 1.423236 0.608160 -0.241370 -0.256951 0.935797 0.221052 0.488428 1 0 1.000000
  0 -0.717671 1.484742 -0.330992 -0.241370 -0.256951 0.935797 0.472099 0.488428 1 0 1.000000
  0 -0.713265 1.513947 -0.328948 -0.241370 -0.256951 0.935797 0.472099 0.480582 1 0 1.000000
c_spy_watch
  0 0.939021 -1.062284 -0.547767 0.445088 0.346848 -0.825586 0.492128 0.114813 1 0 1.000000
  0 0.903476 -1.200317 -0.536177 0.332921 0.337944 -0.880316 0.485919 0.152393 1 0 1.000000
  0 0.939055 -1.298468 0.404591 0.332921 0.337944 -0.880316 0.233063 0.152393 1 0 1.000000
c_spy_watch
  0 0.939021 -1.062284 -0.547767 0.445088 0.346848 -0.825586 0.492128 0.114813 1 0 1.000000
  0 0.939055 -1.298468 0.404591 0.332921 0.337944 -0.880316 0.233063 0.152393 1 0 1.000000
  0 0.976442 -1.165514 0.441697 0.445088 0.346848 -0.825586 0.226632 0.114813 1 0 1.000000
c_spy_watch
  0 0.976442 -1.165514 0.441697 0.445088 0.346848 -0.825586 0.226632 0.114813 1 0 1.000000
  0 1.007106 -0.937430 -0.561616 0.550287 0.350322 -0.757931 0.498568 0.077551 1 0 1.000000
  0 0.939021 -1.062284 -0.547767 0.445088 0.346848 -0.825586 0.492128 0.114813 1 0 1.000000
c_spy_watch
  0 0.976442 -1.165514 0.441697 0.445088 0.346848 -0.825586 0.226632 0.114813 1 0 1.000000
  0 1.046341 -1.045673 0.475856 0.550287 0.350322 -0.757931 0.220192 0.077551 1 0 1.000000
  0 1.007106 -0.937430 -0.561616 0.550287 0.350322 -0.757931 0.498568 0.077551 1 0 1.000000
c_spy_watch
  0 -0.116284 1.568549 0.636036 -0.122333 0.511902 0.850289 0.537487 0.423570 1 0 1.000000
  0 -0.160864 1.768629 0.673822 -0.122333 0.511902 0.850289 0.476090 0.414716 1 0 1.000000
  0 -0.136830 1.561656 0.655800 -0.122333 0.511902 0.850289 0.537022 0.414716 1 0 1.000000
c_spy_watch
  0 -0.116284 1.568549 0.636036 -0.122333 0.511902 0.850289 0.537487 0.423570 1 0 1.000000
  0 -0.139686 1.770068 0.653582 -0.122333 0.511902 0.850289 0.472099 0.423580 1 0 1.000000
  0 -0.160864 1.768629 0.673822 -0.122333 0.511902 0.850289 0.476090 0.414716 1 0 1.000000
c_spy_watch
  0 -0.119983 1.648841 -0.323050 0.148125 -0.837712 0.525640 0.537022 0.414716 1 0 1.000000
  0 -0.123549 1.853590 -0.284142 0.148125 -0.837712 0.525640 0.472099 0.423580 1 0 1.000000
  0 -0.100148 1.652071 -0.301689 0.148125 -0.837712 0.525640 0.537487 0.423570 1 0 1.000000
c_spy_watch
  0 -0.119983 1.648841 -0.323050 0.148125 -0.837712 0.525640 0.537022 0.414716 1 0 1.000000
  0 -0.144020 1.855823 -0.305027 0.148125 -0.837712 0.525640 0.476090 0.414716 1 0 1.000000
  0 -0.123549 1.853590 -0.284142 0.148125 -0.837712 0.525640 0.472099 0.423580 1 0 1.000000
c_spy_watch
  0 -0.717671 1.484742 -0.330992 -0.474103 -0.862717 0.175913 0.544877 0.416013 1 0 1.000000
  0 -0.841603 1.419221 -0.359657 -0.517996 -0.851954 0.076518 0.542124 0.375532 1 0 1.000000
  0 -0.729600 1.503260 -0.350832 -0.474103 -0.862717 0.175913 0.537022 0.414716 1 0 1.000000
c_spy_watch
  0 -0.717671 1.484742 -0.330992 -0.474103 -0.862717 0.175913 0.544877 0.416013 1 0 1.000000
  0 -0.832510 1.399579 -0.339973 -0.517996 -0.851954 0.076518 0.550224 0.375532 1 0 1.000000
  0 -0.841603 1.419221 -0.359657 -0.517996 -0.851954 0.076518 0.542124 0.375532 1 0 1.000000
c_spy_watch
  0 -0.841603 1.419221 -0.359657 -0.517996 -0.851954 0.076518 0.542124 0.375532 1 0 1.000000
  0 -0.832510 1.399579 -0.339973 -0.517996 -0.851954 0.076518 0.550224 0.375532 1 0 1.000000
  0 -0.967773 1.352920 -0.347037 -0.555713 -0.831033 -0.023789 0.544877 0.335051 1 0 1.000000
c_spy_watch
  0 -0.841603 1.419221 -0.359657 -0.517996 -0.851954 0.076518 0.542124 0.375532 1 0 1.000000
  0 -0.967773 1.352920 -0.347037 -0.555713 -0.831033 -0.023789 0.544877 0.335051 1 0 1.000000
  0 -0.974332 1.374267 -0.366535 -0.555713 -0.831033 -0.023789 0.537022 0.336606 1 0 1.000000
c_spy_watch
  0 -0.572456 -1.439891 -0.534858 0.163685 -0.304231 -0.938430 0.472099 0.423580 1 0 1.000000
  0 -0.558219 -1.452657 -0.557096 0.163685 -0.304231 -0.938430 0.476090 0.414716 1 0 1.000000
  0 -0.572108 -1.469426 -0.536975 0.163685 -0.304231 -0.938430 0.467168 0.414716 1 0 1.000000
c_spy_watch
  0 -0.163086 -1.482182 0.394273 0.982531 0.155989 0.101486 0.221052 0.488428 1 0 1.000000
  0 -0.060278 -1.410107 -0.549826 0.963413 0.108131 0.245242 0.472099 0.528039 1 0 1.000000
  0 -0.203324 -1.415414 -0.544071 0.982531 0.155989 0.101486 0.472099 0.488428 1 0 1.000000
c_spy_watch
  0 -0.163086 -1.482182 0.394273 0.982531 0.155989 0.101486 0.221052 0.488428 1 0 1.000000
  0 -0.020050 -1.476876 0.388517 0.963413 0.108131 0.245242 0.221052 0.528039 1 0 1.000000
  0 -0.060278 -1.410107 -0.549826 0.963413 0.108131 0.245242 0.472099 0.528039 1 0 1.000000
c_spy_watch
  0 -0.020050 -1.476876 0.388517 0.963413 0.108131 0.245242 0.221052 0.528039 1 0 1.000000
  0 0.077596 -1.448015 -0.558433 0.921825 0.057752 0.383279 0.472099 0.567651 1 0 1.000000
  0 -0.060278 -1.410107 -0.549826 0.963413 0.108131 0.245242 0.472099 0.528039 1 0 1.000000
c_spy_watch
  0 -0.020050 -1.476876 0.388517 0.963413 0.108131 0.245242 0.221052 0.528039 1 0 1.000000
  0 0.117823 -1.514794 0.379909 0.921825 0.057752 0.383279 0.221052 0.567651 1 0 1.000000
  0 0.077596 -1.448015 -0.558433 0.921825 0.057752 0.383279 0.472099 0.567651 1 0 1.000000
c_spy_watch
  0 0.926804 -1.436100 -0.578826 0.220804 -0.931158 -0.290156 0.476090 0.375500 1 0 1.000000
  0 0.795174 -1.484540 -0.577714 0.220804 -0.931158 -0.290156 0.476090 0.414716 1 0 1.000000
  0 0.693907 -1.303363 -0.552038 0.220804 -0.931158 -0.290156 0.537022 0.414716 1 0 1.000000
c_spy_watch
  0 0.926804 -1.436100 -0.578826 0.220804 -0.931158 -0.290156 0.476090 0.375500 1 0 1.000000
  0 0.693907 -1.303363 -0.552038 0.220804 -0.931158 -0.290156 0.537022 0.414716 1 0 1.000000
  0 0.804204 -1.216763 -0.547743 0.220804 -0.931158 -0.290156 0.542124 0.375532 1 0 1.000000
c_spy_watch
  0 0.935947 -1.168520 -0.548884 0.220804 -0.931158 -0.290156 0.537022 0.336606 1 0 1.000000
  0 0.926804 -1.436100 -0.578826 0.220804 -0.931158 -0.290156 0.476090 0.375500 1 0 1.000000
  0 0.804204 -1.216763 -0.547743 0.220804 -0.931158 -0.290156 0.542124 0.375532 1 0 1.000000
c_spy_watch
  0 0.935947 -1.168520 -0.548884 0.220804 -0.931158 -0.290156 0.537022 0.336606 1 0 1.000000
  0 1.037216 -1.349708 -0.574560 0.220804 -0.931158 -0.290156 0.476090 0.335824 1 0 1.000000
  0 0.926804 -1.436100 -0.578826 0.220804 -0.931158 -0.290156 0.476090 0.375500 1 0 1.000000
c_spy_watch
  0 -0.439772 1.817625 -0.292787 0.122333 -0.511902 -0.850289 0.471029 0.327089 1 0 1.000000
  0 -0.395192 1.617535 -0.330575 0.122333 -0.511902 -0.850289 0.537022 0.336606 1 0 1.000000
  0 -0.416371 1.616096 -0.310335 0.122333 -0.511902 -0.850289 0.537487 0.327089 1 0 1.000000
c_spy_watch
  0 -0.439772 1.817625 -0.292787 0.122333 -0.511902 -0.850289 0.471029 0.327089 1 0 1.000000
  0 -0.419229 1.824517 -0.312552 0.122333 -0.511902 -0.850289 0.476090 0.335824 1 0 1.000000
  0 -0.395192 1.617535 -0.330575 0.122333 -0.511902 -0.850289 0.537022 0.336606 1 0 1.000000
c_spy_watch
  0 -0.412039 1.530351 0.648276 -0.148125 0.837712 -0.525640 0.537022 0.336606 1 0 1.000000
  0 -0.455909 1.734093 0.644938 -0.148125 0.837712 -0.525640 0.471029 0.327089 1 0 1.000000
  0 -0.432509 1.532574 0.627390 -0.148125 0.837712 -0.525640 0.537487 0.327089 1 0 1.000000
c_spy_watch
  0 -0.412039 1.530351 0.648276 -0.148125 0.837712 -0.525640 0.537022 0.336606 1 0 1.000000
  0 -0.436075 1.737323 0.666298 -0.148125 0.837712 -0.525640 0.476090 0.335824 1 0 1.000000
  0 -0.455909 1.734093 0.644938 -0.148125 0.837712 -0.525640 0.471029 0.327089 1 0 1.000000
c_spy_watch
  0 -0.139686 1.770068 0.653582 0.618948 -0.048597 0.783927 0.221052 0.423580 1 0 1.000000
  0 -0.143774 1.875167 -0.282568 0.618948 -0.048597 0.783927 0.467168 0.414716 1 0 1.000000
  0 -0.159912 1.791645 0.655157 0.618948 -0.048597 0.783927 0.221052 0.414716 1 0 1.000000
c_spy_watch
  0 -0.139686 1.770068 0.653582 0.618948 -0.048597 0.783927 0.221052 0.423580 1 0 1.000000
  0 -0.123549 1.853590 -0.284142 0.618948 -0.048597 0.783927 0.472099 0.423580 1 0 1.000000
  0 -0.143774 1.875167 -0.282568 0.618948 -0.048597 0.783927 0.467168 0.414716 1 0 1.000000
c_spy_watch
  0 0.201893 1.476088 0.669067 -0.191243 0.954321 0.229561 0.537022 0.414716 1 0 1.000000
  0 0.407493 1.649482 0.684730 -0.191243 0.954321 0.229561 0.476090 0.375500 1 0 1.000000
  0 0.269292 1.673462 0.684694 -0.191243 0.954321 0.229561 0.476090 0.414716 1 0 1.000000
c_spy_watch
  0 0.201893 1.476088 0.669067 -0.191243 0.954321 0.229561 0.537022 0.414716 1 0 1.000000
  0 0.325893 1.410541 0.665812 -0.191243 0.954321 0.229561 0.542124 0.375532 1 0 1.000000
  0 0.407493 1.649482 0.684730 -0.191243 0.954321 0.229561 0.476090 0.375500 1 0 1.000000
c_spy_watch
  0 0.407493 1.649482 0.684730 -0.191243 0.954321 0.229561 0.476090 0.375500 1 0 1.000000
  0 0.325893 1.410541 0.665812 -0.191243 0.954321 0.229561 0.542124 0.375532 1 0 1.000000
  0 0.464169 1.386780 0.665865 -0.191243 0.954321 0.229561 0.537022 0.336606 1 0 1.000000
c_spy_watch
  0 0.407493 1.649482 0.684730 -0.191243 0.954321 0.229561 0.476090 0.375500 1 0 1.000000
  0 0.464169 1.386780 0.665865 -0.191243 0.954321 0.229561 0.537022 0.336606 1 0 1.000000
  0 0.531568 1.584154 0.681492 -0.191243 0.954321 0.229561 0.476090 0.335824 1 0 1.000000
c_spy_watch
  0 0.844199 -1.595366 0.397658 -0.818590 0.515214 -0.253900 0.213268 0.415602 1 0 1.000000
  0 0.823800 -1.600699 0.377270 -0.818590 0.515214 -0.253900 0.221052 0.423580 1 0 1.000000
  0 0.850709 -1.612757 0.374547 -0.818590 0.515214 -0.253900 0.221052 0.414716 1 0 1.000000
c_spy_watch
  0 0.261543 1.749147 -0.274742 0.404460 0.288882 -0.867732 0.221052 0.423580 1 0 1.000000
  0 0.183509 1.486884 0.648923 0.404460 0.288882 -0.867732 0.472099 0.480582 1 0 1.000000
  0 0.249132 1.679050 0.664138 0.404460 0.288882 -0.867732 0.472099 0.423580 1 0 1.000000
c_spy_watch
  0 0.261543 1.749147 -0.274742 0.404460 0.288882 -0.867732 0.221052 0.423580 1 0 1.000000
  0 0.195918 1.556982 -0.289957 0.404460 0.288882 -0.867732 0.221052 0.480582 1 0 1.000000
  0 0.183509 1.486884 0.648923 0.404460 0.288882 -0.867732 0.472099 0.480582 1 0 1.000000
c_spy_watch
  0 -0.498775 1.740914 0.641445 0.306759 -0.164052 0.937543 0.221052 0.423580 1 0 1.000000
  0 -0.400655 1.638656 -0.311417 0.306759 -0.164052 0.937543 0.472099 0.480582 1 0 1.000000
  0 -0.482647 1.824446 -0.296278 0.306759 -0.164052 0.937543 0.472099 0.423580 1 0 1.000000
c_spy_watch
  0 -0.498775 1.740914 0.641445 0.306759 -0.164052 0.937543 0.221052 0.423580 1 0 1.000000
  0 -0.416783 1.555135 0.626309 0.306759 -0.164052 0.937543 0.221052 0.480582 1 0 1.000000
  0 -0.400655 1.638656 -0.311417 0.306759 -0.164052 0.937543 0.472099 0.480582 1 0 1.000000
c_spy_watch
  0 -0.183380 -1.503750 0.393607 0.014265 0.893022 -0.449786 0.537487 0.423570 1 0 1.000000
  0 -0.186436 -1.712083 0.399632 0.014265 0.893022 -0.449786 0.476090 0.414716 1 0 1.000000
  0 -0.161685 -1.504862 0.413317 0.014265 0.893022 -0.449786 0.537022 0.414716 1 0 1.000000
c_spy_watch
  0 -0.183380 -1.503750 0.393607 0.014265 0.893022 -0.449786 0.537487 0.423570 1 0 1.000000
  0 -0.207476 -1.705513 0.380283 0.014265 0.893022 -0.449786 0.472099 0.423580 1 0 1.000000
  0 -0.186436 -1.712083 0.399632 0.014265 0.893022 -0.449786 0.476090 0.414716 1 0 1.000000
c_spy_watch
  0 0.628494 1.628293 -0.271300 0.706061 -0.669585 0.230510 0.221052 0.414716 1 0 1.000000
  0 0.743392 1.546987 -0.297000 0.651336 -0.685823 0.324667 0.212842 0.375437 1 0 1.000000
  0 0.619002 1.611736 -0.293981 0.706061 -0.669585 0.230510 0.213268 0.415602 1 0 1.000000
c_spy_watch
  0 0.628494 1.628293 -0.271300 0.706061 -0.669585 0.230510 0.221052 0.414716 1 0 1.000000
  0 0.755132 1.561482 -0.274462 0.651336 -0.685823 0.324667 0.221052 0.375437 1 0 1.000000
  0 0.743392 1.546987 -0.297000 0.651336 -0.685823 0.324667 0.212842 0.375437 1 0 1.000000
c_spy_watch
  0 0.856129 1.460210 -0.281791 0.576618 -0.713788 0.397515 0.221052 0.336399 1 0 1.000000
  0 0.743392 1.546987 -0.297000 0.651336 -0.685823 0.324667 0.212842 0.375437 1 0 1.000000
  0 0.755132 1.561482 -0.274462 0.651336 -0.685823 0.324667 0.221052 0.375437 1 0 1.000000
c_spy_watch
  0 0.856129 1.460210 -0.281791 0.576618 -0.713788 0.397515 0.221052 0.336399 1 0 1.000000
  0 0.841746 1.447255 -0.304246 0.576618 -0.713788 0.397515 0.213269 0.335271 1 0 1.000000
  0 0.743392 1.546987 -0.297000 0.651336 -0.685823 0.324667 0.212842 0.375437 1 0 1.000000
c_spy_watch
  0 -0.531880 -1.536195 0.401369 0.072305 0.305769 -0.949356 0.221052 0.414716 1 0 1.000000
  0 -0.572456 -1.439891 -0.534858 0.072305 0.305769 -0.949356 0.472099 0.423580 1 0 1.000000
  0 -0.572108 -1.469426 -0.536975 0.072305 0.305769 -0.949356 0.467168 0.414716 1 0 1.000000
c_spy_watch
  0 -0.531880 -1.536195 0.401369 0.072305 0.305769 -0.949356 0.221052 0.414716 1 0 1.000000
  0 -0.532228 -1.506660 0.403485 0.072305 0.305769 -0.949356 0.221052 0.423580 1 0 1.000000
  0 -0.572456 -1.439891 -0.534858 0.072305 0.305769 -0.949356 0.472099 0.423580 1 0 1.000000
c_spy_watch
  0 0.729053 1.467708 0.662068 0.726283 -0.003997 0.687384 0.467229 0.375437 1 0 1.000000
  0 0.830049 1.366435 0.654742 0.618948 -0.048597 0.783927 0.467169 0.336399 1 0 1.000000
  0 0.856129 1.460210 -0.281791 0.618948 -0.048597 0.783927 0.221052 0.336399 1 0 1.000000
c_spy_watch
  0 0.729053 1.467708 0.662068 0.726283 -0.003997 0.687384 0.467229 0.375437 1 0 1.000000
  0 0.856129 1.460210 -0.281791 0.618948 -0.048597 0.783927 0.221052 0.336399 1 0 1.000000
  0 0.755132 1.561482 -0.274462 0.726283 -0.003997 0.687384 0.221052 0.375437 1 0 1.000000
c_spy_watch
  0 0.628494 1.628293 -0.271300 0.822486 0.030539 0.567965 0.221052 0.414716 1 0 1.000000
  0 0.729053 1.467708 0.662068 0.726283 -0.003997 0.687384 0.467229 0.375437 1 0 1.000000
  0 0.755132 1.561482 -0.274462 0.726283 -0.003997 0.687384 0.221052 0.375437 1 0 1.000000
c_spy_watch
  0 0.628494 1.628293 -0.271300 0.822486 0.030539 0.567965 0.221052 0.414716 1 0 1.000000
  0 0.602415 1.534528 0.665233 0.822486 0.030539 0.567965 0.467168 0.414716 1 0 1.000000
  0 0.729053 1.467708 0.662068 0.726283 -0.003997 0.687384 0.467229 0.375437 1 0 1.000000
c_spy_watch
  0 0.550496 1.576431 0.660460 -0.411589 0.471405 0.779982 0.471029 0.327089 1 0 1.000000
  0 0.464169 1.386780 0.665865 -0.411589 0.471405 0.779982 0.537022 0.336606 1 0 1.000000
  0 0.484874 1.384266 0.645245 -0.411589 0.471405 0.779982 0.537487 0.327089 1 0 1.000000
c_spy_watch
  0 0.550496 1.576431 0.660460 -0.411589 0.471405 0.779982 0.471029 0.327089 1 0 1.000000
  0 0.531568 1.584154 0.681492 -0.411589 0.471405 0.779982 0.476090 0.335824 1 0 1.000000
  0 0.464169 1.386780 0.665865 -0.411589 0.471405 0.779982 0.537022 0.336606 1 0 1.000000
c_spy_watch
  0 0.550496 1.576431 0.660460 0.208187 -0.197235 0.957996 0.471029 0.327089 1 0 1.000000
  0 0.553912 1.674677 -0.276438 0.208187 -0.197235 0.957996 0.221052 0.336399 1 0 1.000000
  0 0.541505 1.604580 0.662443 0.208187 -0.197235 0.957996 0.467169 0.336399 1 0 1.000000
c_spy_watch
  0 0.550496 1.576431 0.660460 0.208187 -0.197235 0.957996 0.471029 0.327089 1 0 1.000000
  0 0.562906 1.646529 -0.278421 0.208187 -0.197235 0.957996 0.218935 0.327089 1 0 1.000000
  0 0.553912 1.674677 -0.276438 0.208187 -0.197235 0.957996 0.221052 0.336399 1 0 1.000000
c_spy_watch
  0 0.249132 1.679050 0.664138 0.160405 0.879945 -0.447176 0.472099 0.423580 1 0 1.000000
  0 0.201893 1.476088 0.669067 0.160405 0.879945 -0.447176 0.537022 0.414716 1 0 1.000000
  0 0.269292 1.673462 0.684694 0.160405 0.879945 -0.447176 0.476090 0.414716 1 0 1.000000
c_spy_watch
  0 0.249132 1.679050 0.664138 0.160405 0.879945 -0.447176 0.472099 0.423580 1 0 1.000000
  0 0.183509 1.486884 0.648923 0.160405 0.879945 -0.447176 0.537487 0.423570 1 0 1.000000
  0 0.201893 1.476088 0.669067 0.160405 0.879945 -0.447176 0.537022 0.414716 1 0 1.000000
c_spy_watch
  0 0.195918 1.556982 -0.289957 0.411589 -0.471405 -0.779982 0.537487 0.423570 1 0 1.000000
  0 0.282247 1.746633 -0.295363 0.411589 -0.471405 -0.779982 0.476090 0.414716 1 0 1.000000
  0 0.214847 1.549259 -0.310990 0.411589 -0.471405 -0.779982 0.537022 0.414716 1 0 1.000000
c_spy_watch
  0 0.195918 1.556982 -0.289957 0.411589 -0.471405 -0.779982 0.537487 0.423570 1 0 1.000000
  0 0.261543 1.749147 -0.274742 0.411589 -0.471405 -0.779982 0.472099 0.423580 1 0 1.000000
  0 0.282247 1.746633 -0.295363 0.411589 -0.471405 -0.779982 0.476090 0.414716 1 0 1.000000
c_spy_watch
  0 0.249132 1.679050 0.664138 0.865066 0.277175 -0.418132 0.472099 0.423580 1 0 1.000000
  0 0.285881 1.765944 -0.273166 0.865066 0.277175 -0.418132 0.221052 0.414716 1 0 1.000000
  0 0.261543 1.749147 -0.274742 0.865066 0.277175 -0.418132 0.221052 0.423580 1 0 1.000000
c_spy_watch
  0 0.249132 1.679050 0.664138 0.865066 0.277175 -0.418132 0.472099 0.423580 1 0 1.000000
  0 0.273471 1.695847 0.665715 0.865066 0.277175 -0.418132 0.467168 0.414716 1 0 1.000000
  0 0.285881 1.765944 -0.273166 0.865066 0.277175 -0.418132 0.221052 0.414716 1 0 1.000000
c_spy_watch
  0 0.706851 1.259567 -0.306036 -0.433419 -0.708528 -0.556899 0.544877 0.335051 1 0 1.000000
  0 0.592958 1.344795 -0.321434 -0.363918 -0.680276 -0.636229 0.542124 0.375532 1 0 1.000000
  0 0.717489 1.280241 -0.324429 -0.433419 -0.708528 -0.556899 0.537022 0.336606 1 0 1.000000
c_spy_watch
  0 0.706851 1.259567 -0.306036 -0.433419 -0.708528 -0.556899 0.544877 0.335051 1 0 1.000000
  0 0.580074 1.326193 -0.302896 -0.363918 -0.680276 -0.636229 0.550224 0.375532 1 0 1.000000
  0 0.592958 1.344795 -0.321434 -0.363918 -0.680276 -0.636229 0.542124 0.375532 1 0 1.000000
c_spy_watch
  0 0.592958 1.344795 -0.321434 -0.363918 -0.680276 -0.636229 0.542124 0.375532 1 0 1.000000
  0 0.580074 1.326193 -0.302896 -0.363918 -0.680276 -0.636229 0.550224 0.375532 1 0 1.000000
  0 0.479218 1.427650 -0.295546 -0.290079 -0.643915 -0.707974 0.544877 0.416013 1 0 1.000000
c_spy_watch
  0 0.592958 1.344795 -0.321434 -0.363918 -0.680276 -0.636229 0.542124 0.375532 1 0 1.000000
  0 0.479218 1.427650 -0.295546 -0.290079 -0.643915 -0.707974 0.544877 0.416013 1 0 1.000000
  0 0.494743 1.444721 -0.314163 -0.290079 -0.643915 -0.707974 0.537022 0.414716 1 0 1.000000
c_spy_watch
  0 1.086240 -1.460523 0.400812 -0.296650 0.274876 0.914572 0.213269 0.335271 1 0 1.000000
  0 1.098062 -1.474957 0.377772 -0.296650 0.274876 0.914572 0.221052 0.336399 1 0 1.000000
  0 1.101914 -1.445764 0.380895 -0.296650 0.274876 0.914572 0.218935 0.327089 1 0 1.000000
c_spy_watch
  0 0.285881 1.765944 -0.273166 0.793325 -0.607256 0.043292 0.221052 0.414716 1 0 1.000000
  0 0.420444 1.722654 -0.295328 0.754094 -0.642168 0.137704 0.212842 0.375437 1 0 1.000000
  0 0.282247 1.746633 -0.295363 0.793325 -0.607256 0.043292 0.213268 0.415602 1 0 1.000000
c_spy_watch
  0 0.285881 1.765944 -0.273166 0.793325 -0.607256 0.043292 0.221052 0.414716 1 0 1.000000
  0 0.426850 1.740678 -0.273189 0.754094 -0.642168 0.137704 0.221052 0.375437 1 0 1.000000
  0 0.420444 1.722654 -0.295328 0.754094 -0.642168 0.137704 0.212842 0.375437 1 0 1.000000
c_spy_watch
  0 0.420444 1.722654 -0.295328 0.754094 -0.642168 0.137704 0.212842 0.375437 1 0 1.000000
  0 0.426850 1.740678 -0.273189 0.754094 -0.642168 0.137704 0.221052 0.375437 1 0 1.000000
  0 0.553912 1.674677 -0.276438 0.706061 -0.669585 0.230510 0.221052 0.336399 1 0 1.000000
c_spy_watch
  0 0.420444 1.722654 -0.295328 0.754094 -0.642168 0.137704 0.212842 0.375437 1 0 1.000000
  0 0.553912 1.674677 -0.276438 0.706061 -0.669585 0.230510 0.221052 0.336399 1 0 1.000000
  0 0.544522 1.657326 -0.298565 0.706061 -0.669585 0.230510 0.213269 0.335271 1 0 1.000000
c_spy_watch
  0 -0.531880 -1.536195 0.401369 -0.046592 0.799402 -0.598987 0.221052 0.414716 1 0 1.000000
  0 -0.516231 -1.522355 0.422401 -0.046592 0.799402 -0.598987 0.213268 0.415602 1 0 1.000000
  0 -0.532228 -1.506660 0.403485 -0.046592 0.799402 -0.598987 0.221052 0.423580 1 0 1.000000
c_spy_watch
  0 0.407493 1.649482 0.684730 0.500051 0.724563 0.474297 0.476090 0.375500 1 0 1.000000
  0 0.531568 1.584154 0.681492 0.453500 0.689170 0.565139 0.476090 0.335824 1 0 1.000000
  0 0.541505 1.604580 0.662443 0.453500 0.689170 0.565139 0.467169 0.336399 1 0 1.000000
c_spy_watch
  0 0.407493 1.649482 0.684730 0.500051 0.724563 0.474297 0.476090 0.375500 1 0 1.000000
  0 0.541505 1.604580 0.662443 0.453500 0.689170 0.565139 0.467169 0.336399 1 0 1.000000
  0 0.414442 1.670571 0.665690 0.500051 0.724563 0.474297 0.467229 0.375437 1 0 1.000000
c_spy_watch
  0 0.273471 1.695847 0.665715 0.540764 0.751498 0.377921 0.467168 0.414716 1 0 1.000000
  0 0.407493 1.649482 0.684730 0.500051 0.724563 0.474297 0.476090 0.375500 1 0 1.000000
  0 0.414442 1.670571 0.665690 0.500051 0.724563 0.474297 0.467229 0.375437 1 0 1.000000
c_spy_watch
  0 0.273471 1.695847 0.665715 0.540764 0.751498 0.377921 0.467168 0.414716 1 0 1.000000
  0 0.269292 1.673462 0.684694 0.540764 0.751498 0.377921 0.476090 0.414716 1 0 1.000000
  0 0.407493 1.649482 0.684730 0.500051 0.724563 0.474297 0.476090 0.375500 1 0 1.000000
c_spy_watch
  0 0.477123 1.459952 -0.314192 -0.160405 -0.879945 0.447176 0.537022 0.336606 1 0 1.000000
  0 0.562906 1.646529 -0.278421 -0.160405 -0.879945 0.447176 0.471029 0.327089 1 0 1.000000
  0 0.497281 1.454363 -0.293635 -0.160405 -0.879945 0.447176 0.537487 0.327089 1 0 1.000000
c_spy_watch
  0 0.477123 1.459952 -0.314192 -0.160405 -0.879945 0.447176 0.537022 0.336606 1 0 1.000000
  0 0.544522 1.657326 -0.298565 -0.160405 -0.879945 0.447176 0.476090 0.335824 1 0 1.000000
  0 0.562906 1.646529 -0.278421 -0.160405 -0.879945 0.447176 0.471029 0.327089 1 0 1.000000
c_spy_watch
  0 -0.439772 1.817625 -0.292787 0.568811 0.298356 -0.766445 0.471029 0.327089 1 0 1.000000
  0 -0.441158 1.759655 0.647467 0.568811 0.298356 -0.766445 0.221052 0.336399 1 0 1.000000
  0 -0.425020 1.843177 -0.290258 0.568811 0.298356 -0.766445 0.467169 0.336399 1 0 1.000000
c_spy_watch
  0 -0.439772 1.817625 -0.292787 0.568811 0.298356 -0.766445 0.471029 0.327089 1 0 1.000000
  0 -0.455909 1.734093 0.644938 0.568811 0.298356 -0.766445 0.218935 0.327089 1 0 1.000000
  0 -0.441158 1.759655 0.647467 0.568811 0.298356 -0.766445 0.221052 0.336399 1 0 1.000000
c_spy_watch
  0 -0.195460 -1.459825 -0.552438 -0.072305 -0.305769 0.949356 0.472099 0.575857 1 0 1.000000
  0 -0.155580 -1.497059 0.388021 -0.072305 -0.305769 0.949356 0.221052 0.567651 1 0 1.000000
  0 -0.155232 -1.526594 0.385905 -0.072305 -0.305769 0.949356 0.221052 0.575857 1 0 1.000000
c_spy_watch
  0 -0.195460 -1.459825 -0.552438 -0.072305 -0.305769 0.949356 0.472099 0.575857 1 0 1.000000
  0 -0.195808 -1.430290 -0.550322 -0.072305 -0.305769 0.949356 0.472099 0.567651 1 0 1.000000
  0 -0.155580 -1.497059 0.388021 -0.072305 -0.305769 0.949356 0.221052 0.567651 1 0 1.000000
c_spy_watch
  0 -0.413199 -1.341578 0.410130 0.641485 0.334550 -0.690343 0.221052 0.480582 1 0 1.000000
  0 -0.572456 -1.439891 -0.534858 0.641485 0.334550 -0.690343 0.472099 0.423580 1 0 1.000000
  0 -0.532228 -1.506660 0.403485 0.641485 0.334550 -0.690343 0.221052 0.423580 1 0 1.000000
c_spy_watch
  0 -0.413199 -1.341578 0.410130 0.641485 0.334550 -0.690343 0.221052 0.480582 1 0 1.000000
  0 -0.453428 -1.274799 -0.528213 0.641485 0.334550 -0.690343 0.472099 0.480582 1 0 1.000000
  0 -0.572456 -1.439891 -0.534858 0.641485 0.334550 -0.690343 0.472099 0.423580 1 0 1.000000
c_spy_watch
  0 1.086240 -1.460523 0.400812 0.127304 0.527915 0.839702 0.476090 0.335824 1 0 1.000000
  0 1.003312 -1.269353 0.405895 0.127304 0.527915 0.839702 0.537487 0.327089 1 0 1.000000
  0 0.984972 -1.279346 0.426487 0.127304 0.527915 0.839702 0.537022 0.336606 1 0 1.000000
c_spy_watch
  0 1.086240 -1.460523 0.400812 0.127304 0.527915 0.839702 0.476090 0.335824 1 0 1.000000
  0 1.101914 -1.445764 0.380895 0.127304 0.527915 0.839702 0.471029 0.327089 1 0 1.000000
  0 1.003312 -1.269353 0.405895 0.127304 0.527915 0.839702 0.537487 0.327089 1 0 1.000000
c_spy_watch
  0 -0.159912 1.791645 0.655157 0.547940 0.785855 0.286694 0.221052 0.414716 1 0 1.000000
  0 -0.300983 1.774660 0.671949 0.557281 0.805963 0.199652 0.212842 0.375437 1 0 1.000000
  0 -0.160864 1.768629 0.673822 0.547940 0.785855 0.286694 0.213268 0.415602 1 0 1.000000
c_spy_watch
  0 -0.159912 1.791645 0.655157 0.547940 0.785855 0.286694 0.221052 0.414716 1 0 1.000000
  0 -0.303012 1.796997 0.653172 0.557281 0.805963 0.199652 0.221052 0.375437 1 0 1.000000
  0 -0.300983 1.774660 0.671949 0.557281 0.805963 0.199652 0.212842 0.375437 1 0 1.000000
c_spy_watch
  0 -0.441158 1.759655 0.647467 0.545018 0.834333 0.082730 0.221052 0.336399 1 0 1.000000
  0 -0.300983 1.774660 0.671949 0.557281 0.805963 0.199652 0.212842 0.375437 1 0 1.000000
  0 -0.303012 1.796997 0.653172 0.557281 0.805963 0.199652 0.221052 0.375437 1 0 1.000000
c_spy_watch
  0 -0.441158 1.759655 0.647467 0.545018 0.834333 0.082730 0.221052 0.336399 1 0 1.000000
  0 -0.436075 1.737323 0.666298 0.545018 0.834333 0.082730 0.213269 0.335271 1 0 1.000000
  0 -0.300983 1.774660 0.671949 0.557281 0.805963 0.199652 0.212842 0.375437 1 0 1.000000
c_spy_watch
  0 0.120551 -1.553516 0.382492 -0.030122 0.288596 -0.956977 0.221052 0.480582 1 0 1.000000
  0 0.103858 -1.688425 -0.571212 -0.030122 0.288596 -0.956977 0.472099 0.423580 1 0 1.000000
  0 0.144081 -1.755195 0.367132 -0.030122 0.288596 -0.956977 0.221052 0.423580 1 0 1.000000
c_spy_watch
  0 0.120551 -1.553516 0.382492 -0.030122 0.288596 -0.956977 0.221052 0.480582 1 0 1.000000
  0 0.080325 -1.486737 -0.555850 -0.030122 0.288596 -0.956977 0.472099 0.480582 1 0 1.000000
  0 0.103858 -1.688425 -0.571212 -0.030122 0.288596 -0.956977 0.472099 0.423580 1 0 1.000000
c_spy_watch
  0 -0.416780 -1.620628 0.411145 -0.649504 0.715721 -0.256686 0.212842 0.375437 1 0 1.000000
  0 -0.516231 -1.522355 0.422401 -0.576511 0.747635 -0.329661 0.213268 0.415602 1 0 1.000000
  0 -0.531880 -1.536195 0.401369 -0.576511 0.747635 -0.329661 0.221052 0.414716 1 0 1.000000
c_spy_watch
  0 -0.416780 -1.620628 0.411145 -0.649504 0.715721 -0.256686 0.212842 0.375437 1 0 1.000000
  0 -0.531880 -1.536195 0.401369 -0.576511 0.747635 -0.329661 0.221052 0.414716 1 0 1.000000
  0 -0.429783 -1.635966 0.389892 -0.649504 0.715721 -0.256686 0.221052 0.375437 1 0 1.000000
c_spy_watch
  0 -0.302448 -1.700751 0.379823 -0.714915 0.675454 -0.180715 0.221052 0.336399 1 0 1.000000
  0 -0.416780 -1.620628 0.411145 -0.649504 0.715721 -0.256686 0.212842 0.375437 1 0 1.000000
  0 -0.429783 -1.635966 0.389892 -0.649504 0.715721 -0.256686 0.221052 0.375437 1 0 1.000000
c_spy_watch
  0 -0.302448 -1.700751 0.379823 -0.714915 0.675454 -0.180715 0.221052 0.336399 1 0 1.000000
  0 -0.291723 -1.683384 0.401317 -0.714915 0.675454 -0.180715 0.213269 0.335271 1 0 1.000000
  0 -0.416780 -1.620628 0.411145 -0.649504 0.715721 -0.256686 0.212842 0.375437 1 0 1.000000
c_spy_watch
  0 0.088088 -1.763736 0.363469 -0.982448 -0.155498 -0.103030 0.221052 0.336399 1 0 1.000000
  0 -0.095151 -1.702040 -0.569105 -0.963413 -0.108131 -0.245242 0.467229 0.375437 1 0 1.000000
  0 0.047859 -1.696967 -0.574875 -0.982448 -0.155498 -0.103030 0.467169 0.336399 1 0 1.000000
c_spy_watch
  0 0.088088 -1.763736 0.363469 -0.982448 -0.155498 -0.103030 0.221052 0.336399 1 0 1.000000
  0 -0.054922 -1.768819 0.369238 -0.963413 -0.108131 -0.245242 0.221052 0.375437 1 0 1.000000
  0 -0.095151 -1.702040 -0.569105 -0.963413 -0.108131 -0.245242 0.467229 0.375437 1 0 1.000000
c_spy_watch
  0 -0.192823 -1.731134 0.377832 -0.922382 -0.058296 -0.381855 0.221052 0.414716 1 0 1.000000
  0 -0.095151 -1.702040 -0.569105 -0.963413 -0.108131 -0.245242 0.467229 0.375437 1 0 1.000000
  0 -0.054922 -1.768819 0.369238 -0.963413 -0.108131 -0.245242 0.221052 0.375437 1 0 1.000000
c_spy_watch
  0 -0.192823 -1.731134 0.377832 -0.922382 -0.058296 -0.381855 0.221052 0.414716 1 0 1.000000
  0 -0.233051 -1.664365 -0.560512 -0.922382 -0.058296 -0.381855 0.467168 0.414716 1 0 1.000000
  0 -0.095151 -1.702040 -0.569105 -0.963413 -0.108131 -0.245242 0.467229 0.375437 1 0 1.000000
c_spy_watch
  0 -0.274270 -1.691687 0.379259 -0.959278 -0.232227 0.160795 0.218935 0.327089 1 0 1.000000
  0 -0.342676 -1.633982 -0.558521 -0.959278 -0.232227 0.160795 0.467169 0.336399 1 0 1.000000
  0 -0.314489 -1.624907 -0.559083 -0.959278 -0.232227 0.160795 0.471029 0.327089 1 0 1.000000
c_spy_watch
  0 -0.274270 -1.691687 0.379259 -0.959278 -0.232227 0.160795 0.218935 0.327089 1 0 1.000000
  0 -0.302448 -1.700751 0.379823 -0.959278 -0.232227 0.160795 0.221052 0.336399 1 0 1.000000
  0 -0.342676 -1.633982 -0.558521 -0.959278 -0.232227 0.160795 0.467169 0.336399 1 0 1.000000
c_spy_watch
  0 -0.385012 -1.332504 0.409568 0.959278 0.232227 -0.160795 0.221052 0.488428 1 0 1.000000
  0 -0.453428 -1.274799 -0.528213 0.959278 0.232227 -0.160795 0.472099 0.480582 1 0 1.000000
  0 -0.413199 -1.341578 0.410130 0.959278 0.232227 -0.160795 0.221052 0.480582 1 0 1.000000
c_spy_watch
  0 -0.385012 -1.332504 0.409568 0.959278 0.232227 -0.160795 0.221052 0.488428 1 0 1.000000
  0 -0.425241 -1.265724 -0.528776 0.959278 0.232227 -0.160795 0.472099 0.488428 1 0 1.000000
  0 -0.453428 -1.274799 -0.528213 0.959278 0.232227 -0.160795 0.472099 0.480582 1 0 1.000000
c_spy_watch
  0 -0.195460 -1.459825 -0.552438 -0.326910 -0.901488 0.283636 0.537487 0.327089 1 0 1.000000
  0 -0.333713 -1.613676 -0.578178 -0.326910 -0.901488 0.283636 0.476090 0.335824 1 0 1.000000
  0 -0.211458 -1.444120 -0.571353 -0.326910 -0.901488 0.283636 0.537022 0.336606 1 0 1.000000
c_spy_watch
  0 -0.195460 -1.459825 -0.552438 -0.326910 -0.901488 0.283636 0.537487 0.327089 1 0 1.000000
  0 -0.314489 -1.624907 -0.559083 -0.326910 -0.901488 0.283636 0.471029 0.327089 1 0 1.000000
  0 -0.333713 -1.613676 -0.578178 -0.326910 -0.901488 0.283636 0.476090 0.335824 1 0 1.000000
c_spy_watch
  0 -0.524483 1.755605 0.642312 0.545018 0.834333 0.082730 0.221052 0.414716 1 0 1.000000
  0 -0.654754 1.697951 0.655666 0.514931 0.857032 -0.018519 0.212842 0.375437 1 0 1.000000
  0 -0.519136 1.733350 0.661155 0.545018 0.834333 0.082730 0.213268 0.415602 1 0 1.000000
c_spy_watch
  0 -0.524483 1.755605 0.642312 0.545018 0.834333 0.082730 0.221052 0.414716 1 0 1.000000
  0 -0.662745 1.718691 0.636644 0.514931 0.857032 -0.018519 0.221052 0.375437 1 0 1.000000
  0 -0.654754 1.697951 0.655666 0.514931 0.857032 -0.018519 0.212842 0.375437 1 0 1.000000
c_spy_watch
  0 -0.783631 1.642419 0.627770 0.478833 0.869728 -0.119550 0.221052 0.336399 1 0 1.000000
  0 -0.654754 1.697951 0.655666 0.514931 0.857032 -0.018519 0.212842 0.375437 1 0 1.000000
  0 -0.662745 1.718691 0.636644 0.514931 0.857032 -0.018519 0.221052 0.375437 1 0 1.000000
c_spy_watch
  0 -0.783631 1.642419 0.627770 0.478833 0.869728 -0.119550 0.221052 0.336399 1 0 1.000000
  0 -0.772730 1.622591 0.646925 0.478833 0.869728 -0.119550 0.213269 0.335271 1 0 1.000000
  0 -0.654754 1.697951 0.655666 0.514931 0.857032 -0.018519 0.212842 0.375437 1 0 1.000000
c_spy_watch
  0 -0.192823 -1.731134 0.377832 -0.439159 0.709778 -0.550776 0.221052 0.414716 1 0 1.000000
  0 -0.186436 -1.712083 0.399632 -0.439159 0.709778 -0.550776 0.213268 0.415602 1 0 1.000000
  0 -0.207476 -1.705513 0.380283 -0.439159 0.709778 -0.550776 0.221052 0.423580 1 0 1.000000
c_spy_watch
  0 -0.425241 -1.265724 -0.528776 0.715545 -0.675018 0.179852 0.544877 0.416013 1 0 1.000000
  0 -0.310768 -1.345661 -0.560090 0.649479 -0.715759 0.256645 0.542124 0.375532 1 0 1.000000
  0 -0.435965 -1.283101 -0.550270 0.715545 -0.675018 0.179852 0.537022 0.414716 1 0 1.000000
c_spy_watch
  0 -0.425241 -1.265724 -0.528776 0.715545 -0.675018 0.179852 0.544877 0.416013 1 0 1.000000
  0 -0.297774 -1.330325 -0.538838 0.649479 -0.715759 0.256645 0.550224 0.375532 1 0 1.000000
  0 -0.310768 -1.345661 -0.560090 0.649479 -0.715759 0.256645 0.542124 0.375532 1 0 1.000000
c_spy_watch
  0 -0.195808 -1.430290 -0.550322 0.575670 -0.747966 0.330380 0.544877 0.335051 1 0 1.000000
  0 -0.310768 -1.345661 -0.560090 0.649479 -0.715759 0.256645 0.542124 0.375532 1 0 1.000000
  0 -0.297774 -1.330325 -0.538838 0.649479 -0.715759 0.256645 0.550224 0.375532 1 0 1.000000
c_spy_watch
  0 -0.195808 -1.430290 -0.550322 0.575670 -0.747966 0.330380 0.544877 0.335051 1 0 1.000000
  0 -0.211458 -1.444120 -0.571353 0.575670 -0.747966 0.330380 0.537022 0.336606 1 0 1.000000
  0 -0.310768 -1.345661 -0.560090 0.649479 -0.715759 0.256645 0.542124 0.375532 1 0 1.000000
c_spy_watch
  0 0.263799 -1.692544 -0.599080 0.179165 -0.940346 -0.289221 0.476090 0.375500 1 0 1.000000
  0 0.374586 -1.447296 -0.586377 0.179165 -0.940346 -0.289221 0.537022 0.336606 1 0 1.000000
  0 0.398753 -1.654442 -0.602155 0.179165 -0.940346 -0.289221 0.476090 0.335824 1 0 1.000000
c_spy_watch
  0 0.263799 -1.692544 -0.599080 0.179165 -0.940346 -0.289221 0.476090 0.375500 1 0 1.000000
  0 0.234540 -1.441764 -0.579980 0.179165 -0.940346 -0.289221 0.542124 0.375532 1 0 1.000000
  0 0.374586 -1.447296 -0.586377 0.179165 -0.940346 -0.289221 0.537022 0.336606 1 0 1.000000
c_spy_watch
  0 0.099614 -1.480104 -0.576924 0.179165 -0.940346 -0.289221 0.537022 0.414716 1 0 1.000000
  0 0.234540 -1.441764 -0.579980 0.179165 -0.940346 -0.289221 0.542124 0.375532 1 0 1.000000
  0 0.263799 -1.692544 -0.599080 0.179165 -0.940346 -0.289221 0.476090 0.375500 1 0 1.000000
c_spy_watch
  0 0.099614 -1.480104 -0.576924 0.179165 -0.940346 -0.289221 0.537022 0.414716 1 0 1.000000
  0 0.263799 -1.692544 -0.599080 0.179165 -0.940346 -0.289221 0.476090 0.375500 1 0 1.000000
  0 0.123781 -1.687250 -0.592701 0.179165 -0.940346 -0.289221 0.476090 0.414716 1 0 1.000000
c_spy_watch
  0 -0.284137 1.861845 -0.306903 0.202112 -0.949081 -0.241653 0.476090 0.375500 1 0 1.000000
  0 -0.144020 1.855823 -0.305027 0.202112 -0.949081 -0.241653 0.476090 0.414716 1 0 1.000000
  0 -0.119983 1.648841 -0.323050 0.202112 -0.949081 -0.241653 0.537022 0.414716 1 0 1.000000
c_spy_watch
  0 -0.284137 1.861845 -0.306903 0.202112 -0.949081 -0.241653 0.476090 0.375500 1 0 1.000000
  0 -0.119983 1.648841 -0.323050 0.202112 -0.949081 -0.241653 0.537022 0.414716 1 0 1.000000
  0 -0.255043 1.611277 -0.328720 0.202112 -0.949081 -0.241653 0.542124 0.375532 1 0 1.000000
c_spy_watch
  0 -0.395192 1.617535 -0.330575 0.202112 -0.949081 -0.241653 0.537022 0.336606 1 0 1.000000
  0 -0.284137 1.861845 -0.306903 0.202112 -0.949081 -0.241653 0.476090 0.375500 1 0 1.000000
  0 -0.255043 1.611277 -0.328720 0.202112 -0.949081 -0.241653 0.542124 0.375532 1 0 1.000000
c_spy_watch
  0 -0.395192 1.617535 -0.330575 0.202112 -0.949081 -0.241653 0.537022 0.336606 1 0 1.000000
  0 -0.419229 1.824517 -0.312552 0.202112 -0.949081 -0.241653 0.476090 0.335824 1 0 1.000000
  0 -0.284137 1.861845 -0.306903 0.202112 -0.949081 -0.241653 0.476090 0.375500 1 0 1.000000
c_spy_watch
  0 -0.169469 -1.513828 0.408142 -0.191587 0.943062 0.271899 0.537022 0.336606 1 0 1.000000
  0 -0.416780 -1.620628 0.411145 -0.191587 0.943062 0.271899 0.476090 0.375500 1 0 1.000000
  0 -0.291723 -1.683384 0.401317 -0.191587 0.943062 0.271899 0.476090 0.335824 1 0 1.000000
c_spy_watch
  0 -0.169469 -1.513828 0.408142 -0.191587 0.943062 0.271899 0.537022 0.336606 1 0 1.000000
  0 -0.268779 -1.415359 0.419406 -0.191587 0.943062 0.271899 0.542124 0.375532 1 0 1.000000
  0 -0.416780 -1.620628 0.411145 -0.191587 0.943062 0.271899 0.476090 0.375500 1 0 1.000000
c_spy_watch
  0 -0.416780 -1.620628 0.411145 -0.191587 0.943062 0.271899 0.476090 0.375500 1 0 1.000000
  0 -0.268779 -1.415359 0.419406 -0.191587 0.943062 0.271899 0.542124 0.375532 1 0 1.000000
  0 -0.393976 -1.352799 0.429225 -0.191587 0.943062 0.271899 0.537022 0.414716 1 0 1.000000
c_spy_watch
  0 -0.416780 -1.620628 0.411145 -0.191587 0.943062 0.271899 0.476090 0.375500 1 0 1.000000
  0 -0.393976 -1.352799 0.429225 -0.191587 0.943062 0.271899 0.537022 0.414716 1 0 1.000000
  0 -0.516231 -1.522355 0.422401 -0.191587 0.943062 0.271899 0.476090 0.414716 1 0 1.000000
c_spy_watch
  0 -0.808576 1.693687 -0.320002 0.780856 -0.545031 0.305293 0.472099 0.423580 1 0 1.000000
  0 -0.827489 1.687853 -0.341645 0.780856 -0.545031 0.305293 0.476090 0.414716 1 0 1.000000
  0 -0.835271 1.706508 -0.319953 0.780856 -0.545031 0.305293 0.467168 0.414716 1 0 1.000000
c_spy_watch
  0 -0.223598 -1.436980 -0.544736 0.267642 -0.436828 -0.858806 0.537487 0.423570 1 0 1.000000
  0 -0.228424 -1.642385 -0.579864 0.267642 -0.436828 -0.858806 0.476090 0.414716 1 0 1.000000
  0 -0.247704 -1.638744 -0.558060 0.267642 -0.436828 -0.858806 0.472099 0.423580 1 0 1.000000
c_spy_watch
  0 -0.223598 -1.436980 -0.544736 0.267642 -0.436828 -0.858806 0.537487 0.423570 1 0 1.000000
  0 -0.203674 -1.435163 -0.566179 0.267642 -0.436828 -0.858806 0.537022 0.414716 1 0 1.000000
  0 -0.228424 -1.642385 -0.579864 0.267642 -0.436828 -0.858806 0.476090 0.414716 1 0 1.000000
c_spy_watch
  0 -0.291723 -1.683384 0.401317 -0.580287 0.428362 0.692656 0.476090 0.335824 1 0 1.000000
  0 -0.155232 -1.526594 0.385905 -0.580287 0.428362 0.692656 0.537487 0.327089 1 0 1.000000
  0 -0.169469 -1.513828 0.408142 -0.580287 0.428362 0.692656 0.537022 0.336606 1 0 1.000000
c_spy_watch
  0 -0.291723 -1.683384 0.401317 -0.580287 0.428362 0.692656 0.476090 0.335824 1 0 1.000000
  0 -0.274270 -1.691687 0.379259 -0.580287 0.428362 0.692656 0.471029 0.327089 1 0 1.000000
  0 -0.155232 -1.526594 0.385905 -0.580287 0.428362 0.692656 0.537487 0.327089 1 0 1.000000
c_spy_watch
  0 0.144081 -1.755195 0.367132 -0.147989 0.868994 -0.472174 0.472099 0.423580 1 0 1.000000
  0 0.141605 -1.549802 0.402572 -0.147989 0.868994 -0.472174 0.537022 0.414716 1 0 1.000000
  0 0.120551 -1.553516 0.382492 -0.147989 0.868994 -0.472174 0.537487 0.423570 1 0 1.000000
c_spy_watch
  0 0.144081 -1.755195 0.367132 -0.147989 0.868994 -0.472174 0.472099 0.423580 1 0 1.000000
  0 0.165774 -1.756948 0.386796 -0.147989 0.868994 -0.472174 0.476090 0.414716 1 0 1.000000
  0 0.141605 -1.549802 0.402572 -0.147989 0.868994 -0.472174 0.537022 0.414716 1 0 1.000000
c_spy_watch
  0 -0.774024 1.697182 -0.312628 0.307692 0.280377 -0.909238 0.471029 0.327089 1 0 1.000000
  0 -0.783631 1.642419 0.627770 0.307692 0.280377 -0.909238 0.221052 0.336399 1 0 1.000000
  0 -0.767492 1.725941 -0.309955 0.307692 0.280377 -0.909238 0.467169 0.336399 1 0 1.000000
c_spy_watch
  0 -0.774024 1.697182 -0.312628 0.307692 0.280377 -0.909238 0.471029 0.327089 1 0 1.000000
  0 -0.790161 1.613650 0.625095 0.307692 0.280377 -0.909238 0.218935 0.327089 1 0 1.000000
  0 -0.783631 1.642419 0.627770 0.307692 0.280377 -0.909238 0.221052 0.336399 1 0 1.000000
c_spy_watch
  0 0.460786 -1.635849 -0.572915 -0.190121 0.236124 -0.952942 0.472099 0.423580 1 0 1.000000
  0 0.428905 -1.521203 0.383052 -0.190121 0.236124 -0.952942 0.221052 0.480582 1 0 1.000000
  0 0.403939 -1.441156 -0.554783 -0.190121 0.236124 -0.952942 0.472099 0.480582 1 0 1.000000
c_spy_watch
  0 0.460786 -1.635849 -0.572915 -0.190121 0.236124 -0.952942 0.472099 0.423580 1 0 1.000000
  0 0.485753 -1.715906 0.364920 -0.190121 0.236124 -0.952942 0.221052 0.423580 1 0 1.000000
  0 0.428905 -1.521203 0.383052 -0.190121 0.236124 -0.952942 0.221052 0.480582 1 0 1.000000
c_spy_watch
  0 0.460786 -1.635849 -0.572915 0.001036 -0.499881 -0.866094 0.472099 0.423580 1 0 1.000000
  0 0.422441 -1.430975 -0.575138 0.001036 -0.499881 -0.866094 0.537022 0.414716 1 0 1.000000
  0 0.480827 -1.630944 -0.593759 0.001036 -0.499881 -0.866094 0.476090 0.414716 1 0 1.000000
c_spy_watch
  0 0.460786 -1.635849 -0.572915 0.001036 -0.499881 -0.866094 0.472099 0.423580 1 0 1.000000
  0 0.403939 -1.441156 -0.554783 0.001036 -0.499881 -0.866094 0.537487 0.423570 1 0 1.000000
  0 0.422441 -1.430975 -0.575138 0.001036 -0.499881 -0.866094 0.537022 0.414716 1 0 1.000000
c_spy_watch
  0 1.101914 -1.445764 0.380895 -0.199339 -0.322578 0.925315 0.218935 0.327089 1 0 1.000000
  0 1.051098 -1.368790 -0.556620 -0.199339 -0.322578 0.925315 0.467169 0.336399 1 0 1.000000
  0 1.054947 -1.339598 -0.553496 -0.199339 -0.322578 0.925315 0.471029 0.327089 1 0 1.000000
c_spy_watch
  0 1.101914 -1.445764 0.380895 -0.199339 -0.322578 0.925315 0.218935 0.327089 1 0 1.000000
  0 1.098062 -1.474957 0.377772 -0.199339 -0.322578 0.925315 0.221052 0.336399 1 0 1.000000
  0 1.051098 -1.368790 -0.556620 -0.199339 -0.322578 0.925315 0.467169 0.336399 1 0 1.000000
c_spy_watch
  0 0.460033 -1.717507 0.356268 -0.560435 -0.339168 0.755565 0.218935 0.327089 1 0 1.000000
  0 0.405086 -1.676404 -0.583270 -0.560435 -0.339168 0.755565 0.467169 0.336399 1 0 1.000000
  0 0.419806 -1.650738 -0.582075 -0.560435 -0.339168 0.755565 0.471029 0.327089 1 0 1.000000
c_spy_watch
  0 0.460033 -1.717507 0.356268 -0.560435 -0.339168 0.755565 0.218935 0.327089 1 0 1.000000
  0 0.445313 -1.743173 0.355073 -0.560435 -0.339168 0.755565 0.221052 0.336399 1 0 1.000000
  0 0.405086 -1.676404 -0.583270 -0.560435 -0.339168 0.755565 0.467169 0.336399 1 0 1.000000
c_spy_watch
  0 0.485753 -1.715906 0.364920 -0.745920 0.061845 -0.663158 0.221052 0.423580 1 0 1.000000
  0 0.484335 -1.653683 -0.575063 -0.745920 0.061845 -0.663158 0.467168 0.414716 1 0 1.000000
  0 0.509302 -1.733729 0.362770 -0.745920 0.061845 -0.663158 0.221052 0.414716 1 0 1.000000
c_spy_watch
  0 0.485753 -1.715906 0.364920 -0.745920 0.061845 -0.663158 0.221052 0.423580 1 0 1.000000
  0 0.460786 -1.635849 -0.572915 -0.745920 0.061845 -0.663158 0.472099 0.423580 1 0 1.000000
  0 0.484335 -1.653683 -0.575063 -0.745920 0.061845 -0.663158 0.467168 0.414716 1 0 1.000000
c_spy_watch
  0 1.225895 0.460928 0.527451 0.391922 -0.462683 0.795186 0.871335 0.578059 1 0 1.000000
  0 1.210857 0.429998 0.498888 0.172966 -0.927836 0.330459 0.862449 0.589243 1 0 1.000000
  0 1.206699 0.468402 0.519515 0.702208 -0.578692 0.414752 0.868328 0.575051 1 0 1.000000
c_spy_watch
  0 1.225895 0.460928 0.527451 0.391922 -0.462683 0.795186 0.871335 0.578059 1 0 1.000000
  0 1.229172 0.430662 0.511194 0.099794 -0.655402 0.748659 0.866702 0.589243 1 0 1.000000
  0 1.210857 0.429998 0.498888 0.172966 -0.927836 0.330459 0.862449 0.589243 1 0 1.000000
c_spy_watch
  0 1.229172 0.430662 0.511194 0.099794 -0.655402 0.748659 0.866702 0.589243 1 0 1.000000
  0 1.214911 0.388295 0.511614 -0.455218 -0.812368 0.364464 0.868328 0.603435 1 0 1.000000
  0 1.210857 0.429998 0.498888 0.172966 -0.927836 0.330459 0.862449 0.589243 1 0 1.000000
c_spy_watch
  0 1.204871 0.481008 0.561411 0.822486 0.030539 0.567965 0.882519 0.569173 1 0 1.000000
  0 1.206445 0.460433 0.600034 0.463342 0.542978 0.700349 0.896711 0.575051 1 0 1.000000
  0 1.225694 0.454648 0.590907 0.260073 0.156452 0.952830 0.893704 0.578059 1 0 1.000000
c_spy_watch
  0 1.228888 0.421782 0.600937 -0.086668 0.220187 0.971600 0.898336 0.589243 1 0 1.000000
  0 1.225694 0.454648 0.590907 0.260073 0.156452 0.952830 0.893704 0.578059 1 0 1.000000
  0 1.206445 0.460433 0.600034 0.463342 0.542978 0.700349 0.896711 0.575051 1 0 1.000000
c_spy_watch
  0 1.228888 0.421782 0.600937 -0.086668 0.220187 0.971600 0.898336 0.589243 1 0 1.000000
  0 1.206445 0.460433 0.600034 0.463342 0.542978 0.700349 0.896711 0.575051 1 0 1.000000
  0 1.210498 0.418730 0.612759 -0.164841 0.658446 0.734354 0.902589 0.589243 1 0 1.000000
c_spy_watch
  0 1.232166 0.391517 0.584681 -0.378797 0.027468 0.925072 0.893704 0.600427 1 0 1.000000
  0 1.228888 0.421782 0.600937 -0.086668 0.220187 0.971600 0.898336 0.589243 1 0 1.000000
  0 1.210498 0.418730 0.612759 -0.164841 0.658446 0.734354 0.902589 0.589243 1 0 1.000000
c_spy_watch
  0 1.232166 0.391517 0.584681 -0.378797 0.027468 0.925072 0.893704 0.600427 1 0 1.000000
  0 1.210498 0.418730 0.612759 -0.164841 0.658446 0.734354 0.902589 0.589243 1 0 1.000000
  0 1.214656 0.380328 0.592133 -0.694083 0.309302 0.650062 0.896711 0.603435 1 0 1.000000
c_spy_watch
  0 1.233607 0.381581 0.551662 -0.445187 -0.308812 0.840502 0.882519 0.605060 1 0 1.000000
  0 1.232166 0.391517 0.584681 -0.378797 0.027468 0.925072 0.893704 0.600427 1 0 1.000000
  0 1.214656 0.380328 0.592133 -0.694083 0.309302 0.650062 0.896711 0.603435 1 0 1.000000
c_spy_watch
  0 1.233607 0.381581 0.551662 -0.445187 -0.308812 0.840502 0.882519 0.605060 1 0 1.000000
  0 1.214656 0.380328 0.592133 -0.694083 0.309302 0.650062 0.896711 0.603435 1 0 1.000000
  0 1.216484 0.367721 0.550237 -0.814361 -0.299929 0.496848 0.882519 0.609313 1 0 1.000000
c_spy_watch
  0 1.233607 0.381581 0.551662 -0.445187 -0.308812 0.840502 0.882519 0.605060 1 0 1.000000
  0 1.216484 0.367721 0.550237 -0.814361 -0.299929 0.496848 0.882519 0.609313 1 0 1.000000
  0 1.214911 0.388295 0.511614 -0.455218 -0.812368 0.364464 0.868328 0.603435 1 0 1.000000
c_spy_watch
  0 1.233607 0.381581 0.551662 -0.445187 -0.308812 0.840502 0.882519 0.605060 1 0 1.000000
  0 1.214911 0.388295 0.511614 -0.455218 -0.812368 0.364464 0.868328 0.603435 1 0 1.000000
  0 1.232367 0.397795 0.521224 -0.246949 -0.591666 0.767429 0.871335 0.600427 1 0 1.000000
c_spy_watch
  0 1.229172 0.430662 0.511194 0.099794 -0.655402 0.748659 0.866702 0.589243 1 0 1.000000
  0 1.232367 0.397795 0.521224 -0.246949 -0.591666 0.767429 0.871335 0.600427 1 0 1.000000
  0 1.214911 0.388295 0.511614 -0.455218 -0.812368 0.364464 0.868328 0.603435 1 0 1.000000
c_spy_watch
  0 1.229172 0.430662 0.511194 0.099794 -0.655402 0.748659 0.866702 0.589243 1 0 1.000000
  0 1.229031 0.426222 0.556066 0.007397 -0.245259 0.969429 0.882519 0.589243 1 0 1.000000
  0 1.232367 0.397795 0.521224 -0.246949 -0.591666 0.767429 0.871335 0.600427 1 0 1.000000
c_spy_watch
  0 1.225895 0.460928 0.527451 0.391922 -0.462683 0.795186 0.871335 0.578059 1 0 1.000000
  0 1.229031 0.426222 0.556066 0.007397 -0.245259 0.969429 0.882519 0.589243 1 0 1.000000
  0 1.229172 0.430662 0.511194 0.099794 -0.655402 0.748659 0.866702 0.589243 1 0 1.000000
c_spy_watch
  0 1.224455 0.470862 0.560468 0.458312 -0.126402 0.879757 0.882519 0.573426 1 0 1.000000
  0 1.229031 0.426222 0.556066 0.007397 -0.245259 0.969429 0.882519 0.589243 1 0 1.000000
  0 1.225895 0.460928 0.527451 0.391922 -0.462683 0.795186 0.871335 0.578059 1 0 1.000000
c_spy_watch
  0 1.224455 0.470862 0.560468 0.458312 -0.126402 0.879757 0.882519 0.573426 1 0 1.000000
  0 1.225895 0.460928 0.527451 0.391922 -0.462683 0.795186 0.871335 0.578059 1 0 1.000000
  0 1.206699 0.468402 0.519515 0.702208 -0.578692 0.414752 0.868328 0.575051 1 0 1.000000
c_spy_watch
  0 1.224455 0.470862 0.560468 0.458312 -0.126402 0.879757 0.882519 0.573426 1 0 1.000000
  0 1.206699 0.468402 0.519515 0.702208 -0.578692 0.414752 0.868328 0.575051 1 0 1.000000
  0 1.204871 0.481008 0.561411 0.822486 0.030539 0.567965 0.882519 0.569173 1 0 1.000000
c_spy_watch
  0 1.204871 0.481008 0.561411 0.822486 0.030539 0.567965 0.882519 0.569173 1 0 1.000000
  0 1.225694 0.454648 0.590907 0.260073 0.156452 0.952830 0.893704 0.578059 1 0 1.000000
  0 1.224455 0.470862 0.560468 0.458312 -0.126402 0.879757 0.882519 0.573426 1 0 1.000000
c_spy_watch
  0 1.225694 0.454648 0.590907 0.260073 0.156452 0.952830 0.893704 0.578059 1 0 1.000000
  0 1.229031 0.426222 0.556066 0.007397 -0.245259 0.969429 0.882519 0.589243 1 0 1.000000
  0 1.224455 0.470862 0.560468 0.458312 -0.126402 0.879757 0.882519 0.573426 1 0 1.000000
c_spy_watch
  0 1.228888 0.421782 0.600937 -0.086668 0.220187 0.971600 0.898336 0.589243 1 0 1.000000
  0 1.229031 0.426222 0.556066 0.007397 -0.245259 0.969429 0.882519 0.589243 1 0 1.000000
  0 1.225694 0.454648 0.590907 0.260073 0.156452 0.952830 0.893704 0.578059 1 0 1.000000
c_spy_watch
  0 1.228888 0.421782 0.600937 -0.086668 0.220187 0.971600 0.898336 0.589243 1 0 1.000000
  0 1.232166 0.391517 0.584681 -0.378797 0.027468 0.925072 0.893704 0.600427 1 0 1.000000
  0 1.229031 0.426222 0.556066 0.007397 -0.245259 0.969429 0.882519 0.589243 1 0 1.000000
c_spy_watch
  0 1.233607 0.381581 0.551662 -0.445187 -0.308812 0.840502 0.882519 0.605060 1 0 1.000000
  0 1.229031 0.426222 0.556066 0.007397 -0.245259 0.969429 0.882519 0.589243 1 0 1.000000
  0 1.232166 0.391517 0.584681 -0.378797 0.027468 0.925072 0.893704 0.600427 1 0 1.000000
c_spy_watch
  0 1.232367 0.397795 0.521224 -0.246949 -0.591666 0.767429 0.871335 0.600427 1 0 1.000000
  0 1.229031 0.426222 0.556066 0.007397 -0.245259 0.969429 0.882519 0.589243 1 0 1.000000
  0 1.233607 0.381581 0.551662 -0.445187 -0.308812 0.840502 0.882519 0.605060 1 0 1.000000
c_spy_watch
  0 1.285519 -0.777897 -0.604091 -0.051245 -0.610948 0.790010 0.629946 0.058775 1 0 1.000000
  0 1.290487 -0.941316 -0.559482 -0.117916 -0.618917 0.776555 0.644172 0.095650 1 0 1.000000
  0 1.282761 -0.941792 -0.578680 -0.151390 -0.855839 0.494591 0.639462 0.096571 1 0 1.000000
c_spy_watch
  0 1.285519 -0.777897 -0.604091 -0.051245 -0.610948 0.790010 0.629946 0.058775 1 0 1.000000
  0 1.282761 -0.941792 -0.578680 -0.151390 -0.855839 0.494591 0.639462 0.096571 1 0 1.000000
  0 1.277611 -0.776875 -0.622675 -0.129546 -0.843143 0.521850 0.625195 0.058911 1 0 1.000000
c_spy_watch
  0 1.253116 -0.591618 -0.652919 0.015666 -0.600115 0.799760 0.614285 0.015834 1 0 1.000000
  0 1.285519 -0.777897 -0.604091 -0.051245 -0.610948 0.790010 0.629946 0.058775 1 0 1.000000
  0 1.277611 -0.776875 -0.622675 -0.129546 -0.843143 0.521850 0.625195 0.058911 1 0 1.000000
c_spy_watch
  0 1.253116 -0.591618 -0.652919 0.015666 -0.600115 0.799760 0.614285 0.015834 1 0 1.000000
  0 1.277611 -0.776875 -0.622675 -0.129546 -0.843143 0.521850 0.625195 0.058911 1 0 1.000000
  0 1.245317 -0.592055 -0.673304 -0.053499 -0.853773 0.517889 0.607290 0.016777 1 0 1.000000
c_spy_watch
  0 1.259147 -0.777957 -0.630879 -0.164159 -0.975720 0.144987 0.619760 0.060547 1 0 1.000000
  0 1.245317 -0.592055 -0.673304 -0.053499 -0.853773 0.517889 0.607290 0.016777 1 0 1.000000
  0 1.277611 -0.776875 -0.622675 -0.129546 -0.843143 0.521850 0.625195 0.058911 1 0 1.000000
c_spy_watch
  0 1.264726 -0.945891 -0.586318 -0.164159 -0.975720 0.144987 0.634988 0.100532 1 0 1.000000
  0 1.259147 -0.777957 -0.630879 -0.164159 -0.975720 0.144987 0.619760 0.060547 1 0 1.000000
  0 1.277611 -0.776875 -0.622675 -0.129546 -0.843143 0.521850 0.625195 0.058911 1 0 1.000000
c_spy_watch
  0 1.264726 -0.945891 -0.586318 -0.164159 -0.975720 0.144987 0.634988 0.100532 1 0 1.000000
  0 1.277611 -0.776875 -0.622675 -0.129546 -0.843143 0.521850 0.625195 0.058911 1 0 1.000000
  0 1.282761 -0.941792 -0.578680 -0.151390 -0.855839 0.494591 0.639462 0.096571 1 0 1.000000
c_spy_watch
  0 1.259147 -0.777957 -0.630879 -0.164159 -0.975720 0.144987 0.619760 0.060547 1 0 1.000000
  0 1.225866 -0.591430 -0.683136 -0.114716 -0.980580 0.159072 0.599888 0.018440 1 0 1.000000
  0 1.245317 -0.592055 -0.673304 -0.053499 -0.853773 0.517889 0.607290 0.016777 1 0 1.000000
c_spy_watch
  0 0.506889 -1.714503 0.385206 -0.269909 0.833810 -0.481571 0.476090 0.414716 1 0 1.000000
  0 0.428905 -1.521203 0.383052 -0.269909 0.833810 -0.481571 0.537487 0.423570 1 0 1.000000
  0 0.485753 -1.715906 0.364920 -0.269909 0.833810 -0.481571 0.472099 0.423580 1 0 1.000000
c_spy_watch
  0 0.506889 -1.714503 0.385206 -0.269909 0.833810 -0.481571 0.476090 0.414716 1 0 1.000000
  0 0.448503 -1.514534 0.403829 -0.269909 0.833810 -0.481571 0.537022 0.414716 1 0 1.000000
  0 0.428905 -1.521203 0.383052 -0.269909 0.833810 -0.481571 0.537487 0.423570 1 0 1.000000
c_spy_watch
  0 1.257895 0.180116 0.255652 -0.445187 -0.308812 0.840502 0.786120 0.686032 1 0 1.000000
  0 1.253319 0.224757 0.260055 0.007397 -0.245259 0.969429 0.786120 0.670215 1 0 1.000000
  0 1.256455 0.190051 0.288670 -0.378797 0.027468 0.925072 0.797305 0.681399 1 0 1.000000
c_spy_watch
  0 1.256655 0.196330 0.225212 -0.246949 -0.591666 0.767429 0.774936 0.681399 1 0 1.000000
  0 1.253319 0.224757 0.260055 0.007397 -0.245259 0.969429 0.786120 0.670215 1 0 1.000000
  0 1.257895 0.180116 0.255652 -0.445187 -0.308812 0.840502 0.786120 0.686032 1 0 1.000000
c_spy_watch
  0 1.230735 0.258969 0.304023 0.463342 0.542978 0.700349 0.800312 0.656023 1 0 1.000000
  0 1.249983 0.253182 0.294897 0.260073 0.156452 0.952830 0.797305 0.659030 1 0 1.000000
  0 1.248743 0.269398 0.264457 0.458312 -0.126402 0.879757 0.786120 0.654397 1 0 1.000000
c_spy_watch
  0 1.249983 0.253182 0.294897 0.260073 0.156452 0.952830 0.797305 0.659030 1 0 1.000000
  0 1.253319 0.224757 0.260055 0.007397 -0.245259 0.969429 0.786120 0.670215 1 0 1.000000
  0 1.248743 0.269398 0.264457 0.458312 -0.126402 0.879757 0.786120 0.654397 1 0 1.000000
c_spy_watch
  0 1.253178 0.220317 0.304925 -0.086668 0.220187 0.971600 0.801937 0.670215 1 0 1.000000
  0 1.253319 0.224757 0.260055 0.007397 -0.245259 0.969429 0.786120 0.670215 1 0 1.000000
  0 1.249983 0.253182 0.294897 0.260073 0.156452 0.952830 0.797305 0.659030 1 0 1.000000
c_spy_watch
  0 1.253178 0.220317 0.304925 -0.086668 0.220187 0.971600 0.801937 0.670215 1 0 1.000000
  0 1.256455 0.190051 0.288670 -0.378797 0.027468 0.925072 0.797305 0.681399 1 0 1.000000
  0 1.253319 0.224757 0.260055 0.007397 -0.245259 0.969429 0.786120 0.670215 1 0 1.000000
c_spy_watch
  0 1.256455 0.190051 0.288670 -0.378797 0.027468 0.925072 0.797305 0.681399 1 0 1.000000
  0 1.253178 0.220317 0.304925 -0.086668 0.220187 0.971600 0.801937 0.670215 1 0 1.000000
  0 1.234786 0.217265 0.316748 -0.164841 0.658446 0.734354 0.806190 0.670215 1 0 1.000000
c_spy_watch
  0 1.256455 0.190051 0.288670 -0.378797 0.027468 0.925072 0.797305 0.681399 1 0 1.000000
  0 1.234786 0.217265 0.316748 -0.164841 0.658446 0.734354 0.806190 0.670215 1 0 1.000000
  0 1.238946 0.178862 0.296121 -0.694083 0.309302 0.650062 0.800312 0.684406 1 0 1.000000
c_spy_watch
  0 1.257895 0.180116 0.255652 -0.445187 -0.308812 0.840502 0.786120 0.686032 1 0 1.000000
  0 1.256455 0.190051 0.288670 -0.378797 0.027468 0.925072 0.797305 0.681399 1 0 1.000000
  0 1.238946 0.178862 0.296121 -0.694083 0.309302 0.650062 0.800312 0.684406 1 0 1.000000
c_spy_watch
  0 1.257895 0.180116 0.255652 -0.445187 -0.308812 0.840502 0.786120 0.686032 1 0 1.000000
  0 1.238946 0.178862 0.296121 -0.694083 0.309302 0.650062 0.800312 0.684406 1 0 1.000000
  0 1.240772 0.166255 0.254227 -0.814361 -0.299929 0.496848 0.786120 0.690284 1 0 1.000000
c_spy_watch
  0 1.257895 0.180116 0.255652 -0.445187 -0.308812 0.840502 0.786120 0.686032 1 0 1.000000
  0 1.240772 0.166255 0.254227 -0.814361 -0.299929 0.496848 0.786120 0.690284 1 0 1.000000
  0 1.239200 0.186830 0.215602 -0.455218 -0.812368 0.364464 0.771929 0.684406 1 0 1.000000
c_spy_watch
  0 1.257895 0.180116 0.255652 -0.445187 -0.308812 0.840502 0.786120 0.686032 1 0 1.000000
  0 1.239200 0.186830 0.215602 -0.455218 -0.812368 0.364464 0.771929 0.684406 1 0 1.000000
  0 1.256655 0.196330 0.225212 -0.246949 -0.591666 0.767429 0.774936 0.681399 1 0 1.000000
c_spy_watch
  0 1.253462 0.229197 0.215184 0.099794 -0.655402 0.748659 0.770303 0.670215 1 0 1.000000
  0 1.256655 0.196330 0.225212 -0.246949 -0.591666 0.767429 0.774936 0.681399 1 0 1.000000
  0 1.239200 0.186830 0.215602 -0.455218 -0.812368 0.364464 0.771929 0.684406 1 0 1.000000
c_spy_watch
  0 1.253462 0.229197 0.215184 0.099794 -0.655402 0.748659 0.770303 0.670215 1 0 1.000000
  0 1.253319 0.224757 0.260055 0.007397 -0.245259 0.969429 0.786120 0.670215 1 0 1.000000
  0 1.256655 0.196330 0.225212 -0.246949 -0.591666 0.767429 0.774936 0.681399 1 0 1.000000
c_spy_watch
  0 1.250184 0.259463 0.231440 0.391922 -0.462683 0.795186 0.774936 0.659030 1 0 1.000000
  0 1.253319 0.224757 0.260055 0.007397 -0.245259 0.969429 0.786120 0.670215 1 0 1.000000
  0 1.253462 0.229197 0.215184 0.099794 -0.655402 0.748659 0.770303 0.670215 1 0 1.000000
c_spy_watch
  0 1.248743 0.269398 0.264457 0.458312 -0.126402 0.879757 0.786120 0.654397 1 0 1.000000
  0 1.253319 0.224757 0.260055 0.007397 -0.245259 0.969429 0.786120 0.670215 1 0 1.000000
  0 1.250184 0.259463 0.231440 0.391922 -0.462683 0.795186 0.774936 0.659030 1 0 1.000000
c_spy_watch
  0 1.250184 0.259463 0.231440 0.391922 -0.462683 0.795186 0.774936 0.659030 1 0 1.000000
  0 1.229160 0.279543 0.265400 0.822486 0.030539 0.567965 0.786120 0.650145 1 0 1.000000
  0 1.248743 0.269398 0.264457 0.458312 -0.126402 0.879757 0.786120 0.654397 1 0 1.000000
c_spy_watch
  0 1.230735 0.258969 0.304023 0.463342 0.542978 0.700349 0.800312 0.656023 1 0 1.000000
  0 1.248743 0.269398 0.264457 0.458312 -0.126402 0.879757 0.786120 0.654397 1 0 1.000000
  0 1.229160 0.279543 0.265400 0.822486 0.030539 0.567965 0.786120 0.650145 1 0 1.000000
c_spy_watch
  0 1.234786 0.217265 0.316748 -0.164841 0.658446 0.734354 0.806190 0.670215 1 0 1.000000
  0 1.249983 0.253182 0.294897 0.260073 0.156452 0.952830 0.797305 0.659030 1 0 1.000000
  0 1.230735 0.258969 0.304023 0.463342 0.542978 0.700349 0.800312 0.656023 1 0 1.000000
c_spy_watch
  0 1.234786 0.217265 0.316748 -0.164841 0.658446 0.734354 0.806190 0.670215 1 0 1.000000
  0 1.253178 0.220317 0.304925 -0.086668 0.220187 0.971600 0.801937 0.670215 1 0 1.000000
  0 1.249983 0.253182 0.294897 0.260073 0.156452 0.952830 0.797305 0.659030 1 0 1.000000
c_spy_watch
  0 1.250184 0.259463 0.231440 0.391922 -0.462683 0.795186 0.774936 0.659030 1 0 1.000000
  0 1.230988 0.266936 0.223504 0.702208 -0.578692 0.414752 0.771929 0.656023 1 0 1.000000
  0 1.229160 0.279543 0.265400 0.822486 0.030539 0.567965 0.786120 0.650145 1 0 1.000000
c_spy_watch
  0 1.253462 0.229197 0.215184 0.099794 -0.655402 0.748659 0.770303 0.670215 1 0 1.000000
  0 1.230988 0.266936 0.223504 0.702208 -0.578692 0.414752 0.771929 0.656023 1 0 1.000000
  0 1.250184 0.259463 0.231440 0.391922 -0.462683 0.795186 0.774936 0.659030 1 0 1.000000
c_spy_watch
  0 1.253462 0.229197 0.215184 0.099794 -0.655402 0.748659 0.770303 0.670215 1 0 1.000000
  0 1.235146 0.228534 0.202877 0.172966 -0.927836 0.330459 0.766050 0.670215 1 0 1.000000
  0 1.230988 0.266936 0.223504 0.702208 -0.578692 0.414752 0.771929 0.656023 1 0 1.000000
c_spy_watch
  0 1.253462 0.229197 0.215184 0.099794 -0.655402 0.748659 0.770303 0.670215 1 0 1.000000
  0 1.239200 0.186830 0.215602 -0.455218 -0.812368 0.364464 0.771929 0.684406 1 0 1.000000
  0 1.235146 0.228534 0.202877 0.172966 -0.927836 0.330459 0.766050 0.670215 1 0 1.000000
c_spy_watch
  0 -0.470011 -1.569197 -0.548451 -0.745920 0.061845 -0.663158 0.467229 0.375437 1 0 1.000000
  0 -0.342676 -1.633982 -0.558521 -0.834055 0.010735 -0.551577 0.467169 0.336399 1 0 1.000000
  0 -0.302448 -1.700751 0.379823 -0.834055 0.010735 -0.551577 0.221052 0.336399 1 0 1.000000
c_spy_watch
  0 -0.470011 -1.569197 -0.548451 -0.745920 0.061845 -0.663158 0.467229 0.375437 1 0 1.000000
  0 -0.302448 -1.700751 0.379823 -0.834055 0.010735 -0.551577 0.221052 0.336399 1 0 1.000000
  0 -0.429783 -1.635966 0.389892 -0.745920 0.061845 -0.663158 0.221052 0.375437 1 0 1.000000
c_spy_watch
  0 -0.429783 -1.635966 0.389892 -0.745920 0.061845 -0.663158 0.221052 0.375437 1 0 1.000000
  0 -0.572108 -1.469426 -0.536975 -0.640756 0.111544 -0.759598 0.467168 0.414716 1 0 1.000000
  0 -0.470011 -1.569197 -0.548451 -0.745920 0.061845 -0.663158 0.467229 0.375437 1 0 1.000000
c_spy_watch
  0 -0.429783 -1.635966 0.389892 -0.745920 0.061845 -0.663158 0.221052 0.375437 1 0 1.000000
  0 -0.531880 -1.536195 0.401369 -0.640756 0.111544 -0.759598 0.221052 0.414716 1 0 1.000000
  0 -0.572108 -1.469426 -0.536975 -0.640756 0.111544 -0.759598 0.467168 0.414716 1 0 1.000000
c_spy_watch
  0 0.756137 -1.574277 -0.575522 -0.512372 -0.858759 0.002642 0.467169 0.336399 1 0 1.000000
  0 0.619928 -1.613045 -0.595935 -0.536010 -0.838179 -0.100748 0.476090 0.375500 1 0 1.000000
  0 0.746795 -1.553245 -0.594207 -0.512372 -0.858759 0.002642 0.476090 0.335824 1 0 1.000000
c_spy_watch
  0 0.756137 -1.574277 -0.575522 -0.512372 -0.858759 0.002642 0.467169 0.336399 1 0 1.000000
  0 0.626261 -1.634609 -0.577214 -0.536010 -0.838179 -0.100748 0.467229 0.375437 1 0 1.000000
  0 0.619928 -1.613045 -0.595935 -0.536010 -0.838179 -0.100748 0.476090 0.375500 1 0 1.000000
c_spy_watch
  0 0.484335 -1.653683 -0.575063 -0.553391 -0.807815 -0.202962 0.467168 0.414716 1 0 1.000000
  0 0.619928 -1.613045 -0.595935 -0.536010 -0.838179 -0.100748 0.476090 0.375500 1 0 1.000000
  0 0.626261 -1.634609 -0.577214 -0.536010 -0.838179 -0.100748 0.467229 0.375437 1 0 1.000000
c_spy_watch
  0 0.484335 -1.653683 -0.575063 -0.553391 -0.807815 -0.202962 0.467168 0.414716 1 0 1.000000
  0 0.480827 -1.630944 -0.593759 -0.553391 -0.807815 -0.202962 0.476090 0.414716 1 0 1.000000
  0 0.619928 -1.613045 -0.595935 -0.536010 -0.838179 -0.100748 0.476090 0.375500 1 0 1.000000
c_spy_watch
  0 -0.502289 1.820534 -0.317697 0.352140 -0.790809 0.500618 0.476090 0.414716 1 0 1.000000
  0 -0.400655 1.638656 -0.311417 0.352140 -0.790809 0.500618 0.537487 0.423570 1 0 1.000000
  0 -0.418077 1.629726 -0.333244 0.352140 -0.790809 0.500618 0.537022 0.414716 1 0 1.000000
c_spy_watch
  0 -0.502289 1.820534 -0.317697 0.352140 -0.790809 0.500618 0.476090 0.414716 1 0 1.000000
  0 -0.482647 1.824446 -0.296278 0.352140 -0.790809 0.500618 0.472099 0.423580 1 0 1.000000
  0 -0.400655 1.638656 -0.311417 0.352140 -0.790809 0.500618 0.537487 0.423570 1 0 1.000000
c_spy_watch
  0 0.164305 -1.776699 0.364734 -0.813955 0.574505 0.086147 0.221052 0.414716 1 0 1.000000
  0 0.305791 -1.762252 0.380415 -0.815464 0.546562 0.190495 0.212842 0.375437 1 0 1.000000
  0 0.165774 -1.756948 0.386796 -0.813955 0.574505 0.086147 0.213268 0.415602 1 0 1.000000
c_spy_watch
  0 0.164305 -1.776699 0.364734 -0.813955 0.574505 0.086147 0.221052 0.414716 1 0 1.000000
  0 0.307304 -1.781307 0.358276 -0.815464 0.546562 0.190495 0.221052 0.375437 1 0 1.000000
  0 0.305791 -1.762252 0.380415 -0.815464 0.546562 0.190495 0.212842 0.375437 1 0 1.000000
c_spy_watch
  0 0.445313 -1.743173 0.355073 -0.807456 0.512238 0.292620 0.221052 0.336399 1 0 1.000000
  0 0.305791 -1.762252 0.380415 -0.815464 0.546562 0.190495 0.212842 0.375437 1 0 1.000000
  0 0.307304 -1.781307 0.358276 -0.815464 0.546562 0.190495 0.221052 0.375437 1 0 1.000000
c_spy_watch
  0 0.445313 -1.743173 0.355073 -0.807456 0.512238 0.292620 0.221052 0.336399 1 0 1.000000
  0 0.440745 -1.724150 0.377342 -0.807456 0.512238 0.292620 0.213269 0.335271 1 0 1.000000
  0 0.305791 -1.762252 0.380415 -0.815464 0.546562 0.190495 0.212842 0.375437 1 0 1.000000
c_spy_watch
  0 1.324909 -0.584923 -0.290747 0.679679 0.034004 0.732721 0.985285 0.125062 1 0 1.000000
  0 1.342392 -0.643340 0.004897 0.697610 -0.033684 0.715685 0.994672 0.002731 1 0 1.000000
  0 1.341774 -0.598375 -0.293597 0.679679 0.034004 0.732721 0.994672 0.125062 1 0 1.000000
c_spy_watch
  0 1.324909 -0.584923 -0.290747 0.679679 0.034004 0.732721 0.985285 0.125062 1 0 1.000000
  0 1.325521 -0.629701 0.006736 0.697610 -0.033684 0.715685 0.985285 0.002731 1 0 1.000000
  0 1.342392 -0.643340 0.004897 0.697610 -0.033684 0.715685 0.994672 0.002731 1 0 1.000000
c_spy_watch
  0 1.325521 -0.629701 0.006736 0.697610 -0.033684 0.715685 0.985285 0.002731 1 0 1.000000
  0 1.339876 -0.657802 0.306944 0.709554 -0.102392 0.697172 0.994672 0.125062 1 0 1.000000
  0 1.342392 -0.643340 0.004897 0.697610 -0.033684 0.715685 0.994672 0.002731 1 0 1.000000
c_spy_watch
  0 1.325521 -0.629701 0.006736 0.697610 -0.033684 0.715685 0.985285 0.002731 1 0 1.000000
  0 1.323021 -0.644042 0.306678 0.709554 -0.102392 0.697172 0.985285 0.125062 1 0 1.000000
  0 1.339876 -0.657802 0.306944 0.709554 -0.102392 0.697172 0.994672 0.125062 1 0 1.000000
c_spy_watch
  0 1.339876 -0.657802 0.306944 0.709554 -0.102392 0.697172 0.994672 0.125062 1 0 1.000000
  0 1.323021 -0.644042 0.306678 0.709554 -0.102392 0.697172 0.985285 0.125062 1 0 1.000000
  0 1.318649 -0.631507 0.542188 0.708360 -0.258031 0.656998 0.985285 0.219912 1 0 1.000000
c_spy_watch
  0 1.339876 -0.657802 0.306944 0.709554 -0.102392 0.697172 0.994672 0.125062 1 0 1.000000
  0 1.318649 -0.631507 0.542188 0.708360 -0.258031 0.656998 0.985285 0.219912 1 0 1.000000
  0 1.335449 -0.645009 0.544650 0.708360 -0.258031 0.656998 0.994672 0.219912 1 0 1.000000
c_spy_watch
  0 1.335449 -0.645009 0.544650 0.708360 -0.258031 0.656998 0.994672 0.219912 1 0 1.000000
  0 1.318649 -0.631507 0.542188 0.708360 -0.258031 0.656998 0.985285 0.219912 1 0 1.000000
  0 1.315364 -0.606632 0.600387 0.598946 -0.541400 0.590042 0.985285 0.243269 1 0 1.000000
c_spy_watch
  0 1.335449 -0.645009 0.544650 0.708360 -0.258031 0.656998 0.994672 0.219912 1 0 1.000000
  0 1.315364 -0.606632 0.600387 0.598946 -0.541400 0.590042 0.985285 0.243269 1 0 1.000000
  0 1.331759 -0.617110 0.610320 0.598946 -0.541400 0.590042 0.994672 0.243269 1 0 1.000000
c_spy_watch
  0 1.315364 -0.606632 0.600387 0.598946 -0.541400 0.590042 0.985285 0.243269 1 0 1.000000
  0 1.325542 -0.560980 0.651081 0.395456 -0.747376 0.533895 0.994672 0.265847 1 0 1.000000
  0 1.331759 -0.617110 0.610320 0.598946 -0.541400 0.590042 0.994672 0.243269 1 0 1.000000
c_spy_watch
  0 1.315364 -0.606632 0.600387 0.598946 -0.541400 0.590042 0.985285 0.243269 1 0 1.000000
  0 1.309852 -0.556858 0.636500 0.395456 -0.747376 0.533895 0.985285 0.265847 1 0 1.000000
  0 1.325542 -0.560980 0.651081 0.395456 -0.747376 0.533895 0.994672 0.265847 1 0 1.000000
c_spy_watch
  0 1.300659 -0.322590 0.708472 0.209890 -0.829161 0.518110 0.994672 0.363965 1 0 1.000000
  0 1.325542 -0.560980 0.651081 0.395456 -0.747376 0.533895 0.994672 0.265847 1 0 1.000000
  0 1.309852 -0.556858 0.636500 0.395456 -0.747376 0.533895 0.985285 0.265847 1 0 1.000000
c_spy_watch
  0 1.300659 -0.322590 0.708472 0.209890 -0.829161 0.518110 0.994672 0.363965 1 0 1.000000
  0 1.309852 -0.556858 0.636500 0.395456 -0.747376 0.533895 0.985285 0.265847 1 0 1.000000
  0 1.285299 -0.321634 0.693115 0.209890 -0.829161 0.518110 0.985285 0.363965 1 0 1.000000
c_spy_watch
  0 1.300659 -0.322590 0.708472 0.209890 -0.829161 0.518110 0.994672 0.363965 1 0 1.000000
  0 1.285299 -0.321634 0.693115 0.209890 -0.829161 0.518110 0.985285 0.363965 1 0 1.000000
  0 1.260984 -0.085732 0.726641 0.113691 -0.851893 0.511227 0.985285 0.461691 1 0 1.000000
c_spy_watch
  0 1.300659 -0.322590 0.708472 0.209890 -0.829161 0.518110 0.994672 0.363965 1 0 1.000000
  0 1.260984 -0.085732 0.726641 0.113691 -0.851893 0.511227 0.985285 0.461691 1 0 1.000000
  0 1.276121 -0.084560 0.742447 0.113691 -0.851893 0.511227 0.994672 0.461691 1 0 1.000000
c_spy_watch
  0 1.257285 -0.049050 0.725537 -0.129546 -0.843143 0.521850 0.985285 0.476988 1 0 1.000000
  0 1.276121 -0.084560 0.742447 0.113691 -0.851893 0.511227 0.994672 0.461691 1 0 1.000000
  0 1.260984 -0.085732 0.726641 0.113691 -0.851893 0.511227 0.985285 0.461691 1 0 1.000000
c_spy_watch
  0 1.257285 -0.049050 0.725537 -0.129546 -0.843143 0.521850 0.985285 0.476988 1 0 1.000000
  0 1.271795 -0.041487 0.740040 -0.129546 -0.843143 0.521850 0.994672 0.476988 1 0 1.000000
  0 1.276121 -0.084560 0.742447 0.113691 -0.851893 0.511227 0.994672 0.461691 1 0 1.000000
c_spy_watch
  0 1.271795 -0.041487 0.740040 -0.129546 -0.843143 0.521850 0.994672 0.476988 1 0 1.000000
  0 1.257285 -0.049050 0.725537 -0.129546 -0.843143 0.521850 0.985285 0.476988 1 0 1.000000
  0 1.254598 -0.020200 0.707899 -0.484727 -0.648187 0.587276 0.985285 0.488522 1 0 1.000000
c_spy_watch
  0 1.271795 -0.041487 0.740040 -0.129546 -0.843143 0.521850 0.994672 0.476988 1 0 1.000000
  0 1.254598 -0.020200 0.707899 -0.484727 -0.648187 0.587276 0.985285 0.488522 1 0 1.000000
  0 1.268498 -0.006008 0.717697 -0.484727 -0.648187 0.587276 0.994672 0.488522 1 0 1.000000
c_spy_watch
  0 1.267634 0.007683 0.678120 -0.664279 -0.389273 0.638122 0.994672 0.503471 1 0 1.000000
  0 1.268498 -0.006008 0.717697 -0.484727 -0.648187 0.587276 0.994672 0.488522 1 0 1.000000
  0 1.254598 -0.020200 0.707899 -0.484727 -0.648187 0.587276 0.985285 0.488522 1 0 1.000000
c_spy_watch
  0 1.267634 0.007683 0.678120 -0.664279 -0.389273 0.638122 0.994672 0.503471 1 0 1.000000
  0 1.254598 -0.020200 0.707899 -0.484727 -0.648187 0.587276 0.985285 0.488522 1 0 1.000000
  0 1.253899 -0.008835 0.673759 -0.664279 -0.389273 0.638122 0.985285 0.503471 1 0 1.000000
c_spy_watch
  0 1.253899 -0.008835 0.673759 -0.664279 -0.389273 0.638122 0.985285 0.995444 1 0 1.000000
  0 1.271446 0.126997 -0.527589 -0.697722 -0.234824 0.676788 0.994672 0.503471 1 0 1.000000
  0 1.267634 0.007683 0.678120 -0.664279 -0.389273 0.638122 0.994672 0.995444 1 0 1.000000
c_spy_watch
  0 1.253899 -0.008835 0.673759 -0.664279 -0.389273 0.638122 0.985285 0.995444 1 0 1.000000
  0 1.257695 0.110006 -0.527172 -0.697722 -0.234824 0.676788 0.985285 0.503471 1 0 1.000000
  0 1.271446 0.126997 -0.527589 -0.697722 -0.234824 0.676788 0.994672 0.503471 1 0 1.000000
c_spy_watch
  0 1.271446 0.126997 -0.527589 -0.697722 -0.234824 0.676788 0.994672 0.503471 1 0 1.000000
  0 1.257695 0.110006 -0.527172 -0.697722 -0.234824 0.676788 0.985285 0.503471 1 0 1.000000
  0 1.258614 0.105499 -0.562337 -0.635939 0.061041 0.769321 0.985285 0.488522 1 0 1.000000
c_spy_watch
  0 1.271446 0.126997 -0.527589 -0.697722 -0.234824 0.676788 0.994672 0.503471 1 0 1.000000
  0 1.258614 0.105499 -0.562337 -0.635939 0.061041 0.769321 0.985285 0.488522 1 0 1.000000
  0 1.272566 0.121327 -0.569077 -0.635939 0.061041 0.769321 0.994672 0.488522 1 0 1.000000
c_spy_watch
  0 1.276025 0.090966 -0.598454 -0.387697 0.380464 0.839606 0.994672 0.476988 1 0 1.000000
  0 1.272566 0.121327 -0.569077 -0.635939 0.061041 0.769321 0.994672 0.488522 1 0 1.000000
  0 1.258614 0.105499 -0.562337 -0.635939 0.061041 0.769321 0.985285 0.488522 1 0 1.000000
c_spy_watch
  0 1.276025 0.090966 -0.598454 -0.387697 0.380464 0.839606 0.994672 0.476988 1 0 1.000000
  0 1.258614 0.105499 -0.562337 -0.635939 0.061041 0.769321 0.985285 0.488522 1 0 1.000000
  0 1.261428 0.080664 -0.585271 -0.387697 0.380464 0.839606 0.985285 0.476988 1 0 1.000000
c_spy_watch
  0 1.261428 0.080664 -0.585271 -0.387697 0.380464 0.839606 0.985285 0.476988 1 0 1.000000
  0 1.280392 0.049146 -0.608693 -0.169209 0.489208 0.855595 0.994672 0.461691 1 0 1.000000
  0 1.276025 0.090966 -0.598454 -0.387697 0.380464 0.839606 0.994672 0.476988 1 0 1.000000
c_spy_watch
  0 1.261428 0.080664 -0.585271 -0.387697 0.380464 0.839606 0.985285 0.476988 1 0 1.000000
  0 1.265158 0.044907 -0.593520 -0.169209 0.489208 0.855595 0.985285 0.461691 1 0 1.000000
  0 1.280392 0.049146 -0.608693 -0.169209 0.489208 0.855595 0.994672 0.461691 1 0 1.000000
c_spy_watch
  0 1.265158 0.044907 -0.593520 -0.169209 0.489208 0.855595 0.985285 0.461691 1 0 1.000000
  0 1.304864 -0.190943 -0.621876 -0.074747 0.507447 0.858434 0.994672 0.363965 1 0 1.000000
  0 1.280392 0.049146 -0.608693 -0.169209 0.489208 0.855595 0.994672 0.461691 1 0 1.000000
c_spy_watch
  0 1.265158 0.044907 -0.593520 -0.169209 0.489208 0.855595 0.985285 0.461691 1 0 1.000000
  0 1.289409 -0.193005 -0.606726 -0.074747 0.507447 0.858434 0.985285 0.363965 1 0 1.000000
  0 1.304864 -0.190943 -0.621876 -0.074747 0.507447 0.858434 0.994672 0.363965 1 0 1.000000
c_spy_watch
  0 1.304864 -0.190943 -0.621876 -0.074747 0.507447 0.858434 0.994672 0.363965 1 0 1.000000
  0 1.289409 -0.193005 -0.606726 -0.074747 0.507447 0.858434 0.985285 0.363965 1 0 1.000000
  0 1.313751 -0.434779 -0.597160 0.096615 0.505122 0.857623 0.985285 0.265847 1 0 1.000000
c_spy_watch
  0 1.304864 -0.190943 -0.621876 -0.074747 0.507447 0.858434 0.994672 0.363965 1 0 1.000000
  0 1.313751 -0.434779 -0.597160 0.096615 0.505122 0.857623 0.985285 0.265847 1 0 1.000000
  0 1.329536 -0.435973 -0.612166 0.096615 0.505122 0.857623 0.994672 0.265847 1 0 1.000000
c_spy_watch
  0 1.329536 -0.435973 -0.612166 0.096615 0.505122 0.857623 0.994672 0.265847 1 0 1.000000
  0 1.313751 -0.434779 -0.597160 0.096615 0.505122 0.857623 0.985285 0.265847 1 0 1.000000
  0 1.319069 -0.490669 -0.571469 0.398231 0.392129 0.829245 0.985285 0.243269 1 0 1.000000
c_spy_watch
  0 1.329536 -0.435973 -0.612166 0.096615 0.505122 0.857623 0.994672 0.265847 1 0 1.000000
  0 1.319069 -0.490669 -0.571469 0.398231 0.392129 0.829245 0.985285 0.243269 1 0 1.000000
  0 1.335534 -0.499006 -0.583160 0.398231 0.392129 0.829245 0.994672 0.243269 1 0 1.000000
c_spy_watch
  0 1.319069 -0.490669 -0.571469 0.398231 0.392129 0.829245 0.985285 0.243269 1 0 1.000000
  0 1.338829 -0.539184 -0.524745 0.613665 0.176034 0.769693 0.994672 0.219912 1 0 1.000000
  0 1.335534 -0.499006 -0.583160 0.398231 0.392129 0.829245 0.994672 0.243269 1 0 1.000000
c_spy_watch
  0 1.319069 -0.490669 -0.571469 0.398231 0.392129 0.829245 0.985285 0.243269 1 0 1.000000
  0 1.322004 -0.526469 -0.519254 0.613665 0.176034 0.769693 0.985285 0.219912 1 0 1.000000
  0 1.338829 -0.539184 -0.524745 0.613665 0.176034 0.769693 0.994672 0.219912 1 0 1.000000
c_spy_watch
  0 1.322004 -0.526469 -0.519254 0.613665 0.176034 0.769693 0.985285 0.219912 1 0 1.000000
  0 1.341774 -0.598375 -0.293597 0.679679 0.034004 0.732721 0.994672 0.125062 1 0 1.000000
  0 1.338829 -0.539184 -0.524745 0.613665 0.176034 0.769693 0.994672 0.219912 1 0 1.000000
c_spy_watch
  0 1.322004 -0.526469 -0.519254 0.613665 0.176034 0.769693 0.985285 0.219912 1 0 1.000000
  0 1.324909 -0.584923 -0.290747 0.679679 0.034004 0.732721 0.985285 0.125062 1 0 1.000000
  0 1.341774 -0.598375 -0.293597 0.679679 0.034004 0.732721 0.994672 0.125062 1 0 1.000000
c_spy_watch
  0 1.258712 0.205646 -0.002342 -0.445187 -0.308812 0.840502 0.695177 0.686032 1 0 1.000000
  0 1.241589 0.191786 -0.003767 -0.814361 -0.299929 0.496848 0.695177 0.690284 1 0 1.000000
  0 1.240016 0.212361 -0.042391 -0.455218 -0.812368 0.364464 0.680985 0.684406 1 0 1.000000
c_spy_watch
  0 1.257272 0.215581 0.030676 -0.378797 0.027468 0.925072 0.706361 0.681399 1 0 1.000000
  0 1.241589 0.191786 -0.003767 -0.814361 -0.299929 0.496848 0.695177 0.690284 1 0 1.000000
  0 1.258712 0.205646 -0.002342 -0.445187 -0.308812 0.840502 0.695177 0.686032 1 0 1.000000
c_spy_watch
  0 1.257272 0.215581 0.030676 -0.378797 0.027468 0.925072 0.706361 0.681399 1 0 1.000000
  0 1.239761 0.204392 0.038128 -0.694083 0.309302 0.650062 0.709368 0.684406 1 0 1.000000
  0 1.241589 0.191786 -0.003767 -0.814361 -0.299929 0.496848 0.695177 0.690284 1 0 1.000000
c_spy_watch
  0 1.231549 0.284499 0.046030 0.463342 0.542978 0.700349 0.709368 0.656023 1 0 1.000000
  0 1.250800 0.278713 0.036903 0.260073 0.156452 0.952830 0.706361 0.659030 1 0 1.000000
  0 1.249560 0.294929 0.006465 0.458312 -0.126402 0.879757 0.695177 0.654397 1 0 1.000000
c_spy_watch
  0 1.231549 0.284499 0.046030 0.463342 0.542978 0.700349 0.709368 0.656023 1 0 1.000000
  0 1.249560 0.294929 0.006465 0.458312 -0.126402 0.879757 0.695177 0.654397 1 0 1.000000
  0 1.229977 0.305074 0.007406 0.822486 0.030539 0.567965 0.695177 0.650145 1 0 1.000000
c_spy_watch
  0 1.249560 0.294929 0.006465 0.458312 -0.126402 0.879757 0.695177 0.654397 1 0 1.000000
  0 1.231805 0.292467 -0.034490 0.702208 -0.578692 0.414752 0.680985 0.656023 1 0 1.000000
  0 1.229977 0.305074 0.007406 0.822486 0.030539 0.567965 0.695177 0.650145 1 0 1.000000
c_spy_watch
  0 1.249560 0.294929 0.006465 0.458312 -0.126402 0.879757 0.695177 0.654397 1 0 1.000000
  0 1.251000 0.284993 -0.026555 0.391922 -0.462683 0.795186 0.683992 0.659030 1 0 1.000000
  0 1.231805 0.292467 -0.034490 0.702208 -0.578692 0.414752 0.680985 0.656023 1 0 1.000000
c_spy_watch
  0 1.251000 0.284993 -0.026555 0.391922 -0.462683 0.795186 0.683992 0.659030 1 0 1.000000
  0 1.235963 0.254065 -0.055117 0.172966 -0.927836 0.330459 0.675107 0.670215 1 0 1.000000
  0 1.231805 0.292467 -0.034490 0.702208 -0.578692 0.414752 0.680985 0.656023 1 0 1.000000
c_spy_watch
  0 1.251000 0.284993 -0.026555 0.391922 -0.462683 0.795186 0.683992 0.659030 1 0 1.000000
  0 1.254278 0.254728 -0.042809 0.099794 -0.655402 0.748659 0.679360 0.670215 1 0 1.000000
  0 1.235963 0.254065 -0.055117 0.172966 -0.927836 0.330459 0.675107 0.670215 1 0 1.000000
c_spy_watch
  0 1.254278 0.254728 -0.042809 0.099794 -0.655402 0.748659 0.679360 0.670215 1 0 1.000000
  0 1.240016 0.212361 -0.042391 -0.455218 -0.812368 0.364464 0.680985 0.684406 1 0 1.000000
  0 1.235963 0.254065 -0.055117 0.172966 -0.927836 0.330459 0.675107 0.670215 1 0 1.000000
c_spy_watch
  0 1.254278 0.254728 -0.042809 0.099794 -0.655402 0.748659 0.679360 0.670215 1 0 1.000000
  0 1.257472 0.221861 -0.032782 -0.246949 -0.591666 0.767429 0.683992 0.681399 1 0 1.000000
  0 1.240016 0.212361 -0.042391 -0.455218 -0.812368 0.364464 0.680985 0.684406 1 0 1.000000
c_spy_watch
  0 1.258712 0.205646 -0.002342 -0.445187 -0.308812 0.840502 0.695177 0.686032 1 0 1.000000
  0 1.240016 0.212361 -0.042391 -0.455218 -0.812368 0.364464 0.680985 0.684406 1 0 1.000000
  0 1.257472 0.221861 -0.032782 -0.246949 -0.591666 0.767429 0.683992 0.681399 1 0 1.000000
c_spy_watch
  0 1.257472 0.221861 -0.032782 -0.246949 -0.591666 0.767429 0.683992 0.681399 1 0 1.000000
  0 1.254136 0.250286 0.002061 0.007397 -0.245259 0.969429 0.695177 0.670215 1 0 1.000000
  0 1.258712 0.205646 -0.002342 -0.445187 -0.308812 0.840502 0.695177 0.686032 1 0 1.000000
c_spy_watch
  0 1.258712 0.205646 -0.002342 -0.445187 -0.308812 0.840502 0.695177 0.686032 1 0 1.000000
  0 1.254136 0.250286 0.002061 0.007397 -0.245259 0.969429 0.695177 0.670215 1 0 1.000000
  0 1.257272 0.215581 0.030676 -0.378797 0.027468 0.925072 0.706361 0.681399 1 0 1.000000
c_spy_watch
  0 1.253993 0.245847 0.046932 -0.086668 0.220187 0.971600 0.710994 0.670215 1 0 1.000000
  0 1.257272 0.215581 0.030676 -0.378797 0.027468 0.925072 0.706361 0.681399 1 0 1.000000
  0 1.254136 0.250286 0.002061 0.007397 -0.245259 0.969429 0.695177 0.670215 1 0 1.000000
c_spy_watch
  0 1.253993 0.245847 0.046932 -0.086668 0.220187 0.971600 0.710994 0.670215 1 0 1.000000
  0 1.239761 0.204392 0.038128 -0.694083 0.309302 0.650062 0.709368 0.684406 1 0 1.000000
  0 1.257272 0.215581 0.030676 -0.378797 0.027468 0.925072 0.706361 0.681399 1 0 1.000000
c_spy_watch
  0 1.253993 0.245847 0.046932 -0.086668 0.220187 0.971600 0.710994 0.670215 1 0 1.000000
  0 1.235603 0.242795 0.058755 -0.164841 0.658446 0.734354 0.715247 0.670215 1 0 1.000000
  0 1.239761 0.204392 0.038128 -0.694083 0.309302 0.650062 0.709368 0.684406 1 0 1.000000
c_spy_watch
  0 1.231549 0.284499 0.046030 0.463342 0.542978 0.700349 0.709368 0.656023 1 0 1.000000
  0 1.235603 0.242795 0.058755 -0.164841 0.658446 0.734354 0.715247 0.670215 1 0 1.000000
  0 1.253993 0.245847 0.046932 -0.086668 0.220187 0.971600 0.710994 0.670215 1 0 1.000000
c_spy_watch
  0 1.231549 0.284499 0.046030 0.463342 0.542978 0.700349 0.709368 0.656023 1 0 1.000000
  0 1.253993 0.245847 0.046932 -0.086668 0.220187 0.971600 0.710994 0.670215 1 0 1.000000
  0 1.250800 0.278713 0.036903 0.260073 0.156452 0.952830 0.706361 0.659030 1 0 1.000000
c_spy_watch
  0 1.253993 0.245847 0.046932 -0.086668 0.220187 0.971600 0.710994 0.670215 1 0 1.000000
  0 1.254136 0.250286 0.002061 0.007397 -0.245259 0.969429 0.695177 0.670215 1 0 1.000000
  0 1.250800 0.278713 0.036903 0.260073 0.156452 0.952830 0.706361 0.659030 1 0 1.000000
c_spy_watch
  0 1.250800 0.278713 0.036903 0.260073 0.156452 0.952830 0.706361 0.659030 1 0 1.000000
  0 1.254136 0.250286 0.002061 0.007397 -0.245259 0.969429 0.695177 0.670215 1 0 1.000000
  0 1.249560 0.294929 0.006465 0.458312 -0.126402 0.879757 0.695177 0.654397 1 0 1.000000
c_spy_watch
  0 1.249560 0.294929 0.006465 0.458312 -0.126402 0.879757 0.695177 0.654397 1 0 1.000000
  0 1.254136 0.250286 0.002061 0.007397 -0.245259 0.969429 0.695177 0.670215 1 0 1.000000
  0 1.251000 0.284993 -0.026555 0.391922 -0.462683 0.795186 0.683992 0.659030 1 0 1.000000
c_spy_watch
  0 1.251000 0.284993 -0.026555 0.391922 -0.462683 0.795186 0.683992 0.659030 1 0 1.000000
  0 1.254136 0.250286 0.002061 0.007397 -0.245259 0.969429 0.695177 0.670215 1 0 1.000000
  0 1.254278 0.254728 -0.042809 0.099794 -0.655402 0.748659 0.679360 0.670215 1 0 1.000000
c_spy_watch
  0 1.254278 0.254728 -0.042809 0.099794 -0.655402 0.748659 0.679360 0.670215 1 0 1.000000
  0 1.254136 0.250286 0.002061 0.007397 -0.245259 0.969429 0.695177 0.670215 1 0 1.000000
  0 1.257472 0.221861 -0.032782 -0.246949 -0.591666 0.767429 0.683992 0.681399 1 0 1.000000
c_spy_watch
  0 0.688407 -1.353277 -0.575586 0.269909 -0.833810 0.481571 0.537022 0.336606 1 0 1.000000
  0 0.766391 -1.546577 -0.573431 0.269909 -0.833810 0.481571 0.471029 0.327089 1 0 1.000000
  0 0.746795 -1.553245 -0.594207 0.269909 -0.833810 0.481571 0.476090 0.335824 1 0 1.000000
c_spy_watch
  0 0.688407 -1.353277 -0.575586 0.269909 -0.833810 0.481571 0.537022 0.336606 1 0 1.000000
  0 0.709542 -1.351874 -0.555298 0.269909 -0.833810 0.481571 0.537487 0.327089 1 0 1.000000
  0 0.766391 -1.546577 -0.573431 0.269909 -0.833810 0.481571 0.471029 0.327089 1 0 1.000000
c_spy_watch
  0 0.714469 -1.436836 0.403380 -0.001036 0.499881 0.866094 0.537022 0.336606 1 0 1.000000
  0 0.791359 -1.626623 0.364404 -0.001036 0.499881 0.866094 0.471029 0.327089 1 0 1.000000
  0 0.734510 -1.431921 0.382536 -0.001036 0.499881 0.866094 0.537487 0.327089 1 0 1.000000
c_spy_watch
  0 0.714469 -1.436836 0.403380 -0.001036 0.499881 0.866094 0.537022 0.336606 1 0 1.000000
  0 0.772855 -1.636804 0.384756 -0.001036 0.499881 0.866094 0.476090 0.335824 1 0 1.000000
  0 0.791359 -1.626623 0.364404 -0.001036 0.499881 0.866094 0.471029 0.327089 1 0 1.000000
c_spy_watch
  0 0.756137 -1.574277 -0.575522 -0.445187 -0.308812 0.840502 0.467169 0.336399 1 0 1.000000
  0 0.791359 -1.626623 0.364404 -0.445187 -0.308812 0.840502 0.218935 0.327089 1 0 1.000000
  0 0.781105 -1.654323 0.362314 -0.445187 -0.308812 0.840502 0.221052 0.336399 1 0 1.000000
c_spy_watch
  0 0.756137 -1.574277 -0.575522 -0.445187 -0.308812 0.840502 0.467169 0.336399 1 0 1.000000
  0 0.766391 -1.546577 -0.573431 -0.445187 -0.308812 0.840502 0.471029 0.327089 1 0 1.000000
  0 0.791359 -1.626623 0.364404 -0.445187 -0.308812 0.840502 0.218935 0.327089 1 0 1.000000
c_spy_watch
  0 -0.498775 1.740914 0.641445 0.081682 0.558805 0.825267 0.472099 0.423580 1 0 1.000000
  0 -0.434923 1.542532 0.645605 0.081682 0.558805 0.825267 0.537022 0.414716 1 0 1.000000
  0 -0.416783 1.555135 0.626309 0.081682 0.558805 0.825267 0.537487 0.423570 1 0 1.000000
c_spy_watch
  0 -0.498775 1.740914 0.641445 0.081682 0.558805 0.825267 0.472099 0.423580 1 0 1.000000
  0 -0.519136 1.733350 0.661155 0.081682 0.558805 0.825267 0.476090 0.414716 1 0 1.000000
  0 -0.434923 1.542532 0.645605 0.081682 0.558805 0.825267 0.537022 0.414716 1 0 1.000000
c_spy_watch
  0 1.208125 0.513026 0.068570 0.463342 0.542978 0.700349 0.709368 0.575051 1 0 1.000000
  0 1.227374 0.507241 0.059444 0.260073 0.156452 0.952830 0.706361 0.578059 1 0 1.000000
  0 1.226134 0.523455 0.029005 0.458312 -0.126402 0.879757 0.695177 0.573426 1 0 1.000000
c_spy_watch
  0 1.208125 0.513026 0.068570 0.463342 0.542978 0.700349 0.709368 0.575051 1 0 1.000000
  0 1.226134 0.523455 0.029005 0.458312 -0.126402 0.879757 0.695177 0.573426 1 0 1.000000
  0 1.206551 0.533601 0.029946 0.822486 0.030539 0.567965 0.695177 0.569173 1 0 1.000000
c_spy_watch
  0 1.226134 0.523455 0.029005 0.458312 -0.126402 0.879757 0.695177 0.573426 1 0 1.000000
  0 1.208379 0.520994 -0.011949 0.702208 -0.578692 0.414752 0.680985 0.575051 1 0 1.000000
  0 1.206551 0.533601 0.029946 0.822486 0.030539 0.567965 0.695177 0.569173 1 0 1.000000
c_spy_watch
  0 1.226134 0.523455 0.029005 0.458312 -0.126402 0.879757 0.695177 0.573426 1 0 1.000000
  0 1.227576 0.513520 -0.004014 0.391922 -0.462683 0.795186 0.683992 0.578059 1 0 1.000000
  0 1.208379 0.520994 -0.011949 0.702208 -0.578692 0.414752 0.680985 0.575051 1 0 1.000000
c_spy_watch
  0 1.227576 0.513520 -0.004014 0.391922 -0.462683 0.795186 0.683992 0.578059 1 0 1.000000
  0 1.212538 0.482590 -0.032576 0.172966 -0.927836 0.330459 0.675107 0.589243 1 0 1.000000
  0 1.208379 0.520994 -0.011949 0.702208 -0.578692 0.414752 0.680985 0.575051 1 0 1.000000
c_spy_watch
  0 1.227576 0.513520 -0.004014 0.391922 -0.462683 0.795186 0.683992 0.578059 1 0 1.000000
  0 1.230853 0.483254 -0.020269 0.099794 -0.655402 0.748659 0.679360 0.589243 1 0 1.000000
  0 1.212538 0.482590 -0.032576 0.172966 -0.927836 0.330459 0.675107 0.589243 1 0 1.000000
c_spy_watch
  0 1.234046 0.450387 -0.010241 -0.246949 -0.591666 0.767429 0.683992 0.600427 1 0 1.000000
  0 1.212538 0.482590 -0.032576 0.172966 -0.927836 0.330459 0.675107 0.589243 1 0 1.000000
  0 1.230853 0.483254 -0.020269 0.099794 -0.655402 0.748659 0.679360 0.589243 1 0 1.000000
c_spy_watch
  0 1.230853 0.483254 -0.020269 0.099794 -0.655402 0.748659 0.679360 0.589243 1 0 1.000000
  0 1.230711 0.478814 0.024602 0.007397 -0.245259 0.969429 0.695177 0.589243 1 0 1.000000
  0 1.234046 0.450387 -0.010241 -0.246949 -0.591666 0.767429 0.683992 0.600427 1 0 1.000000
c_spy_watch
  0 1.234046 0.450387 -0.010241 -0.246949 -0.591666 0.767429 0.683992 0.600427 1 0 1.000000
  0 1.230711 0.478814 0.024602 0.007397 -0.245259 0.969429 0.695177 0.589243 1 0 1.000000
  0 1.235286 0.434174 0.020199 -0.445187 -0.308812 0.840502 0.695177 0.605060 1 0 1.000000
c_spy_watch
  0 1.235286 0.434174 0.020199 -0.445187 -0.308812 0.840502 0.695177 0.605060 1 0 1.000000
  0 1.230711 0.478814 0.024602 0.007397 -0.245259 0.969429 0.695177 0.589243 1 0 1.000000
  0 1.233846 0.444109 0.053217 -0.378797 0.027468 0.925072 0.706361 0.600427 1 0 1.000000
c_spy_watch
  0 1.235286 0.434174 0.020199 -0.445187 -0.308812 0.840502 0.695177 0.605060 1 0 1.000000
  0 1.233846 0.444109 0.053217 -0.378797 0.027468 0.925072 0.706361 0.600427 1 0 1.000000
  0 1.216336 0.432920 0.060669 -0.694083 0.309302 0.650062 0.709368 0.603435 1 0 1.000000
c_spy_watch
  0 1.230568 0.474374 0.069473 -0.086668 0.220187 0.971600 0.710994 0.589243 1 0 1.000000
  0 1.216336 0.432920 0.060669 -0.694083 0.309302 0.650062 0.709368 0.603435 1 0 1.000000
  0 1.233846 0.444109 0.053217 -0.378797 0.027468 0.925072 0.706361 0.600427 1 0 1.000000
c_spy_watch
  0 1.230568 0.474374 0.069473 -0.086668 0.220187 0.971600 0.710994 0.589243 1 0 1.000000
  0 1.212177 0.471323 0.081296 -0.164841 0.658446 0.734354 0.715247 0.589243 1 0 1.000000
  0 1.216336 0.432920 0.060669 -0.694083 0.309302 0.650062 0.709368 0.603435 1 0 1.000000
c_spy_watch
  0 1.208125 0.513026 0.068570 0.463342 0.542978 0.700349 0.709368 0.575051 1 0 1.000000
  0 1.212177 0.471323 0.081296 -0.164841 0.658446 0.734354 0.715247 0.589243 1 0 1.000000
  0 1.230568 0.474374 0.069473 -0.086668 0.220187 0.971600 0.710994 0.589243 1 0 1.000000
c_spy_watch
  0 1.208125 0.513026 0.068570 0.463342 0.542978 0.700349 0.709368 0.575051 1 0 1.000000
  0 1.230568 0.474374 0.069473 -0.086668 0.220187 0.971600 0.710994 0.589243 1 0 1.000000
  0 1.227374 0.507241 0.059444 0.260073 0.156452 0.952830 0.706361 0.578059 1 0 1.000000
c_spy_watch
  0 1.230568 0.474374 0.069473 -0.086668 0.220187 0.971600 0.710994 0.589243 1 0 1.000000
  0 1.230711 0.478814 0.024602 0.007397 -0.245259 0.969429 0.695177 0.589243 1 0 1.000000
  0 1.227374 0.507241 0.059444 0.260073 0.156452 0.952830 0.706361 0.578059 1 0 1.000000
c_spy_watch
  0 1.227374 0.507241 0.059444 0.260073 0.156452 0.952830 0.706361 0.578059 1 0 1.000000
  0 1.230711 0.478814 0.024602 0.007397 -0.245259 0.969429 0.695177 0.589243 1 0 1.000000
  0 1.226134 0.523455 0.029005 0.458312 -0.126402 0.879757 0.695177 0.573426 1 0 1.000000
c_spy_watch
  0 1.226134 0.523455 0.029005 0.458312 -0.126402 0.879757 0.695177 0.573426 1 0 1.000000
  0 1.230711 0.478814 0.024602 0.007397 -0.245259 0.969429 0.695177 0.589243 1 0 1.000000
  0 1.227576 0.513520 -0.004014 0.391922 -0.462683 0.795186 0.683992 0.578059 1 0 1.000000
c_spy_watch
  0 1.227576 0.513520 -0.004014 0.391922 -0.462683 0.795186 0.683992 0.578059 1 0 1.000000
  0 1.230711 0.478814 0.024602 0.007397 -0.245259 0.969429 0.695177 0.589243 1 0 1.000000
  0 1.230853 0.483254 -0.020269 0.099794 -0.655402 0.748659 0.679360 0.589243 1 0 1.000000
c_spy_watch
  0 1.230568 0.474374 0.069473 -0.086668 0.220187 0.971600 0.710994 0.589243 1 0 1.000000
  0 1.233846 0.444109 0.053217 -0.378797 0.027468 0.925072 0.706361 0.600427 1 0 1.000000
  0 1.230711 0.478814 0.024602 0.007397 -0.245259 0.969429 0.695177 0.589243 1 0 1.000000
c_spy_watch
  0 1.234046 0.450387 -0.010241 -0.246949 -0.591666 0.767429 0.683992 0.600427 1 0 1.000000
  0 1.216590 0.440887 -0.019851 -0.455218 -0.812368 0.364464 0.680985 0.603435 1 0 1.000000
  0 1.212538 0.482590 -0.032576 0.172966 -0.927836 0.330459 0.675107 0.589243 1 0 1.000000
c_spy_watch
  0 1.234046 0.450387 -0.010241 -0.246949 -0.591666 0.767429 0.683992 0.600427 1 0 1.000000
  0 1.218164 0.420313 0.018773 -0.814361 -0.299929 0.496848 0.695177 0.609313 1 0 1.000000
  0 1.216590 0.440887 -0.019851 -0.455218 -0.812368 0.364464 0.680985 0.603435 1 0 1.000000
c_spy_watch
  0 1.234046 0.450387 -0.010241 -0.246949 -0.591666 0.767429 0.683992 0.600427 1 0 1.000000
  0 1.235286 0.434174 0.020199 -0.445187 -0.308812 0.840502 0.695177 0.605060 1 0 1.000000
  0 1.218164 0.420313 0.018773 -0.814361 -0.299929 0.496848 0.695177 0.609313 1 0 1.000000
c_spy_watch
  0 1.235286 0.434174 0.020199 -0.445187 -0.308812 0.840502 0.695177 0.605060 1 0 1.000000
  0 1.216336 0.432920 0.060669 -0.694083 0.309302 0.650062 0.709368 0.603435 1 0 1.000000
  0 1.218164 0.420313 0.018773 -0.814361 -0.299929 0.496848 0.695177 0.609313 1 0 1.000000
c_spy_watch
  0 1.220583 0.553354 0.031946 -0.637898 -0.314800 0.702842 0.695177 0.562744 1 0 1.000000
  0 1.208125 0.513026 0.068570 -0.355526 -0.717698 0.598757 0.709368 0.575051 1 0 1.000000
  0 1.206551 0.533601 0.029946 -0.637898 -0.314800 0.702842 0.695177 0.569173 1 0 1.000000
c_spy_watch
  0 1.220583 0.553354 0.031946 -0.637898 -0.314800 0.702842 0.695177 0.562744 1 0 1.000000
  0 1.222661 0.526188 0.082942 -0.355526 -0.717698 0.598757 0.713915 0.570505 1 0 1.000000
  0 1.208125 0.513026 0.068570 -0.355526 -0.717698 0.598757 0.709368 0.575051 1 0 1.000000
c_spy_watch
  0 1.212177 0.471323 0.081296 0.138373 -0.808483 0.572021 0.715247 0.589243 1 0 1.000000
  0 1.208125 0.513026 0.068570 -0.355526 -0.717698 0.598757 0.709368 0.575051 1 0 1.000000
  0 1.222661 0.526188 0.082942 -0.355526 -0.717698 0.598757 0.713915 0.570505 1 0 1.000000
c_spy_watch
  0 1.212177 0.471323 0.081296 0.138373 -0.808483 0.572021 0.715247 0.589243 1 0 1.000000
  0 1.222661 0.526188 0.082942 -0.355526 -0.717698 0.598757 0.713915 0.570505 1 0 1.000000
  0 1.228012 0.471126 0.099743 0.138373 -0.808483 0.572021 0.721676 0.589243 1 0 1.000000
c_spy_watch
  0 1.216336 0.432920 0.060669 0.554483 -0.533974 0.638295 0.709368 0.603435 1 0 1.000000
  0 1.212177 0.471323 0.081296 0.138373 -0.808483 0.572021 0.715247 0.589243 1 0 1.000000
  0 1.228012 0.471126 0.099743 0.138373 -0.808483 0.572021 0.721676 0.589243 1 0 1.000000
c_spy_watch
  0 1.216336 0.432920 0.060669 0.554483 -0.533974 0.638295 0.709368 0.603435 1 0 1.000000
  0 1.228012 0.471126 0.099743 0.138373 -0.808483 0.572021 0.721676 0.589243 1 0 1.000000
  0 1.233504 0.420421 0.072509 0.554483 -0.533974 0.638295 0.713915 0.607981 1 0 1.000000
c_spy_watch
  0 1.233504 0.420421 0.072509 0.554483 -0.533974 0.638295 0.713915 0.607981 1 0 1.000000
  0 1.218164 0.420313 0.018773 0.649049 -0.054975 0.758757 0.695177 0.609313 1 0 1.000000
  0 1.216336 0.432920 0.060669 0.554483 -0.533974 0.638295 0.709368 0.603435 1 0 1.000000
c_spy_watch
  0 1.233504 0.420421 0.072509 0.554483 -0.533974 0.638295 0.713915 0.607981 1 0 1.000000
  0 1.235917 0.403776 0.017192 0.649049 -0.054975 0.758757 0.695177 0.615742 1 0 1.000000
  0 1.218164 0.420313 0.018773 0.649049 -0.054975 0.758757 0.695177 0.609313 1 0 1.000000
c_spy_watch
  0 1.233839 0.430941 -0.033803 0.366678 0.347924 0.862842 0.676439 0.607981 1 0 1.000000
  0 1.218164 0.420313 0.018773 0.649049 -0.054975 0.758757 0.695177 0.609313 1 0 1.000000
  0 1.235917 0.403776 0.017192 0.649049 -0.054975 0.758757 0.695177 0.615742 1 0 1.000000
c_spy_watch
  0 1.233839 0.430941 -0.033803 0.366678 0.347924 0.862842 0.676439 0.607981 1 0 1.000000
  0 1.216590 0.440887 -0.019851 0.366678 0.347924 0.862842 0.680985 0.603435 1 0 1.000000
  0 1.218164 0.420313 0.018773 0.649049 -0.054975 0.758757 0.695177 0.609313 1 0 1.000000
c_spy_watch
  0 1.228488 0.486004 -0.050605 -0.127222 0.438708 0.889578 0.668678 0.589243 1 0 1.000000
  0 1.216590 0.440887 -0.019851 0.366678 0.347924 0.862842 0.680985 0.603435 1 0 1.000000
  0 1.233839 0.430941 -0.033803 0.366678 0.347924 0.862842 0.676439 0.607981 1 0 1.000000
c_spy_watch
  0 1.228488 0.486004 -0.050605 -0.127222 0.438708 0.889578 0.668678 0.589243 1 0 1.000000
  0 1.212538 0.482590 -0.032576 -0.127222 0.438708 0.889578 0.675107 0.589243 1 0 1.000000
  0 1.216590 0.440887 -0.019851 0.366678 0.347924 0.862842 0.680985 0.603435 1 0 1.000000
c_spy_watch
  0 1.222997 0.536710 -0.023371 -0.543331 0.164199 0.823304 0.676439 0.570505 1 0 1.000000
  0 1.212538 0.482590 -0.032576 -0.127222 0.438708 0.889578 0.675107 0.589243 1 0 1.000000
  0 1.228488 0.486004 -0.050605 -0.127222 0.438708 0.889578 0.668678 0.589243 1 0 1.000000
c_spy_watch
  0 1.222997 0.536710 -0.023371 -0.543331 0.164199 0.823304 0.676439 0.570505 1 0 1.000000
  0 1.208379 0.520994 -0.011949 -0.543331 0.164199 0.823304 0.680985 0.575051 1 0 1.000000
  0 1.212538 0.482590 -0.032576 -0.127222 0.438708 0.889578 0.675107 0.589243 1 0 1.000000
c_spy_watch
  0 1.206551 0.533601 0.029946 -0.637898 -0.314800 0.702842 0.695177 0.569173 1 0 1.000000
  0 1.208379 0.520994 -0.011949 -0.543331 0.164199 0.823304 0.680985 0.575051 1 0 1.000000
  0 1.222997 0.536710 -0.023371 -0.543331 0.164199 0.823304 0.676439 0.570505 1 0 1.000000
c_spy_watch
  0 1.206551 0.533601 0.029946 -0.637898 -0.314800 0.702842 0.695177 0.569173 1 0 1.000000
  0 1.222997 0.536710 -0.023371 -0.543331 0.164199 0.823304 0.676439 0.570505 1 0 1.000000
  0 1.220583 0.553354 0.031946 -0.637898 -0.314800 0.702842 0.695177 0.562744 1 0 1.000000
c_spy_watch
  0 0.776834 -1.494533 -0.557121 -0.096815 -0.531336 -0.841611 0.472099 0.423580 1 0 1.000000
  0 0.693907 -1.303363 -0.552038 -0.096815 -0.531336 -0.841611 0.537022 0.414716 1 0 1.000000
  0 0.795174 -1.484540 -0.577714 -0.096815 -0.531336 -0.841611 0.476090 0.414716 1 0 1.000000
c_spy_watch
  0 0.776834 -1.494533 -0.557121 -0.096815 -0.531336 -0.841611 0.472099 0.423580 1 0 1.000000
  0 0.678234 -1.318122 -0.532121 -0.096815 -0.531336 -0.841611 0.537487 0.423570 1 0 1.000000
  0 0.693907 -1.303363 -0.552038 -0.096815 -0.531336 -0.841611 0.537022 0.414716 1 0 1.000000
c_spy_watch
  0 1.007106 -0.937430 -0.561616 0.959278 0.232227 -0.160795 0.498568 0.077551 1 0 1.000000
  0 1.075600 -1.036480 0.477533 0.959278 0.232227 -0.160795 0.219826 0.069585 1 0 1.000000
  0 1.036227 -0.927863 -0.563543 0.959278 0.232227 -0.160795 0.499170 0.069585 1 0 1.000000
c_spy_watch
  0 1.007106 -0.937430 -0.561616 0.959278 0.232227 -0.160795 0.498568 0.077551 1 0 1.000000
  0 1.046341 -1.045673 0.475856 0.959278 0.232227 -0.160795 0.220192 0.077551 1 0 1.000000
  0 1.075600 -1.036480 0.477533 0.959278 0.232227 -0.160795 0.219826 0.069585 1 0 1.000000
c_spy_watch
  0 -0.439772 1.817625 -0.292787 -0.007397 0.245259 -0.969429 0.472099 0.633022 1 0 1.000000
  0 -0.432509 1.532574 0.627390 -0.007397 0.245259 -0.969429 0.221052 0.575857 1 0 1.000000
  0 -0.455909 1.734093 0.644938 -0.007397 0.245259 -0.969429 0.221052 0.633022 1 0 1.000000
c_spy_watch
  0 -0.439772 1.817625 -0.292787 -0.007397 0.245259 -0.969429 0.472099 0.633022 1 0 1.000000
  0 -0.416371 1.616096 -0.310335 -0.007397 0.245259 -0.969429 0.472099 0.575857 1 0 1.000000
  0 -0.432509 1.532574 0.627390 -0.007397 0.245259 -0.969429 0.221052 0.575857 1 0 1.000000
c_spy_watch
  0 0.396276 -1.449049 -0.566714 0.147989 -0.868994 0.472174 0.537487 0.327089 1 0 1.000000
  0 0.398753 -1.654442 -0.602155 0.147989 -0.868994 0.472174 0.476090 0.335824 1 0 1.000000
  0 0.374586 -1.447296 -0.586377 0.147989 -0.868994 0.472174 0.537022 0.336606 1 0 1.000000
c_spy_watch
  0 0.396276 -1.449049 -0.566714 0.147989 -0.868994 0.472174 0.537487 0.327089 1 0 1.000000
  0 0.419806 -1.650738 -0.582075 0.147989 -0.868994 0.472174 0.471029 0.327089 1 0 1.000000
  0 0.398753 -1.654442 -0.602155 0.147989 -0.868994 0.472174 0.476090 0.335824 1 0 1.000000
c_spy_watch
  0 0.416578 -1.517003 0.393118 -0.127222 0.438708 0.889578 0.537022 0.336606 1 0 1.000000
  0 0.460033 -1.717507 0.356268 -0.127222 0.438708 0.889578 0.471029 0.327089 1 0 1.000000
  0 0.436503 -1.515819 0.371629 -0.127222 0.438708 0.889578 0.537487 0.327089 1 0 1.000000
c_spy_watch
  0 0.416578 -1.517003 0.393118 -0.127222 0.438708 0.889578 0.537022 0.336606 1 0 1.000000
  0 0.440745 -1.724150 0.377342 -0.127222 0.438708 0.889578 0.476090 0.335824 1 0 1.000000
  0 0.460033 -1.717507 0.356268 -0.127222 0.438708 0.889578 0.471029 0.327089 1 0 1.000000
c_spy_watch
  0 0.103858 -1.688425 -0.571212 -0.608876 0.124930 -0.783366 0.472099 0.423580 1 0 1.000000
  0 0.164305 -1.776699 0.364734 -0.608876 0.124930 -0.783366 0.221052 0.414716 1 0 1.000000
  0 0.144081 -1.755195 0.367132 -0.608876 0.124930 -0.783366 0.221052 0.423580 1 0 1.000000
c_spy_watch
  0 0.103858 -1.688425 -0.571212 -0.608876 0.124930 -0.783366 0.472099 0.423580 1 0 1.000000
  0 0.124078 -1.709919 -0.573607 -0.608876 0.124930 -0.783366 0.467168 0.414716 1 0 1.000000
  0 0.164305 -1.776699 0.364734 -0.608876 0.124930 -0.783366 0.221052 0.414716 1 0 1.000000
c_spy_watch
  0 -0.836408 1.632181 0.619150 0.846913 0.045462 0.529784 0.221052 0.423580 1 0 1.000000
  0 -0.835271 1.706508 -0.319953 0.846913 0.045462 0.529784 0.467168 0.414716 1 0 1.000000
  0 -0.863103 1.645002 0.619199 0.846913 0.045462 0.529784 0.221052 0.414716 1 0 1.000000
c_spy_watch
  0 -0.836408 1.632181 0.619150 0.846913 0.045462 0.529784 0.221052 0.423580 1 0 1.000000
  0 -0.808576 1.693687 -0.320002 0.846913 0.045462 0.529784 0.472099 0.423580 1 0 1.000000
  0 -0.835271 1.706508 -0.319953 0.846913 0.045462 0.529784 0.467168 0.414716 1 0 1.000000
c_spy_watch
  0 1.261614 -1.073169 0.491263 -0.728142 -0.310632 0.610997 0.892418 0.104835 1 0 1.000000
  0 1.290487 -0.941316 -0.559482 -0.728142 -0.310632 0.610997 0.644172 0.095650 1 0 1.000000
  0 1.287141 -1.046122 0.499594 -0.728142 -0.310632 0.610997 0.893614 0.095649 1 0 1.000000
c_spy_watch
  0 1.261614 -1.073169 0.491263 -0.728142 -0.310632 0.610997 0.892418 0.104835 1 0 1.000000
  0 1.264927 -0.969461 -0.556775 -0.728142 -0.310632 0.610997 0.645315 0.104836 1 0 1.000000
  0 1.290487 -0.941316 -0.559482 -0.728142 -0.310632 0.610997 0.644172 0.095650 1 0 1.000000
c_spy_watch
  0 0.935947 -1.168520 -0.548884 0.439568 -0.788942 0.429360 0.537022 0.336606 1 0 1.000000
  0 1.054947 -1.339598 -0.553496 0.439568 -0.788942 0.429360 0.471029 0.327089 1 0 1.000000
  0 1.037216 -1.349708 -0.574560 0.439568 -0.788942 0.429360 0.476090 0.335824 1 0 1.000000
c_spy_watch
  0 0.935947 -1.168520 -0.548884 0.439568 -0.788942 0.429360 0.537022 0.336606 1 0 1.000000
  0 0.956347 -1.163187 -0.528497 0.439568 -0.788942 0.429360 0.537487 0.327089 1 0 1.000000
  0 1.054947 -1.339598 -0.553496 0.439568 -0.788942 0.429360 0.471029 0.327089 1 0 1.000000
c_spy_watch
  0 0.853449 1.396555 -0.280995 0.865066 0.277175 -0.418132 0.233718 0.216686 1 0 1.000000
  0 0.687263 1.209762 0.650987 0.865066 0.277175 -0.418132 0.485713 0.161121 1 0 1.000000
  0 0.859173 1.323966 0.658762 0.865066 0.277175 -0.418132 0.485137 0.216000 1 0 1.000000
c_spy_watch
  0 0.853449 1.396555 -0.280995 0.865066 0.277175 -0.418132 0.233718 0.216686 1 0 1.000000
  0 0.681537 1.282351 -0.288770 0.865066 0.277175 -0.418132 0.233491 0.161121 1 0 1.000000
  0 0.687263 1.209762 0.650987 0.865066 0.277175 -0.418132 0.485713 0.161121 1 0 1.000000
c_spy_watch
  0 1.207310 0.487496 0.326563 0.463342 0.542978 0.700349 0.800312 0.575051 1 0 1.000000
  0 1.226558 0.481710 0.317438 0.260073 0.156452 0.952830 0.797305 0.578059 1 0 1.000000
  0 1.225318 0.497925 0.286998 0.458312 -0.126402 0.879757 0.786120 0.573426 1 0 1.000000
c_spy_watch
  0 1.207310 0.487496 0.326563 0.463342 0.542978 0.700349 0.800312 0.575051 1 0 1.000000
  0 1.225318 0.497925 0.286998 0.458312 -0.126402 0.879757 0.786120 0.573426 1 0 1.000000
  0 1.205734 0.508070 0.287941 0.822486 0.030539 0.567965 0.786120 0.569173 1 0 1.000000
c_spy_watch
  0 1.225318 0.497925 0.286998 0.458312 -0.126402 0.879757 0.786120 0.573426 1 0 1.000000
  0 1.207563 0.495464 0.246044 0.702208 -0.578692 0.414752 0.771929 0.575051 1 0 1.000000
  0 1.205734 0.508070 0.287941 0.822486 0.030539 0.567965 0.786120 0.569173 1 0 1.000000
c_spy_watch
  0 1.225318 0.497925 0.286998 0.458312 -0.126402 0.879757 0.786120 0.573426 1 0 1.000000
  0 1.226759 0.487989 0.253980 0.391922 -0.462683 0.795186 0.774936 0.578059 1 0 1.000000
  0 1.207563 0.495464 0.246044 0.702208 -0.578692 0.414752 0.771929 0.575051 1 0 1.000000
c_spy_watch
  0 1.226759 0.487989 0.253980 0.391922 -0.462683 0.795186 0.774936 0.578059 1 0 1.000000
  0 1.211720 0.457061 0.225418 0.172966 -0.927836 0.330459 0.766050 0.589243 1 0 1.000000
  0 1.207563 0.495464 0.246044 0.702208 -0.578692 0.414752 0.771929 0.575051 1 0 1.000000
c_spy_watch
  0 1.226759 0.487989 0.253980 0.391922 -0.462683 0.795186 0.774936 0.578059 1 0 1.000000
  0 1.230037 0.457725 0.237725 0.099794 -0.655402 0.748659 0.770303 0.589243 1 0 1.000000
  0 1.211720 0.457061 0.225418 0.172966 -0.927836 0.330459 0.766050 0.589243 1 0 1.000000
c_spy_watch
  0 1.233230 0.424858 0.247753 -0.246949 -0.591666 0.767429 0.774936 0.600427 1 0 1.000000
  0 1.211720 0.457061 0.225418 0.172966 -0.927836 0.330459 0.766050 0.589243 1 0 1.000000
  0 1.230037 0.457725 0.237725 0.099794 -0.655402 0.748659 0.770303 0.589243 1 0 1.000000
c_spy_watch
  0 1.230037 0.457725 0.237725 0.099794 -0.655402 0.748659 0.770303 0.589243 1 0 1.000000
  0 1.229894 0.453283 0.282596 0.007397 -0.245259 0.969429 0.786120 0.589243 1 0 1.000000
  0 1.233230 0.424858 0.247753 -0.246949 -0.591666 0.767429 0.774936 0.600427 1 0 1.000000
c_spy_watch
  0 1.233230 0.424858 0.247753 -0.246949 -0.591666 0.767429 0.774936 0.600427 1 0 1.000000
  0 1.229894 0.453283 0.282596 0.007397 -0.245259 0.969429 0.786120 0.589243 1 0 1.000000
  0 1.234470 0.408643 0.278192 -0.445187 -0.308812 0.840502 0.786120 0.605060 1 0 1.000000
c_spy_watch
  0 1.234470 0.408643 0.278192 -0.445187 -0.308812 0.840502 0.786120 0.605060 1 0 1.000000
  0 1.229894 0.453283 0.282596 0.007397 -0.245259 0.969429 0.786120 0.589243 1 0 1.000000
  0 1.233029 0.418578 0.311210 -0.378797 0.027468 0.925072 0.797305 0.600427 1 0 1.000000
c_spy_watch
  0 1.234470 0.408643 0.278192 -0.445187 -0.308812 0.840502 0.786120 0.605060 1 0 1.000000
  0 1.233029 0.418578 0.311210 -0.378797 0.027468 0.925072 0.797305 0.600427 1 0 1.000000
  0 1.215521 0.407389 0.318662 -0.694083 0.309302 0.650062 0.800312 0.603435 1 0 1.000000
c_spy_watch
  0 1.229754 0.448843 0.327466 -0.086668 0.220187 0.971600 0.801937 0.589243 1 0 1.000000
  0 1.215521 0.407389 0.318662 -0.694083 0.309302 0.650062 0.800312 0.603435 1 0 1.000000
  0 1.233029 0.418578 0.311210 -0.378797 0.027468 0.925072 0.797305 0.600427 1 0 1.000000
c_spy_watch
  0 1.229754 0.448843 0.327466 -0.086668 0.220187 0.971600 0.801937 0.589243 1 0 1.000000
  0 1.211360 0.445792 0.339289 -0.164841 0.658446 0.734354 0.806190 0.589243 1 0 1.000000
  0 1.215521 0.407389 0.318662 -0.694083 0.309302 0.650062 0.800312 0.603435 1 0 1.000000
c_spy_watch
  0 1.207310 0.487496 0.326563 0.463342 0.542978 0.700349 0.800312 0.575051 1 0 1.000000
  0 1.211360 0.445792 0.339289 -0.164841 0.658446 0.734354 0.806190 0.589243 1 0 1.000000
  0 1.229754 0.448843 0.327466 -0.086668 0.220187 0.971600 0.801937 0.589243 1 0 1.000000
c_spy_watch
  0 1.207310 0.487496 0.326563 0.463342 0.542978 0.700349 0.800312 0.575051 1 0 1.000000
  0 1.229754 0.448843 0.327466 -0.086668 0.220187 0.971600 0.801937 0.589243 1 0 1.000000
  0 1.226558 0.481710 0.317438 0.260073 0.156452 0.952830 0.797305 0.578059 1 0 1.000000
c_spy_watch
  0 1.229754 0.448843 0.327466 -0.086668 0.220187 0.971600 0.801937 0.589243 1 0 1.000000
  0 1.229894 0.453283 0.282596 0.007397 -0.245259 0.969429 0.786120 0.589243 1 0 1.000000
  0 1.226558 0.481710 0.317438 0.260073 0.156452 0.952830 0.797305 0.578059 1 0 1.000000
c_spy_watch
  0 1.226558 0.481710 0.317438 0.260073 0.156452 0.952830 0.797305 0.578059 1 0 1.000000
  0 1.229894 0.453283 0.282596 0.007397 -0.245259 0.969429 0.786120 0.589243 1 0 1.000000
  0 1.225318 0.497925 0.286998 0.458312 -0.126402 0.879757 0.786120 0.573426 1 0 1.000000
c_spy_watch
  0 1.225318 0.497925 0.286998 0.458312 -0.126402 0.879757 0.786120 0.573426 1 0 1.000000
  0 1.229894 0.453283 0.282596 0.007397 -0.245259 0.969429 0.786120 0.589243 1 0 1.000000
  0 1.226759 0.487989 0.253980 0.391922 -0.462683 0.795186 0.774936 0.578059 1 0 1.000000
c_spy_watch
  0 1.226759 0.487989 0.253980 0.391922 -0.462683 0.795186 0.774936 0.578059 1 0 1.000000
  0 1.229894 0.453283 0.282596 0.007397 -0.245259 0.969429 0.786120 0.589243 1 0 1.000000
  0 1.230037 0.457725 0.237725 0.099794 -0.655402 0.748659 0.770303 0.589243 1 0 1.000000
c_spy_watch
  0 1.229754 0.448843 0.327466 -0.086668 0.220187 0.971600 0.801937 0.589243 1 0 1.000000
  0 1.233029 0.418578 0.311210 -0.378797 0.027468 0.925072 0.797305 0.600427 1 0 1.000000
  0 1.229894 0.453283 0.282596 0.007397 -0.245259 0.969429 0.786120 0.589243 1 0 1.000000
c_spy_watch
  0 1.233230 0.424858 0.247753 -0.246949 -0.591666 0.767429 0.774936 0.600427 1 0 1.000000
  0 1.215774 0.415357 0.238143 -0.455218 -0.812368 0.364464 0.771929 0.603435 1 0 1.000000
  0 1.211720 0.457061 0.225418 0.172966 -0.927836 0.330459 0.766050 0.589243 1 0 1.000000
c_spy_watch
  0 1.233230 0.424858 0.247753 -0.246949 -0.591666 0.767429 0.774936 0.600427 1 0 1.000000
  0 1.217347 0.394783 0.276766 -0.814361 -0.299929 0.496848 0.786120 0.609313 1 0 1.000000
  0 1.215774 0.415357 0.238143 -0.455218 -0.812368 0.364464 0.771929 0.603435 1 0 1.000000
c_spy_watch
  0 1.233230 0.424858 0.247753 -0.246949 -0.591666 0.767429 0.774936 0.600427 1 0 1.000000
  0 1.234470 0.408643 0.278192 -0.445187 -0.308812 0.840502 0.786120 0.605060 1 0 1.000000
  0 1.217347 0.394783 0.276766 -0.814361 -0.299929 0.496848 0.786120 0.609313 1 0 1.000000
c_spy_watch
  0 1.234470 0.408643 0.278192 -0.445187 -0.308812 0.840502 0.786120 0.605060 1 0 1.000000
  0 1.215521 0.407389 0.318662 -0.694083 0.309302 0.650062 0.800312 0.603435 1 0 1.000000
  0 1.217347 0.394783 0.276766 -0.814361 -0.299929 0.496848 0.786120 0.609313 1 0 1.000000
c_spy_watch
  0 0.068144 -1.675400 -0.574209 -0.199339 -0.322578 0.925315 0.472099 0.633022 1 0 1.000000
  0 0.132473 -1.540416 0.377457 -0.199339 -0.322578 0.925315 0.221052 0.575857 1 0 1.000000
  0 0.108374 -1.742179 0.364134 -0.199339 -0.322578 0.925315 0.221052 0.633022 1 0 1.000000
c_spy_watch
  0 0.068144 -1.675400 -0.574209 -0.199339 -0.322578 0.925315 0.472099 0.633022 1 0 1.000000
  0 0.092249 -1.473636 -0.560884 -0.199339 -0.322578 0.925315 0.472099 0.575857 1 0 1.000000
  0 0.132473 -1.540416 0.377457 -0.199339 -0.322578 0.925315 0.221052 0.575857 1 0 1.000000
c_spy_watch
  0 1.227672 0.460474 0.207389 -0.127222 0.438708 0.889578 0.759621 0.589243 1 0 1.000000
  0 1.211720 0.457061 0.225418 -0.127222 0.438708 0.889578 0.766050 0.589243 1 0 1.000000
  0 1.215774 0.415357 0.238143 0.366678 0.347924 0.862842 0.771929 0.603435 1 0 1.000000
c_spy_watch
  0 1.207563 0.495464 0.246044 -0.543331 0.164199 0.823304 0.771929 0.575051 1 0 1.000000
  0 1.211720 0.457061 0.225418 -0.127222 0.438708 0.889578 0.766050 0.589243 1 0 1.000000
  0 1.227672 0.460474 0.207389 -0.127222 0.438708 0.889578 0.759621 0.589243 1 0 1.000000
c_spy_watch
  0 1.207563 0.495464 0.246044 -0.543331 0.164199 0.823304 0.771929 0.575051 1 0 1.000000
  0 1.227672 0.460474 0.207389 -0.127222 0.438708 0.889578 0.759621 0.589243 1 0 1.000000
  0 1.222183 0.511179 0.234623 -0.543331 0.164199 0.823304 0.767382 0.570505 1 0 1.000000
c_spy_watch
  0 1.219767 0.527824 0.289940 -0.637898 -0.314800 0.702842 0.786120 0.562744 1 0 1.000000
  0 1.207563 0.495464 0.246044 -0.543331 0.164199 0.823304 0.771929 0.575051 1 0 1.000000
  0 1.222183 0.511179 0.234623 -0.543331 0.164199 0.823304 0.767382 0.570505 1 0 1.000000
c_spy_watch
  0 1.219767 0.527824 0.289940 -0.637898 -0.314800 0.702842 0.786120 0.562744 1 0 1.000000
  0 1.205734 0.508070 0.287941 -0.637898 -0.314800 0.702842 0.786120 0.569173 1 0 1.000000
  0 1.207563 0.495464 0.246044 -0.543331 0.164199 0.823304 0.771929 0.575051 1 0 1.000000
c_spy_watch
  0 1.219767 0.527824 0.289940 -0.637898 -0.314800 0.702842 0.786120 0.562744 1 0 1.000000
  0 1.207310 0.487496 0.326563 -0.355526 -0.717698 0.598757 0.800312 0.575051 1 0 1.000000
  0 1.205734 0.508070 0.287941 -0.637898 -0.314800 0.702842 0.786120 0.569173 1 0 1.000000
c_spy_watch
  0 1.219767 0.527824 0.289940 -0.637898 -0.314800 0.702842 0.786120 0.562744 1 0 1.000000
  0 1.221844 0.500658 0.340936 -0.355526 -0.717698 0.598757 0.804858 0.570505 1 0 1.000000
  0 1.207310 0.487496 0.326563 -0.355526 -0.717698 0.598757 0.800312 0.575051 1 0 1.000000
c_spy_watch
  0 1.227197 0.445596 0.357738 0.138373 -0.808483 0.572021 0.812619 0.589243 1 0 1.000000
  0 1.207310 0.487496 0.326563 -0.355526 -0.717698 0.598757 0.800312 0.575051 1 0 1.000000
  0 1.221844 0.500658 0.340936 -0.355526 -0.717698 0.598757 0.804858 0.570505 1 0 1.000000
c_spy_watch
  0 1.227197 0.445596 0.357738 0.138373 -0.808483 0.572021 0.812619 0.589243 1 0 1.000000
  0 1.211360 0.445792 0.339289 0.138373 -0.808483 0.572021 0.806190 0.589243 1 0 1.000000
  0 1.207310 0.487496 0.326563 -0.355526 -0.717698 0.598757 0.800312 0.575051 1 0 1.000000
c_spy_watch
  0 1.227197 0.445596 0.357738 0.138373 -0.808483 0.572021 0.812619 0.589243 1 0 1.000000
  0 1.215521 0.407389 0.318662 0.554483 -0.533974 0.638295 0.800312 0.603435 1 0 1.000000
  0 1.211360 0.445792 0.339289 0.138373 -0.808483 0.572021 0.806190 0.589243 1 0 1.000000
c_spy_watch
  0 1.227197 0.445596 0.357738 0.138373 -0.808483 0.572021 0.812619 0.589243 1 0 1.000000
  0 1.232686 0.394890 0.330503 0.554483 -0.533974 0.638295 0.804858 0.607981 1 0 1.000000
  0 1.215521 0.407389 0.318662 0.554483 -0.533974 0.638295 0.800312 0.603435 1 0 1.000000
c_spy_watch
  0 1.217347 0.394783 0.276766 0.649049 -0.054975 0.758757 0.786120 0.609313 1 0 1.000000
  0 1.215521 0.407389 0.318662 0.554483 -0.533974 0.638295 0.800312 0.603435 1 0 1.000000
  0 1.232686 0.394890 0.330503 0.554483 -0.533974 0.638295 0.804858 0.607981 1 0 1.000000
c_spy_watch
  0 1.217347 0.394783 0.276766 0.649049 -0.054975 0.758757 0.786120 0.609313 1 0 1.000000
  0 1.232686 0.394890 0.330503 0.554483 -0.533974 0.638295 0.804858 0.607981 1 0 1.000000
  0 1.235100 0.378245 0.275186 0.649049 -0.054975 0.758757 0.786120 0.615742 1 0 1.000000
c_spy_watch
  0 1.233025 0.405412 0.224191 0.366678 0.347924 0.862842 0.767382 0.607981 1 0 1.000000
  0 1.217347 0.394783 0.276766 0.649049 -0.054975 0.758757 0.786120 0.609313 1 0 1.000000
  0 1.235100 0.378245 0.275186 0.649049 -0.054975 0.758757 0.786120 0.615742 1 0 1.000000
c_spy_watch
  0 1.233025 0.405412 0.224191 0.366678 0.347924 0.862842 0.767382 0.607981 1 0 1.000000
  0 1.215774 0.415357 0.238143 0.366678 0.347924 0.862842 0.771929 0.603435 1 0 1.000000
  0 1.217347 0.394783 0.276766 0.649049 -0.054975 0.758757 0.786120 0.609313 1 0 1.000000
c_spy_watch
  0 1.227672 0.460474 0.207389 -0.127222 0.438708 0.889578 0.759621 0.589243 1 0 1.000000
  0 1.215774 0.415357 0.238143 0.366678 0.347924 0.862842 0.771929 0.603435 1 0 1.000000
  0 1.233025 0.405412 0.224191 0.366678 0.347924 0.862842 0.767382 0.607981 1 0 1.000000
c_spy_watch
  0 -0.527968 1.533406 -0.322981 -0.923249 -0.267166 0.276103 0.472099 0.528039 1 0 1.000000
  0 -0.407176 1.609899 -0.314090 -0.874982 -0.285831 0.390776 0.472099 0.488428 1 0 1.000000
  0 -0.423315 1.526376 0.623634 -0.874982 -0.285831 0.390776 0.221052 0.488428 1 0 1.000000
c_spy_watch
  0 -0.527968 1.533406 -0.322981 -0.923249 -0.267166 0.276103 0.472099 0.528039 1 0 1.000000
  0 -0.423315 1.526376 0.623634 -0.874982 -0.285831 0.390776 0.221052 0.488428 1 0 1.000000
  0 -0.544106 1.449874 0.614742 -0.923249 -0.267166 0.276103 0.221052 0.528039 1 0 1.000000
c_spy_watch
  0 -0.682463 1.413190 0.609093 -0.967594 -0.221593 0.121069 0.221052 0.567651 1 0 1.000000
  0 -0.527968 1.533406 -0.322981 -0.923249 -0.267166 0.276103 0.472099 0.528039 1 0 1.000000
  0 -0.544106 1.449874 0.614742 -0.923249 -0.267166 0.276103 0.221052 0.528039 1 0 1.000000
c_spy_watch
  0 -0.682463 1.413190 0.609093 -0.967594 -0.221593 0.121069 0.221052 0.567651 1 0 1.000000
  0 -0.666324 1.496713 -0.328632 -0.967594 -0.221593 0.121069 0.472099 0.567651 1 0 1.000000
  0 -0.527968 1.533406 -0.322981 -0.923249 -0.267166 0.276103 0.472099 0.528039 1 0 1.000000
c_spy_watch
  0 0.776834 -1.494533 -0.557121 -0.850938 -0.038546 -0.523850 0.472099 0.423580 1 0 1.000000
  0 0.850709 -1.612757 0.374547 -0.850938 -0.038546 -0.523850 0.221052 0.414716 1 0 1.000000
  0 0.823800 -1.600699 0.377270 -0.850938 -0.038546 -0.523850 0.221052 0.423580 1 0 1.000000
c_spy_watch
  0 0.776834 -1.494533 -0.557121 -0.850938 -0.038546 -0.523850 0.472099 0.423580 1 0 1.000000
  0 0.803745 -1.506591 -0.559844 -0.850938 -0.038546 -0.523850 0.467168 0.414716 1 0 1.000000
  0 0.850709 -1.612757 0.374547 -0.850938 -0.038546 -0.523850 0.221052 0.414716 1 0 1.000000
c_spy_watch
  0 1.252596 0.202136 0.488654 0.099794 -0.655402 0.748659 0.866702 0.670215 1 0 1.000000
  0 1.238336 0.159768 0.489074 -0.455218 -0.812368 0.364464 0.868328 0.684406 1 0 1.000000
  0 1.234283 0.201472 0.476348 0.172966 -0.927836 0.330459 0.862449 0.670215 1 0 1.000000
c_spy_watch
  0 1.230125 0.239875 0.496975 0.702208 -0.578692 0.414752 0.868328 0.656023 1 0 1.000000
  0 1.252596 0.202136 0.488654 0.099794 -0.655402 0.748659 0.866702 0.670215 1 0 1.000000
  0 1.234283 0.201472 0.476348 0.172966 -0.927836 0.330459 0.862449 0.670215 1 0 1.000000
c_spy_watch
  0 1.230125 0.239875 0.496975 0.702208 -0.578692 0.414752 0.868328 0.656023 1 0 1.000000
  0 1.249321 0.232400 0.504910 0.391922 -0.462683 0.795186 0.871335 0.659030 1 0 1.000000
  0 1.252596 0.202136 0.488654 0.099794 -0.655402 0.748659 0.866702 0.670215 1 0 1.000000
c_spy_watch
  0 1.228296 0.252481 0.538871 0.822486 0.030539 0.567965 0.882519 0.650145 1 0 1.000000
  0 1.229870 0.231906 0.577494 0.463342 0.542978 0.700349 0.896711 0.656023 1 0 1.000000
  0 1.249120 0.226121 0.568368 0.260073 0.156452 0.952830 0.893704 0.659030 1 0 1.000000
c_spy_watch
  0 1.252313 0.193255 0.578396 -0.086668 0.220187 0.971600 0.898336 0.670215 1 0 1.000000
  0 1.249120 0.226121 0.568368 0.260073 0.156452 0.952830 0.893704 0.659030 1 0 1.000000
  0 1.229870 0.231906 0.577494 0.463342 0.542978 0.700349 0.896711 0.656023 1 0 1.000000
c_spy_watch
  0 1.252313 0.193255 0.578396 -0.086668 0.220187 0.971600 0.898336 0.670215 1 0 1.000000
  0 1.229870 0.231906 0.577494 0.463342 0.542978 0.700349 0.896711 0.656023 1 0 1.000000
  0 1.233923 0.190203 0.590219 -0.164841 0.658446 0.734354 0.902589 0.670215 1 0 1.000000
c_spy_watch
  0 1.233923 0.190203 0.590219 -0.164841 0.658446 0.734354 0.902589 0.670215 1 0 1.000000
  0 1.255591 0.162989 0.562141 -0.378797 0.027468 0.925072 0.893704 0.681399 1 0 1.000000
  0 1.252313 0.193255 0.578396 -0.086668 0.220187 0.971600 0.898336 0.670215 1 0 1.000000
c_spy_watch
  0 1.233923 0.190203 0.590219 -0.164841 0.658446 0.734354 0.902589 0.670215 1 0 1.000000
  0 1.238081 0.151800 0.569593 -0.694083 0.309302 0.650062 0.896711 0.684406 1 0 1.000000
  0 1.255591 0.162989 0.562141 -0.378797 0.027468 0.925072 0.893704 0.681399 1 0 1.000000
c_spy_watch
  0 1.255591 0.162989 0.562141 -0.378797 0.027468 0.925072 0.893704 0.681399 1 0 1.000000
  0 1.238081 0.151800 0.569593 -0.694083 0.309302 0.650062 0.896711 0.684406 1 0 1.000000
  0 1.239909 0.139194 0.527696 -0.814361 -0.299929 0.496848 0.882519 0.690284 1 0 1.000000
c_spy_watch
  0 1.255591 0.162989 0.562141 -0.378797 0.027468 0.925072 0.893704 0.681399 1 0 1.000000
  0 1.239909 0.139194 0.527696 -0.814361 -0.299929 0.496848 0.882519 0.690284 1 0 1.000000
  0 1.257032 0.153054 0.529122 -0.445187 -0.308812 0.840502 0.882519 0.686032 1 0 1.000000
c_spy_watch
  0 1.257032 0.153054 0.529122 -0.445187 -0.308812 0.840502 0.882519 0.686032 1 0 1.000000
  0 1.239909 0.139194 0.527696 -0.814361 -0.299929 0.496848 0.882519 0.690284 1 0 1.000000
  0 1.238336 0.159768 0.489074 -0.455218 -0.812368 0.364464 0.868328 0.684406 1 0 1.000000
c_spy_watch
  0 1.257032 0.153054 0.529122 -0.445187 -0.308812 0.840502 0.882519 0.686032 1 0 1.000000
  0 1.238336 0.159768 0.489074 -0.455218 -0.812368 0.364464 0.868328 0.684406 1 0 1.000000
  0 1.255792 0.169269 0.498684 -0.246949 -0.591666 0.767429 0.871335 0.681399 1 0 1.000000
c_spy_watch
  0 1.252596 0.202136 0.488654 0.099794 -0.655402 0.748659 0.866702 0.670215 1 0 1.000000
  0 1.255792 0.169269 0.498684 -0.246949 -0.591666 0.767429 0.871335 0.681399 1 0 1.000000
  0 1.238336 0.159768 0.489074 -0.455218 -0.812368 0.364464 0.868328 0.684406 1 0 1.000000
c_spy_watch
  0 1.252596 0.202136 0.488654 0.099794 -0.655402 0.748659 0.866702 0.670215 1 0 1.000000
  0 1.252456 0.197694 0.533525 0.007397 -0.245259 0.969429 0.882519 0.670215 1 0 1.000000
  0 1.255792 0.169269 0.498684 -0.246949 -0.591666 0.767429 0.871335 0.681399 1 0 1.000000
c_spy_watch
  0 1.249321 0.232400 0.504910 0.391922 -0.462683 0.795186 0.871335 0.659030 1 0 1.000000
  0 1.252456 0.197694 0.533525 0.007397 -0.245259 0.969429 0.882519 0.670215 1 0 1.000000
  0 1.252596 0.202136 0.488654 0.099794 -0.655402 0.748659 0.866702 0.670215 1 0 1.000000
c_spy_watch
  0 1.247880 0.242337 0.537928 0.458312 -0.126402 0.879757 0.882519 0.654397 1 0 1.000000
  0 1.252456 0.197694 0.533525 0.007397 -0.245259 0.969429 0.882519 0.670215 1 0 1.000000
  0 1.249321 0.232400 0.504910 0.391922 -0.462683 0.795186 0.871335 0.659030 1 0 1.000000
c_spy_watch
  0 1.247880 0.242337 0.537928 0.458312 -0.126402 0.879757 0.882519 0.654397 1 0 1.000000
  0 1.249321 0.232400 0.504910 0.391922 -0.462683 0.795186 0.871335 0.659030 1 0 1.000000
  0 1.230125 0.239875 0.496975 0.702208 -0.578692 0.414752 0.868328 0.656023 1 0 1.000000
c_spy_watch
  0 1.247880 0.242337 0.537928 0.458312 -0.126402 0.879757 0.882519 0.654397 1 0 1.000000
  0 1.230125 0.239875 0.496975 0.702208 -0.578692 0.414752 0.868328 0.656023 1 0 1.000000
  0 1.228296 0.252481 0.538871 0.822486 0.030539 0.567965 0.882519 0.650145 1 0 1.000000
c_spy_watch
  0 1.228296 0.252481 0.538871 0.822486 0.030539 0.567965 0.882519 0.650145 1 0 1.000000
  0 1.249120 0.226121 0.568368 0.260073 0.156452 0.952830 0.893704 0.659030 1 0 1.000000
  0 1.247880 0.242337 0.537928 0.458312 -0.126402 0.879757 0.882519 0.654397 1 0 1.000000
c_spy_watch
  0 1.249120 0.226121 0.568368 0.260073 0.156452 0.952830 0.893704 0.659030 1 0 1.000000
  0 1.252456 0.197694 0.533525 0.007397 -0.245259 0.969429 0.882519 0.670215 1 0 1.000000
  0 1.247880 0.242337 0.537928 0.458312 -0.126402 0.879757 0.882519 0.654397 1 0 1.000000
c_spy_watch
  0 1.252313 0.193255 0.578396 -0.086668 0.220187 0.971600 0.898336 0.670215 1 0 1.000000
  0 1.252456 0.197694 0.533525 0.007397 -0.245259 0.969429 0.882519 0.670215 1 0 1.000000
  0 1.249120 0.226121 0.568368 0.260073 0.156452 0.952830 0.893704 0.659030 1 0 1.000000
c_spy_watch
  0 1.252313 0.193255 0.578396 -0.086668 0.220187 0.971600 0.898336 0.670215 1 0 1.000000
  0 1.255591 0.162989 0.562141 -0.378797 0.027468 0.925072 0.893704 0.681399 1 0 1.000000
  0 1.252456 0.197694 0.533525 0.007397 -0.245259 0.969429 0.882519 0.670215 1 0 1.000000
c_spy_watch
  0 1.257032 0.153054 0.529122 -0.445187 -0.308812 0.840502 0.882519 0.686032 1 0 1.000000
  0 1.252456 0.197694 0.533525 0.007397 -0.245259 0.969429 0.882519 0.670215 1 0 1.000000
  0 1.255591 0.162989 0.562141 -0.378797 0.027468 0.925072 0.893704 0.681399 1 0 1.000000
c_spy_watch
  0 1.255792 0.169269 0.498684 -0.246949 -0.591666 0.767429 0.871335 0.681399 1 0 1.000000
  0 1.252456 0.197694 0.533525 0.007397 -0.245259 0.969429 0.882519 0.670215 1 0 1.000000
  0 1.257032 0.153054 0.529122 -0.445187 -0.308812 0.840502 0.882519 0.686032 1 0 1.000000
c_spy_watch
  0 -0.832510 1.399579 -0.339973 -0.912135 -0.235669 0.335364 0.472099 0.528039 1 0 1.000000
  0 -0.717671 1.484742 -0.330992 -0.844509 -0.255046 0.470910 0.472099 0.488428 1 0 1.000000
  0 -0.745502 1.423236 0.608160 -0.844509 -0.255046 0.470910 0.221052 0.488428 1 0 1.000000
c_spy_watch
  0 -0.832510 1.399579 -0.339973 -0.912135 -0.235669 0.335364 0.472099 0.528039 1 0 1.000000
  0 -0.745502 1.423236 0.608160 -0.844509 -0.255046 0.470910 0.221052 0.488428 1 0 1.000000
  0 -0.860342 1.338073 0.599180 -0.912135 -0.235669 0.335364 0.221052 0.528039 1 0 1.000000
c_spy_watch
  0 -0.995605 1.291414 0.592115 -0.958490 -0.210795 0.191996 0.221052 0.567651 1 0 1.000000
  0 -0.832510 1.399579 -0.339973 -0.912135 -0.235669 0.335364 0.472099 0.528039 1 0 1.000000
  0 -0.860342 1.338073 0.599180 -0.912135 -0.235669 0.335364 0.221052 0.528039 1 0 1.000000
c_spy_watch
  0 -0.995605 1.291414 0.592115 -0.958490 -0.210795 0.191996 0.221052 0.567651 1 0 1.000000
  0 -0.967773 1.352920 -0.347037 -0.958490 -0.210795 0.191996 0.472099 0.567651 1 0 1.000000
  0 -0.832510 1.399579 -0.339973 -0.912135 -0.235669 0.335364 0.472099 0.528039 1 0 1.000000
c_spy_watch
  0 -0.989160 1.578492 0.631808 0.518042 0.851923 -0.076541 0.212842 0.375437 1 0 1.000000
  0 -1.113195 1.513181 0.603152 0.474643 0.862627 -0.174896 0.221052 0.336399 1 0 1.000000
  0 -1.101265 1.494663 0.622995 0.474643 0.862627 -0.174896 0.213269 0.335271 1 0 1.000000
c_spy_watch
  0 -0.989160 1.578492 0.631808 0.518042 0.851923 -0.076541 0.212842 0.375437 1 0 1.000000
  0 -0.998243 1.598135 0.612124 0.518042 0.851923 -0.076541 0.221052 0.375437 1 0 1.000000
  0 -1.113195 1.513181 0.603152 0.474643 0.862627 -0.174896 0.221052 0.336399 1 0 1.000000
c_spy_watch
  0 -0.863103 1.645002 0.619199 0.555395 0.831276 0.022707 0.221052 0.414716 1 0 1.000000
  0 -0.998243 1.598135 0.612124 0.518042 0.851923 -0.076541 0.221052 0.375437 1 0 1.000000
  0 -0.989160 1.578492 0.631808 0.518042 0.851923 -0.076541 0.212842 0.375437 1 0 1.000000
c_spy_watch
  0 -0.863103 1.645002 0.619199 0.555395 0.831276 0.022707 0.221052 0.414716 1 0 1.000000
  0 -0.989160 1.578492 0.631808 0.518042 0.851923 -0.076541 0.212842 0.375437 1 0 1.000000
  0 -0.856543 1.623646 0.638694 0.555395 0.831276 0.022707 0.213268 0.415602 1 0 1.000000
c_spy_watch
  0 0.838590 0.966568 0.723647 0.131556 0.961268 0.242190 0.617312 0.154392 1 0 1.000000
  0 1.078709 0.822369 0.771299 0.131556 0.961268 0.242190 0.619760 0.060547 1 0 1.000000
  0 1.051695 0.988135 0.726456 0.131556 0.961268 0.242190 0.634988 0.100532 1 0 1.000000
c_spy_watch
  0 0.838590 0.966568 0.723647 0.131556 0.961268 0.242190 0.617312 0.154392 1 0 1.000000
  0 0.844169 0.798632 0.768209 0.131556 0.961268 0.242190 0.579321 0.106446 1 0 1.000000
  0 1.078709 0.822369 0.771299 0.131556 0.961268 0.242190 0.619760 0.060547 1 0 1.000000
c_spy_watch
  0 0.844169 0.798632 0.768209 0.131556 0.961268 0.242190 0.579321 0.106446 1 0 1.000000
  0 1.082117 0.632817 0.823164 0.131556 0.961268 0.242190 0.599888 0.018440 1 0 1.000000
  0 1.078709 0.822369 0.771299 0.131556 0.961268 0.242190 0.619760 0.060547 1 0 1.000000
c_spy_watch
  0 0.844169 0.798632 0.768209 0.131556 0.961268 0.242190 0.579321 0.106446 1 0 1.000000
  0 0.877450 0.612104 0.820466 0.131556 0.961268 0.242190 0.554047 0.052284 1 0 1.000000
  0 1.082117 0.632817 0.823164 0.131556 0.961268 0.242190 0.599888 0.018440 1 0 1.000000
c_spy_watch
  0 0.717489 1.280241 -0.324429 0.202112 -0.949081 -0.241653 0.537022 0.336606 1 0 1.000000
  0 0.743392 1.546987 -0.297000 0.202112 -0.949081 -0.241653 0.476090 0.375500 1 0 1.000000
  0 0.841746 1.447255 -0.304246 0.202112 -0.949081 -0.241653 0.476090 0.335824 1 0 1.000000
c_spy_watch
  0 0.717489 1.280241 -0.324429 0.202112 -0.949081 -0.241653 0.537022 0.336606 1 0 1.000000
  0 0.592958 1.344795 -0.321434 0.202112 -0.949081 -0.241653 0.542124 0.375532 1 0 1.000000
  0 0.743392 1.546987 -0.297000 0.202112 -0.949081 -0.241653 0.476090 0.375500 1 0 1.000000
c_spy_watch
  0 0.743392 1.546987 -0.297000 0.202112 -0.949081 -0.241653 0.476090 0.375500 1 0 1.000000
  0 0.592958 1.344795 -0.321434 0.202112 -0.949081 -0.241653 0.542124 0.375532 1 0 1.000000
  0 0.494743 1.444721 -0.314163 0.202112 -0.949081 -0.241653 0.537022 0.414716 1 0 1.000000
c_spy_watch
  0 0.743392 1.546987 -0.297000 0.202112 -0.949081 -0.241653 0.476090 0.375500 1 0 1.000000
  0 0.494743 1.444721 -0.314163 0.202112 -0.949081 -0.241653 0.537022 0.414716 1 0 1.000000
  0 0.619002 1.611736 -0.293981 0.202112 -0.949081 -0.241653 0.476090 0.414716 1 0 1.000000
c_spy_watch
  0 1.306075 -0.631617 0.005944 0.007397 -0.245259 0.969429 0.726939 0.977156 1 0 1.000000
  0 1.299198 -0.633474 0.541933 0.007397 -0.245259 0.969429 0.910831 0.959494 1 0 1.000000
  0 1.303571 -0.646010 0.306422 0.007397 -0.245259 0.969429 0.830400 0.971862 1 0 1.000000
c_spy_watch
  0 1.306075 -0.631617 0.005944 0.007397 -0.245259 0.969429 0.726939 0.977156 1 0 1.000000
  0 1.295916 -0.608600 0.600131 0.007397 -0.245259 0.969429 0.929969 0.948923 1 0 1.000000
  0 1.299198 -0.633474 0.541933 0.007397 -0.245259 0.969429 0.910831 0.959494 1 0 1.000000
c_spy_watch
  0 1.306075 -0.631617 0.005944 0.007397 -0.245259 0.969429 0.726939 0.977156 1 0 1.000000
  0 1.290401 -0.558827 0.636244 0.007397 -0.245259 0.969429 0.940682 0.930513 1 0 1.000000
  0 1.295916 -0.608600 0.600131 0.007397 -0.245259 0.969429 0.929969 0.948923 1 0 1.000000
c_spy_watch
  0 1.306075 -0.631617 0.005944 0.007397 -0.245259 0.969429 0.726939 0.977156 1 0 1.000000
  0 1.265850 -0.323602 0.692859 0.007397 -0.245259 0.969429 0.951930 0.847400 1 0 1.000000
  0 1.290401 -0.558827 0.636244 0.007397 -0.245259 0.969429 0.940682 0.930513 1 0 1.000000
c_spy_watch
  0 1.306075 -0.631617 0.005944 0.007397 -0.245259 0.969429 0.726939 0.977156 1 0 1.000000
  0 1.241533 -0.087702 0.726386 0.007397 -0.245259 0.969429 0.955675 0.764855 1 0 1.000000
  0 1.265850 -0.323602 0.692859 0.007397 -0.245259 0.969429 0.951930 0.847400 1 0 1.000000
c_spy_watch
  0 1.306075 -0.631617 0.005944 0.007397 -0.245259 0.969429 0.726939 0.977156 1 0 1.000000
  0 1.237836 -0.051018 0.725282 0.007397 -0.245259 0.969429 0.954054 0.752234 1 0 1.000000
  0 1.241533 -0.087702 0.726386 0.007397 -0.245259 0.969429 0.955675 0.764855 1 0 1.000000
c_spy_watch
  0 1.306075 -0.631617 0.005944 0.007397 -0.245259 0.969429 0.726939 0.977156 1 0 1.000000
  0 1.235146 -0.022168 0.707642 0.007397 -0.245259 0.969429 0.947022 0.742881 1 0 1.000000
  0 1.237836 -0.051018 0.725282 0.007397 -0.245259 0.969429 0.954054 0.752234 1 0 1.000000
c_spy_watch
  0 1.306075 -0.631617 0.005944 0.007397 -0.245259 0.969429 0.726939 0.977156 1 0 1.000000
  0 1.234445 -0.010857 0.674039 0.007397 -0.245259 0.969429 0.935102 0.740125 1 0 1.000000
  0 1.235146 -0.022168 0.707642 0.007397 -0.245259 0.969429 0.947022 0.742881 1 0 1.000000
c_spy_watch
  0 1.306075 -0.631617 0.005944 0.007397 -0.245259 0.969429 0.726939 0.977156 1 0 1.000000
  0 1.238245 0.108037 -0.527429 0.007397 -0.245259 0.969429 0.518776 0.740125 1 0 1.000000
  0 1.234445 -0.010857 0.674039 0.007397 -0.245259 0.969429 0.935102 0.740125 1 0 1.000000
c_spy_watch
  0 1.306075 -0.631617 0.005944 0.007397 -0.245259 0.969429 0.726939 0.977156 1 0 1.000000
  0 1.239162 0.103531 -0.562593 0.007397 -0.245259 0.969429 0.506856 0.742881 1 0 1.000000
  0 1.238245 0.108037 -0.527429 0.007397 -0.245259 0.969429 0.518776 0.740125 1 0 1.000000
c_spy_watch
  0 1.306075 -0.631617 0.005944 0.007397 -0.245259 0.969429 0.726939 0.977156 1 0 1.000000
  0 1.241980 0.078696 -0.585526 0.007397 -0.245259 0.969429 0.499823 0.752234 1 0 1.000000
  0 1.239162 0.103531 -0.562593 0.007397 -0.245259 0.969429 0.506856 0.742881 1 0 1.000000
c_spy_watch
  0 1.306075 -0.631617 0.005944 0.007397 -0.245259 0.969429 0.726939 0.977156 1 0 1.000000
  0 1.245707 0.042939 -0.593776 0.007397 -0.245259 0.969429 0.498202 0.764855 1 0 1.000000
  0 1.241980 0.078696 -0.585526 0.007397 -0.245259 0.969429 0.499823 0.752234 1 0 1.000000
c_spy_watch
  0 1.306075 -0.631617 0.005944 0.007397 -0.245259 0.969429 0.726939 0.977156 1 0 1.000000
  0 1.269958 -0.194975 -0.606983 0.007397 -0.245259 0.969429 0.501724 0.847407 1 0 1.000000
  0 1.245707 0.042939 -0.593776 0.007397 -0.245259 0.969429 0.498202 0.764855 1 0 1.000000
c_spy_watch
  0 1.306075 -0.631617 0.005944 0.007397 -0.245259 0.969429 0.726939 0.977156 1 0 1.000000
  0 1.294302 -0.436747 -0.597416 0.007397 -0.245259 0.969429 0.513196 0.930513 1 0 1.000000
  0 1.269958 -0.194975 -0.606983 0.007397 -0.245259 0.969429 0.501724 0.847407 1 0 1.000000
c_spy_watch
  0 1.306075 -0.631617 0.005944 0.007397 -0.245259 0.969429 0.726939 0.977156 1 0 1.000000
  0 1.299619 -0.492637 -0.571726 0.007397 -0.245259 0.969429 0.523908 0.948923 1 0 1.000000
  0 1.294302 -0.436747 -0.597416 0.007397 -0.245259 0.969429 0.513196 0.930513 1 0 1.000000
c_spy_watch
  0 1.306075 -0.631617 0.005944 0.007397 -0.245259 0.969429 0.726939 0.977156 1 0 1.000000
  0 1.302554 -0.528437 -0.519511 0.007397 -0.245259 0.969429 0.543047 0.959494 1 0 1.000000
  0 1.299619 -0.492637 -0.571726 0.007397 -0.245259 0.969429 0.523908 0.948923 1 0 1.000000
c_spy_watch
  0 1.306075 -0.631617 0.005944 0.007397 -0.245259 0.969429 0.726939 0.977156 1 0 1.000000
  0 1.305461 -0.586892 -0.291003 0.007397 -0.245259 0.969429 0.623477 0.971862 1 0 1.000000
  0 1.302554 -0.528437 -0.519511 0.007397 -0.245259 0.969429 0.543047 0.959494 1 0 1.000000
c_spy_watch
  0 0.645989 -1.696603 0.383030 -0.191587 0.943062 0.271899 0.476090 0.375500 1 0 1.000000
  0 0.772855 -1.636804 0.384756 -0.191587 0.943062 0.271899 0.476090 0.335824 1 0 1.000000
  0 0.714469 -1.436836 0.403380 -0.191587 0.943062 0.271899 0.537022 0.336606 1 0 1.000000
c_spy_watch
  0 0.645989 -1.696603 0.383030 -0.191587 0.943062 0.271899 0.476090 0.375500 1 0 1.000000
  0 0.714469 -1.436836 0.403380 -0.191587 0.943062 0.271899 0.537022 0.336606 1 0 1.000000
  0 0.575305 -1.454512 0.405576 -0.191587 0.943062 0.271899 0.542124 0.375532 1 0 1.000000
c_spy_watch
  0 0.448503 -1.514534 0.403829 -0.191587 0.943062 0.271899 0.537022 0.414716 1 0 1.000000
  0 0.645989 -1.696603 0.383030 -0.191587 0.943062 0.271899 0.476090 0.375500 1 0 1.000000
  0 0.575305 -1.454512 0.405576 -0.191587 0.943062 0.271899 0.542124 0.375532 1 0 1.000000
c_spy_watch
  0 0.448503 -1.514534 0.403829 -0.191587 0.943062 0.271899 0.537022 0.414716 1 0 1.000000
  0 0.506889 -1.714503 0.385206 -0.191587 0.943062 0.271899 0.476090 0.414716 1 0 1.000000
  0 0.645989 -1.696603 0.383030 -0.191587 0.943062 0.271899 0.476090 0.375500 1 0 1.000000
c_spy_watch
  0 0.957916 1.278940 -0.338869 0.329679 -0.887349 -0.322371 0.497264 0.262523 1 0 1.000000
  0 0.690551 1.266256 -0.313517 0.329679 -0.887349 -0.322371 0.544879 0.224152 1 0 1.000000
  0 0.866336 1.383045 -0.305566 0.329679 -0.887349 -0.322371 0.490112 0.224193 1 0 1.000000
c_spy_watch
  0 0.957916 1.278940 -0.338869 0.329679 -0.887349 -0.322371 0.497264 0.262523 1 0 1.000000
  0 0.753145 1.142912 -0.348130 0.329679 -0.887349 -0.322371 0.562164 0.262640 1 0 1.000000
  0 0.690551 1.266256 -0.313517 0.329679 -0.887349 -0.322371 0.544879 0.224152 1 0 1.000000
c_spy_watch
  0 0.843072 1.041945 -0.380548 0.329679 -0.887349 -0.322371 0.557811 0.299454 1 0 1.000000
  0 0.753145 1.142912 -0.348130 0.329679 -0.887349 -0.322371 0.562164 0.262640 1 0 1.000000
  0 0.957916 1.278940 -0.338869 0.329679 -0.887349 -0.322371 0.497264 0.262523 1 0 1.000000
c_spy_watch
  0 0.843072 1.041945 -0.380548 0.329679 -0.887349 -0.322371 0.557811 0.299454 1 0 1.000000
  0 0.957916 1.278940 -0.338869 0.329679 -0.887349 -0.322371 0.497264 0.262523 1 0 1.000000
  0 1.018208 1.158295 -0.372626 0.329679 -0.887349 -0.322371 0.503266 0.299560 1 0 1.000000
c_spy_watch
  0 1.233829 0.463992 -0.280058 0.007397 -0.245259 0.969429 0.589335 0.604938 1 0 1.000000
  0 1.209535 0.722509 -0.403009 0.007397 -0.245259 0.969429 0.537512 0.518503 1 0 1.000000
  0 1.205070 0.735378 -0.163038 0.007397 -0.245259 0.969429 0.620841 0.505655 1 0 1.000000
c_spy_watch
  0 1.233829 0.463992 -0.280058 0.007397 -0.245259 0.969429 0.589335 0.604938 1 0 1.000000
  0 1.232939 0.479450 -0.331115 0.007397 -0.245259 0.969429 0.570978 0.601286 1 0 1.000000
  0 1.209535 0.722509 -0.403009 0.007397 -0.245259 0.969429 0.537512 0.518503 1 0 1.000000
c_spy_watch
  0 1.209535 0.722509 -0.403009 0.007397 -0.245259 0.969429 0.537512 0.518503 1 0 1.000000
  0 1.232939 0.479450 -0.331115 0.007397 -0.245259 0.969429 0.570978 0.601286 1 0 1.000000
  0 1.234160 0.474299 -0.384207 0.007397 -0.245259 0.969429 0.552622 0.604938 1 0 1.000000
c_spy_watch
  0 1.209535 0.722509 -0.403009 0.007397 -0.245259 0.969429 0.537512 0.518503 1 0 1.000000
  0 1.234160 0.474299 -0.384207 0.007397 -0.245259 0.969429 0.552622 0.604938 1 0 1.000000
  0 1.213476 0.692612 -0.472524 0.007397 -0.245259 0.969429 0.514273 0.531408 1 0 1.000000
c_spy_watch
  0 1.234160 0.474299 -0.384207 0.007397 -0.245259 0.969429 0.552622 0.604938 1 0 1.000000
  0 1.220138 0.632468 -0.516221 0.007397 -0.245259 0.969429 0.501090 0.554030 1 0 1.000000
  0 1.213476 0.692612 -0.472524 0.007397 -0.245259 0.969429 0.514273 0.531408 1 0 1.000000
c_spy_watch
  0 1.234160 0.474299 -0.384207 0.007397 -0.245259 0.969429 0.552622 0.604938 1 0 1.000000
  0 1.237308 0.449320 -0.431248 0.007397 -0.245259 0.969429 0.537060 0.615336 1 0 1.000000
  0 1.220138 0.632468 -0.516221 0.007397 -0.245259 0.969429 0.501090 0.554030 1 0 1.000000
c_spy_watch
  0 1.237308 0.449320 -0.431248 0.007397 -0.245259 0.969429 0.537060 0.615336 1 0 1.000000
  0 1.245204 0.392470 -0.575115 0.007397 -0.245259 0.969429 0.488793 0.640289 1 0 1.000000
  0 1.220138 0.632468 -0.516221 0.007397 -0.245259 0.969429 0.501090 0.554030 1 0 1.000000
c_spy_watch
  0 1.237308 0.449320 -0.431248 0.007397 -0.245259 0.969429 0.537060 0.615336 1 0 1.000000
  0 1.241902 0.408319 -0.465078 0.007397 -0.245259 0.969429 0.526662 0.630898 1 0 1.000000
  0 1.245204 0.392470 -0.575115 0.007397 -0.245259 0.969429 0.488793 0.640289 1 0 1.000000
c_spy_watch
  0 1.241902 0.408319 -0.465078 0.007397 -0.245259 0.969429 0.526662 0.630898 1 0 1.000000
  0 1.247245 0.357536 -0.480546 0.007397 -0.245259 0.969429 0.523010 0.649254 1 0 1.000000
  0 1.245204 0.392470 -0.575115 0.007397 -0.245259 0.969429 0.488793 0.640289 1 0 1.000000
c_spy_watch
  0 1.252523 0.304704 -0.475297 0.007397 -0.245259 0.969429 0.526662 0.667611 1 0 1.000000
  0 1.245204 0.392470 -0.575115 0.007397 -0.245259 0.969429 0.488793 0.640289 1 0 1.000000
  0 1.247245 0.357536 -0.480546 0.007397 -0.245259 0.969429 0.523010 0.649254 1 0 1.000000
c_spy_watch
  0 1.252523 0.304704 -0.475297 0.007397 -0.245259 0.969429 0.526662 0.667611 1 0 1.000000
  0 1.275146 0.102307 -0.618785 0.007397 -0.245259 0.969429 0.483540 0.743621 1 0 1.000000
  0 1.245204 0.392470 -0.575115 0.007397 -0.245259 0.969429 0.488793 0.640289 1 0 1.000000
c_spy_watch
  0 1.252523 0.304704 -0.475297 0.007397 -0.245259 0.969429 0.526662 0.667611 1 0 1.000000
  0 1.272566 0.121327 -0.569077 0.007397 -0.245259 0.969429 0.500238 0.735221 1 0 1.000000
  0 1.275146 0.102307 -0.618785 0.007397 -0.245259 0.969429 0.483540 0.743621 1 0 1.000000
c_spy_watch
  0 1.276025 0.090966 -0.598454 0.007397 -0.245259 0.969429 0.491028 0.746895 1 0 1.000000
  0 1.275146 0.102307 -0.618785 0.007397 -0.245259 0.969429 0.483540 0.743621 1 0 1.000000
  0 1.272566 0.121327 -0.569077 0.007397 -0.245259 0.969429 0.500238 0.735221 1 0 1.000000
c_spy_watch
  0 1.280392 0.049146 -0.608693 0.007397 -0.245259 0.969429 0.488893 0.761925 1 0 1.000000
  0 1.275146 0.102307 -0.618785 0.007397 -0.245259 0.969429 0.483540 0.743621 1 0 1.000000
  0 1.276025 0.090966 -0.598454 0.007397 -0.245259 0.969429 0.491028 0.746895 1 0 1.000000
c_spy_watch
  0 1.280392 0.049146 -0.608693 0.007397 -0.245259 0.969429 0.488893 0.761925 1 0 1.000000
  0 1.304963 -0.190507 -0.632616 0.007397 -0.245259 0.969429 0.488793 0.846849 1 0 1.000000
  0 1.275146 0.102307 -0.618785 0.007397 -0.245259 0.969429 0.483540 0.743621 1 0 1.000000
c_spy_watch
  0 1.280392 0.049146 -0.608693 0.007397 -0.245259 0.969429 0.488893 0.761925 1 0 1.000000
  0 1.304864 -0.190943 -0.621876 0.007397 -0.245259 0.969429 0.492558 0.846628 1 0 1.000000
  0 1.304963 -0.190507 -0.632616 0.007397 -0.245259 0.969429 0.488793 0.846849 1 0 1.000000
c_spy_watch
  0 1.329536 -0.435973 -0.612166 0.007397 -0.245259 0.969429 0.504385 0.932271 1 0 1.000000
  0 1.304963 -0.190507 -0.632616 0.007397 -0.245259 0.969429 0.488793 0.846849 1 0 1.000000
  0 1.304864 -0.190943 -0.621876 0.007397 -0.245259 0.969429 0.492558 0.846628 1 0 1.000000
c_spy_watch
  0 1.329536 -0.435973 -0.612166 0.007397 -0.245259 0.969429 0.504385 0.932271 1 0 1.000000
  0 1.329837 -0.437706 -0.621776 0.007397 -0.245259 0.969429 0.501090 0.933213 1 0 1.000000
  0 1.304963 -0.190507 -0.632616 0.007397 -0.245259 0.969429 0.488793 0.846849 1 0 1.000000
c_spy_watch
  0 1.252523 0.304704 -0.475297 0.007397 -0.245259 0.969429 0.526662 0.667611 1 0 1.000000
  0 1.256933 0.257865 -0.450131 0.007397 -0.245259 0.969429 0.537060 0.683172 1 0 1.000000
  0 1.272566 0.121327 -0.569077 0.007397 -0.245259 0.969429 0.500238 0.735221 1 0 1.000000
c_spy_watch
  0 1.256933 0.257865 -0.450131 0.007397 -0.245259 0.969429 0.537060 0.683172 1 0 1.000000
  0 1.271446 0.126997 -0.527589 0.007397 -0.245259 0.969429 0.514526 0.731791 1 0 1.000000
  0 1.272566 0.121327 -0.569077 0.007397 -0.245259 0.969429 0.500238 0.735221 1 0 1.000000
c_spy_watch
  0 1.256933 0.257865 -0.450131 0.007397 -0.245259 0.969429 0.537060 0.683172 1 0 1.000000
  0 1.259801 0.224148 -0.408880 0.007397 -0.245259 0.969429 0.552622 0.693570 1 0 1.000000
  0 1.271446 0.126997 -0.527589 0.007397 -0.245259 0.969429 0.514526 0.731791 1 0 1.000000
c_spy_watch
  0 1.260693 0.208689 -0.357821 0.007397 -0.245259 0.969429 0.570978 0.697222 1 0 1.000000
  0 1.271446 0.126997 -0.527589 0.007397 -0.245259 0.969429 0.514526 0.731791 1 0 1.000000
  0 1.259801 0.224148 -0.408880 0.007397 -0.245259 0.969429 0.552622 0.693570 1 0 1.000000
c_spy_watch
  0 1.256324 0.238820 -0.257689 0.007397 -0.245259 0.969429 0.604897 0.683172 1 0 1.000000
  0 1.257264 0.202414 -0.056344 0.007397 -0.245259 0.969429 0.676439 0.688952 1 0 1.000000
  0 1.259471 0.213842 -0.304730 0.007397 -0.245259 0.969429 0.589335 0.693570 1 0 1.000000
c_spy_watch
  0 1.260693 0.208689 -0.357821 0.007397 -0.245259 0.969429 0.570978 0.697222 1 0 1.000000
  0 1.259471 0.213842 -0.304730 0.007397 -0.245259 0.969429 0.589335 0.693570 1 0 1.000000
  0 1.257264 0.202414 -0.056344 0.007397 -0.245259 0.969429 0.676439 0.688952 1 0 1.000000
c_spy_watch
  0 1.260693 0.208689 -0.357821 0.007397 -0.245259 0.969429 0.570978 0.697222 1 0 1.000000
  0 1.257264 0.202414 -0.056344 0.007397 -0.245259 0.969429 0.676439 0.688952 1 0 1.000000
  0 1.259341 0.175249 -0.005348 0.007397 -0.245259 0.969429 0.695177 0.696714 1 0 1.000000
c_spy_watch
  0 1.259341 0.175249 -0.005348 0.007397 -0.245259 0.969429 0.695177 0.696714 1 0 1.000000
  0 1.271446 0.126997 -0.527589 0.007397 -0.245259 0.969429 0.514526 0.731791 1 0 1.000000
  0 1.260693 0.208689 -0.357821 0.007397 -0.245259 0.969429 0.570978 0.697222 1 0 1.000000
c_spy_watch
  0 1.259341 0.175249 -0.005348 0.007397 -0.245259 0.969429 0.695177 0.696714 1 0 1.000000
  0 1.267634 0.007683 0.678120 0.007397 -0.245259 0.969429 0.939352 0.731791 1 0 1.000000
  0 1.271446 0.126997 -0.527589 0.007397 -0.245259 0.969429 0.514526 0.731791 1 0 1.000000
c_spy_watch
  0 1.259341 0.175249 -0.005348 0.007397 -0.245259 0.969429 0.695177 0.696714 1 0 1.000000
  0 1.257659 0.122657 0.526116 0.007397 -0.245259 0.969429 0.882519 0.696714 1 0 1.000000
  0 1.267634 0.007683 0.678120 0.007397 -0.245259 0.969429 0.939352 0.731791 1 0 1.000000
c_spy_watch
  0 1.255247 0.139301 0.581432 0.007397 -0.245259 0.969429 0.901257 0.688952 1 0 1.000000
  0 1.267634 0.007683 0.678120 0.007397 -0.245259 0.969429 0.939352 0.731791 1 0 1.000000
  0 1.257659 0.122657 0.526116 0.007397 -0.245259 0.969429 0.882519 0.696714 1 0 1.000000
c_spy_watch
  0 1.255247 0.139301 0.581432 0.007397 -0.245259 0.969429 0.901257 0.688952 1 0 1.000000
  0 1.268498 -0.006008 0.717697 0.007397 -0.245259 0.969429 0.953640 0.735221 1 0 1.000000
  0 1.267634 0.007683 0.678120 0.007397 -0.245259 0.969429 0.939352 0.731791 1 0 1.000000
c_spy_watch
  0 1.268498 -0.006008 0.717697 0.007397 -0.245259 0.969429 0.953640 0.735221 1 0 1.000000
  0 1.255247 0.139301 0.581432 0.007397 -0.245259 0.969429 0.901257 0.688952 1 0 1.000000
  0 1.249758 0.190007 0.608667 0.007397 -0.245259 0.969429 0.909018 0.670215 1 0 1.000000
c_spy_watch
  0 1.268498 -0.006008 0.717697 0.007397 -0.245259 0.969429 0.953640 0.735221 1 0 1.000000
  0 1.249758 0.190007 0.608667 0.007397 -0.245259 0.969429 0.909018 0.670215 1 0 1.000000
  0 1.240933 0.258761 0.776054 0.007397 -0.245259 0.969429 0.965085 0.640289 1 0 1.000000
c_spy_watch
  0 1.244405 0.245069 0.591864 0.007397 -0.245259 0.969429 0.901257 0.651477 1 0 1.000000
  0 1.240933 0.258761 0.776054 0.007397 -0.245259 0.969429 0.965085 0.640289 1 0 1.000000
  0 1.249758 0.190007 0.608667 0.007397 -0.245259 0.969429 0.909018 0.670215 1 0 1.000000
c_spy_watch
  0 1.244405 0.245069 0.591864 0.007397 -0.245259 0.969429 0.901257 0.651477 1 0 1.000000
  0 1.226332 0.418534 0.631208 0.007397 -0.245259 0.969429 0.909018 0.589243 1 0 1.000000
  0 1.240933 0.258761 0.776054 0.007397 -0.245259 0.969429 0.965085 0.640289 1 0 1.000000
c_spy_watch
  0 1.244405 0.245069 0.591864 0.007397 -0.245259 0.969429 0.901257 0.651477 1 0 1.000000
  0 1.231822 0.367829 0.603973 0.007397 -0.245259 0.969429 0.901257 0.607981 1 0 1.000000
  0 1.226332 0.418534 0.631208 0.007397 -0.245259 0.969429 0.909018 0.589243 1 0 1.000000
c_spy_watch
  0 1.244405 0.245069 0.591864 0.007397 -0.245259 0.969429 0.901257 0.651477 1 0 1.000000
  0 1.234235 0.351184 0.548657 0.007397 -0.245259 0.969429 0.882519 0.615742 1 0 1.000000
  0 1.231822 0.367829 0.603973 0.007397 -0.245259 0.969429 0.901257 0.607981 1 0 1.000000
c_spy_watch
  0 1.244405 0.245069 0.591864 0.007397 -0.245259 0.969429 0.901257 0.651477 1 0 1.000000
  0 1.242327 0.272235 0.540869 0.007397 -0.245259 0.969429 0.882519 0.643715 1 0 1.000000
  0 1.234235 0.351184 0.548657 0.007397 -0.245259 0.969429 0.882519 0.615742 1 0 1.000000
c_spy_watch
  0 1.232159 0.378349 0.497661 0.007397 -0.245259 0.969429 0.863781 0.607981 1 0 1.000000
  0 1.234235 0.351184 0.548657 0.007397 -0.245259 0.969429 0.882519 0.615742 1 0 1.000000
  0 1.242327 0.272235 0.540869 0.007397 -0.245259 0.969429 0.882519 0.643715 1 0 1.000000
c_spy_watch
  0 1.232159 0.378349 0.497661 0.007397 -0.245259 0.969429 0.863781 0.607981 1 0 1.000000
  0 1.242327 0.272235 0.540869 0.007397 -0.245259 0.969429 0.882519 0.643715 1 0 1.000000
  0 1.244742 0.255590 0.485553 0.007397 -0.245259 0.969429 0.863781 0.651477 1 0 1.000000
c_spy_watch
  0 1.245270 0.272132 0.318395 0.007397 -0.245259 0.969429 0.804858 0.651477 1 0 1.000000
  0 1.232159 0.378349 0.497661 0.007397 -0.245259 0.969429 0.863781 0.607981 1 0 1.000000
  0 1.244742 0.255590 0.485553 0.007397 -0.245259 0.969429 0.863781 0.651477 1 0 1.000000
c_spy_watch
  0 1.276121 -0.084560 0.742447 0.007397 -0.245259 0.969429 0.964985 0.761925 1 0 1.000000
  0 1.300722 -0.324514 0.718524 0.007397 -0.245259 0.969429 0.965085 0.846954 1 0 1.000000
  0 1.300659 -0.322590 0.708472 0.007397 -0.245259 0.969429 0.961094 0.846621 1 0 1.000000
c_spy_watch
  0 1.276121 -0.084560 0.742447 0.007397 -0.245259 0.969429 0.964985 0.761925 1 0 1.000000
  0 1.270778 -0.034351 0.762192 0.007397 -0.245259 0.969429 0.970338 0.743621 1 0 1.000000
  0 1.300722 -0.324514 0.718524 0.007397 -0.245259 0.969429 0.965085 0.846954 1 0 1.000000
c_spy_watch
  0 1.276121 -0.084560 0.742447 0.007397 -0.245259 0.969429 0.964985 0.761925 1 0 1.000000
  0 1.271795 -0.041487 0.740040 0.007397 -0.245259 0.969429 0.962850 0.746895 1 0 1.000000
  0 1.270778 -0.034351 0.762192 0.007397 -0.245259 0.969429 0.970338 0.743621 1 0 1.000000
c_spy_watch
  0 1.268498 -0.006008 0.717697 0.007397 -0.245259 0.969429 0.953640 0.735221 1 0 1.000000
  0 1.270778 -0.034351 0.762192 0.007397 -0.245259 0.969429 0.970338 0.743621 1 0 1.000000
  0 1.271795 -0.041487 0.740040 0.007397 -0.245259 0.969429 0.962850 0.746895 1 0 1.000000
c_spy_watch
  0 1.270778 -0.034351 0.762192 0.007397 -0.245259 0.969429 0.970338 0.743621 1 0 1.000000
  0 1.268498 -0.006008 0.717697 0.007397 -0.245259 0.969429 0.953640 0.735221 1 0 1.000000
  0 1.240933 0.258761 0.776054 0.007397 -0.245259 0.969429 0.965085 0.640289 1 0 1.000000
c_spy_watch
  0 1.245270 0.272132 0.318395 0.007397 -0.245259 0.969429 0.804858 0.651477 1 0 1.000000
  0 1.232686 0.394890 0.330503 0.007397 -0.245259 0.969429 0.804858 0.607981 1 0 1.000000
  0 1.232159 0.378349 0.497661 0.007397 -0.245259 0.969429 0.863781 0.607981 1 0 1.000000
c_spy_watch
  0 1.232686 0.394890 0.330503 0.007397 -0.245259 0.969429 0.804858 0.607981 1 0 1.000000
  0 1.226807 0.433412 0.480858 0.007397 -0.245259 0.969429 0.856020 0.589243 1 0 1.000000
  0 1.232159 0.378349 0.497661 0.007397 -0.245259 0.969429 0.863781 0.607981 1 0 1.000000
c_spy_watch
  0 1.232686 0.394890 0.330503 0.007397 -0.245259 0.969429 0.804858 0.607981 1 0 1.000000
  0 1.227197 0.445596 0.357738 0.007397 -0.245259 0.969429 0.812619 0.589243 1 0 1.000000
  0 1.226807 0.433412 0.480858 0.007397 -0.245259 0.969429 0.856020 0.589243 1 0 1.000000
c_spy_watch
  0 1.226807 0.433412 0.480858 0.007397 -0.245259 0.969429 0.856020 0.589243 1 0 1.000000
  0 1.227197 0.445596 0.357738 0.007397 -0.245259 0.969429 0.812619 0.589243 1 0 1.000000
  0 1.221844 0.500658 0.340936 0.007397 -0.245259 0.969429 0.804858 0.570505 1 0 1.000000
c_spy_watch
  0 1.226807 0.433412 0.480858 0.007397 -0.245259 0.969429 0.856020 0.589243 1 0 1.000000
  0 1.221844 0.500658 0.340936 0.007397 -0.245259 0.969429 0.804858 0.570505 1 0 1.000000
  0 1.221318 0.484117 0.508093 0.007397 -0.245259 0.969429 0.863781 0.570505 1 0 1.000000
c_spy_watch
  0 1.221318 0.484117 0.508093 0.007397 -0.245259 0.969429 0.863781 0.570505 1 0 1.000000
  0 1.221844 0.500658 0.340936 0.007397 -0.245259 0.969429 0.804858 0.570505 1 0 1.000000
  0 1.203168 0.675809 0.438934 0.007397 -0.245259 0.969429 0.833037 0.505655 1 0 1.000000
c_spy_watch
  0 1.206136 0.616154 0.671749 0.007397 -0.245259 0.969429 0.916367 0.518503 1 0 1.000000
  0 1.221318 0.484117 0.508093 0.007397 -0.245259 0.969429 0.863781 0.570505 1 0 1.000000
  0 1.203168 0.675809 0.438934 0.007397 -0.245259 0.969429 0.833037 0.505655 1 0 1.000000
c_spy_watch
  0 1.206136 0.616154 0.671749 0.007397 -0.245259 0.969429 0.916367 0.518503 1 0 1.000000
  0 1.218902 0.500762 0.563409 0.007397 -0.245259 0.969429 0.882519 0.562744 1 0 1.000000
  0 1.221318 0.484117 0.508093 0.007397 -0.245259 0.969429 0.863781 0.570505 1 0 1.000000
c_spy_watch
  0 1.206136 0.616154 0.671749 0.007397 -0.245259 0.969429 0.916367 0.518503 1 0 1.000000
  0 1.220980 0.473596 0.614405 0.007397 -0.245259 0.969429 0.901257 0.570505 1 0 1.000000
  0 1.218902 0.500762 0.563409 0.007397 -0.245259 0.969429 0.882519 0.562744 1 0 1.000000
c_spy_watch
  0 1.206136 0.616154 0.671749 0.007397 -0.245259 0.969429 0.916367 0.518503 1 0 1.000000
  0 1.209661 0.573210 0.734080 0.007397 -0.245259 0.969429 0.939605 0.531408 1 0 1.000000
  0 1.220980 0.473596 0.614405 0.007397 -0.245259 0.969429 0.901257 0.570505 1 0 1.000000
c_spy_watch
  0 1.216087 0.505663 0.765184 0.007397 -0.245259 0.969429 0.952788 0.554030 1 0 1.000000
  0 1.220980 0.473596 0.614405 0.007397 -0.245259 0.969429 0.901257 0.570505 1 0 1.000000
  0 1.209661 0.573210 0.734080 0.007397 -0.245259 0.969429 0.939605 0.531408 1 0 1.000000
c_spy_watch
  0 1.216087 0.505663 0.765184 0.007397 -0.245259 0.969429 0.952788 0.554030 1 0 1.000000
  0 1.226332 0.418534 0.631208 0.007397 -0.245259 0.969429 0.909018 0.589243 1 0 1.000000
  0 1.220980 0.473596 0.614405 0.007397 -0.245259 0.969429 0.901257 0.570505 1 0 1.000000
c_spy_watch
  0 1.240933 0.258761 0.776054 0.007397 -0.245259 0.969429 0.965085 0.640289 1 0 1.000000
  0 1.226332 0.418534 0.631208 0.007397 -0.245259 0.969429 0.909018 0.589243 1 0 1.000000
  0 1.216087 0.505663 0.765184 0.007397 -0.245259 0.969429 0.952788 0.554030 1 0 1.000000
c_spy_watch
  0 1.221844 0.500658 0.340936 0.007397 -0.245259 0.969429 0.804858 0.570505 1 0 1.000000
  0 1.219767 0.527824 0.289940 0.007397 -0.245259 0.969429 0.786120 0.562744 1 0 1.000000
  0 1.203168 0.675809 0.438934 0.007397 -0.245259 0.969429 0.833037 0.505655 1 0 1.000000
c_spy_watch
  0 1.219767 0.527824 0.289940 0.007397 -0.245259 0.969429 0.786120 0.562744 1 0 1.000000
  0 1.202547 0.720926 0.139460 0.007397 -0.245259 0.969429 0.726939 0.500223 1 0 1.000000
  0 1.203168 0.675809 0.438934 0.007397 -0.245259 0.969429 0.833037 0.505655 1 0 1.000000
c_spy_watch
  0 1.227672 0.460474 0.207389 0.007397 -0.245259 0.969429 0.759621 0.589243 1 0 1.000000
  0 1.228012 0.471126 0.099743 0.007397 -0.245259 0.969429 0.721676 0.589243 1 0 1.000000
  0 1.222661 0.526188 0.082942 0.007397 -0.245259 0.969429 0.713915 0.570505 1 0 1.000000
c_spy_watch
  0 1.227672 0.460474 0.207389 0.007397 -0.245259 0.969429 0.759621 0.589243 1 0 1.000000
  0 1.222661 0.526188 0.082942 0.007397 -0.245259 0.969429 0.713915 0.570505 1 0 1.000000
  0 1.222183 0.511179 0.234623 0.007397 -0.245259 0.969429 0.767382 0.570505 1 0 1.000000
c_spy_watch
  0 1.219767 0.527824 0.289940 0.007397 -0.245259 0.969429 0.786120 0.562744 1 0 1.000000
  0 1.222183 0.511179 0.234623 0.007397 -0.245259 0.969429 0.767382 0.570505 1 0 1.000000
  0 1.222661 0.526188 0.082942 0.007397 -0.245259 0.969429 0.713915 0.570505 1 0 1.000000
c_spy_watch
  0 1.219767 0.527824 0.289940 0.007397 -0.245259 0.969429 0.786120 0.562744 1 0 1.000000
  0 1.222661 0.526188 0.082942 0.007397 -0.245259 0.969429 0.713915 0.570505 1 0 1.000000
  0 1.202547 0.720926 0.139460 0.007397 -0.245259 0.969429 0.726939 0.500223 1 0 1.000000
c_spy_watch
  0 1.222661 0.526188 0.082942 0.007397 -0.245259 0.969429 0.713915 0.570505 1 0 1.000000
  0 1.220583 0.553354 0.031946 0.007397 -0.245259 0.969429 0.695177 0.562744 1 0 1.000000
  0 1.202547 0.720926 0.139460 0.007397 -0.245259 0.969429 0.726939 0.500223 1 0 1.000000
c_spy_watch
  0 1.220583 0.553354 0.031946 0.007397 -0.245259 0.969429 0.695177 0.562744 1 0 1.000000
  0 1.205070 0.735378 -0.163038 0.007397 -0.245259 0.969429 0.620841 0.505655 1 0 1.000000
  0 1.202547 0.720926 0.139460 0.007397 -0.245259 0.969429 0.726939 0.500223 1 0 1.000000
c_spy_watch
  0 1.222997 0.536710 -0.023371 0.007397 -0.245259 0.969429 0.676439 0.570505 1 0 1.000000
  0 1.205070 0.735378 -0.163038 0.007397 -0.245259 0.969429 0.620841 0.505655 1 0 1.000000
  0 1.220583 0.553354 0.031946 0.007397 -0.245259 0.969429 0.695177 0.562744 1 0 1.000000
c_spy_watch
  0 1.205070 0.735378 -0.163038 0.007397 -0.245259 0.969429 0.620841 0.505655 1 0 1.000000
  0 1.222997 0.536710 -0.023371 0.007397 -0.245259 0.969429 0.676439 0.570505 1 0 1.000000
  0 1.233829 0.463992 -0.280058 0.007397 -0.245259 0.969429 0.589335 0.604938 1 0 1.000000
c_spy_watch
  0 1.233829 0.463992 -0.280058 0.007397 -0.245259 0.969429 0.589335 0.604938 1 0 1.000000
  0 1.222997 0.536710 -0.023371 0.007397 -0.245259 0.969429 0.676439 0.570505 1 0 1.000000
  0 1.228488 0.486004 -0.050605 0.007397 -0.245259 0.969429 0.668678 0.589243 1 0 1.000000
c_spy_watch
  0 1.233829 0.463992 -0.280058 0.007397 -0.245259 0.969429 0.589335 0.604938 1 0 1.000000
  0 1.228488 0.486004 -0.050605 0.007397 -0.245259 0.969429 0.668678 0.589243 1 0 1.000000
  0 1.236699 0.430276 -0.238805 0.007397 -0.245259 0.969429 0.604897 0.615336 1 0 1.000000
c_spy_watch
  0 1.228488 0.486004 -0.050605 0.007397 -0.245259 0.969429 0.668678 0.589243 1 0 1.000000
  0 1.241107 0.383438 -0.213638 0.007397 -0.245259 0.969429 0.615295 0.630898 1 0 1.000000
  0 1.236699 0.430276 -0.238805 0.007397 -0.245259 0.969429 0.604897 0.615336 1 0 1.000000
c_spy_watch
  0 1.228488 0.486004 -0.050605 0.007397 -0.245259 0.969429 0.668678 0.589243 1 0 1.000000
  0 1.233839 0.430941 -0.033803 0.007397 -0.245259 0.969429 0.676439 0.607981 1 0 1.000000
  0 1.241107 0.383438 -0.213638 0.007397 -0.245259 0.969429 0.615295 0.630898 1 0 1.000000
c_spy_watch
  0 1.246422 0.308182 -0.045912 0.007397 -0.245259 0.969429 0.676439 0.651477 1 0 1.000000
  0 1.241107 0.383438 -0.213638 0.007397 -0.245259 0.969429 0.615295 0.630898 1 0 1.000000
  0 1.233839 0.430941 -0.033803 0.007397 -0.245259 0.969429 0.676439 0.607981 1 0 1.000000
c_spy_watch
  0 1.246422 0.308182 -0.045912 0.007397 -0.245259 0.969429 0.676439 0.651477 1 0 1.000000
  0 1.246385 0.330604 -0.208391 0.007397 -0.245259 0.969429 0.618946 0.649254 1 0 1.000000
  0 1.241107 0.383438 -0.213638 0.007397 -0.245259 0.969429 0.615295 0.630898 1 0 1.000000
c_spy_watch
  0 1.251913 0.257478 -0.073146 0.007397 -0.245259 0.969429 0.668678 0.670215 1 0 1.000000
  0 1.246385 0.330604 -0.208391 0.007397 -0.245259 0.969429 0.618946 0.649254 1 0 1.000000
  0 1.246422 0.308182 -0.045912 0.007397 -0.245259 0.969429 0.676439 0.651477 1 0 1.000000
c_spy_watch
  0 1.251913 0.257478 -0.073146 0.007397 -0.245259 0.969429 0.668678 0.670215 1 0 1.000000
  0 1.251728 0.279821 -0.223858 0.007397 -0.245259 0.969429 0.615295 0.667611 1 0 1.000000
  0 1.246385 0.330604 -0.208391 0.007397 -0.245259 0.969429 0.618946 0.649254 1 0 1.000000
c_spy_watch
  0 1.257264 0.202414 -0.056344 0.007397 -0.245259 0.969429 0.676439 0.688952 1 0 1.000000
  0 1.251728 0.279821 -0.223858 0.007397 -0.245259 0.969429 0.615295 0.667611 1 0 1.000000
  0 1.251913 0.257478 -0.073146 0.007397 -0.245259 0.969429 0.668678 0.670215 1 0 1.000000
c_spy_watch
  0 1.257264 0.202414 -0.056344 0.007397 -0.245259 0.969429 0.676439 0.688952 1 0 1.000000
  0 1.256324 0.238820 -0.257689 0.007397 -0.245259 0.969429 0.604897 0.683172 1 0 1.000000
  0 1.251728 0.279821 -0.223858 0.007397 -0.245259 0.969429 0.615295 0.667611 1 0 1.000000
c_spy_watch
  0 1.233839 0.430941 -0.033803 0.007397 -0.245259 0.969429 0.676439 0.607981 1 0 1.000000
  0 1.244009 0.324827 0.009406 0.007397 -0.245259 0.969429 0.695177 0.643715 1 0 1.000000
  0 1.246422 0.308182 -0.045912 0.007397 -0.245259 0.969429 0.676439 0.651477 1 0 1.000000
c_spy_watch
  0 1.233839 0.430941 -0.033803 0.007397 -0.245259 0.969429 0.676439 0.607981 1 0 1.000000
  0 1.235917 0.403776 0.017192 0.007397 -0.245259 0.969429 0.695177 0.615742 1 0 1.000000
  0 1.244009 0.324827 0.009406 0.007397 -0.245259 0.969429 0.695177 0.643715 1 0 1.000000
c_spy_watch
  0 1.246087 0.297662 0.060401 0.007397 -0.245259 0.969429 0.713915 0.651477 1 0 1.000000
  0 1.244009 0.324827 0.009406 0.007397 -0.245259 0.969429 0.695177 0.643715 1 0 1.000000
  0 1.235917 0.403776 0.017192 0.007397 -0.245259 0.969429 0.695177 0.615742 1 0 1.000000
c_spy_watch
  0 1.246087 0.297662 0.060401 0.007397 -0.245259 0.969429 0.713915 0.651477 1 0 1.000000
  0 1.235917 0.403776 0.017192 0.007397 -0.245259 0.969429 0.695177 0.615742 1 0 1.000000
  0 1.233504 0.420421 0.072509 0.007397 -0.245259 0.969429 0.713915 0.607981 1 0 1.000000
c_spy_watch
  0 1.246087 0.297662 0.060401 0.007397 -0.245259 0.969429 0.713915 0.651477 1 0 1.000000
  0 1.233504 0.420421 0.072509 0.007397 -0.245259 0.969429 0.713915 0.607981 1 0 1.000000
  0 1.233025 0.405412 0.224191 0.007397 -0.245259 0.969429 0.767382 0.607981 1 0 1.000000
c_spy_watch
  0 1.228012 0.471126 0.099743 0.007397 -0.245259 0.969429 0.721676 0.589243 1 0 1.000000
  0 1.233025 0.405412 0.224191 0.007397 -0.245259 0.969429 0.767382 0.607981 1 0 1.000000
  0 1.233504 0.420421 0.072509 0.007397 -0.245259 0.969429 0.713915 0.607981 1 0 1.000000
c_spy_watch
  0 1.228012 0.471126 0.099743 0.007397 -0.245259 0.969429 0.721676 0.589243 1 0 1.000000
  0 1.227672 0.460474 0.207389 0.007397 -0.245259 0.969429 0.759621 0.589243 1 0 1.000000
  0 1.233025 0.405412 0.224191 0.007397 -0.245259 0.969429 0.767382 0.607981 1 0 1.000000
c_spy_watch
  0 1.250231 0.204885 0.458318 0.007397 -0.245259 0.969429 0.856020 0.670215 1 0 1.000000
  0 1.245270 0.272132 0.318395 0.007397 -0.245259 0.969429 0.804858 0.651477 1 0 1.000000
  0 1.244742 0.255590 0.485553 0.007397 -0.245259 0.969429 0.863781 0.651477 1 0 1.000000
c_spy_watch
  0 1.250231 0.204885 0.458318 0.007397 -0.245259 0.969429 0.856020 0.670215 1 0 1.000000
  0 1.250623 0.217069 0.335197 0.007397 -0.245259 0.969429 0.812619 0.670215 1 0 1.000000
  0 1.245270 0.272132 0.318395 0.007397 -0.245259 0.969429 0.804858 0.651477 1 0 1.000000
c_spy_watch
  0 1.256112 0.166364 0.307963 0.007397 -0.245259 0.969429 0.804858 0.688952 1 0 1.000000
  0 1.250623 0.217069 0.335197 0.007397 -0.245259 0.969429 0.812619 0.670215 1 0 1.000000
  0 1.250231 0.204885 0.458318 0.007397 -0.245259 0.969429 0.856020 0.670215 1 0 1.000000
c_spy_watch
  0 1.256112 0.166364 0.307963 0.007397 -0.245259 0.969429 0.804858 0.688952 1 0 1.000000
  0 1.250231 0.204885 0.458318 0.007397 -0.245259 0.969429 0.856020 0.670215 1 0 1.000000
  0 1.255584 0.149822 0.475121 0.007397 -0.245259 0.969429 0.863781 0.688952 1 0 1.000000
c_spy_watch
  0 1.256112 0.166364 0.307963 0.007397 -0.245259 0.969429 0.804858 0.688952 1 0 1.000000
  0 1.255584 0.149822 0.475121 0.007397 -0.245259 0.969429 0.863781 0.688952 1 0 1.000000
  0 1.257659 0.122657 0.526116 0.007397 -0.245259 0.969429 0.882519 0.696714 1 0 1.000000
c_spy_watch
  0 1.256112 0.166364 0.307963 0.007397 -0.245259 0.969429 0.804858 0.688952 1 0 1.000000
  0 1.257659 0.122657 0.526116 0.007397 -0.245259 0.969429 0.882519 0.696714 1 0 1.000000
  0 1.258525 0.149719 0.252646 0.007397 -0.245259 0.969429 0.786120 0.696714 1 0 1.000000
c_spy_watch
  0 1.259341 0.175249 -0.005348 0.007397 -0.245259 0.969429 0.695177 0.696714 1 0 1.000000
  0 1.258525 0.149719 0.252646 0.007397 -0.245259 0.969429 0.786120 0.696714 1 0 1.000000
  0 1.257659 0.122657 0.526116 0.007397 -0.245259 0.969429 0.882519 0.696714 1 0 1.000000
c_spy_watch
  0 1.256928 0.191895 0.049969 0.007397 -0.245259 0.969429 0.713915 0.688952 1 0 1.000000
  0 1.258525 0.149719 0.252646 0.007397 -0.245259 0.969429 0.786120 0.696714 1 0 1.000000
  0 1.259341 0.175249 -0.005348 0.007397 -0.245259 0.969429 0.695177 0.696714 1 0 1.000000
c_spy_watch
  0 1.256928 0.191895 0.049969 0.007397 -0.245259 0.969429 0.713915 0.688952 1 0 1.000000
  0 1.256449 0.176884 0.201650 0.007397 -0.245259 0.969429 0.767382 0.688952 1 0 1.000000
  0 1.258525 0.149719 0.252646 0.007397 -0.245259 0.969429 0.786120 0.696714 1 0 1.000000
c_spy_watch
  0 1.256928 0.191895 0.049969 0.007397 -0.245259 0.969429 0.713915 0.688952 1 0 1.000000
  0 1.251097 0.231947 0.184848 0.007397 -0.245259 0.969429 0.759621 0.670215 1 0 1.000000
  0 1.256449 0.176884 0.201650 0.007397 -0.245259 0.969429 0.767382 0.688952 1 0 1.000000
c_spy_watch
  0 1.256928 0.191895 0.049969 0.007397 -0.245259 0.969429 0.713915 0.688952 1 0 1.000000
  0 1.251437 0.242600 0.077203 0.007397 -0.245259 0.969429 0.721676 0.670215 1 0 1.000000
  0 1.251097 0.231947 0.184848 0.007397 -0.245259 0.969429 0.759621 0.670215 1 0 1.000000
c_spy_watch
  0 1.246087 0.297662 0.060401 0.007397 -0.245259 0.969429 0.713915 0.651477 1 0 1.000000
  0 1.251097 0.231947 0.184848 0.007397 -0.245259 0.969429 0.759621 0.670215 1 0 1.000000
  0 1.251437 0.242600 0.077203 0.007397 -0.245259 0.969429 0.721676 0.670215 1 0 1.000000
c_spy_watch
  0 1.246087 0.297662 0.060401 0.007397 -0.245259 0.969429 0.713915 0.651477 1 0 1.000000
  0 1.245608 0.282651 0.212083 0.007397 -0.245259 0.969429 0.767382 0.651477 1 0 1.000000
  0 1.251097 0.231947 0.184848 0.007397 -0.245259 0.969429 0.759621 0.670215 1 0 1.000000
c_spy_watch
  0 1.246087 0.297662 0.060401 0.007397 -0.245259 0.969429 0.713915 0.651477 1 0 1.000000
  0 1.233025 0.405412 0.224191 0.007397 -0.245259 0.969429 0.767382 0.607981 1 0 1.000000
  0 1.245608 0.282651 0.212083 0.007397 -0.245259 0.969429 0.767382 0.651477 1 0 1.000000
c_spy_watch
  0 1.245608 0.282651 0.212083 0.007397 -0.245259 0.969429 0.767382 0.651477 1 0 1.000000
  0 1.233025 0.405412 0.224191 0.007397 -0.245259 0.969429 0.767382 0.607981 1 0 1.000000
  0 1.235100 0.378245 0.275186 0.007397 -0.245259 0.969429 0.786120 0.615742 1 0 1.000000
c_spy_watch
  0 1.245608 0.282651 0.212083 0.007397 -0.245259 0.969429 0.767382 0.651477 1 0 1.000000
  0 1.235100 0.378245 0.275186 0.007397 -0.245259 0.969429 0.786120 0.615742 1 0 1.000000
  0 1.243193 0.299296 0.267399 0.007397 -0.245259 0.969429 0.786120 0.643715 1 0 1.000000
c_spy_watch
  0 1.245270 0.272132 0.318395 0.007397 -0.245259 0.969429 0.804858 0.651477 1 0 1.000000
  0 1.243193 0.299296 0.267399 0.007397 -0.245259 0.969429 0.786120 0.643715 1 0 1.000000
  0 1.235100 0.378245 0.275186 0.007397 -0.245259 0.969429 0.786120 0.615742 1 0 1.000000
c_spy_watch
  0 1.245270 0.272132 0.318395 0.007397 -0.245259 0.969429 0.804858 0.651477 1 0 1.000000
  0 1.235100 0.378245 0.275186 0.007397 -0.245259 0.969429 0.786120 0.615742 1 0 1.000000
  0 1.232686 0.394890 0.330503 0.007397 -0.245259 0.969429 0.804858 0.607981 1 0 1.000000
c_spy_watch
  0 0.890409 -0.083347 0.863639 -0.007397 0.245259 -0.969429 0.476623 0.856431 1 0 1.000000
  0 0.815656 0.672764 0.729234 -0.007397 0.245259 -0.969429 0.439949 0.731928 1 0 1.000000
  0 0.812332 0.739299 0.470473 -0.007397 0.245259 -0.969429 0.396255 0.724774 1 0 1.000000
c_spy_watch
  0 0.890409 -0.083347 0.863639 -0.007397 0.245259 -0.969429 0.476623 0.856431 1 0 1.000000
  0 0.820841 0.609703 0.820149 -0.007397 0.245259 -0.969429 0.456840 0.741826 1 0 1.000000
  0 0.815656 0.672764 0.729234 -0.007397 0.245259 -0.969429 0.439949 0.731928 1 0 1.000000
c_spy_watch
  0 0.890409 -0.083347 0.863639 -0.007397 0.245259 -0.969429 0.476623 0.856431 1 0 1.000000
  0 0.830371 0.509504 0.866397 -0.007397 0.245259 -0.969429 0.466970 0.758596 1 0 1.000000
  0 0.820841 0.609703 0.820149 -0.007397 0.245259 -0.969429 0.456840 0.741826 1 0 1.000000
c_spy_watch
  0 0.890409 -0.083347 0.863639 -0.007397 0.245259 -0.969429 0.476623 0.856431 1 0 1.000000
  0 0.857980 0.235107 0.878687 -0.007397 0.245259 -0.969429 0.473928 0.803756 1 0 1.000000
  0 0.830371 0.509504 0.866397 -0.007397 0.245259 -0.969429 0.466970 0.758596 1 0 1.000000
c_spy_watch
  0 0.890409 -0.083347 0.863639 -0.007397 0.245259 -0.969429 0.476623 0.856431 1 0 1.000000
  0 0.950793 -0.665279 0.750525 -0.007397 0.245259 -0.969429 0.466893 0.954238 1 0 1.000000
  0 0.922937 -0.398594 0.816183 -0.007397 0.245259 -0.969429 0.473911 0.909104 1 0 1.000000
c_spy_watch
  0 0.890409 -0.083347 0.863639 -0.007397 0.245259 -0.969429 0.476623 0.856431 1 0 1.000000
  0 0.960676 -0.754474 0.685597 -0.007397 0.245259 -0.969429 0.456853 0.971023 1 0 1.000000
  0 0.950793 -0.665279 0.750525 -0.007397 0.245259 -0.969429 0.466893 0.954238 1 0 1.000000
c_spy_watch
  0 0.890409 -0.083347 0.863639 -0.007397 0.245259 -0.969429 0.476623 0.856431 1 0 1.000000
  0 0.966469 -0.798498 0.584119 -0.007397 0.245259 -0.969429 0.439952 0.980839 1 0 1.000000
  0 0.960676 -0.754474 0.685597 -0.007397 0.245259 -0.969429 0.456853 0.971023 1 0 1.000000
c_spy_watch
  0 0.890409 -0.083347 0.863639 -0.007397 0.245259 -0.969429 0.476623 0.856431 1 0 1.000000
  0 0.971453 -0.813028 0.317362 -0.007397 0.245259 -0.969429 0.396287 0.988009 1 0 1.000000
  0 0.966469 -0.798498 0.584119 -0.007397 0.245259 -0.969429 0.439952 0.980839 1 0 1.000000
c_spy_watch
  0 0.890409 -0.083347 0.863639 -0.007397 0.245259 -0.969429 0.476623 0.856431 1 0 1.000000
  0 0.974200 -0.797342 -0.011506 -0.007397 0.245259 -0.969429 0.342169 0.990847 1 0 1.000000
  0 0.971453 -0.813028 0.317362 -0.007397 0.245259 -0.969429 0.396287 0.988009 1 0 1.000000
c_spy_watch
  0 0.890409 -0.083347 0.863639 -0.007397 0.245259 -0.969429 0.476623 0.856431 1 0 1.000000
  0 0.973523 -0.748266 -0.337079 -0.007397 0.245259 -0.969429 0.288050 0.988009 1 0 1.000000
  0 0.974200 -0.797342 -0.011506 -0.007397 0.245259 -0.969429 0.342169 0.990847 1 0 1.000000
c_spy_watch
  0 0.890409 -0.083347 0.863639 -0.007397 0.245259 -0.969429 0.476623 0.856431 1 0 1.000000
  0 0.970198 -0.681731 -0.595842 -0.007397 0.245259 -0.969429 0.244384 0.980836 1 0 1.000000
  0 0.973523 -0.748266 -0.337079 -0.007397 0.245259 -0.969429 0.288050 0.988009 1 0 1.000000
c_spy_watch
  0 0.890409 -0.083347 0.863639 -0.007397 0.245259 -0.969429 0.476623 0.856431 1 0 1.000000
  0 0.965014 -0.618670 -0.686757 -0.007397 0.245259 -0.969429 0.227483 0.971016 1 0 1.000000
  0 0.970198 -0.681731 -0.595842 -0.007397 0.245259 -0.969429 0.244384 0.980836 1 0 1.000000
c_spy_watch
  0 0.890409 -0.083347 0.863639 -0.007397 0.245259 -0.969429 0.476623 0.856431 1 0 1.000000
  0 0.955482 -0.518472 -0.733005 -0.007397 0.245259 -0.969429 0.217447 0.954224 1 0 1.000000
  0 0.965014 -0.618670 -0.686757 -0.007397 0.245259 -0.969429 0.227483 0.971016 1 0 1.000000
c_spy_watch
  0 0.890409 -0.083347 0.863639 -0.007397 0.245259 -0.969429 0.476623 0.856431 1 0 1.000000
  0 0.927875 -0.244074 -0.745294 -0.007397 0.245259 -0.969429 0.210430 0.909085 1 0 1.000000
  0 0.955482 -0.518472 -0.733005 -0.007397 0.245259 -0.969429 0.217447 0.954224 1 0 1.000000
c_spy_watch
  0 0.890409 -0.083347 0.863639 -0.007397 0.245259 -0.969429 0.476623 0.856431 1 0 1.000000
  0 0.895448 0.074381 -0.730247 -0.007397 0.245259 -0.969429 0.207722 0.856406 1 0 1.000000
  0 0.927875 -0.244074 -0.745294 -0.007397 0.245259 -0.969429 0.210430 0.909085 1 0 1.000000
c_spy_watch
  0 0.890409 -0.083347 0.863639 -0.007397 0.245259 -0.969429 0.476623 0.856431 1 0 1.000000
  0 0.862917 0.389627 -0.682791 -0.007397 0.245259 -0.969429 0.210429 0.803728 1 0 1.000000
  0 0.895448 0.074381 -0.730247 -0.007397 0.245259 -0.969429 0.207722 0.856406 1 0 1.000000
c_spy_watch
  0 0.890409 -0.083347 0.863639 -0.007397 0.245259 -0.969429 0.476623 0.856431 1 0 1.000000
  0 0.835060 0.656310 -0.617132 -0.007397 0.245259 -0.969429 0.217442 0.758590 1 0 1.000000
  0 0.862917 0.389627 -0.682791 -0.007397 0.245259 -0.969429 0.210429 0.803728 1 0 1.000000
c_spy_watch
  0 0.890409 -0.083347 0.863639 -0.007397 0.245259 -0.969429 0.476623 0.856431 1 0 1.000000
  0 0.825179 0.745506 -0.552204 -0.007397 0.245259 -0.969429 0.227470 0.741797 1 0 1.000000
  0 0.835060 0.656310 -0.617132 -0.007397 0.245259 -0.969429 0.217442 0.758590 1 0 1.000000
c_spy_watch
  0 0.890409 -0.083347 0.863639 -0.007397 0.245259 -0.969429 0.476623 0.856431 1 0 1.000000
  0 0.819386 0.789531 -0.450726 -0.007397 0.245259 -0.969429 0.244361 0.731972 1 0 1.000000
  0 0.825179 0.745506 -0.552204 -0.007397 0.245259 -0.969429 0.227470 0.741797 1 0 1.000000
c_spy_watch
  0 0.890409 -0.083347 0.863639 -0.007397 0.245259 -0.969429 0.476623 0.856431 1 0 1.000000
  0 0.814401 0.804062 -0.183968 -0.007397 0.245259 -0.969429 0.288020 0.724796 1 0 1.000000
  0 0.819386 0.789531 -0.450726 -0.007397 0.245259 -0.969429 0.244361 0.731972 1 0 1.000000
c_spy_watch
  0 0.890409 -0.083347 0.863639 -0.007397 0.245259 -0.969429 0.476623 0.856431 1 0 1.000000
  0 0.811655 0.788375 0.144899 -0.007397 0.245259 -0.969429 0.342131 0.721952 1 0 1.000000
  0 0.814401 0.804062 -0.183968 -0.007397 0.245259 -0.969429 0.288020 0.724796 1 0 1.000000
c_spy_watch
  0 0.890409 -0.083347 0.863639 -0.007397 0.245259 -0.969429 0.476623 0.856431 1 0 1.000000
  0 0.812332 0.739299 0.470473 -0.007397 0.245259 -0.969429 0.396255 0.724774 1 0 1.000000
  0 0.811655 0.788375 0.144899 -0.007397 0.245259 -0.969429 0.342131 0.721952 1 0 1.000000
c_spy_watch
  0 1.364122 -0.567744 0.678033 0.461255 -0.852445 0.246134 0.179052 0.723620 1 0 1.000000
  0 1.332449 -0.624656 0.615930 0.752938 -0.577431 0.315687 0.194812 0.755447 1 0 1.000000
  0 1.325786 -0.564511 0.659628 0.461255 -0.852445 0.246134 0.194812 0.723620 1 0 1.000000
c_spy_watch
  0 1.364122 -0.567744 0.678033 0.461255 -0.852445 0.246134 0.179052 0.723620 1 0 1.000000
  0 1.371662 -0.635802 0.628548 0.752938 -0.577431 0.315687 0.179052 0.755447 1 0 1.000000
  0 1.332449 -0.624656 0.615930 0.752938 -0.577431 0.315687 0.194812 0.755447 1 0 1.000000
c_spy_watch
  0 1.332449 -0.624656 0.615930 0.752938 -0.577431 0.315687 0.194812 0.755447 1 0 1.000000
  0 1.371662 -0.635802 0.628548 0.752938 -0.577431 0.315687 0.179052 0.755447 1 0 1.000000
  0 1.376106 -0.669533 0.550397 0.888996 -0.218674 0.402327 0.179052 0.786195 1 0 1.000000
c_spy_watch
  0 1.332449 -0.624656 0.615930 0.752938 -0.577431 0.315687 0.194812 0.755447 1 0 1.000000
  0 1.376106 -0.669533 0.550397 0.888996 -0.218674 0.402327 0.179052 0.786195 1 0 1.000000
  0 1.336390 -0.654553 0.546416 0.888996 -0.218674 0.402327 0.194812 0.786195 1 0 1.000000
c_spy_watch
  0 1.336390 -0.654553 0.546416 0.888996 -0.218674 0.402327 0.194812 0.786195 1 0 1.000000
  0 1.376106 -0.669533 0.550397 0.888996 -0.218674 0.402327 0.179052 0.786195 1 0 1.000000
  0 1.380640 -0.682655 0.307024 0.892010 -0.020999 0.451527 0.179052 0.879226 1 0 1.000000
c_spy_watch
  0 1.336390 -0.654553 0.546416 0.888996 -0.218674 0.402327 0.194812 0.786195 1 0 1.000000
  0 1.380640 -0.682655 0.307024 0.892010 -0.020999 0.451527 0.179052 0.879226 1 0 1.000000
  0 1.340856 -0.667422 0.306446 0.892010 -0.020999 0.451527 0.194812 0.879226 1 0 1.000000
c_spy_watch
  0 1.380640 -0.682655 0.307024 0.892010 -0.020999 0.451527 0.179052 0.879226 1 0 1.000000
  0 1.343379 -0.652970 0.003948 0.870295 0.049548 0.490033 0.194812 0.989116 1 0 1.000000
  0 1.340856 -0.667422 0.306446 0.892010 -0.020999 0.451527 0.194812 0.879226 1 0 1.000000
c_spy_watch
  0 1.380640 -0.682655 0.307024 0.892010 -0.020999 0.451527 0.179052 0.879226 1 0 1.000000
  0 1.383181 -0.668118 0.002575 0.870295 0.049548 0.490033 0.179052 0.989116 1 0 1.000000
  0 1.343379 -0.652970 0.003948 0.870295 0.049548 0.490033 0.194812 0.989116 1 0 1.000000
c_spy_watch
  0 1.343379 -0.652970 0.003948 0.870295 0.049548 0.490033 0.194812 0.989116 1 0 1.000000
  0 1.383181 -0.668118 0.002575 0.870295 0.049548 0.490033 0.179052 0.989116 1 0 1.000000
  0 1.382555 -0.622702 -0.298829 0.855798 0.152660 0.494272 0.179052 0.879226 1 0 1.000000
c_spy_watch
  0 1.343379 -0.652970 0.003948 0.870295 0.049548 0.490033 0.194812 0.989116 1 0 1.000000
  0 1.382555 -0.622702 -0.298829 0.855798 0.152660 0.494272 0.179052 0.879226 1 0 1.000000
  0 1.342758 -0.607852 -0.295526 0.855798 0.152660 0.494272 0.194812 0.879226 1 0 1.000000
c_spy_watch
  0 1.382555 -0.622702 -0.298829 0.855798 0.152660 0.494272 0.179052 0.879226 1 0 1.000000
  0 1.339789 -0.548198 -0.528342 0.771775 0.331779 0.542482 0.194812 0.786195 1 0 1.000000
  0 1.342758 -0.607852 -0.295526 0.855798 0.152660 0.494272 0.194812 0.879226 1 0 1.000000
c_spy_watch
  0 1.382555 -0.622702 -0.298829 0.855798 0.152660 0.494272 0.179052 0.879226 1 0 1.000000
  0 1.379536 -0.562131 -0.534933 0.771775 0.331779 0.542482 0.179052 0.786195 1 0 1.000000
  0 1.339789 -0.548198 -0.528342 0.771775 0.331779 0.542482 0.194812 0.786195 1 0 1.000000
c_spy_watch
  0 1.379536 -0.562131 -0.534933 0.771775 0.331779 0.542482 0.179052 0.786195 1 0 1.000000
  0 1.336263 -0.505254 -0.590674 0.500735 0.606870 0.617230 0.194812 0.755447 1 0 1.000000
  0 1.339789 -0.548198 -0.528342 0.771775 0.331779 0.542482 0.194812 0.786195 1 0 1.000000
c_spy_watch
  0 1.379536 -0.562131 -0.534933 0.771775 0.331779 0.542482 0.179052 0.786195 1 0 1.000000
  0 1.375560 -0.513735 -0.604984 0.500735 0.606870 0.617230 0.179052 0.755447 1 0 1.000000
  0 1.336263 -0.505254 -0.590674 0.500735 0.606870 0.617230 0.194812 0.755447 1 0 1.000000
c_spy_watch
  0 1.336263 -0.505254 -0.590674 0.500735 0.606870 0.617230 0.194812 0.755447 1 0 1.000000
  0 1.375560 -0.513735 -0.604984 0.500735 0.606870 0.617230 0.179052 0.755447 1 0 1.000000
  0 1.368289 -0.437292 -0.640218 0.120551 0.747151 0.653630 0.179052 0.723620 1 0 1.000000
c_spy_watch
  0 1.336263 -0.505254 -0.590674 0.500735 0.606870 0.617230 0.194812 0.755447 1 0 1.000000
  0 1.368289 -0.437292 -0.640218 0.120551 0.747151 0.653630 0.179052 0.723620 1 0 1.000000
  0 1.329837 -0.437706 -0.621776 0.120551 0.747151 0.653630 0.194812 0.723620 1 0 1.000000
c_spy_watch
  0 1.329837 -0.437706 -0.621776 0.120551 0.747151 0.653630 0.194812 0.723620 1 0 1.000000
  0 1.368289 -0.437292 -0.640218 0.120551 0.747151 0.653630 0.179052 0.723620 1 0 1.000000
  0 1.343095 -0.186911 -0.651307 -0.092251 0.752237 0.652402 0.179052 0.626507 1 0 1.000000
c_spy_watch
  0 1.329837 -0.437706 -0.621776 0.120551 0.747151 0.653630 0.194812 0.723620 1 0 1.000000
  0 1.343095 -0.186911 -0.651307 -0.092251 0.752237 0.652402 0.179052 0.626507 1 0 1.000000
  0 1.304963 -0.190507 -0.632616 -0.092251 0.752237 0.652402 0.194812 0.626507 1 0 1.000000
c_spy_watch
  0 1.304963 -0.190507 -0.632616 -0.092251 0.752237 0.652402 0.194812 0.626507 1 0 1.000000
  0 1.343095 -0.186911 -0.651307 -0.092251 0.752237 0.652402 0.179052 0.626507 1 0 1.000000
  0 1.313061 0.108026 -0.637363 -0.177978 0.742607 0.645646 0.179052 0.511544 1 0 1.000000
c_spy_watch
  0 1.304963 -0.190507 -0.632616 -0.092251 0.752237 0.652402 0.194812 0.626507 1 0 1.000000
  0 1.313061 0.108026 -0.637363 -0.177978 0.742607 0.645646 0.179052 0.511544 1 0 1.000000
  0 1.275146 0.102307 -0.618785 -0.177978 0.742607 0.645646 0.194812 0.511544 1 0 1.000000
c_spy_watch
  0 1.282934 0.399993 -0.593419 -0.260985 0.718171 0.645071 0.179052 0.395377 1 0 1.000000
  0 1.275146 0.102307 -0.618785 -0.177978 0.742607 0.645646 0.194812 0.511544 1 0 1.000000
  0 1.313061 0.108026 -0.637363 -0.177978 0.742607 0.645646 0.179052 0.511544 1 0 1.000000
c_spy_watch
  0 1.282934 0.399993 -0.593419 -0.260985 0.718171 0.645071 0.179052 0.395377 1 0 1.000000
  0 1.245204 0.392470 -0.575115 -0.260985 0.718171 0.645071 0.194812 0.395377 1 0 1.000000
  0 1.275146 0.102307 -0.618785 -0.177978 0.742607 0.645646 0.194812 0.511544 1 0 1.000000
c_spy_watch
  0 1.282934 0.399993 -0.593419 -0.260985 0.718171 0.645071 0.179052 0.395377 1 0 1.000000
  0 1.220138 0.632468 -0.516221 -0.454581 0.631177 0.628468 0.194812 0.296080 1 0 1.000000
  0 1.245204 0.392470 -0.575115 -0.260985 0.718171 0.645071 0.194812 0.395377 1 0 1.000000
c_spy_watch
  0 1.282934 0.399993 -0.593419 -0.260985 0.718171 0.645071 0.179052 0.395377 1 0 1.000000
  0 1.257516 0.643362 -0.533629 -0.454581 0.631177 0.628468 0.179052 0.296080 1 0 1.000000
  0 1.220138 0.632468 -0.516221 -0.454581 0.631177 0.628468 0.194812 0.296080 1 0 1.000000
c_spy_watch
  0 1.257516 0.643362 -0.533629 -0.454581 0.631177 0.628468 0.179052 0.296080 1 0 1.000000
  0 1.213476 0.692612 -0.472524 -0.745512 0.325626 0.581532 0.194812 0.260046 1 0 1.000000
  0 1.220138 0.632468 -0.516221 -0.454581 0.631177 0.628468 0.194812 0.296080 1 0 1.000000
c_spy_watch
  0 1.257516 0.643362 -0.533629 -0.454581 0.631177 0.628468 0.179052 0.296080 1 0 1.000000
  0 1.249975 0.711420 -0.484142 -0.745512 0.325626 0.581532 0.179052 0.260046 1 0 1.000000
  0 1.213476 0.692612 -0.472524 -0.745512 0.325626 0.581532 0.194812 0.260046 1 0 1.000000
c_spy_watch
  0 1.245532 0.745152 -0.405990 -0.882336 -0.002174 0.470614 0.179052 0.222684 1 0 1.000000
  0 1.213476 0.692612 -0.472524 -0.745512 0.325626 0.581532 0.194812 0.260046 1 0 1.000000
  0 1.249975 0.711420 -0.484142 -0.745512 0.325626 0.581532 0.179052 0.260046 1 0 1.000000
c_spy_watch
  0 1.245532 0.745152 -0.405990 -0.882336 -0.002174 0.470614 0.179052 0.222684 1 0 1.000000
  0 1.209535 0.722509 -0.403009 -0.882336 -0.002174 0.470614 0.194812 0.222684 1 0 1.000000
  0 1.213476 0.692612 -0.472524 -0.745512 0.325626 0.581532 0.194812 0.260046 1 0 1.000000
c_spy_watch
  0 1.209535 0.722509 -0.403009 -0.882336 -0.002174 0.470614 0.194812 0.222684 1 0 1.000000
  0 1.245532 0.745152 -0.405990 -0.882336 -0.002174 0.470614 0.179052 0.222684 1 0 1.000000
  0 1.240997 0.758275 -0.162618 -0.885361 -0.199475 0.419934 0.179052 0.124582 1 0 1.000000
c_spy_watch
  0 1.209535 0.722509 -0.403009 -0.882336 -0.002174 0.470614 0.194812 0.222684 1 0 1.000000
  0 1.240997 0.758275 -0.162618 -0.885361 -0.199475 0.419934 0.179052 0.124582 1 0 1.000000
  0 1.205070 0.735378 -0.163038 -0.885361 -0.199475 0.419934 0.194812 0.124582 1 0 1.000000
c_spy_watch
  0 1.202547 0.720926 0.139460 -0.874982 -0.285831 0.390776 0.194812 0.007064 1 0 1.000000
  0 1.205070 0.735378 -0.163038 -0.885361 -0.199475 0.419934 0.194812 0.124582 1 0 1.000000
  0 1.240997 0.758275 -0.162618 -0.885361 -0.199475 0.419934 0.179052 0.124582 1 0 1.000000
c_spy_watch
  0 1.202547 0.720926 0.139460 -0.874982 -0.285831 0.390776 0.194812 0.007064 1 0 1.000000
  0 1.240997 0.758275 -0.162618 -0.885361 -0.199475 0.419934 0.179052 0.124582 1 0 1.000000
  0 1.238457 0.743738 0.141830 -0.874982 -0.285831 0.390776 0.179052 0.007064 1 0 1.000000
c_spy_watch
  0 1.239082 0.698321 0.443235 -0.849170 -0.372437 0.374434 0.179052 0.124582 1 0 1.000000
  0 1.202547 0.720926 0.139460 -0.874982 -0.285831 0.390776 0.194812 0.007064 1 0 1.000000
  0 1.238457 0.743738 0.141830 -0.874982 -0.285831 0.390776 0.179052 0.007064 1 0 1.000000
c_spy_watch
  0 1.239082 0.698321 0.443235 -0.849170 -0.372437 0.374434 0.179052 0.124582 1 0 1.000000
  0 1.203168 0.675809 0.438934 -0.849170 -0.372437 0.374434 0.194812 0.124582 1 0 1.000000
  0 1.202547 0.720926 0.139460 -0.874982 -0.285831 0.390776 0.194812 0.007064 1 0 1.000000
c_spy_watch
  0 1.239082 0.698321 0.443235 -0.849170 -0.372437 0.374434 0.179052 0.124582 1 0 1.000000
  0 1.206136 0.616154 0.671749 -0.765114 -0.552627 0.330460 0.194812 0.222684 1 0 1.000000
  0 1.203168 0.675809 0.438934 -0.849170 -0.372437 0.374434 0.194812 0.124582 1 0 1.000000
c_spy_watch
  0 1.239082 0.698321 0.443235 -0.849170 -0.372437 0.374434 0.179052 0.124582 1 0 1.000000
  0 1.242102 0.637751 0.679338 -0.765114 -0.552627 0.330460 0.179052 0.222684 1 0 1.000000
  0 1.206136 0.616154 0.671749 -0.765114 -0.552627 0.330460 0.194812 0.222684 1 0 1.000000
c_spy_watch
  0 1.242102 0.637751 0.679338 -0.765114 -0.552627 0.330460 0.179052 0.222684 1 0 1.000000
  0 1.209661 0.573210 0.734080 -0.494030 -0.829184 0.261509 0.194812 0.260046 1 0 1.000000
  0 1.206136 0.616154 0.671749 -0.765114 -0.552627 0.330460 0.194812 0.222684 1 0 1.000000
c_spy_watch
  0 1.242102 0.637751 0.679338 -0.765114 -0.552627 0.330460 0.179052 0.222684 1 0 1.000000
  0 1.246077 0.589353 0.749388 -0.494030 -0.829184 0.261509 0.179052 0.260046 1 0 1.000000
  0 1.209661 0.573210 0.734080 -0.494030 -0.829184 0.261509 0.194812 0.260046 1 0 1.000000
c_spy_watch
  0 1.253349 0.512910 0.784623 -0.113908 -0.968566 0.221144 0.179052 0.296080 1 0 1.000000
  0 1.209661 0.573210 0.734080 -0.494030 -0.829184 0.261509 0.194812 0.260046 1 0 1.000000
  0 1.246077 0.589353 0.749388 -0.494030 -0.829184 0.261509 0.179052 0.260046 1 0 1.000000
c_spy_watch
  0 1.253349 0.512910 0.784623 -0.113908 -0.968566 0.221144 0.179052 0.296080 1 0 1.000000
  0 1.216087 0.505663 0.765184 -0.113908 -0.968566 0.221144 0.194812 0.296080 1 0 1.000000
  0 1.209661 0.573210 0.734080 -0.494030 -0.829184 0.261509 0.194812 0.260046 1 0 1.000000
c_spy_watch
  0 1.278542 0.262529 0.795712 0.098868 -0.971637 0.214815 0.179052 0.395377 1 0 1.000000
  0 1.216087 0.505663 0.765184 -0.113908 -0.968566 0.221144 0.194812 0.296080 1 0 1.000000
  0 1.253349 0.512910 0.784623 -0.113908 -0.968566 0.221144 0.179052 0.296080 1 0 1.000000
c_spy_watch
  0 1.278542 0.262529 0.795712 0.098868 -0.971637 0.214815 0.179052 0.395377 1 0 1.000000
  0 1.240933 0.258761 0.776054 0.098868 -0.971637 0.214815 0.194812 0.395377 1 0 1.000000
  0 1.216087 0.505663 0.765184 -0.113908 -0.968566 0.221144 0.194812 0.296080 1 0 1.000000
c_spy_watch
  0 1.270778 -0.034351 0.762192 0.184524 -0.959642 0.212223 0.194812 0.511544 1 0 1.000000
  0 1.240933 0.258761 0.776054 0.098868 -0.971637 0.214815 0.194812 0.395377 1 0 1.000000
  0 1.278542 0.262529 0.795712 0.098868 -0.971637 0.214815 0.179052 0.395377 1 0 1.000000
c_spy_watch
  0 1.270778 -0.034351 0.762192 0.184524 -0.959642 0.212223 0.194812 0.511544 1 0 1.000000
  0 1.278542 0.262529 0.795712 0.098868 -0.971637 0.214815 0.179052 0.395377 1 0 1.000000
  0 1.308576 -0.032407 0.781768 0.184524 -0.959642 0.212223 0.179052 0.511544 1 0 1.000000
c_spy_watch
  0 1.270778 -0.034351 0.762192 0.184524 -0.959642 0.212223 0.194812 0.511544 1 0 1.000000
  0 1.308576 -0.032407 0.781768 0.184524 -0.959642 0.212223 0.179052 0.511544 1 0 1.000000
  0 1.338703 -0.324375 0.737824 0.267130 -0.937145 0.224501 0.179052 0.626507 1 0 1.000000
c_spy_watch
  0 1.270778 -0.034351 0.762192 0.184524 -0.959642 0.212223 0.194812 0.511544 1 0 1.000000
  0 1.338703 -0.324375 0.737824 0.267130 -0.937145 0.224501 0.179052 0.626507 1 0 1.000000
  0 1.300722 -0.324514 0.718524 0.267130 -0.937145 0.224501 0.194812 0.626507 1 0 1.000000
c_spy_watch
  0 1.338703 -0.324375 0.737824 0.267130 -0.937145 0.224501 0.179052 0.626507 1 0 1.000000
  0 1.325786 -0.564511 0.659628 0.461255 -0.852445 0.246134 0.194812 0.723620 1 0 1.000000
  0 1.300722 -0.324514 0.718524 0.267130 -0.937145 0.224501 0.194812 0.626507 1 0 1.000000
c_spy_watch
  0 1.338703 -0.324375 0.737824 0.267130 -0.937145 0.224501 0.179052 0.626507 1 0 1.000000
  0 1.364122 -0.567744 0.678033 0.461255 -0.852445 0.246134 0.179052 0.723620 1 0 1.000000
  0 1.325786 -0.564511 0.659628 0.461255 -0.852445 0.246134 0.194812 0.723620 1 0 1.000000
c_spy_watch
  0 1.264927 -0.969461 -0.556775 -0.860004 -0.496223 -0.118979 0.645315 0.104836 1 0 1.000000
  0 1.055376 -0.990666 -0.559536 -0.860004 -0.496223 -0.118979 0.627751 0.154066 1 0 1.000000
  0 1.054559 -0.982777 -0.577276 -0.711378 -0.682222 -0.168864 0.622596 0.154594 1 0 1.000000
c_spy_watch
  0 1.264927 -0.969461 -0.556775 -0.860004 -0.496223 -0.118979 0.645315 0.104836 1 0 1.000000
  0 1.054559 -0.982777 -0.577276 -0.711378 -0.682222 -0.168864 0.622596 0.154594 1 0 1.000000
  0 1.264612 -0.961521 -0.574509 -0.711378 -0.682222 -0.168864 0.640334 0.104057 1 0 1.000000
c_spy_watch
  0 1.054559 -0.982777 -0.577276 -0.711378 -0.682222 -0.168864 0.622596 0.154594 1 0 1.000000
  0 1.264726 -0.945891 -0.586318 -0.518592 -0.829838 -0.205986 0.634988 0.100532 1 0 1.000000
  0 1.264612 -0.961521 -0.574509 -0.711378 -0.682222 -0.168864 0.640334 0.104057 1 0 1.000000
c_spy_watch
  0 1.054559 -0.982777 -0.577276 -0.711378 -0.682222 -0.168864 0.622596 0.154594 1 0 1.000000
  0 1.051623 -0.967456 -0.589127 -0.518592 -0.829838 -0.205986 0.617312 0.154392 1 0 1.000000
  0 1.264726 -0.945891 -0.586318 -0.518592 -0.829838 -0.205986 0.634988 0.100532 1 0 1.000000
c_spy_watch
  0 1.136208 0.821593 -0.446551 0.872361 -0.223365 0.434850 0.121864 0.222684 1 0 1.000000
  0 1.247311 0.740858 -0.507960 0.723001 -0.582175 0.371942 0.164960 0.260046 1 0 1.000000
  0 1.142002 0.777571 -0.548029 0.723001 -0.582175 0.371942 0.121864 0.260046 1 0 1.000000
c_spy_watch
  0 1.247311 0.740858 -0.507960 0.723001 -0.582175 0.371942 0.164960 0.260046 1 0 1.000000
  0 1.151885 0.688375 -0.612957 0.450364 -0.847255 0.281659 0.121864 0.296080 1 0 1.000000
  0 1.142002 0.777571 -0.548029 0.723001 -0.582175 0.371942 0.121864 0.260046 1 0 1.000000
c_spy_watch
  0 1.247311 0.740858 -0.507960 0.723001 -0.582175 0.371942 0.164960 0.260046 1 0 1.000000
  0 1.256575 0.657244 -0.568825 0.450364 -0.847255 0.281659 0.164960 0.296080 1 0 1.000000
  0 1.151885 0.688375 -0.612957 0.450364 -0.847255 0.281659 0.121864 0.296080 1 0 1.000000
c_spy_watch
  0 1.256575 0.657244 -0.568825 0.450364 -0.847255 0.281659 0.164960 0.296080 1 0 1.000000
  0 1.179740 0.421691 -0.678615 0.267130 -0.937145 0.224501 0.121864 0.395377 1 0 1.000000
  0 1.151885 0.688375 -0.612957 0.450364 -0.847255 0.281659 0.121864 0.296080 1 0 1.000000
c_spy_watch
  0 1.256575 0.657244 -0.568825 0.450364 -0.847255 0.281659 0.164960 0.296080 1 0 1.000000
  0 1.282685 0.407251 -0.630373 0.267130 -0.937145 0.224501 0.164960 0.395377 1 0 1.000000
  0 1.179740 0.421691 -0.678615 0.267130 -0.937145 0.224501 0.121864 0.395377 1 0 1.000000
c_spy_watch
  0 1.282685 0.407251 -0.630373 0.267130 -0.937145 0.224501 0.164960 0.395377 1 0 1.000000
  0 1.212269 0.106444 -0.726073 0.184524 -0.959642 0.212223 0.121864 0.511544 1 0 1.000000
  0 1.179740 0.421691 -0.678615 0.267130 -0.937145 0.224501 0.121864 0.395377 1 0 1.000000
c_spy_watch
  0 1.282685 0.407251 -0.630373 0.267130 -0.937145 0.224501 0.164960 0.395377 1 0 1.000000
  0 1.313181 0.111737 -0.674860 0.184524 -0.959642 0.212223 0.164960 0.511544 1 0 1.000000
  0 1.212269 0.106444 -0.726073 0.184524 -0.959642 0.212223 0.121864 0.511544 1 0 1.000000
c_spy_watch
  0 1.212269 0.106444 -0.726073 0.184524 -0.959642 0.212223 0.121864 0.511544 1 0 1.000000
  0 1.313181 0.111737 -0.674860 0.184524 -0.959642 0.212223 0.164960 0.511544 1 0 1.000000
  0 1.343578 -0.186785 -0.688966 0.098868 -0.971637 0.214815 0.164960 0.626507 1 0 1.000000
c_spy_watch
  0 1.212269 0.106444 -0.726073 0.184524 -0.959642 0.212223 0.121864 0.511544 1 0 1.000000
  0 1.343578 -0.186785 -0.688966 0.098868 -0.971637 0.214815 0.164960 0.626507 1 0 1.000000
  0 1.244697 -0.212010 -0.741120 0.098868 -0.971637 0.214815 0.121864 0.626507 1 0 1.000000
c_spy_watch
  0 1.244697 -0.212010 -0.741120 0.098868 -0.971637 0.214815 0.121864 0.626507 1 0 1.000000
  0 1.343578 -0.186785 -0.688966 0.098868 -0.971637 0.214815 0.164960 0.626507 1 0 1.000000
  0 1.369459 -0.444008 -0.677445 -0.108879 -0.960162 0.257361 0.164960 0.723620 1 0 1.000000
c_spy_watch
  0 1.244697 -0.212010 -0.741120 0.098868 -0.971637 0.214815 0.121864 0.626507 1 0 1.000000
  0 1.369459 -0.444008 -0.677445 -0.108879 -0.960162 0.257361 0.164960 0.723620 1 0 1.000000
  0 1.272307 -0.486408 -0.728830 -0.108879 -0.960162 0.257361 0.121864 0.723620 1 0 1.000000
c_spy_watch
  0 1.272307 -0.486408 -0.728830 -0.108879 -0.960162 0.257361 0.121864 0.723620 1 0 1.000000
  0 1.369459 -0.444008 -0.677445 -0.108879 -0.960162 0.257361 0.164960 0.723620 1 0 1.000000
  0 1.378394 -0.537935 -0.634092 -0.469394 -0.822911 0.320135 0.164960 0.755447 1 0 1.000000
c_spy_watch
  0 1.272307 -0.486408 -0.728830 -0.108879 -0.960162 0.257361 0.121864 0.723620 1 0 1.000000
  0 1.378394 -0.537935 -0.634092 -0.469394 -0.822911 0.320135 0.164960 0.755447 1 0 1.000000
  0 1.281837 -0.586605 -0.682583 -0.469394 -0.822911 0.320135 0.121864 0.755447 1 0 1.000000
c_spy_watch
  0 1.378394 -0.537935 -0.634092 -0.469394 -0.822911 0.320135 0.164960 0.755447 1 0 1.000000
  0 1.287021 -0.649667 -0.591667 -0.750733 -0.551056 0.364331 0.121864 0.786195 1 0 1.000000
  0 1.281837 -0.586605 -0.682583 -0.469394 -0.822911 0.320135 0.121864 0.755447 1 0 1.000000
c_spy_watch
  0 1.378394 -0.537935 -0.634092 -0.469394 -0.822911 0.320135 0.164960 0.755447 1 0 1.000000
  0 1.383254 -0.597049 -0.548867 -0.750733 -0.551056 0.364331 0.164960 0.786195 1 0 1.000000
  0 1.287021 -0.649667 -0.591667 -0.750733 -0.551056 0.364331 0.121864 0.786195 1 0 1.000000
c_spy_watch
  0 1.383254 -0.597049 -0.548867 -0.750733 -0.551056 0.364331 0.164960 0.786195 1 0 1.000000
  0 1.290346 -0.716202 -0.332905 -0.849170 -0.372437 0.374434 0.121864 0.879226 1 0 1.000000
  0 1.287021 -0.649667 -0.591667 -0.750733 -0.551056 0.364331 0.121864 0.786195 1 0 1.000000
c_spy_watch
  0 1.383254 -0.597049 -0.548867 -0.750733 -0.551056 0.364331 0.164960 0.786195 1 0 1.000000
  0 1.386370 -0.659419 -0.306302 -0.849170 -0.372437 0.374434 0.164960 0.879226 1 0 1.000000
  0 1.290346 -0.716202 -0.332905 -0.849170 -0.372437 0.374434 0.121864 0.879226 1 0 1.000000
c_spy_watch
  0 1.386370 -0.659419 -0.306302 -0.849170 -0.372437 0.374434 0.164960 0.879226 1 0 1.000000
  0 1.291023 -0.765277 -0.007332 -0.874982 -0.285831 0.390776 0.121864 0.989116 1 0 1.000000
  0 1.290346 -0.716202 -0.332905 -0.849170 -0.372437 0.374434 0.121864 0.879226 1 0 1.000000
c_spy_watch
  0 1.386370 -0.659419 -0.306302 -0.849170 -0.372437 0.374434 0.164960 0.879226 1 0 1.000000
  0 1.387005 -0.705424 -0.001105 -0.874982 -0.285831 0.390776 0.164960 0.989116 1 0 1.000000
  0 1.291023 -0.765277 -0.007332 -0.874982 -0.285831 0.390776 0.121864 0.989116 1 0 1.000000
c_spy_watch
  0 1.291023 -0.765277 -0.007332 -0.874982 -0.285831 0.390776 0.121864 0.989116 1 0 1.000000
  0 1.387005 -0.705424 -0.001105 -0.874982 -0.285831 0.390776 0.164960 0.989116 1 0 1.000000
  0 1.384431 -0.720128 0.307178 -0.885361 -0.199475 0.419934 0.164960 0.879226 1 0 1.000000
c_spy_watch
  0 1.291023 -0.765277 -0.007332 -0.874982 -0.285831 0.390776 0.121864 0.989116 1 0 1.000000
  0 1.384431 -0.720128 0.307178 -0.885361 -0.199475 0.419934 0.164960 0.879226 1 0 1.000000
  0 1.288276 -0.780963 0.321535 -0.885361 -0.199475 0.419934 0.121864 0.879226 1 0 1.000000
c_spy_watch
  0 1.288276 -0.780963 0.321535 -0.885361 -0.199475 0.419934 0.121864 0.879226 1 0 1.000000
  0 1.384431 -0.720128 0.307178 -0.885361 -0.199475 0.419934 0.164960 0.879226 1 0 1.000000
  0 1.379756 -0.706506 0.557239 -0.865219 -0.013453 0.501214 0.164960 0.786195 1 0 1.000000
c_spy_watch
  0 1.288276 -0.780963 0.321535 -0.885361 -0.199475 0.419934 0.121864 0.879226 1 0 1.000000
  0 1.379756 -0.706506 0.557239 -0.865219 -0.013453 0.501214 0.164960 0.786195 1 0 1.000000
  0 1.283292 -0.766433 0.588294 -0.865219 -0.013453 0.501214 0.121864 0.786195 1 0 1.000000
c_spy_watch
  0 1.283292 -0.766433 0.588294 -0.865219 -0.013453 0.501214 0.121864 0.786195 1 0 1.000000
  0 1.379756 -0.706506 0.557239 -0.865219 -0.013453 0.501214 0.164960 0.786195 1 0 1.000000
  0 1.374328 -0.665239 0.652366 -0.715476 0.332648 0.614361 0.164960 0.755447 1 0 1.000000
c_spy_watch
  0 1.283292 -0.766433 0.588294 -0.865219 -0.013453 0.501214 0.121864 0.786195 1 0 1.000000
  0 1.374328 -0.665239 0.652366 -0.715476 0.332648 0.614361 0.164960 0.755447 1 0 1.000000
  0 1.277498 -0.722409 0.689771 -0.715476 0.332648 0.614361 0.121864 0.755447 1 0 1.000000
c_spy_watch
  0 1.374328 -0.665239 0.652366 -0.715476 0.332648 0.614361 0.164960 0.755447 1 0 1.000000
  0 1.267617 -0.633213 0.754699 -0.443202 0.609757 0.657091 0.121864 0.723620 1 0 1.000000
  0 1.277498 -0.722409 0.689771 -0.715476 0.332648 0.614361 0.121864 0.755447 1 0 1.000000
c_spy_watch
  0 1.374328 -0.665239 0.652366 -0.715476 0.332648 0.614361 0.164960 0.755447 1 0 1.000000
  0 1.365062 -0.581625 0.713230 -0.443202 0.609757 0.657091 0.164960 0.723620 1 0 1.000000
  0 1.267617 -0.633213 0.754699 -0.443202 0.609757 0.657091 0.121864 0.723620 1 0 1.000000
c_spy_watch
  0 1.365062 -0.581625 0.713230 -0.443202 0.609757 0.657091 0.164960 0.723620 1 0 1.000000
  0 1.239762 -0.366529 0.820357 -0.260985 0.718171 0.645071 0.121864 0.626507 1 0 1.000000
  0 1.267617 -0.633213 0.754699 -0.443202 0.609757 0.657091 0.121864 0.723620 1 0 1.000000
c_spy_watch
  0 1.365062 -0.581625 0.713230 -0.443202 0.609757 0.657091 0.164960 0.723620 1 0 1.000000
  0 1.338951 -0.331632 0.774780 -0.260985 0.718171 0.645071 0.164960 0.626507 1 0 1.000000
  0 1.239762 -0.366529 0.820357 -0.260985 0.718171 0.645071 0.121864 0.626507 1 0 1.000000
c_spy_watch
  0 1.338951 -0.331632 0.774780 -0.260985 0.718171 0.645071 0.164960 0.626507 1 0 1.000000
  0 1.207230 -0.051282 0.867814 -0.177978 0.742607 0.645646 0.121864 0.511544 1 0 1.000000
  0 1.239762 -0.366529 0.820357 -0.260985 0.718171 0.645071 0.121864 0.626507 1 0 1.000000
c_spy_watch
  0 1.338951 -0.331632 0.774780 -0.260985 0.718171 0.645071 0.164960 0.626507 1 0 1.000000
  0 1.308456 -0.036118 0.819264 -0.177978 0.742607 0.645646 0.164960 0.511544 1 0 1.000000
  0 1.207230 -0.051282 0.867814 -0.177978 0.742607 0.645646 0.121864 0.511544 1 0 1.000000
c_spy_watch
  0 1.207230 -0.051282 0.867814 -0.177978 0.742607 0.645646 0.121864 0.511544 1 0 1.000000
  0 1.308456 -0.036118 0.819264 -0.177978 0.742607 0.645646 0.164960 0.511544 1 0 1.000000
  0 1.278060 0.262404 0.833370 -0.092251 0.752237 0.652402 0.164960 0.395377 1 0 1.000000
c_spy_watch
  0 1.207230 -0.051282 0.867814 -0.177978 0.742607 0.645646 0.121864 0.511544 1 0 1.000000
  0 1.278060 0.262404 0.833370 -0.092251 0.752237 0.652402 0.164960 0.395377 1 0 1.000000
  0 1.174805 0.267171 0.882862 -0.092251 0.752237 0.652402 0.121864 0.395377 1 0 1.000000
c_spy_watch
  0 1.174805 0.267171 0.882862 -0.092251 0.752237 0.652402 0.121864 0.395377 1 0 1.000000
  0 1.278060 0.262404 0.833370 -0.092251 0.752237 0.652402 0.164960 0.395377 1 0 1.000000
  0 1.252179 0.519627 0.821849 0.116041 0.722664 0.681389 0.164960 0.296080 1 0 1.000000
c_spy_watch
  0 1.174805 0.267171 0.882862 -0.092251 0.752237 0.652402 0.121864 0.395377 1 0 1.000000
  0 1.252179 0.519627 0.821849 0.116041 0.722664 0.681389 0.164960 0.296080 1 0 1.000000
  0 1.147195 0.541569 0.870572 0.116041 0.722664 0.681389 0.121864 0.296080 1 0 1.000000
c_spy_watch
  0 1.147195 0.541569 0.870572 0.116041 0.722664 0.681389 0.121864 0.296080 1 0 1.000000
  0 1.252179 0.519627 0.821849 0.116041 0.722664 0.681389 0.164960 0.296080 1 0 1.000000
  0 1.243244 0.613553 0.778497 0.476918 0.573384 0.666168 0.164960 0.260046 1 0 1.000000
c_spy_watch
  0 1.147195 0.541569 0.870572 0.116041 0.722664 0.681389 0.121864 0.296080 1 0 1.000000
  0 1.243244 0.613553 0.778497 0.476918 0.573384 0.666168 0.164960 0.260046 1 0 1.000000
  0 1.137663 0.641767 0.824325 0.476918 0.573384 0.666168 0.121864 0.260046 1 0 1.000000
c_spy_watch
  0 1.243244 0.613553 0.778497 0.476918 0.573384 0.666168 0.164960 0.260046 1 0 1.000000
  0 1.132479 0.704829 0.733409 0.757875 0.314238 0.571734 0.121864 0.222684 1 0 1.000000
  0 1.137663 0.641767 0.824325 0.476918 0.573384 0.666168 0.121864 0.260046 1 0 1.000000
c_spy_watch
  0 1.243244 0.613553 0.778497 0.476918 0.573384 0.666168 0.164960 0.260046 1 0 1.000000
  0 1.238383 0.672668 0.693272 0.757875 0.314238 0.571734 0.164960 0.222684 1 0 1.000000
  0 1.132479 0.704829 0.733409 0.757875 0.314238 0.571734 0.121864 0.222684 1 0 1.000000
c_spy_watch
  0 1.238383 0.672668 0.693272 0.757875 0.314238 0.571734 0.164960 0.222684 1 0 1.000000
  0 1.129154 0.771363 0.474647 0.855798 0.152660 0.494272 0.121864 0.124582 1 0 1.000000
  0 1.132479 0.704829 0.733409 0.757875 0.314238 0.571734 0.121864 0.222684 1 0 1.000000
c_spy_watch
  0 1.238383 0.672668 0.693272 0.757875 0.314238 0.571734 0.164960 0.222684 1 0 1.000000
  0 1.235268 0.735039 0.450707 0.855798 0.152660 0.494272 0.164960 0.124582 1 0 1.000000
  0 1.129154 0.771363 0.474647 0.855798 0.152660 0.494272 0.121864 0.124582 1 0 1.000000
c_spy_watch
  0 1.235268 0.735039 0.450707 0.855798 0.152660 0.494272 0.164960 0.124582 1 0 1.000000
  0 1.128478 0.820439 0.149073 0.897143 0.058941 0.437791 0.121864 0.007064 1 0 1.000000
  0 1.129154 0.771363 0.474647 0.855798 0.152660 0.494272 0.121864 0.124582 1 0 1.000000
c_spy_watch
  0 1.235268 0.735039 0.450707 0.855798 0.152660 0.494272 0.164960 0.124582 1 0 1.000000
  0 1.234633 0.781042 0.145510 0.897143 0.058941 0.437791 0.164960 0.007064 1 0 1.000000
  0 1.128478 0.820439 0.149073 0.897143 0.058941 0.437791 0.121864 0.007064 1 0 1.000000
c_spy_watch
  0 1.128478 0.820439 0.149073 0.897143 0.058941 0.437791 0.121864 0.007064 1 0 1.000000
  0 1.234633 0.781042 0.145510 0.897143 0.058941 0.437791 0.164960 0.007064 1 0 1.000000
  0 1.237207 0.795747 -0.162774 0.892010 -0.020999 0.451527 0.164960 0.124582 1 0 1.000000
c_spy_watch
  0 1.128478 0.820439 0.149073 0.897143 0.058941 0.437791 0.121864 0.007064 1 0 1.000000
  0 1.237207 0.795747 -0.162774 0.892010 -0.020999 0.451527 0.164960 0.124582 1 0 1.000000
  0 1.131224 0.836125 -0.179794 0.892010 -0.020999 0.451527 0.121864 0.124582 1 0 1.000000
c_spy_watch
  0 1.131224 0.836125 -0.179794 0.892010 -0.020999 0.451527 0.121864 0.124582 1 0 1.000000
  0 1.237207 0.795747 -0.162774 0.892010 -0.020999 0.451527 0.164960 0.124582 1 0 1.000000
  0 1.241881 0.782126 -0.412835 0.872361 -0.223365 0.434850 0.164960 0.222684 1 0 1.000000
c_spy_watch
  0 1.131224 0.836125 -0.179794 0.892010 -0.020999 0.451527 0.121864 0.124582 1 0 1.000000
  0 1.241881 0.782126 -0.412835 0.872361 -0.223365 0.434850 0.164960 0.222684 1 0 1.000000
  0 1.136208 0.821593 -0.446551 0.872361 -0.223365 0.434850 0.121864 0.222684 1 0 1.000000
c_spy_watch
  0 1.136208 0.821593 -0.446551 0.872361 -0.223365 0.434850 0.121864 0.222684 1 0 1.000000
  0 1.241881 0.782126 -0.412835 0.872361 -0.223365 0.434850 0.164960 0.222684 1 0 1.000000
  0 1.247311 0.740858 -0.507960 0.723001 -0.582175 0.371942 0.164960 0.260046 1 0 1.000000
c_spy_watch
  0 0.549243 -1.370953 -0.573389 0.807284 -0.511887 -0.293707 0.542124 0.375532 1 0 1.000000
  0 0.685996 -1.334050 -0.553150 0.815429 -0.546609 -0.190509 0.544877 0.335051 1 0 1.000000
  0 0.688407 -1.353277 -0.575586 0.815429 -0.546609 -0.190509 0.537022 0.336606 1 0 1.000000
c_spy_watch
  0 0.549243 -1.370953 -0.573389 0.807284 -0.511887 -0.293707 0.542124 0.375532 1 0 1.000000
  0 0.544006 -1.352901 -0.550979 0.807284 -0.511887 -0.293707 0.550224 0.375532 1 0 1.000000
  0 0.685996 -1.334050 -0.553150 0.815429 -0.546609 -0.190509 0.544877 0.335051 1 0 1.000000
c_spy_watch
  0 0.549243 -1.370953 -0.573389 0.807284 -0.511887 -0.293707 0.542124 0.375532 1 0 1.000000
  0 0.414192 -1.413457 -0.552692 0.784448 -0.481954 -0.390334 0.544877 0.416013 1 0 1.000000
  0 0.544006 -1.352901 -0.550979 0.807284 -0.511887 -0.293707 0.550224 0.375532 1 0 1.000000
c_spy_watch
  0 0.549243 -1.370953 -0.573389 0.807284 -0.511887 -0.293707 0.542124 0.375532 1 0 1.000000
  0 0.422441 -1.430975 -0.575138 0.784448 -0.481954 -0.390334 0.537022 0.414716 1 0 1.000000
  0 0.414192 -1.413457 -0.552692 0.784448 -0.481954 -0.390334 0.544877 0.416013 1 0 1.000000
c_spy_watch
  0 1.335534 -0.499006 -0.583160 0.007397 -0.245259 0.969429 0.516681 0.953382 1 0 1.000000
  0 1.329837 -0.437706 -0.621776 0.007397 -0.245259 0.969429 0.501090 0.933213 1 0 1.000000
  0 1.329536 -0.435973 -0.612166 0.007397 -0.245259 0.969429 0.504385 0.932271 1 0 1.000000
c_spy_watch
  0 1.335534 -0.499006 -0.583160 0.007397 -0.245259 0.969429 0.516681 0.953382 1 0 1.000000
  0 1.336263 -0.505254 -0.590674 0.007397 -0.245259 0.969429 0.514273 0.955835 1 0 1.000000
  0 1.329837 -0.437706 -0.621776 0.007397 -0.245259 0.969429 0.501090 0.933213 1 0 1.000000
c_spy_watch
  0 1.339789 -0.548198 -0.528342 0.007397 -0.245259 0.969429 0.537512 0.968739 1 0 1.000000
  0 1.336263 -0.505254 -0.590674 0.007397 -0.245259 0.969429 0.514273 0.955835 1 0 1.000000
  0 1.335534 -0.499006 -0.583160 0.007397 -0.245259 0.969429 0.516681 0.953382 1 0 1.000000
c_spy_watch
  0 1.339789 -0.548198 -0.528342 0.007397 -0.245259 0.969429 0.537512 0.968739 1 0 1.000000
  0 1.335534 -0.499006 -0.583160 0.007397 -0.245259 0.969429 0.516681 0.953382 1 0 1.000000
  0 1.338829 -0.539184 -0.524745 0.007397 -0.245259 0.969429 0.538457 0.965452 1 0 1.000000
c_spy_watch
  0 1.338829 -0.539184 -0.524745 0.007397 -0.245259 0.969429 0.538457 0.965452 1 0 1.000000
  0 1.342758 -0.607852 -0.295526 0.007397 -0.245259 0.969429 0.620841 0.981587 1 0 1.000000
  0 1.339789 -0.548198 -0.528342 0.007397 -0.245259 0.969429 0.537512 0.968739 1 0 1.000000
c_spy_watch
  0 1.338829 -0.539184 -0.524745 0.007397 -0.245259 0.969429 0.538457 0.965452 1 0 1.000000
  0 1.341774 -0.598375 -0.293597 0.007397 -0.245259 0.969429 0.621188 0.978195 1 0 1.000000
  0 1.342758 -0.607852 -0.295526 0.007397 -0.245259 0.969429 0.620841 0.981587 1 0 1.000000
c_spy_watch
  0 1.342392 -0.643340 0.004897 0.007397 -0.245259 0.969429 0.726939 0.983608 1 0 1.000000
  0 1.342758 -0.607852 -0.295526 0.007397 -0.245259 0.969429 0.620841 0.981587 1 0 1.000000
  0 1.341774 -0.598375 -0.293597 0.007397 -0.245259 0.969429 0.621188 0.978195 1 0 1.000000
c_spy_watch
  0 1.342392 -0.643340 0.004897 0.007397 -0.245259 0.969429 0.726939 0.983608 1 0 1.000000
  0 1.343379 -0.652970 0.003948 0.007397 -0.245259 0.969429 0.726939 0.987020 1 0 1.000000
  0 1.342758 -0.607852 -0.295526 0.007397 -0.245259 0.969429 0.620841 0.981587 1 0 1.000000
c_spy_watch
  0 1.342392 -0.643340 0.004897 0.007397 -0.245259 0.969429 0.726939 0.983608 1 0 1.000000
  0 1.340856 -0.667422 0.306446 0.007397 -0.245259 0.969429 0.833037 0.981587 1 0 1.000000
  0 1.343379 -0.652970 0.003948 0.007397 -0.245259 0.969429 0.726939 0.987020 1 0 1.000000
c_spy_watch
  0 1.342392 -0.643340 0.004897 0.007397 -0.245259 0.969429 0.726939 0.983608 1 0 1.000000
  0 1.339876 -0.657802 0.306944 0.007397 -0.245259 0.969429 0.832691 0.978195 1 0 1.000000
  0 1.340856 -0.667422 0.306446 0.007397 -0.245259 0.969429 0.833037 0.981587 1 0 1.000000
c_spy_watch
  0 1.335449 -0.645009 0.544650 0.007397 -0.245259 0.969429 0.915421 0.965452 1 0 1.000000
  0 1.340856 -0.667422 0.306446 0.007397 -0.245259 0.969429 0.833037 0.981587 1 0 1.000000
  0 1.339876 -0.657802 0.306944 0.007397 -0.245259 0.969429 0.832691 0.978195 1 0 1.000000
c_spy_watch
  0 1.335449 -0.645009 0.544650 0.007397 -0.245259 0.969429 0.915421 0.965452 1 0 1.000000
  0 1.336390 -0.654553 0.546416 0.007397 -0.245259 0.969429 0.916367 0.968739 1 0 1.000000
  0 1.340856 -0.667422 0.306446 0.007397 -0.245259 0.969429 0.833037 0.981587 1 0 1.000000
c_spy_watch
  0 1.335449 -0.645009 0.544650 0.007397 -0.245259 0.969429 0.915421 0.965452 1 0 1.000000
  0 1.332449 -0.624656 0.615930 0.007397 -0.245259 0.969429 0.939605 0.955835 1 0 1.000000
  0 1.336390 -0.654553 0.546416 0.007397 -0.245259 0.969429 0.916367 0.968739 1 0 1.000000
c_spy_watch
  0 1.335449 -0.645009 0.544650 0.007397 -0.245259 0.969429 0.915421 0.965452 1 0 1.000000
  0 1.331759 -0.617110 0.610320 0.007397 -0.245259 0.969429 0.937197 0.953382 1 0 1.000000
  0 1.332449 -0.624656 0.615930 0.007397 -0.245259 0.969429 0.939605 0.955835 1 0 1.000000
c_spy_watch
  0 1.325786 -0.564511 0.659628 0.007397 -0.245259 0.969429 0.952788 0.933213 1 0 1.000000
  0 1.332449 -0.624656 0.615930 0.007397 -0.245259 0.969429 0.939605 0.955835 1 0 1.000000
  0 1.331759 -0.617110 0.610320 0.007397 -0.245259 0.969429 0.937197 0.953382 1 0 1.000000
c_spy_watch
  0 1.325786 -0.564511 0.659628 0.007397 -0.245259 0.969429 0.952788 0.933213 1 0 1.000000
  0 1.331759 -0.617110 0.610320 0.007397 -0.245259 0.969429 0.937197 0.953382 1 0 1.000000
  0 1.325542 -0.560980 0.651081 0.007397 -0.245259 0.969429 0.949493 0.932271 1 0 1.000000
c_spy_watch
  0 1.300722 -0.324514 0.718524 0.007397 -0.245259 0.969429 0.965085 0.846954 1 0 1.000000
  0 1.325786 -0.564511 0.659628 0.007397 -0.245259 0.969429 0.952788 0.933213 1 0 1.000000
  0 1.325542 -0.560980 0.651081 0.007397 -0.245259 0.969429 0.949493 0.932271 1 0 1.000000
c_spy_watch
  0 1.300722 -0.324514 0.718524 0.007397 -0.245259 0.969429 0.965085 0.846954 1 0 1.000000
  0 1.325542 -0.560980 0.651081 0.007397 -0.245259 0.969429 0.949493 0.932271 1 0 1.000000
  0 1.300659 -0.322590 0.708472 0.007397 -0.245259 0.969429 0.961094 0.846621 1 0 1.000000
c_spy_watch
  0 1.117858 -1.284133 -0.574554 -0.706663 -0.705742 -0.050543 0.490112 0.224193 1 0 1.000000
  0 1.138106 -1.294630 -0.554890 -0.706663 -0.705742 -0.050543 0.481941 0.225985 1 0 1.000000
  0 1.109030 -1.304157 -0.552788 -0.706663 -0.705742 -0.050543 0.485137 0.216000 1 0 1.000000
c_spy_watch
  0 0.164305 -1.776699 0.364734 -0.976671 -0.134630 -0.167297 0.221052 0.414716 1 0 1.000000
  0 0.124078 -1.709919 -0.573607 -0.976671 -0.134630 -0.167297 0.467168 0.414716 1 0 1.000000
  0 0.267075 -1.714538 -0.580067 -0.983358 -0.180169 -0.023381 0.467229 0.375437 1 0 1.000000
c_spy_watch
  0 0.164305 -1.776699 0.364734 -0.976671 -0.134630 -0.167297 0.221052 0.414716 1 0 1.000000
  0 0.267075 -1.714538 -0.580067 -0.983358 -0.180169 -0.023381 0.467229 0.375437 1 0 1.000000
  0 0.307304 -1.781307 0.358276 -0.983358 -0.180169 -0.023381 0.221052 0.375437 1 0 1.000000
c_spy_watch
  0 0.405086 -1.676404 -0.583270 -0.967594 -0.221593 0.121069 0.467169 0.336399 1 0 1.000000
  0 0.307304 -1.781307 0.358276 -0.983358 -0.180169 -0.023381 0.221052 0.375437 1 0 1.000000
  0 0.267075 -1.714538 -0.580067 -0.983358 -0.180169 -0.023381 0.467229 0.375437 1 0 1.000000
c_spy_watch
  0 0.405086 -1.676404 -0.583270 -0.967594 -0.221593 0.121069 0.467169 0.336399 1 0 1.000000
  0 0.445313 -1.743173 0.355073 -0.967594 -0.221593 0.121069 0.221052 0.336399 1 0 1.000000
  0 0.307304 -1.781307 0.358276 -0.983358 -0.180169 -0.023381 0.221052 0.375437 1 0 1.000000
c_spy_watch
  0 0.929439 -1.151129 -0.525774 0.818415 -0.463651 -0.339447 0.544877 0.335051 1 0 1.000000
  0 0.935947 -1.168520 -0.548884 0.818415 -0.463651 -0.339447 0.537022 0.336606 1 0 1.000000
  0 0.804204 -1.216763 -0.547743 0.779360 -0.446187 -0.439904 0.542124 0.375532 1 0 1.000000
c_spy_watch
  0 0.929439 -1.151129 -0.525774 0.818415 -0.463651 -0.339447 0.544877 0.335051 1 0 1.000000
  0 0.804204 -1.216763 -0.547743 0.779360 -0.446187 -0.439904 0.542124 0.375532 1 0 1.000000
  0 0.795199 -1.201132 -0.524708 0.779360 -0.446187 -0.439904 0.550224 0.375532 1 0 1.000000
c_spy_watch
  0 0.804204 -1.216763 -0.547743 0.779360 -0.446187 -0.439904 0.542124 0.375532 1 0 1.000000
  0 0.682086 -1.288929 -0.528998 0.731013 -0.423405 -0.535115 0.544877 0.416013 1 0 1.000000
  0 0.795199 -1.201132 -0.524708 0.779360 -0.446187 -0.439904 0.550224 0.375532 1 0 1.000000
c_spy_watch
  0 0.804204 -1.216763 -0.547743 0.779360 -0.446187 -0.439904 0.542124 0.375532 1 0 1.000000
  0 0.693907 -1.303363 -0.552038 0.731013 -0.423405 -0.535115 0.537022 0.414716 1 0 1.000000
  0 0.682086 -1.288929 -0.528998 0.731013 -0.423405 -0.535115 0.544877 0.416013 1 0 1.000000
c_spy_watch
  0 -0.284137 1.861845 -0.306903 0.840454 -0.523771 -0.138923 0.476090 0.375500 1 0 1.000000
  0 -0.143774 1.875167 -0.282568 0.819881 -0.571154 -0.039734 0.467168 0.414716 1 0 1.000000
  0 -0.144020 1.855823 -0.305027 0.819881 -0.571154 -0.039734 0.476090 0.414716 1 0 1.000000
c_spy_watch
  0 -0.284137 1.861845 -0.306903 0.840454 -0.523771 -0.138923 0.476090 0.375500 1 0 1.000000
  0 -0.286874 1.880530 -0.284553 0.840454 -0.523771 -0.138923 0.467229 0.375437 1 0 1.000000
  0 -0.143774 1.875167 -0.282568 0.819881 -0.571154 -0.039734 0.467168 0.414716 1 0 1.000000
c_spy_watch
  0 -0.284137 1.861845 -0.306903 0.840454 -0.523771 -0.138923 0.476090 0.375500 1 0 1.000000
  0 -0.425020 1.843177 -0.290258 0.816958 -0.522676 -0.243698 0.467169 0.336399 1 0 1.000000
  0 -0.286874 1.880530 -0.284553 0.840454 -0.523771 -0.138923 0.467229 0.375437 1 0 1.000000
c_spy_watch
  0 -0.284137 1.861845 -0.306903 0.840454 -0.523771 -0.138923 0.476090 0.375500 1 0 1.000000
  0 -0.419229 1.824517 -0.312552 0.816958 -0.522676 -0.243698 0.476090 0.335824 1 0 1.000000
  0 -0.425020 1.843177 -0.290258 0.816958 -0.522676 -0.243698 0.467169 0.336399 1 0 1.000000
c_spy_watch
  0 0.729050 -1.395095 0.405393 0.417058 0.900579 -0.122552 0.544877 0.416013 1 0 1.000000
  0 0.742930 -1.414178 0.423332 0.417058 0.900579 -0.122552 0.537022 0.414716 1 0 1.000000
  0 0.853229 -1.327578 0.427629 0.463523 0.885736 -0.024866 0.542124 0.375532 1 0 1.000000
c_spy_watch
  0 0.729050 -1.395095 0.405393 0.417058 0.900579 -0.122552 0.544877 0.416013 1 0 1.000000
  0 0.853229 -1.327578 0.427629 0.463523 0.885736 -0.024866 0.542124 0.375532 1 0 1.000000
  0 0.842166 -1.307299 0.409684 0.463523 0.885736 -0.024866 0.550224 0.375532 1 0 1.000000
c_spy_watch
  0 0.853229 -1.327578 0.427629 0.463523 0.885736 -0.024866 0.542124 0.375532 1 0 1.000000
  0 0.976404 -1.257295 0.408617 0.504461 0.860333 0.073116 0.544877 0.335051 1 0 1.000000
  0 0.842166 -1.307299 0.409684 0.463523 0.885736 -0.024866 0.550224 0.375532 1 0 1.000000
c_spy_watch
  0 0.853229 -1.327578 0.427629 0.463523 0.885736 -0.024866 0.542124 0.375532 1 0 1.000000
  0 0.984972 -1.279346 0.426487 0.504461 0.860333 0.073116 0.537022 0.336606 1 0 1.000000
  0 0.976404 -1.257295 0.408617 0.504461 0.860333 0.073116 0.544877 0.335051 1 0 1.000000
c_spy_watch
  0 0.305791 -1.762252 0.380415 -0.191587 0.943062 0.271899 0.476090 0.375500 1 0 1.000000
  0 0.141605 -1.549802 0.402572 -0.191587 0.943062 0.271899 0.537022 0.414716 1 0 1.000000
  0 0.165774 -1.756948 0.386796 -0.191587 0.943062 0.271899 0.476090 0.414716 1 0 1.000000
c_spy_watch
  0 0.305791 -1.762252 0.380415 -0.191587 0.943062 0.271899 0.476090 0.375500 1 0 1.000000
  0 0.276532 -1.511472 0.399516 -0.191587 0.943062 0.271899 0.542124 0.375532 1 0 1.000000
  0 0.141605 -1.549802 0.402572 -0.191587 0.943062 0.271899 0.537022 0.414716 1 0 1.000000
c_spy_watch
  0 0.416578 -1.517003 0.393118 -0.191587 0.943062 0.271899 0.537022 0.336606 1 0 1.000000
  0 0.276532 -1.511472 0.399516 -0.191587 0.943062 0.271899 0.542124 0.375532 1 0 1.000000
  0 0.305791 -1.762252 0.380415 -0.191587 0.943062 0.271899 0.476090 0.375500 1 0 1.000000
c_spy_watch
  0 0.416578 -1.517003 0.393118 -0.191587 0.943062 0.271899 0.537022 0.336606 1 0 1.000000
  0 0.305791 -1.762252 0.380415 -0.191587 0.943062 0.271899 0.476090 0.375500 1 0 1.000000
  0 0.440745 -1.724150 0.377342 -0.191587 0.943062 0.271899 0.476090 0.335824 1 0 1.000000
c_spy_watch
  0 0.685996 -1.334050 -0.553150 0.702208 -0.578692 0.414752 0.544877 0.335051 1 0 1.000000
  0 0.709542 -1.351874 -0.555298 0.702208 -0.578692 0.414752 0.537487 0.327089 1 0 1.000000
  0 0.688407 -1.353277 -0.575586 0.702208 -0.578692 0.414752 0.537022 0.336606 1 0 1.000000
c_spy_watch
  0 1.258525 0.149719 0.252646 0.649049 -0.054975 0.758757 0.786120 0.696714 1 0 1.000000
  0 1.256449 0.176884 0.201650 0.366678 0.347924 0.862842 0.767382 0.688952 1 0 1.000000
  0 1.239200 0.186830 0.215602 0.366678 0.347924 0.862842 0.771929 0.684406 1 0 1.000000
c_spy_watch
  0 1.251097 0.231947 0.184848 -0.127222 0.438708 0.889578 0.759621 0.670215 1 0 1.000000
  0 1.239200 0.186830 0.215602 0.366678 0.347924 0.862842 0.771929 0.684406 1 0 1.000000
  0 1.256449 0.176884 0.201650 0.366678 0.347924 0.862842 0.767382 0.688952 1 0 1.000000
c_spy_watch
  0 1.251097 0.231947 0.184848 -0.127222 0.438708 0.889578 0.759621 0.670215 1 0 1.000000
  0 1.235146 0.228534 0.202877 -0.127222 0.438708 0.889578 0.766050 0.670215 1 0 1.000000
  0 1.239200 0.186830 0.215602 0.366678 0.347924 0.862842 0.771929 0.684406 1 0 1.000000
c_spy_watch
  0 1.230988 0.266936 0.223504 -0.543331 0.164199 0.823304 0.771929 0.656023 1 0 1.000000
  0 1.235146 0.228534 0.202877 -0.127222 0.438708 0.889578 0.766050 0.670215 1 0 1.000000
  0 1.251097 0.231947 0.184848 -0.127222 0.438708 0.889578 0.759621 0.670215 1 0 1.000000
c_spy_watch
  0 1.230988 0.266936 0.223504 -0.543331 0.164199 0.823304 0.771929 0.656023 1 0 1.000000
  0 1.251097 0.231947 0.184848 -0.127222 0.438708 0.889578 0.759621 0.670215 1 0 1.000000
  0 1.245608 0.282651 0.212083 -0.543331 0.164199 0.823304 0.767382 0.651477 1 0 1.000000
c_spy_watch
  0 1.245608 0.282651 0.212083 -0.543331 0.164199 0.823304 0.767382 0.651477 1 0 1.000000
  0 1.229160 0.279543 0.265400 -0.637898 -0.314800 0.702842 0.786120 0.650145 1 0 1.000000
  0 1.230988 0.266936 0.223504 -0.543331 0.164199 0.823304 0.771929 0.656023 1 0 1.000000
c_spy_watch
  0 1.245608 0.282651 0.212083 -0.543331 0.164199 0.823304 0.767382 0.651477 1 0 1.000000
  0 1.243193 0.299296 0.267399 -0.637898 -0.314800 0.702842 0.786120 0.643715 1 0 1.000000
  0 1.229160 0.279543 0.265400 -0.637898 -0.314800 0.702842 0.786120 0.650145 1 0 1.000000
c_spy_watch
  0 1.243193 0.299296 0.267399 -0.637898 -0.314800 0.702842 0.786120 0.643715 1 0 1.000000
  0 1.230735 0.258969 0.304023 -0.355526 -0.717698 0.598757 0.800312 0.656023 1 0 1.000000
  0 1.229160 0.279543 0.265400 -0.637898 -0.314800 0.702842 0.786120 0.650145 1 0 1.000000
c_spy_watch
  0 1.243193 0.299296 0.267399 -0.637898 -0.314800 0.702842 0.786120 0.643715 1 0 1.000000
  0 1.245270 0.272132 0.318395 -0.355526 -0.717698 0.598757 0.804858 0.651477 1 0 1.000000
  0 1.230735 0.258969 0.304023 -0.355526 -0.717698 0.598757 0.800312 0.656023 1 0 1.000000
c_spy_watch
  0 1.234786 0.217265 0.316748 0.138373 -0.808483 0.572021 0.806190 0.670215 1 0 1.000000
  0 1.230735 0.258969 0.304023 -0.355526 -0.717698 0.598757 0.800312 0.656023 1 0 1.000000
  0 1.245270 0.272132 0.318395 -0.355526 -0.717698 0.598757 0.804858 0.651477 1 0 1.000000
c_spy_watch
  0 1.234786 0.217265 0.316748 0.138373 -0.808483 0.572021 0.806190 0.670215 1 0 1.000000
  0 1.245270 0.272132 0.318395 -0.355526 -0.717698 0.598757 0.804858 0.651477 1 0 1.000000
  0 1.250623 0.217069 0.335197 0.138373 -0.808483 0.572021 0.812619 0.670215 1 0 1.000000
c_spy_watch
  0 1.256112 0.166364 0.307963 0.554483 -0.533974 0.638295 0.804858 0.688952 1 0 1.000000
  0 1.234786 0.217265 0.316748 0.138373 -0.808483 0.572021 0.806190 0.670215 1 0 1.000000
  0 1.250623 0.217069 0.335197 0.138373 -0.808483 0.572021 0.812619 0.670215 1 0 1.000000
c_spy_watch
  0 1.256112 0.166364 0.307963 0.554483 -0.533974 0.638295 0.804858 0.688952 1 0 1.000000
  0 1.238946 0.178862 0.296121 0.554483 -0.533974 0.638295 0.800312 0.684406 1 0 1.000000
  0 1.234786 0.217265 0.316748 0.138373 -0.808483 0.572021 0.806190 0.670215 1 0 1.000000
c_spy_watch
  0 1.238946 0.178862 0.296121 0.554483 -0.533974 0.638295 0.800312 0.684406 1 0 1.000000
  0 1.256112 0.166364 0.307963 0.554483 -0.533974 0.638295 0.804858 0.688952 1 0 1.000000
  0 1.258525 0.149719 0.252646 0.649049 -0.054975 0.758757 0.786120 0.696714 1 0 1.000000
c_spy_watch
  0 1.238946 0.178862 0.296121 0.554483 -0.533974 0.638295 0.800312 0.684406 1 0 1.000000
  0 1.258525 0.149719 0.252646 0.649049 -0.054975 0.758757 0.786120 0.696714 1 0 1.000000
  0 1.240772 0.166255 0.254227 0.649049 -0.054975 0.758757 0.786120 0.690284 1 0 1.000000
c_spy_watch
  0 1.258525 0.149719 0.252646 0.649049 -0.054975 0.758757 0.786120 0.696714 1 0 1.000000
  0 1.239200 0.186830 0.215602 0.366678 0.347924 0.862842 0.771929 0.684406 1 0 1.000000
  0 1.240772 0.166255 0.254227 0.649049 -0.054975 0.758757 0.786120 0.690284 1 0 1.000000
c_spy_watch
  0 -0.863103 1.645002 0.619199 0.584729 0.582735 0.564368 0.221052 0.414716 1 0 1.000000
  0 -0.856543 1.623646 0.638694 0.584729 0.582735 0.564368 0.213268 0.415602 1 0 1.000000
  0 -0.836408 1.632181 0.619150 0.584729 0.582735 0.564368 0.221052 0.423580 1 0 1.000000
c_spy_watch
  0 1.212269 0.106444 -0.726073 0.202112 -0.949081 -0.241653 0.121864 0.511544 1 0 1.000000
  0 1.244697 -0.212010 -0.741120 0.106718 -0.963726 -0.244630 0.121864 0.626507 1 0 1.000000
  0 0.927875 -0.244074 -0.745294 0.106718 -0.963726 -0.244630 0.003792 0.626507 1 0 1.000000
c_spy_watch
  0 0.927875 -0.244074 -0.745294 0.106718 -0.963726 -0.244630 0.003792 0.626507 1 0 1.000000
  0 1.244697 -0.212010 -0.741120 0.106718 -0.963726 -0.244630 0.121864 0.626507 1 0 1.000000
  0 1.272307 -0.486408 -0.728830 -0.131556 -0.961268 -0.242190 0.121864 0.723620 1 0 1.000000
c_spy_watch
  0 0.927875 -0.244074 -0.745294 0.106718 -0.963726 -0.244630 0.003792 0.626507 1 0 1.000000
  0 1.272307 -0.486408 -0.728830 -0.131556 -0.961268 -0.242190 0.121864 0.723620 1 0 1.000000
  0 0.955482 -0.518472 -0.733005 -0.131556 -0.961268 -0.242190 0.003792 0.723620 1 0 1.000000
c_spy_watch
  0 1.281837 -0.586605 -0.682583 -0.553391 -0.807815 -0.202962 0.121864 0.755447 1 0 1.000000
  0 0.955482 -0.518472 -0.733005 -0.131556 -0.961268 -0.242190 0.003792 0.723620 1 0 1.000000
  0 1.272307 -0.486408 -0.728830 -0.131556 -0.961268 -0.242190 0.121864 0.723620 1 0 1.000000
c_spy_watch
  0 1.281837 -0.586605 -0.682583 -0.553391 -0.807815 -0.202962 0.121864 0.755447 1 0 1.000000
  0 0.965014 -0.618670 -0.686757 -0.553391 -0.807815 -0.202962 0.003792 0.755447 1 0 1.000000
  0 0.955482 -0.518472 -0.733005 -0.131556 -0.961268 -0.242190 0.003792 0.723620 1 0 1.000000
c_spy_watch
  0 1.287021 -0.649667 -0.591667 -0.860004 -0.496223 -0.118979 0.121864 0.786195 1 0 1.000000
  0 0.965014 -0.618670 -0.686757 -0.553391 -0.807815 -0.202962 0.003792 0.755447 1 0 1.000000
  0 1.281837 -0.586605 -0.682583 -0.553391 -0.807815 -0.202962 0.121864 0.755447 1 0 1.000000
c_spy_watch
  0 1.287021 -0.649667 -0.591667 -0.860004 -0.496223 -0.118979 0.121864 0.786195 1 0 1.000000
  0 0.970198 -0.681731 -0.595842 -0.860004 -0.496223 -0.118979 0.003792 0.786195 1 0 1.000000
  0 0.965014 -0.618670 -0.686757 -0.553391 -0.807815 -0.202962 0.003792 0.755447 1 0 1.000000
c_spy_watch
  0 0.973523 -0.748266 -0.337079 -0.953504 -0.293823 -0.067060 0.003792 0.879226 1 0 1.000000
  0 0.970198 -0.681731 -0.595842 -0.860004 -0.496223 -0.118979 0.003792 0.786195 1 0 1.000000
  0 1.287021 -0.649667 -0.591667 -0.860004 -0.496223 -0.118979 0.121864 0.786195 1 0 1.000000
c_spy_watch
  0 0.973523 -0.748266 -0.337079 -0.953504 -0.293823 -0.067060 0.003792 0.879226 1 0 1.000000
  0 1.287021 -0.649667 -0.591667 -0.860004 -0.496223 -0.118979 0.121864 0.786195 1 0 1.000000
  0 1.290346 -0.716202 -0.332905 -0.953504 -0.293823 -0.067060 0.121864 0.879226 1 0 1.000000
c_spy_watch
  0 1.291023 -0.765277 -0.007332 -0.983358 -0.180169 -0.023381 0.121864 0.989116 1 0 1.000000
  0 0.973523 -0.748266 -0.337079 -0.953504 -0.293823 -0.067060 0.003792 0.879226 1 0 1.000000
  0 1.290346 -0.716202 -0.332905 -0.953504 -0.293823 -0.067060 0.121864 0.879226 1 0 1.000000
c_spy_watch
  0 1.291023 -0.765277 -0.007332 -0.983358 -0.180169 -0.023381 0.121864 0.989116 1 0 1.000000
  0 0.974200 -0.797342 -0.011506 -0.983358 -0.180169 -0.023381 0.003792 0.989116 1 0 1.000000
  0 0.973523 -0.748266 -0.337079 -0.953504 -0.293823 -0.067060 0.003792 0.879226 1 0 1.000000
c_spy_watch
  0 1.288276 -0.780963 0.321535 -0.994878 -0.099540 -0.017593 0.121864 0.879226 1 0 1.000000
  0 0.974200 -0.797342 -0.011506 -0.983358 -0.180169 -0.023381 0.003792 0.989116 1 0 1.000000
  0 1.291023 -0.765277 -0.007332 -0.983358 -0.180169 -0.023381 0.121864 0.989116 1 0 1.000000
c_spy_watch
  0 1.288276 -0.780963 0.321535 -0.994878 -0.099540 -0.017593 0.121864 0.879226 1 0 1.000000
  0 0.971453 -0.813028 0.317362 -0.994878 -0.099540 -0.017593 0.003792 0.879226 1 0 1.000000
  0 0.974200 -0.797342 -0.011506 -0.983358 -0.180169 -0.023381 0.003792 0.989116 1 0 1.000000
c_spy_watch
  0 0.966469 -0.798498 0.584119 -0.991736 0.122371 0.038526 0.003792 0.786195 1 0 1.000000
  0 0.971453 -0.813028 0.317362 -0.994878 -0.099540 -0.017593 0.003792 0.879226 1 0 1.000000
  0 1.288276 -0.780963 0.321535 -0.994878 -0.099540 -0.017593 0.121864 0.879226 1 0 1.000000
c_spy_watch
  0 0.966469 -0.798498 0.584119 -0.991736 0.122371 0.038526 0.003792 0.786195 1 0 1.000000
  0 1.288276 -0.780963 0.321535 -0.994878 -0.099540 -0.017593 0.121864 0.879226 1 0 1.000000
  0 1.283292 -0.766433 0.588294 -0.991736 0.122371 0.038526 0.121864 0.786195 1 0 1.000000
c_spy_watch
  0 1.277498 -0.722409 0.689771 -0.840454 0.523771 0.138923 0.121864 0.755447 1 0 1.000000
  0 0.966469 -0.798498 0.584119 -0.991736 0.122371 0.038526 0.003792 0.786195 1 0 1.000000
  0 1.283292 -0.766433 0.588294 -0.991736 0.122371 0.038526 0.121864 0.786195 1 0 1.000000
c_spy_watch
  0 1.277498 -0.722409 0.689771 -0.840454 0.523771 0.138923 0.121864 0.755447 1 0 1.000000
  0 0.960676 -0.754474 0.685597 -0.840454 0.523771 0.138923 0.003792 0.755447 1 0 1.000000
  0 0.966469 -0.798498 0.584119 -0.991736 0.122371 0.038526 0.003792 0.786195 1 0 1.000000
c_spy_watch
  0 0.950793 -0.665279 0.750525 -0.513247 0.831087 0.214175 0.003792 0.723620 1 0 1.000000
  0 0.960676 -0.754474 0.685597 -0.840454 0.523771 0.138923 0.003792 0.755447 1 0 1.000000
  0 1.277498 -0.722409 0.689771 -0.840454 0.523771 0.138923 0.121864 0.755447 1 0 1.000000
c_spy_watch
  0 0.950793 -0.665279 0.750525 -0.513247 0.831087 0.214175 0.003792 0.723620 1 0 1.000000
  0 1.277498 -0.722409 0.689771 -0.840454 0.523771 0.138923 0.121864 0.755447 1 0 1.000000
  0 1.267617 -0.633213 0.754699 -0.513247 0.831087 0.214175 0.121864 0.723620 1 0 1.000000
c_spy_watch
  0 0.922937 -0.398594 0.816183 -0.295621 0.925588 0.236423 0.003792 0.626507 1 0 1.000000
  0 0.950793 -0.665279 0.750525 -0.513247 0.831087 0.214175 0.003792 0.723620 1 0 1.000000
  0 1.267617 -0.633213 0.754699 -0.513247 0.831087 0.214175 0.121864 0.723620 1 0 1.000000
c_spy_watch
  0 0.922937 -0.398594 0.816183 -0.295621 0.925588 0.236423 0.003792 0.626507 1 0 1.000000
  0 1.267617 -0.633213 0.754699 -0.513247 0.831087 0.214175 0.121864 0.723620 1 0 1.000000
  0 1.239762 -0.366529 0.820357 -0.295621 0.925588 0.236423 0.121864 0.626507 1 0 1.000000
c_spy_watch
  0 0.890409 -0.083347 0.863639 -0.191243 0.954321 0.229561 0.003792 0.511544 1 0 1.000000
  0 0.922937 -0.398594 0.816183 -0.295621 0.925588 0.236423 0.003792 0.626507 1 0 1.000000
  0 1.239762 -0.366529 0.820357 -0.295621 0.925588 0.236423 0.121864 0.626507 1 0 1.000000
c_spy_watch
  0 0.890409 -0.083347 0.863639 -0.191243 0.954321 0.229561 0.003792 0.511544 1 0 1.000000
  0 1.239762 -0.366529 0.820357 -0.295621 0.925588 0.236423 0.121864 0.626507 1 0 1.000000
  0 1.207230 -0.051282 0.867814 -0.191243 0.954321 0.229561 0.121864 0.511544 1 0 1.000000
c_spy_watch
  0 0.857980 0.235107 0.878687 -0.106718 0.963726 0.244630 0.003792 0.395377 1 0 1.000000
  0 0.890409 -0.083347 0.863639 -0.191243 0.954321 0.229561 0.003792 0.511544 1 0 1.000000
  0 1.207230 -0.051282 0.867814 -0.191243 0.954321 0.229561 0.121864 0.511544 1 0 1.000000
c_spy_watch
  0 0.857980 0.235107 0.878687 -0.106718 0.963726 0.244630 0.003792 0.395377 1 0 1.000000
  0 1.207230 -0.051282 0.867814 -0.191243 0.954321 0.229561 0.121864 0.511544 1 0 1.000000
  0 1.174805 0.267171 0.882862 -0.106718 0.963726 0.244630 0.121864 0.395377 1 0 1.000000
c_spy_watch
  0 1.147195 0.541569 0.870572 0.131556 0.961268 0.242190 0.121864 0.296080 1 0 1.000000
  0 0.857980 0.235107 0.878687 -0.106718 0.963726 0.244630 0.003792 0.395377 1 0 1.000000
  0 1.174805 0.267171 0.882862 -0.106718 0.963726 0.244630 0.121864 0.395377 1 0 1.000000
c_spy_watch
  0 1.147195 0.541569 0.870572 0.131556 0.961268 0.242190 0.121864 0.296080 1 0 1.000000
  0 0.830371 0.509504 0.866397 0.131556 0.961268 0.242190 0.003792 0.296080 1 0 1.000000
  0 0.857980 0.235107 0.878687 -0.106718 0.963726 0.244630 0.003792 0.395377 1 0 1.000000
c_spy_watch
  0 1.147195 0.541569 0.870572 0.131556 0.961268 0.242190 0.121864 0.296080 1 0 1.000000
  0 0.820841 0.609703 0.820149 0.557281 0.805963 0.199652 0.003792 0.260046 1 0 1.000000
  0 0.830371 0.509504 0.866397 0.131556 0.961268 0.242190 0.003792 0.296080 1 0 1.000000
c_spy_watch
  0 1.147195 0.541569 0.870572 0.131556 0.961268 0.242190 0.121864 0.296080 1 0 1.000000
  0 1.137663 0.641767 0.824325 0.557281 0.805963 0.199652 0.121864 0.260046 1 0 1.000000
  0 0.820841 0.609703 0.820149 0.557281 0.805963 0.199652 0.003792 0.260046 1 0 1.000000
c_spy_watch
  0 0.820841 0.609703 0.820149 0.557281 0.805963 0.199652 0.003792 0.260046 1 0 1.000000
  0 1.137663 0.641767 0.824325 0.557281 0.805963 0.199652 0.121864 0.260046 1 0 1.000000
  0 1.132479 0.704829 0.733409 0.860004 0.496223 0.118979 0.121864 0.222684 1 0 1.000000
c_spy_watch
  0 0.820841 0.609703 0.820149 0.557281 0.805963 0.199652 0.003792 0.260046 1 0 1.000000
  0 1.132479 0.704829 0.733409 0.860004 0.496223 0.118979 0.121864 0.222684 1 0 1.000000
  0 0.815656 0.672764 0.729234 0.860004 0.496223 0.118979 0.003792 0.222684 1 0 1.000000
c_spy_watch
  0 0.815656 0.672764 0.729234 0.860004 0.496223 0.118979 0.003792 0.222684 1 0 1.000000
  0 1.132479 0.704829 0.733409 0.860004 0.496223 0.118979 0.121864 0.222684 1 0 1.000000
  0 1.129154 0.771363 0.474647 0.953713 0.293262 0.066553 0.121864 0.124582 1 0 1.000000
c_spy_watch
  0 0.815656 0.672764 0.729234 0.860004 0.496223 0.118979 0.003792 0.222684 1 0 1.000000
  0 1.129154 0.771363 0.474647 0.953713 0.293262 0.066553 0.121864 0.124582 1 0 1.000000
  0 0.812332 0.739299 0.470473 0.953713 0.293262 0.066553 0.003792 0.124582 1 0 1.000000
c_spy_watch
  0 1.129154 0.771363 0.474647 0.953713 0.293262 0.066553 0.121864 0.124582 1 0 1.000000
  0 0.811655 0.788375 0.144899 0.979334 0.197720 0.042550 0.003792 0.007064 1 0 1.000000
  0 0.812332 0.739299 0.470473 0.953713 0.293262 0.066553 0.003792 0.124582 1 0 1.000000
c_spy_watch
  0 1.129154 0.771363 0.474647 0.953713 0.293262 0.066553 0.121864 0.124582 1 0 1.000000
  0 1.128478 0.820439 0.149073 0.979334 0.197720 0.042550 0.121864 0.007064 1 0 1.000000
  0 0.811655 0.788375 0.144899 0.979334 0.197720 0.042550 0.003792 0.007064 1 0 1.000000
c_spy_watch
  0 1.128478 0.820439 0.149073 0.979334 0.197720 0.042550 0.121864 0.007064 1 0 1.000000
  0 0.814401 0.804062 -0.183968 0.994809 0.100131 0.018106 0.003792 0.124582 1 0 1.000000
  0 0.811655 0.788375 0.144899 0.979334 0.197720 0.042550 0.003792 0.007064 1 0 1.000000
c_spy_watch
  0 1.128478 0.820439 0.149073 0.979334 0.197720 0.042550 0.121864 0.007064 1 0 1.000000
  0 1.131224 0.836125 -0.179794 0.994809 0.100131 0.018106 0.121864 0.124582 1 0 1.000000
  0 0.814401 0.804062 -0.183968 0.994809 0.100131 0.018106 0.003792 0.124582 1 0 1.000000
c_spy_watch
  0 0.814401 0.804062 -0.183968 0.994809 0.100131 0.018106 0.003792 0.124582 1 0 1.000000
  0 1.131224 0.836125 -0.179794 0.994809 0.100131 0.018106 0.121864 0.124582 1 0 1.000000
  0 1.136208 0.821593 -0.446551 0.991736 -0.122371 -0.038526 0.121864 0.222684 1 0 1.000000
c_spy_watch
  0 0.814401 0.804062 -0.183968 0.994809 0.100131 0.018106 0.003792 0.124582 1 0 1.000000
  0 1.136208 0.821593 -0.446551 0.991736 -0.122371 -0.038526 0.121864 0.222684 1 0 1.000000
  0 0.819386 0.789531 -0.450726 0.991736 -0.122371 -0.038526 0.003792 0.222684 1 0 1.000000
c_spy_watch
  0 1.136208 0.821593 -0.446551 0.991736 -0.122371 -0.038526 0.121864 0.222684 1 0 1.000000
  0 0.825179 0.745506 -0.552204 0.840454 -0.523771 -0.138923 0.003792 0.260046 1 0 1.000000
  0 0.819386 0.789531 -0.450726 0.991736 -0.122371 -0.038526 0.003792 0.222684 1 0 1.000000
c_spy_watch
  0 1.136208 0.821593 -0.446551 0.991736 -0.122371 -0.038526 0.121864 0.222684 1 0 1.000000
  0 1.142002 0.777571 -0.548029 0.840454 -0.523771 -0.138923 0.121864 0.260046 1 0 1.000000
  0 0.825179 0.745506 -0.552204 0.840454 -0.523771 -0.138923 0.003792 0.260046 1 0 1.000000
c_spy_watch
  0 0.825179 0.745506 -0.552204 0.840454 -0.523771 -0.138923 0.003792 0.260046 1 0 1.000000
  0 1.142002 0.777571 -0.548029 0.840454 -0.523771 -0.138923 0.121864 0.260046 1 0 1.000000
  0 1.151885 0.688375 -0.612957 0.513247 -0.831087 -0.214175 0.121864 0.296080 1 0 1.000000
c_spy_watch
  0 0.825179 0.745506 -0.552204 0.840454 -0.523771 -0.138923 0.003792 0.260046 1 0 1.000000
  0 1.151885 0.688375 -0.612957 0.513247 -0.831087 -0.214175 0.121864 0.296080 1 0 1.000000
  0 0.835060 0.656310 -0.617132 0.513247 -0.831087 -0.214175 0.003792 0.296080 1 0 1.000000
c_spy_watch
  0 1.151885 0.688375 -0.612957 0.513247 -0.831087 -0.214175 0.121864 0.296080 1 0 1.000000
  0 0.862917 0.389627 -0.682791 0.289223 -0.927496 -0.236856 0.003792 0.395377 1 0 1.000000
  0 0.835060 0.656310 -0.617132 0.513247 -0.831087 -0.214175 0.003792 0.296080 1 0 1.000000
c_spy_watch
  0 1.151885 0.688375 -0.612957 0.513247 -0.831087 -0.214175 0.121864 0.296080 1 0 1.000000
  0 1.179740 0.421691 -0.678615 0.289223 -0.927496 -0.236856 0.121864 0.395377 1 0 1.000000
  0 0.862917 0.389627 -0.682791 0.289223 -0.927496 -0.236856 0.003792 0.395377 1 0 1.000000
c_spy_watch
  0 0.862917 0.389627 -0.682791 0.289223 -0.927496 -0.236856 0.003792 0.395377 1 0 1.000000
  0 1.179740 0.421691 -0.678615 0.289223 -0.927496 -0.236856 0.121864 0.395377 1 0 1.000000
  0 1.212269 0.106444 -0.726073 0.202112 -0.949081 -0.241653 0.121864 0.511544 1 0 1.000000
c_spy_watch
  0 0.862917 0.389627 -0.682791 0.289223 -0.927496 -0.236856 0.003792 0.395377 1 0 1.000000
  0 1.212269 0.106444 -0.726073 0.202112 -0.949081 -0.241653 0.121864 0.511544 1 0 1.000000
  0 0.895448 0.074381 -0.730247 0.202112 -0.949081 -0.241653 0.003792 0.511544 1 0 1.000000
c_spy_watch
  0 1.212269 0.106444 -0.726073 0.202112 -0.949081 -0.241653 0.121864 0.511544 1 0 1.000000
  0 0.927875 -0.244074 -0.745294 0.106718 -0.963726 -0.244630 0.003792 0.626507 1 0 1.000000
  0 0.895448 0.074381 -0.730247 0.202112 -0.949081 -0.241653 0.003792 0.511544 1 0 1.000000
c_spy_watch
  0 -0.093578 -1.680050 -0.588326 0.179165 -0.940346 -0.289221 0.476090 0.375500 1 0 1.000000
  0 0.071209 -1.467067 -0.580234 0.179165 -0.940346 -0.289221 0.537022 0.336606 1 0 1.000000
  0 0.046449 -1.674289 -0.593920 0.179165 -0.940346 -0.289221 0.476090 0.335824 1 0 1.000000
c_spy_watch
  0 -0.093578 -1.680050 -0.588326 0.179165 -0.940346 -0.289221 0.476090 0.375500 1 0 1.000000
  0 -0.063611 -1.429167 -0.571758 0.179165 -0.940346 -0.289221 0.542124 0.375532 1 0 1.000000
  0 0.071209 -1.467067 -0.580234 0.179165 -0.940346 -0.289221 0.537022 0.336606 1 0 1.000000
c_spy_watch
  0 -0.093578 -1.680050 -0.588326 0.179165 -0.940346 -0.289221 0.476090 0.375500 1 0 1.000000
  0 -0.203674 -1.435163 -0.566179 0.179165 -0.940346 -0.289221 0.537022 0.414716 1 0 1.000000
  0 -0.063611 -1.429167 -0.571758 0.179165 -0.940346 -0.289221 0.542124 0.375532 1 0 1.000000
c_spy_watch
  0 -0.093578 -1.680050 -0.588326 0.179165 -0.940346 -0.289221 0.476090 0.375500 1 0 1.000000
  0 -0.228424 -1.642385 -0.579864 0.179165 -0.940346 -0.289221 0.476090 0.414716 1 0 1.000000
  0 -0.203674 -1.435163 -0.566179 0.179165 -0.940346 -0.289221 0.537022 0.414716 1 0 1.000000
c_spy_watch
  0 1.308576 -0.032407 0.781768 0.007397 -0.245259 0.969429 0.179052 0.511544 1 0 1.000000
  0 1.278542 0.262529 0.795712 0.007397 -0.245259 0.969429 0.179052 0.395377 1 0 1.000000
  0 1.278060 0.262404 0.833370 0.007397 -0.245259 0.969429 0.164960 0.395377 1 0 1.000000
c_spy_watch
  0 1.253349 0.512910 0.784623 0.007397 -0.245259 0.969429 0.179052 0.296080 1 0 1.000000
  0 1.278060 0.262404 0.833370 0.007397 -0.245259 0.969429 0.164960 0.395377 1 0 1.000000
  0 1.278542 0.262529 0.795712 0.007397 -0.245259 0.969429 0.179052 0.395377 1 0 1.000000
c_spy_watch
  0 1.253349 0.512910 0.784623 0.007397 -0.245259 0.969429 0.179052 0.296080 1 0 1.000000
  0 1.252179 0.519627 0.821849 0.007397 -0.245259 0.969429 0.164960 0.296080 1 0 1.000000
  0 1.278060 0.262404 0.833370 0.007397 -0.245259 0.969429 0.164960 0.395377 1 0 1.000000
c_spy_watch
  0 1.246077 0.589353 0.749388 0.007397 -0.245259 0.969429 0.179052 0.260046 1 0 1.000000
  0 1.252179 0.519627 0.821849 0.007397 -0.245259 0.969429 0.164960 0.296080 1 0 1.000000
  0 1.253349 0.512910 0.784623 0.007397 -0.245259 0.969429 0.179052 0.296080 1 0 1.000000
c_spy_watch
  0 1.246077 0.589353 0.749388 0.007397 -0.245259 0.969429 0.179052 0.260046 1 0 1.000000
  0 1.243244 0.613553 0.778497 0.007397 -0.245259 0.969429 0.164960 0.260046 1 0 1.000000
  0 1.252179 0.519627 0.821849 0.007397 -0.245259 0.969429 0.164960 0.296080 1 0 1.000000
c_spy_watch
  0 1.246077 0.589353 0.749388 0.007397 -0.245259 0.969429 0.179052 0.260046 1 0 1.000000
  0 1.238383 0.672668 0.693272 0.007397 -0.245259 0.969429 0.164960 0.222684 1 0 1.000000
  0 1.243244 0.613553 0.778497 0.007397 -0.245259 0.969429 0.164960 0.260046 1 0 1.000000
c_spy_watch
  0 1.246077 0.589353 0.749388 0.007397 -0.245259 0.969429 0.179052 0.260046 1 0 1.000000
  0 1.242102 0.637751 0.679338 0.007397 -0.245259 0.969429 0.179052 0.222684 1 0 1.000000
  0 1.238383 0.672668 0.693272 0.007397 -0.245259 0.969429 0.164960 0.222684 1 0 1.000000
c_spy_watch
  0 1.242102 0.637751 0.679338 0.007397 -0.245259 0.969429 0.179052 0.222684 1 0 1.000000
  0 1.235268 0.735039 0.450707 0.007397 -0.245259 0.969429 0.164960 0.124582 1 0 1.000000
  0 1.238383 0.672668 0.693272 0.007397 -0.245259 0.969429 0.164960 0.222684 1 0 1.000000
c_spy_watch
  0 1.242102 0.637751 0.679338 0.007397 -0.245259 0.969429 0.179052 0.222684 1 0 1.000000
  0 1.239082 0.698321 0.443235 0.007397 -0.245259 0.969429 0.179052 0.124582 1 0 1.000000
  0 1.235268 0.735039 0.450707 0.007397 -0.245259 0.969429 0.164960 0.124582 1 0 1.000000
c_spy_watch
  0 1.238457 0.743738 0.141830 0.007397 -0.245259 0.969429 0.179052 0.007064 1 0 1.000000
  0 1.235268 0.735039 0.450707 0.007397 -0.245259 0.969429 0.164960 0.124582 1 0 1.000000
  0 1.239082 0.698321 0.443235 0.007397 -0.245259 0.969429 0.179052 0.124582 1 0 1.000000
c_spy_watch
  0 1.238457 0.743738 0.141830 0.007397 -0.245259 0.969429 0.179052 0.007064 1 0 1.000000
  0 1.234633 0.781042 0.145510 0.007397 -0.245259 0.969429 0.164960 0.007064 1 0 1.000000
  0 1.235268 0.735039 0.450707 0.007397 -0.245259 0.969429 0.164960 0.124582 1 0 1.000000
c_spy_watch
  0 1.238457 0.743738 0.141830 0.007397 -0.245259 0.969429 0.179052 0.007064 1 0 1.000000
  0 1.237207 0.795747 -0.162774 0.007397 -0.245259 0.969429 0.164960 0.124582 1 0 1.000000
  0 1.234633 0.781042 0.145510 0.007397 -0.245259 0.969429 0.164960 0.007064 1 0 1.000000
c_spy_watch
  0 1.238457 0.743738 0.141830 0.007397 -0.245259 0.969429 0.179052 0.007064 1 0 1.000000
  0 1.240997 0.758275 -0.162618 0.007397 -0.245259 0.969429 0.179052 0.124582 1 0 1.000000
  0 1.237207 0.795747 -0.162774 0.007397 -0.245259 0.969429 0.164960 0.124582 1 0 1.000000
c_spy_watch
  0 1.245532 0.745152 -0.405990 0.007397 -0.245259 0.969429 0.179052 0.222684 1 0 1.000000
  0 1.237207 0.795747 -0.162774 0.007397 -0.245259 0.969429 0.164960 0.124582 1 0 1.000000
  0 1.240997 0.758275 -0.162618 0.007397 -0.245259 0.969429 0.179052 0.124582 1 0 1.000000
c_spy_watch
  0 1.245532 0.745152 -0.405990 0.007397 -0.245259 0.969429 0.179052 0.222684 1 0 1.000000
  0 1.241881 0.782126 -0.412835 0.007397 -0.245259 0.969429 0.164960 0.222684 1 0 1.000000
  0 1.237207 0.795747 -0.162774 0.007397 -0.245259 0.969429 0.164960 0.124582 1 0 1.000000
c_spy_watch
  0 1.249975 0.711420 -0.484142 0.007397 -0.245259 0.969429 0.179052 0.260046 1 0 1.000000
  0 1.241881 0.782126 -0.412835 0.007397 -0.245259 0.969429 0.164960 0.222684 1 0 1.000000
  0 1.245532 0.745152 -0.405990 0.007397 -0.245259 0.969429 0.179052 0.222684 1 0 1.000000
c_spy_watch
  0 1.249975 0.711420 -0.484142 0.007397 -0.245259 0.969429 0.179052 0.260046 1 0 1.000000
  0 1.247311 0.740858 -0.507960 0.007397 -0.245259 0.969429 0.164960 0.260046 1 0 1.000000
  0 1.241881 0.782126 -0.412835 0.007397 -0.245259 0.969429 0.164960 0.222684 1 0 1.000000
c_spy_watch
  0 1.249975 0.711420 -0.484142 0.007397 -0.245259 0.969429 0.179052 0.260046 1 0 1.000000
  0 1.256575 0.657244 -0.568825 0.007397 -0.245259 0.969429 0.164960 0.296080 1 0 1.000000
  0 1.247311 0.740858 -0.507960 0.007397 -0.245259 0.969429 0.164960 0.260046 1 0 1.000000
c_spy_watch
  0 1.249975 0.711420 -0.484142 0.007397 -0.245259 0.969429 0.179052 0.260046 1 0 1.000000
  0 1.257516 0.643362 -0.533629 0.007397 -0.245259 0.969429 0.179052 0.296080 1 0 1.000000
  0 1.256575 0.657244 -0.568825 0.007397 -0.245259 0.969429 0.164960 0.296080 1 0 1.000000
c_spy_watch
  0 1.282685 0.407251 -0.630373 0.007397 -0.245259 0.969429 0.164960 0.395377 1 0 1.000000
  0 1.256575 0.657244 -0.568825 0.007397 -0.245259 0.969429 0.164960 0.296080 1 0 1.000000
  0 1.257516 0.643362 -0.533629 0.007397 -0.245259 0.969429 0.179052 0.296080 1 0 1.000000
c_spy_watch
  0 1.282685 0.407251 -0.630373 0.007397 -0.245259 0.969429 0.164960 0.395377 1 0 1.000000
  0 1.257516 0.643362 -0.533629 0.007397 -0.245259 0.969429 0.179052 0.296080 1 0 1.000000
  0 1.282934 0.399993 -0.593419 0.007397 -0.245259 0.969429 0.179052 0.395377 1 0 1.000000
c_spy_watch
  0 1.313061 0.108026 -0.637363 0.007397 -0.245259 0.969429 0.179052 0.511544 1 0 1.000000
  0 1.282685 0.407251 -0.630373 0.007397 -0.245259 0.969429 0.164960 0.395377 1 0 1.000000
  0 1.282934 0.399993 -0.593419 0.007397 -0.245259 0.969429 0.179052 0.395377 1 0 1.000000
c_spy_watch
  0 1.313061 0.108026 -0.637363 0.007397 -0.245259 0.969429 0.179052 0.511544 1 0 1.000000
  0 1.313181 0.111737 -0.674860 0.007397 -0.245259 0.969429 0.164960 0.511544 1 0 1.000000
  0 1.282685 0.407251 -0.630373 0.007397 -0.245259 0.969429 0.164960 0.395377 1 0 1.000000
c_spy_watch
  0 1.313061 0.108026 -0.637363 0.007397 -0.245259 0.969429 0.179052 0.511544 1 0 1.000000
  0 1.343578 -0.186785 -0.688966 0.007397 -0.245259 0.969429 0.164960 0.626507 1 0 1.000000
  0 1.313181 0.111737 -0.674860 0.007397 -0.245259 0.969429 0.164960 0.511544 1 0 1.000000
c_spy_watch
  0 1.313061 0.108026 -0.637363 0.007397 -0.245259 0.969429 0.179052 0.511544 1 0 1.000000
  0 1.343095 -0.186911 -0.651307 0.007397 -0.245259 0.969429 0.179052 0.626507 1 0 1.000000
  0 1.343578 -0.186785 -0.688966 0.007397 -0.245259 0.969429 0.164960 0.626507 1 0 1.000000
c_spy_watch
  0 1.368289 -0.437292 -0.640218 0.007397 -0.245259 0.969429 0.179052 0.723620 1 0 1.000000
  0 1.343578 -0.186785 -0.688966 0.007397 -0.245259 0.969429 0.164960 0.626507 1 0 1.000000
  0 1.343095 -0.186911 -0.651307 0.007397 -0.245259 0.969429 0.179052 0.626507 1 0 1.000000
c_spy_watch
  0 1.368289 -0.437292 -0.640218 0.007397 -0.245259 0.969429 0.179052 0.723620 1 0 1.000000
  0 1.369459 -0.444008 -0.677445 0.007397 -0.245259 0.969429 0.164960 0.723620 1 0 1.000000
  0 1.343578 -0.186785 -0.688966 0.007397 -0.245259 0.969429 0.164960 0.626507 1 0 1.000000
c_spy_watch
  0 1.375560 -0.513735 -0.604984 0.007397 -0.245259 0.969429 0.179052 0.755447 1 0 1.000000
  0 1.369459 -0.444008 -0.677445 0.007397 -0.245259 0.969429 0.164960 0.723620 1 0 1.000000
  0 1.368289 -0.437292 -0.640218 0.007397 -0.245259 0.969429 0.179052 0.723620 1 0 1.000000
c_spy_watch
  0 1.375560 -0.513735 -0.604984 0.007397 -0.245259 0.969429 0.179052 0.755447 1 0 1.000000
  0 1.378394 -0.537935 -0.634092 0.007397 -0.245259 0.969429 0.164960 0.755447 1 0 1.000000
  0 1.369459 -0.444008 -0.677445 0.007397 -0.245259 0.969429 0.164960 0.723620 1 0 1.000000
c_spy_watch
  0 1.375560 -0.513735 -0.604984 0.007397 -0.245259 0.969429 0.179052 0.755447 1 0 1.000000
  0 1.383254 -0.597049 -0.548867 0.007397 -0.245259 0.969429 0.164960 0.786195 1 0 1.000000
  0 1.378394 -0.537935 -0.634092 0.007397 -0.245259 0.969429 0.164960 0.755447 1 0 1.000000
c_spy_watch
  0 1.375560 -0.513735 -0.604984 0.007397 -0.245259 0.969429 0.179052 0.755447 1 0 1.000000
  0 1.379536 -0.562131 -0.534933 0.007397 -0.245259 0.969429 0.179052 0.786195 1 0 1.000000
  0 1.383254 -0.597049 -0.548867 0.007397 -0.245259 0.969429 0.164960 0.786195 1 0 1.000000
c_spy_watch
  0 1.379536 -0.562131 -0.534933 0.007397 -0.245259 0.969429 0.179052 0.786195 1 0 1.000000
  0 1.386370 -0.659419 -0.306302 0.007397 -0.245259 0.969429 0.164960 0.879226 1 0 1.000000
  0 1.383254 -0.597049 -0.548867 0.007397 -0.245259 0.969429 0.164960 0.786195 1 0 1.000000
c_spy_watch
  0 1.379536 -0.562131 -0.534933 0.007397 -0.245259 0.969429 0.179052 0.786195 1 0 1.000000
  0 1.382555 -0.622702 -0.298829 0.007397 -0.245259 0.969429 0.179052 0.879226 1 0 1.000000
  0 1.386370 -0.659419 -0.306302 0.007397 -0.245259 0.969429 0.164960 0.879226 1 0 1.000000
c_spy_watch
  0 1.383181 -0.668118 0.002575 0.007397 -0.245259 0.969429 0.179052 0.989116 1 0 1.000000
  0 1.386370 -0.659419 -0.306302 0.007397 -0.245259 0.969429 0.164960 0.879226 1 0 1.000000
  0 1.382555 -0.622702 -0.298829 0.007397 -0.245259 0.969429 0.179052 0.879226 1 0 1.000000
c_spy_watch
  0 1.383181 -0.668118 0.002575 0.007397 -0.245259 0.969429 0.179052 0.989116 1 0 1.000000
  0 1.387005 -0.705424 -0.001105 0.007397 -0.245259 0.969429 0.164960 0.989116 1 0 1.000000
  0 1.386370 -0.659419 -0.306302 0.007397 -0.245259 0.969429 0.164960 0.879226 1 0 1.000000
c_spy_watch
  0 1.383181 -0.668118 0.002575 0.007397 -0.245259 0.969429 0.179052 0.989116 1 0 1.000000
  0 1.384431 -0.720128 0.307178 0.007397 -0.245259 0.969429 0.164960 0.879226 1 0 1.000000
  0 1.387005 -0.705424 -0.001105 0.007397 -0.245259 0.969429 0.164960 0.989116 1 0 1.000000
c_spy_watch
  0 1.383181 -0.668118 0.002575 0.007397 -0.245259 0.969429 0.179052 0.989116 1 0 1.000000
  0 1.380640 -0.682655 0.307024 0.007397 -0.245259 0.969429 0.179052 0.879226 1 0 1.000000
  0 1.384431 -0.720128 0.307178 0.007397 -0.245259 0.969429 0.164960 0.879226 1 0 1.000000
c_spy_watch
  0 1.376106 -0.669533 0.550397 0.007397 -0.245259 0.969429 0.179052 0.786195 1 0 1.000000
  0 1.384431 -0.720128 0.307178 0.007397 -0.245259 0.969429 0.164960 0.879226 1 0 1.000000
  0 1.380640 -0.682655 0.307024 0.007397 -0.245259 0.969429 0.179052 0.879226 1 0 1.000000
c_spy_watch
  0 1.376106 -0.669533 0.550397 0.007397 -0.245259 0.969429 0.179052 0.786195 1 0 1.000000
  0 1.379756 -0.706506 0.557239 0.007397 -0.245259 0.969429 0.164960 0.786195 1 0 1.000000
  0 1.384431 -0.720128 0.307178 0.007397 -0.245259 0.969429 0.164960 0.879226 1 0 1.000000
c_spy_watch
  0 1.371662 -0.635802 0.628548 0.007397 -0.245259 0.969429 0.179052 0.755447 1 0 1.000000
  0 1.379756 -0.706506 0.557239 0.007397 -0.245259 0.969429 0.164960 0.786195 1 0 1.000000
  0 1.376106 -0.669533 0.550397 0.007397 -0.245259 0.969429 0.179052 0.786195 1 0 1.000000
c_spy_watch
  0 1.371662 -0.635802 0.628548 0.007397 -0.245259 0.969429 0.179052 0.755447 1 0 1.000000
  0 1.374328 -0.665239 0.652366 0.007397 -0.245259 0.969429 0.164960 0.755447 1 0 1.000000
  0 1.379756 -0.706506 0.557239 0.007397 -0.245259 0.969429 0.164960 0.786195 1 0 1.000000
c_spy_watch
  0 1.371662 -0.635802 0.628548 0.007397 -0.245259 0.969429 0.179052 0.755447 1 0 1.000000
  0 1.365062 -0.581625 0.713230 0.007397 -0.245259 0.969429 0.164960 0.723620 1 0 1.000000
  0 1.374328 -0.665239 0.652366 0.007397 -0.245259 0.969429 0.164960 0.755447 1 0 1.000000
c_spy_watch
  0 1.371662 -0.635802 0.628548 0.007397 -0.245259 0.969429 0.179052 0.755447 1 0 1.000000
  0 1.364122 -0.567744 0.678033 0.007397 -0.245259 0.969429 0.179052 0.723620 1 0 1.000000
  0 1.365062 -0.581625 0.713230 0.007397 -0.245259 0.969429 0.164960 0.723620 1 0 1.000000
c_spy_watch
  0 1.364122 -0.567744 0.678033 0.007397 -0.245259 0.969429 0.179052 0.723620 1 0 1.000000
  0 1.338951 -0.331632 0.774780 0.007397 -0.245259 0.969429 0.164960 0.626507 1 0 1.000000
  0 1.365062 -0.581625 0.713230 0.007397 -0.245259 0.969429 0.164960 0.723620 1 0 1.000000
c_spy_watch
  0 1.364122 -0.567744 0.678033 0.007397 -0.245259 0.969429 0.179052 0.723620 1 0 1.000000
  0 1.338703 -0.324375 0.737824 0.007397 -0.245259 0.969429 0.179052 0.626507 1 0 1.000000
  0 1.338951 -0.331632 0.774780 0.007397 -0.245259 0.969429 0.164960 0.626507 1 0 1.000000
c_spy_watch
  0 1.308576 -0.032407 0.781768 0.007397 -0.245259 0.969429 0.179052 0.511544 1 0 1.000000
  0 1.338951 -0.331632 0.774780 0.007397 -0.245259 0.969429 0.164960 0.626507 1 0 1.000000
  0 1.338703 -0.324375 0.737824 0.007397 -0.245259 0.969429 0.179052 0.626507 1 0 1.000000
c_spy_watch
  0 1.308576 -0.032407 0.781768 0.007397 -0.245259 0.969429 0.179052 0.511544 1 0 1.000000
  0 1.308456 -0.036118 0.819264 0.007397 -0.245259 0.969429 0.164960 0.511544 1 0 1.000000
  0 1.338951 -0.331632 0.774780 0.007397 -0.245259 0.969429 0.164960 0.626507 1 0 1.000000
c_spy_watch
  0 1.308576 -0.032407 0.781768 0.007397 -0.245259 0.969429 0.179052 0.511544 1 0 1.000000
  0 1.278060 0.262404 0.833370 0.007397 -0.245259 0.969429 0.164960 0.395377 1 0 1.000000
  0 1.308456 -0.036118 0.819264 0.007397 -0.245259 0.969429 0.164960 0.511544 1 0 1.000000
c_spy_watch
  0 1.021428 -1.073014 0.496093 -0.792177 0.402212 -0.459000 0.911684 0.163479 1 0 1.000000
  0 1.052065 -1.094383 0.488502 -0.792177 0.402212 -0.459000 0.909929 0.154066 1 0 1.000000
  0 1.048110 -1.077420 0.522042 -0.792177 0.402212 -0.459000 0.919942 0.155494 1 0 1.000000
c_spy_watch
  0 0.645989 -1.696603 0.383030 -0.807456 0.512238 0.292620 0.212842 0.375437 1 0 1.000000
  0 0.781105 -1.654323 0.362314 -0.784800 0.482240 0.389272 0.221052 0.336399 1 0 1.000000
  0 0.772855 -1.636804 0.384756 -0.784800 0.482240 0.389272 0.213269 0.335271 1 0 1.000000
c_spy_watch
  0 0.645989 -1.696603 0.383030 -0.807456 0.512238 0.292620 0.212842 0.375437 1 0 1.000000
  0 0.651226 -1.714655 0.360621 -0.807456 0.512238 0.292620 0.221052 0.375437 1 0 1.000000
  0 0.781105 -1.654323 0.362314 -0.784800 0.482240 0.389272 0.221052 0.336399 1 0 1.000000
c_spy_watch
  0 0.645989 -1.696603 0.383030 -0.807456 0.512238 0.292620 0.212842 0.375437 1 0 1.000000
  0 0.509302 -1.733729 0.362770 -0.815464 0.546562 0.190495 0.221052 0.414716 1 0 1.000000
  0 0.651226 -1.714655 0.360621 -0.807456 0.512238 0.292620 0.221052 0.375437 1 0 1.000000
c_spy_watch
  0 0.645989 -1.696603 0.383030 -0.807456 0.512238 0.292620 0.212842 0.375437 1 0 1.000000
  0 0.506889 -1.714503 0.385206 -0.815464 0.546562 0.190495 0.213268 0.415602 1 0 1.000000
  0 0.509302 -1.733729 0.362770 -0.815464 0.546562 0.190495 0.221052 0.414716 1 0 1.000000
c_spy_watch
  0 -0.247704 -1.638744 -0.558060 -0.228884 -0.393855 -0.890219 0.472099 0.423580 1 0 1.000000
  0 -0.228424 -1.642385 -0.579864 -0.228884 -0.393855 -0.890219 0.476090 0.414716 1 0 1.000000
  0 -0.233051 -1.664365 -0.560512 -0.228884 -0.393855 -0.890219 0.467168 0.414716 1 0 1.000000
c_spy_watch
  0 0.263799 -1.692544 -0.599080 -0.553391 -0.807815 -0.202962 0.476090 0.375500 1 0 1.000000
  0 0.124078 -1.709919 -0.573607 -0.559189 -0.762633 -0.325114 0.467168 0.414716 1 0 1.000000
  0 0.123781 -1.687250 -0.592701 -0.559189 -0.762633 -0.325114 0.476090 0.414716 1 0 1.000000
c_spy_watch
  0 0.263799 -1.692544 -0.599080 -0.553391 -0.807815 -0.202962 0.476090 0.375500 1 0 1.000000
  0 0.267075 -1.714538 -0.580067 -0.553391 -0.807815 -0.202962 0.467229 0.375437 1 0 1.000000
  0 0.124078 -1.709919 -0.573607 -0.559189 -0.762633 -0.325114 0.467168 0.414716 1 0 1.000000
c_spy_watch
  0 0.263799 -1.692544 -0.599080 -0.553391 -0.807815 -0.202962 0.476090 0.375500 1 0 1.000000
  0 0.405086 -1.676404 -0.583270 -0.536010 -0.838179 -0.100748 0.467169 0.336399 1 0 1.000000
  0 0.267075 -1.714538 -0.580067 -0.553391 -0.807815 -0.202962 0.467229 0.375437 1 0 1.000000
c_spy_watch
  0 0.263799 -1.692544 -0.599080 -0.553391 -0.807815 -0.202962 0.476090 0.375500 1 0 1.000000
  0 0.398753 -1.654442 -0.602155 -0.536010 -0.838179 -0.100748 0.476090 0.335824 1 0 1.000000
  0 0.405086 -1.676404 -0.583270 -0.536010 -0.838179 -0.100748 0.467169 0.336399 1 0 1.000000
c_spy_watch
  0 1.098062 -1.474957 0.377772 -0.731599 0.423619 0.534144 0.221052 0.336399 1 0 1.000000
  0 1.086240 -1.460523 0.400812 -0.731599 0.423619 0.534144 0.213269 0.335271 1 0 1.000000
  0 0.975829 -1.546926 0.396544 -0.779389 0.446134 0.439906 0.212842 0.375437 1 0 1.000000
c_spy_watch
  0 1.098062 -1.474957 0.377772 -0.731599 0.423619 0.534144 0.221052 0.336399 1 0 1.000000
  0 0.975829 -1.546926 0.396544 -0.779389 0.446134 0.439906 0.212842 0.375437 1 0 1.000000
  0 0.984833 -1.562546 0.373511 -0.779389 0.446134 0.439906 0.221052 0.375437 1 0 1.000000
c_spy_watch
  0 0.975829 -1.546926 0.396544 -0.779389 0.446134 0.439906 0.212842 0.375437 1 0 1.000000
  0 0.850709 -1.612757 0.374547 -0.818082 0.463442 0.340533 0.221052 0.414716 1 0 1.000000
  0 0.984833 -1.562546 0.373511 -0.779389 0.446134 0.439906 0.221052 0.375437 1 0 1.000000
c_spy_watch
  0 0.975829 -1.546926 0.396544 -0.779389 0.446134 0.439906 0.212842 0.375437 1 0 1.000000
  0 0.844199 -1.595366 0.397658 -0.818082 0.463442 0.340533 0.213268 0.415602 1 0 1.000000
  0 0.850709 -1.612757 0.374547 -0.818082 0.463442 0.340533 0.221052 0.414716 1 0 1.000000
c_spy_watch
  0 1.257659 0.122657 0.526116 0.649049 -0.054975 0.758757 0.882519 0.696714 1 0 1.000000
  0 1.255584 0.149822 0.475121 0.366678 0.347924 0.862842 0.863781 0.688952 1 0 1.000000
  0 1.238336 0.159768 0.489074 0.366678 0.347924 0.862842 0.868328 0.684406 1 0 1.000000
c_spy_watch
  0 1.250231 0.204885 0.458318 -0.127222 0.438708 0.889578 0.856020 0.670215 1 0 1.000000
  0 1.238336 0.159768 0.489074 0.366678 0.347924 0.862842 0.868328 0.684406 1 0 1.000000
  0 1.255584 0.149822 0.475121 0.366678 0.347924 0.862842 0.863781 0.688952 1 0 1.000000
c_spy_watch
  0 1.250231 0.204885 0.458318 -0.127222 0.438708 0.889578 0.856020 0.670215 1 0 1.000000
  0 1.234283 0.201472 0.476348 -0.127222 0.438708 0.889578 0.862449 0.670215 1 0 1.000000
  0 1.238336 0.159768 0.489074 0.366678 0.347924 0.862842 0.868328 0.684406 1 0 1.000000
c_spy_watch
  0 1.250231 0.204885 0.458318 -0.127222 0.438708 0.889578 0.856020 0.670215 1 0 1.000000
  0 1.230125 0.239875 0.496975 -0.543331 0.164199 0.823304 0.868328 0.656023 1 0 1.000000
  0 1.234283 0.201472 0.476348 -0.127222 0.438708 0.889578 0.862449 0.670215 1 0 1.000000
c_spy_watch
  0 1.250231 0.204885 0.458318 -0.127222 0.438708 0.889578 0.856020 0.670215 1 0 1.000000
  0 1.244742 0.255590 0.485553 -0.543331 0.164199 0.823304 0.863781 0.651477 1 0 1.000000
  0 1.230125 0.239875 0.496975 -0.543331 0.164199 0.823304 0.868328 0.656023 1 0 1.000000
c_spy_watch
  0 1.242327 0.272235 0.540869 -0.637898 -0.314800 0.702842 0.882519 0.643715 1 0 1.000000
  0 1.230125 0.239875 0.496975 -0.543331 0.164199 0.823304 0.868328 0.656023 1 0 1.000000
  0 1.244742 0.255590 0.485553 -0.543331 0.164199 0.823304 0.863781 0.651477 1 0 1.000000
c_spy_watch
  0 1.242327 0.272235 0.540869 -0.637898 -0.314800 0.702842 0.882519 0.643715 1 0 1.000000
  0 1.228296 0.252481 0.538871 -0.637898 -0.314800 0.702842 0.882519 0.650145 1 0 1.000000
  0 1.230125 0.239875 0.496975 -0.543331 0.164199 0.823304 0.868328 0.656023 1 0 1.000000
c_spy_watch
  0 1.244405 0.245069 0.591864 -0.355526 -0.717698 0.598757 0.901257 0.651477 1 0 1.000000
  0 1.228296 0.252481 0.538871 -0.637898 -0.314800 0.702842 0.882519 0.650145 1 0 1.000000
  0 1.242327 0.272235 0.540869 -0.637898 -0.314800 0.702842 0.882519 0.643715 1 0 1.000000
c_spy_watch
  0 1.244405 0.245069 0.591864 -0.355526 -0.717698 0.598757 0.901257 0.651477 1 0 1.000000
  0 1.229870 0.231906 0.577494 -0.355526 -0.717698 0.598757 0.896711 0.656023 1 0 1.000000
  0 1.228296 0.252481 0.538871 -0.637898 -0.314800 0.702842 0.882519 0.650145 1 0 1.000000
c_spy_watch
  0 1.233923 0.190203 0.590219 0.138373 -0.808483 0.572021 0.902589 0.670215 1 0 1.000000
  0 1.229870 0.231906 0.577494 -0.355526 -0.717698 0.598757 0.896711 0.656023 1 0 1.000000
  0 1.244405 0.245069 0.591864 -0.355526 -0.717698 0.598757 0.901257 0.651477 1 0 1.000000
c_spy_watch
  0 1.233923 0.190203 0.590219 0.138373 -0.808483 0.572021 0.902589 0.670215 1 0 1.000000
  0 1.244405 0.245069 0.591864 -0.355526 -0.717698 0.598757 0.901257 0.651477 1 0 1.000000
  0 1.249758 0.190007 0.608667 0.138373 -0.808483 0.572021 0.909018 0.670215 1 0 1.000000
c_spy_watch
  0 1.249758 0.190007 0.608667 0.138373 -0.808483 0.572021 0.909018 0.670215 1 0 1.000000
  0 1.238081 0.151800 0.569593 0.554483 -0.533974 0.638295 0.896711 0.684406 1 0 1.000000
  0 1.233923 0.190203 0.590219 0.138373 -0.808483 0.572021 0.902589 0.670215 1 0 1.000000
c_spy_watch
  0 1.249758 0.190007 0.608667 0.138373 -0.808483 0.572021 0.909018 0.670215 1 0 1.000000
  0 1.255247 0.139301 0.581432 0.554483 -0.533974 0.638295 0.901257 0.688952 1 0 1.000000
  0 1.238081 0.151800 0.569593 0.554483 -0.533974 0.638295 0.896711 0.684406 1 0 1.000000
c_spy_watch
  0 1.255247 0.139301 0.581432 0.554483 -0.533974 0.638295 0.901257 0.688952 1 0 1.000000
  0 1.239909 0.139194 0.527696 0.649049 -0.054975 0.758757 0.882519 0.690284 1 0 1.000000
  0 1.238081 0.151800 0.569593 0.554483 -0.533974 0.638295 0.896711 0.684406 1 0 1.000000
c_spy_watch
  0 1.255247 0.139301 0.581432 0.554483 -0.533974 0.638295 0.901257 0.688952 1 0 1.000000
  0 1.257659 0.122657 0.526116 0.649049 -0.054975 0.758757 0.882519 0.696714 1 0 1.000000
  0 1.239909 0.139194 0.527696 0.649049 -0.054975 0.758757 0.882519 0.690284 1 0 1.000000
c_spy_watch
  0 1.257659 0.122657 0.526116 0.649049 -0.054975 0.758757 0.882519 0.696714 1 0 1.000000
  0 1.238336 0.159768 0.489074 0.366678 0.347924 0.862842 0.868328 0.684406 1 0 1.000000
  0 1.239909 0.139194 0.527696 0.649049 -0.054975 0.758757 0.882519 0.690284 1 0 1.000000
c_spy_watch
  0 1.218902 0.500762 0.563409 -0.637898 -0.314800 0.702842 0.882519 0.562744 1 0 1.000000
  0 1.206699 0.468402 0.519515 -0.543331 0.164199 0.823304 0.868328 0.575051 1 0 1.000000
  0 1.221318 0.484117 0.508093 -0.543331 0.164199 0.823304 0.863781 0.570505 1 0 1.000000
c_spy_watch
  0 1.221318 0.484117 0.508093 -0.543331 0.164199 0.823304 0.863781 0.570505 1 0 1.000000
  0 1.206699 0.468402 0.519515 -0.543331 0.164199 0.823304 0.868328 0.575051 1 0 1.000000
  0 1.210857 0.429998 0.498888 -0.127222 0.438708 0.889578 0.862449 0.589243 1 0 1.000000
c_spy_watch
  0 1.221318 0.484117 0.508093 -0.543331 0.164199 0.823304 0.863781 0.570505 1 0 1.000000
  0 1.210857 0.429998 0.498888 -0.127222 0.438708 0.889578 0.862449 0.589243 1 0 1.000000
  0 1.226807 0.433412 0.480858 -0.127222 0.438708 0.889578 0.856020 0.589243 1 0 1.000000
c_spy_watch
  0 1.232159 0.378349 0.497661 0.366678 0.347924 0.862842 0.863781 0.607981 1 0 1.000000
  0 1.226807 0.433412 0.480858 -0.127222 0.438708 0.889578 0.856020 0.589243 1 0 1.000000
  0 1.210857 0.429998 0.498888 -0.127222 0.438708 0.889578 0.862449 0.589243 1 0 1.000000
c_spy_watch
  0 1.232159 0.378349 0.497661 0.366678 0.347924 0.862842 0.863781 0.607981 1 0 1.000000
  0 1.210857 0.429998 0.498888 -0.127222 0.438708 0.889578 0.862449 0.589243 1 0 1.000000
  0 1.214911 0.388295 0.511614 0.366678 0.347924 0.862842 0.868328 0.603435 1 0 1.000000
c_spy_watch
  0 1.234235 0.351184 0.548657 0.649049 -0.054975 0.758757 0.882519 0.615742 1 0 1.000000
  0 1.232159 0.378349 0.497661 0.366678 0.347924 0.862842 0.863781 0.607981 1 0 1.000000
  0 1.214911 0.388295 0.511614 0.366678 0.347924 0.862842 0.868328 0.603435 1 0 1.000000
c_spy_watch
  0 1.234235 0.351184 0.548657 0.649049 -0.054975 0.758757 0.882519 0.615742 1 0 1.000000
  0 1.214911 0.388295 0.511614 0.366678 0.347924 0.862842 0.868328 0.603435 1 0 1.000000
  0 1.216484 0.367721 0.550237 0.649049 -0.054975 0.758757 0.882519 0.609313 1 0 1.000000
c_spy_watch
  0 1.231822 0.367829 0.603973 0.554483 -0.533974 0.638295 0.901257 0.607981 1 0 1.000000
  0 1.234235 0.351184 0.548657 0.649049 -0.054975 0.758757 0.882519 0.615742 1 0 1.000000
  0 1.216484 0.367721 0.550237 0.649049 -0.054975 0.758757 0.882519 0.609313 1 0 1.000000
c_spy_watch
  0 1.231822 0.367829 0.603973 0.554483 -0.533974 0.638295 0.901257 0.607981 1 0 1.000000
  0 1.216484 0.367721 0.550237 0.649049 -0.054975 0.758757 0.882519 0.609313 1 0 1.000000
  0 1.214656 0.380328 0.592133 0.554483 -0.533974 0.638295 0.896711 0.603435 1 0 1.000000
c_spy_watch
  0 1.231822 0.367829 0.603973 0.554483 -0.533974 0.638295 0.901257 0.607981 1 0 1.000000
  0 1.214656 0.380328 0.592133 0.554483 -0.533974 0.638295 0.896711 0.603435 1 0 1.000000
  0 1.210498 0.418730 0.612759 0.138373 -0.808483 0.572021 0.902589 0.589243 1 0 1.000000
c_spy_watch
  0 1.231822 0.367829 0.603973 0.554483 -0.533974 0.638295 0.901257 0.607981 1 0 1.000000
  0 1.210498 0.418730 0.612759 0.138373 -0.808483 0.572021 0.902589 0.589243 1 0 1.000000
  0 1.226332 0.418534 0.631208 0.138373 -0.808483 0.572021 0.909018 0.589243 1 0 1.000000
c_spy_watch
  0 1.226332 0.418534 0.631208 0.138373 -0.808483 0.572021 0.909018 0.589243 1 0 1.000000
  0 1.210498 0.418730 0.612759 0.138373 -0.808483 0.572021 0.902589 0.589243 1 0 1.000000
  0 1.206445 0.460433 0.600034 -0.355526 -0.717698 0.598757 0.896711 0.575051 1 0 1.000000
c_spy_watch
  0 1.226332 0.418534 0.631208 0.138373 -0.808483 0.572021 0.909018 0.589243 1 0 1.000000
  0 1.206445 0.460433 0.600034 -0.355526 -0.717698 0.598757 0.896711 0.575051 1 0 1.000000
  0 1.220980 0.473596 0.614405 -0.355526 -0.717698 0.598757 0.901257 0.570505 1 0 1.000000
c_spy_watch
  0 1.204871 0.481008 0.561411 -0.637898 -0.314800 0.702842 0.882519 0.569173 1 0 1.000000
  0 1.220980 0.473596 0.614405 -0.355526 -0.717698 0.598757 0.901257 0.570505 1 0 1.000000
  0 1.206445 0.460433 0.600034 -0.355526 -0.717698 0.598757 0.896711 0.575051 1 0 1.000000
c_spy_watch
  0 1.204871 0.481008 0.561411 -0.637898 -0.314800 0.702842 0.882519 0.569173 1 0 1.000000
  0 1.218902 0.500762 0.563409 -0.637898 -0.314800 0.702842 0.882519 0.562744 1 0 1.000000
  0 1.220980 0.473596 0.614405 -0.355526 -0.717698 0.598757 0.901257 0.570505 1 0 1.000000
c_spy_watch
  0 1.218902 0.500762 0.563409 -0.637898 -0.314800 0.702842 0.882519 0.562744 1 0 1.000000
  0 1.204871 0.481008 0.561411 -0.637898 -0.314800 0.702842 0.882519 0.569173 1 0 1.000000
  0 1.206699 0.468402 0.519515 -0.543331 0.164199 0.823304 0.868328 0.575051 1 0 1.000000
c_spy_watch
  0 0.714469 -1.436836 0.403380 0.474902 0.512459 0.715440 0.537022 0.336606 1 0 1.000000
  0 0.734510 -1.431921 0.382536 0.474902 0.512459 0.715440 0.537487 0.327089 1 0 1.000000
  0 0.710963 -1.414097 0.384684 0.474902 0.512459 0.715440 0.544877 0.335051 1 0 1.000000
c_spy_watch
  0 0.766391 -1.546577 -0.573431 -0.227341 -0.819919 0.525403 0.471029 0.327089 1 0 1.000000
  0 0.756137 -1.574277 -0.575522 -0.227341 -0.819919 0.525403 0.467169 0.336399 1 0 1.000000
  0 0.746795 -1.553245 -0.594207 -0.227341 -0.819919 0.525403 0.476090 0.335824 1 0 1.000000
c_spy_watch
  0 1.255251 -0.899903 0.601426 -0.373417 0.417124 0.828593 0.917167 0.059895 1 0 1.000000
  0 1.248967 -0.721492 0.659522 -0.324980 0.430064 0.842278 0.923502 0.015835 1 0 1.000000
  0 1.221529 -0.727215 0.689018 -0.324980 0.430064 0.842278 0.933595 0.016382 1 0 1.000000
c_spy_watch
  0 1.255251 -0.899903 0.601426 -0.373417 0.417124 0.828593 0.917167 0.059895 1 0 1.000000
  0 1.281789 -0.894610 0.575335 -0.373417 0.417124 0.828593 0.907841 0.058775 1 0 1.000000
  0 1.248967 -0.721492 0.659522 -0.324980 0.430064 0.842278 0.923502 0.015835 1 0 1.000000
c_spy_watch
  0 1.261215 -1.055854 0.524850 -0.420844 0.403059 0.812670 0.902035 0.101017 1 0 1.000000
  0 1.281789 -0.894610 0.575335 -0.373417 0.417124 0.828593 0.907841 0.058775 1 0 1.000000
  0 1.255251 -0.899903 0.601426 -0.373417 0.417124 0.828593 0.917167 0.059895 1 0 1.000000
c_spy_watch
  0 1.261215 -1.055854 0.524850 -0.420844 0.403059 0.812670 0.902035 0.101017 1 0 1.000000
  0 1.287141 -1.046122 0.499594 -0.420844 0.403059 0.812670 0.893614 0.095649 1 0 1.000000
  0 1.281789 -0.894610 0.575335 -0.373417 0.417124 0.828593 0.907841 0.058775 1 0 1.000000
c_spy_watch
  0 -0.662745 1.718691 0.636644 0.932376 0.249718 -0.261372 0.221052 0.375437 1 0 1.000000
  0 -0.767492 1.725941 -0.309955 0.865066 0.277175 -0.418132 0.467169 0.336399 1 0 1.000000
  0 -0.783631 1.642419 0.627770 0.865066 0.277175 -0.418132 0.221052 0.336399 1 0 1.000000
c_spy_watch
  0 -0.662745 1.718691 0.636644 0.932376 0.249718 -0.261372 0.221052 0.375437 1 0 1.000000
  0 -0.646608 1.802223 -0.301080 0.932376 0.249718 -0.261372 0.467229 0.375437 1 0 1.000000
  0 -0.767492 1.725941 -0.309955 0.865066 0.277175 -0.418132 0.467169 0.336399 1 0 1.000000
c_spy_watch
  0 -0.662745 1.718691 0.636644 0.932376 0.249718 -0.261372 0.221052 0.375437 1 0 1.000000
  0 -0.508344 1.839127 -0.295413 0.967951 0.222151 -0.117135 0.467168 0.414716 1 0 1.000000
  0 -0.646608 1.802223 -0.301080 0.932376 0.249718 -0.261372 0.467229 0.375437 1 0 1.000000
c_spy_watch
  0 -0.662745 1.718691 0.636644 0.932376 0.249718 -0.261372 0.221052 0.375437 1 0 1.000000
  0 -0.524483 1.755605 0.642312 0.967951 0.222151 -0.117135 0.221052 0.414716 1 0 1.000000
  0 -0.508344 1.839127 -0.295413 0.967951 0.222151 -0.117135 0.467168 0.414716 1 0 1.000000
c_spy_watch
  0 1.261215 -1.055854 0.524850 -0.784049 0.132685 0.606351 0.902035 0.101017 1 0 1.000000
  0 1.261614 -1.073169 0.491263 -0.784049 0.132685 0.606351 0.892418 0.104835 1 0 1.000000
  0 1.287141 -1.046122 0.499594 -0.784049 0.132685 0.606351 0.893614 0.095649 1 0 1.000000
c_spy_watch
  0 0.626261 -1.634609 -0.577214 -0.967594 -0.221593 0.121069 0.467229 0.375437 1 0 1.000000
  0 0.509302 -1.733729 0.362770 -0.983358 -0.180169 -0.023381 0.221052 0.414716 1 0 1.000000
  0 0.484335 -1.653683 -0.575063 -0.983358 -0.180169 -0.023381 0.467168 0.414716 1 0 1.000000
c_spy_watch
  0 0.626261 -1.634609 -0.577214 -0.967594 -0.221593 0.121069 0.467229 0.375437 1 0 1.000000
  0 0.651226 -1.714655 0.360621 -0.967594 -0.221593 0.121069 0.221052 0.375437 1 0 1.000000
  0 0.509302 -1.733729 0.362770 -0.983358 -0.180169 -0.023381 0.221052 0.414716 1 0 1.000000
c_spy_watch
  0 0.756137 -1.574277 -0.575522 -0.923249 -0.267166 0.276103 0.467169 0.336399 1 0 1.000000
  0 0.651226 -1.714655 0.360621 -0.967594 -0.221593 0.121069 0.221052 0.375437 1 0 1.000000
  0 0.626261 -1.634609 -0.577214 -0.967594 -0.221593 0.121069 0.467229 0.375437 1 0 1.000000
c_spy_watch
  0 0.756137 -1.574277 -0.575522 -0.923249 -0.267166 0.276103 0.467169 0.336399 1 0 1.000000
  0 0.781105 -1.654323 0.362314 -0.923249 -0.267166 0.276103 0.221052 0.336399 1 0 1.000000
  0 0.651226 -1.714655 0.360621 -0.967594 -0.221593 0.121069 0.221052 0.375437 1 0 1.000000
c_spy_watch
  0 1.024608 -0.801695 -0.633970 -0.096815 -0.531336 -0.841611 0.579321 0.106446 1 0 1.000000
  0 0.993761 -0.617866 -0.656336 -0.061648 -0.508121 -0.859076 0.545995 0.058267 1 0 1.000000
  0 1.021199 -0.612144 -0.685833 -0.061648 -0.508121 -0.859076 0.554047 0.052284 1 0 1.000000
c_spy_watch
  0 1.024608 -0.801695 -0.633970 -0.096815 -0.531336 -0.841611 0.579321 0.106446 1 0 1.000000
  0 0.998071 -0.806987 -0.607878 -0.096815 -0.531336 -0.841611 0.571557 0.112057 1 0 1.000000
  0 0.993761 -0.617866 -0.656336 -0.061648 -0.508121 -0.859076 0.545995 0.058267 1 0 1.000000
c_spy_watch
  0 1.051623 -0.967456 -0.589127 -0.162595 -0.520851 -0.838020 0.617312 0.154392 1 0 1.000000
  0 0.998071 -0.806987 -0.607878 -0.096815 -0.531336 -0.841611 0.571557 0.112057 1 0 1.000000
  0 1.024608 -0.801695 -0.633970 -0.096815 -0.531336 -0.841611 0.579321 0.106446 1 0 1.000000
c_spy_watch
  0 1.051623 -0.967456 -0.589127 -0.162595 -0.520851 -0.838020 0.617312 0.154392 1 0 1.000000
  0 1.024776 -0.968208 -0.562983 -0.162595 -0.520851 -0.838020 0.617043 0.163998 1 0 1.000000
  0 0.998071 -0.806987 -0.607878 -0.096815 -0.531336 -0.841611 0.571557 0.112057 1 0 1.000000
c_spy_watch
  0 -0.434923 1.542532 0.645605 -0.191243 0.954321 0.229561 0.537022 0.414716 1 0 1.000000
  0 -0.519136 1.733350 0.661155 -0.191243 0.954321 0.229561 0.476090 0.414716 1 0 1.000000
  0 -0.654754 1.697951 0.655666 -0.191243 0.954321 0.229561 0.476090 0.375500 1 0 1.000000
c_spy_watch
  0 -0.434923 1.542532 0.645605 -0.191243 0.954321 0.229561 0.537022 0.414716 1 0 1.000000
  0 -0.654754 1.697951 0.655666 -0.191243 0.954321 0.229561 0.476090 0.375500 1 0 1.000000
  0 -0.552806 1.466951 0.636846 -0.191243 0.954321 0.229561 0.542124 0.375532 1 0 1.000000
c_spy_watch
  0 -0.654754 1.697951 0.655666 -0.191243 0.954321 0.229561 0.476090 0.375500 1 0 1.000000
  0 -0.688518 1.431783 0.631377 -0.191243 0.954321 0.229561 0.537022 0.336606 1 0 1.000000
  0 -0.552806 1.466951 0.636846 -0.191243 0.954321 0.229561 0.542124 0.375532 1 0 1.000000
c_spy_watch
  0 -0.654754 1.697951 0.655666 -0.191243 0.954321 0.229561 0.476090 0.375500 1 0 1.000000
  0 -0.772730 1.622591 0.646925 -0.191243 0.954321 0.229561 0.476090 0.335824 1 0 1.000000
  0 -0.688518 1.431783 0.631377 -0.191243 0.954321 0.229561 0.537022 0.336606 1 0 1.000000
c_spy_watch
  0 -0.302448 -1.700751 0.379823 -0.881880 0.363778 0.299920 0.221052 0.336399 1 0 1.000000
  0 -0.274270 -1.691687 0.379259 -0.881880 0.363778 0.299920 0.218935 0.327089 1 0 1.000000
  0 -0.291723 -1.683384 0.401317 -0.881880 0.363778 0.299920 0.213269 0.335271 1 0 1.000000
c_spy_watch
  0 -0.989160 1.578492 0.631808 -0.191243 0.954321 0.229561 0.476090 0.375500 1 0 1.000000
  0 -0.758653 1.439052 0.629508 -0.191243 0.954321 0.229561 0.537022 0.414716 1 0 1.000000
  0 -0.856543 1.623646 0.638694 -0.191243 0.954321 0.229561 0.476090 0.414716 1 0 1.000000
c_spy_watch
  0 -0.989160 1.578492 0.631808 -0.191243 0.954321 0.229561 0.476090 0.375500 1 0 1.000000
  0 -0.870656 1.355013 0.620684 -0.191243 0.954321 0.229561 0.542124 0.375532 1 0 1.000000
  0 -0.758653 1.439052 0.629508 -0.191243 0.954321 0.229561 0.537022 0.414716 1 0 1.000000
c_spy_watch
  0 -0.989160 1.578492 0.631808 -0.191243 0.954321 0.229561 0.476090 0.375500 1 0 1.000000
  0 -1.003386 1.310068 0.613807 -0.191243 0.954321 0.229561 0.537022 0.336606 1 0 1.000000
  0 -0.870656 1.355013 0.620684 -0.191243 0.954321 0.229561 0.542124 0.375532 1 0 1.000000
c_spy_watch
  0 -0.989160 1.578492 0.631808 -0.191243 0.954321 0.229561 0.476090 0.375500 1 0 1.000000
  0 -1.101265 1.494663 0.622995 -0.191243 0.954321 0.229561 0.476090 0.335824 1 0 1.000000
  0 -1.003386 1.310068 0.613807 -0.191243 0.954321 0.229561 0.537022 0.336606 1 0 1.000000
c_spy_watch
  0 1.280998 -1.140003 0.457140 -0.492069 0.414006 0.765811 0.220258 0.299669 1 0 1.000000
  0 1.260336 -1.137812 0.479655 -0.492069 0.414006 0.765811 0.212087 0.299999 1 0 1.000000
  0 1.224669 -1.267203 0.443358 -0.565974 0.406187 0.717416 0.218058 0.262356 1 0 1.000000
c_spy_watch
  0 1.280998 -1.140003 0.457140 -0.492069 0.414006 0.765811 0.220258 0.299669 1 0 1.000000
  0 1.224669 -1.267203 0.443358 -0.565974 0.406187 0.717416 0.218058 0.262356 1 0 1.000000
  0 1.243637 -1.272924 0.420385 -0.565974 0.406187 0.717416 0.226551 0.262834 1 0 1.000000
c_spy_watch
  0 1.155044 -1.386724 0.408740 -0.635426 0.395174 0.663378 0.225202 0.224095 1 0 1.000000
  0 1.243637 -1.272924 0.420385 -0.565974 0.406187 0.717416 0.226551 0.262834 1 0 1.000000
  0 1.224669 -1.267203 0.443358 -0.565974 0.406187 0.717416 0.218058 0.262356 1 0 1.000000
c_spy_watch
  0 1.155044 -1.386724 0.408740 -0.635426 0.395174 0.663378 0.225202 0.224095 1 0 1.000000
  0 1.173684 -1.392781 0.385879 -0.635426 0.395174 0.663378 0.233050 0.225985 1 0 1.000000
  0 1.243637 -1.272924 0.420385 -0.565974 0.406187 0.717416 0.226551 0.262834 1 0 1.000000
c_spy_watch
  0 0.688407 -1.353277 -0.575586 0.202112 -0.949081 -0.241653 0.537022 0.336606 1 0 1.000000
  0 0.746795 -1.553245 -0.594207 0.202112 -0.949081 -0.241653 0.476090 0.335824 1 0 1.000000
  0 0.619928 -1.613045 -0.595935 0.202112 -0.949081 -0.241653 0.476090 0.375500 1 0 1.000000
c_spy_watch
  0 0.688407 -1.353277 -0.575586 0.202112 -0.949081 -0.241653 0.537022 0.336606 1 0 1.000000
  0 0.619928 -1.613045 -0.595935 0.202112 -0.949081 -0.241653 0.476090 0.375500 1 0 1.000000
  0 0.549243 -1.370953 -0.573389 0.202112 -0.949081 -0.241653 0.542124 0.375532 1 0 1.000000
c_spy_watch
  0 0.619928 -1.613045 -0.595935 0.202112 -0.949081 -0.241653 0.476090 0.375500 1 0 1.000000
  0 0.422441 -1.430975 -0.575138 0.202112 -0.949081 -0.241653 0.537022 0.414716 1 0 1.000000
  0 0.549243 -1.370953 -0.573389 0.202112 -0.949081 -0.241653 0.542124 0.375532 1 0 1.000000
c_spy_watch
  0 0.619928 -1.613045 -0.595935 0.202112 -0.949081 -0.241653 0.476090 0.375500 1 0 1.000000
  0 0.480827 -1.630944 -0.593759 0.202112 -0.949081 -0.241653 0.476090 0.414716 1 0 1.000000
  0 0.422441 -1.430975 -0.575138 0.202112 -0.949081 -0.241653 0.537022 0.414716 1 0 1.000000
c_spy_watch
  0 -0.342676 -1.633982 -0.558521 -0.671605 -0.739855 -0.039523 0.467169 0.336399 1 0 1.000000
  0 -0.333713 -1.613676 -0.578178 -0.671605 -0.739855 -0.039523 0.476090 0.335824 1 0 1.000000
  0 -0.314489 -1.624907 -0.559083 -0.671605 -0.739855 -0.039523 0.471029 0.327089 1 0 1.000000
c_spy_watch
  0 1.281789 -0.894610 0.575335 0.007397 -0.245259 0.969429 0.907841 0.058775 1 0 1.000000
  0 1.253116 -0.591618 -0.652919 0.082738 -0.229317 0.969829 0.614285 0.015834 1 0 1.000000
  0 1.248967 -0.721492 0.659522 0.082738 -0.229317 0.969829 0.923502 0.015835 1 0 1.000000
c_spy_watch
  0 1.281789 -0.894610 0.575335 0.007397 -0.245259 0.969429 0.907841 0.058775 1 0 1.000000
  0 1.285519 -0.777897 -0.604091 0.007397 -0.245259 0.969429 0.629946 0.058775 1 0 1.000000
  0 1.253116 -0.591618 -0.652919 0.082738 -0.229317 0.969829 0.614285 0.015834 1 0 1.000000
c_spy_watch
  0 1.290487 -0.941316 -0.559482 -0.060199 -0.258318 0.964182 0.644172 0.095650 1 0 1.000000
  0 1.285519 -0.777897 -0.604091 0.007397 -0.245259 0.969429 0.629946 0.058775 1 0 1.000000
  0 1.281789 -0.894610 0.575335 0.007397 -0.245259 0.969429 0.907841 0.058775 1 0 1.000000
c_spy_watch
  0 1.290487 -0.941316 -0.559482 -0.060199 -0.258318 0.964182 0.644172 0.095650 1 0 1.000000
  0 1.281789 -0.894610 0.575335 0.007397 -0.245259 0.969429 0.907841 0.058775 1 0 1.000000
  0 1.287141 -1.046122 0.499594 -0.060199 -0.258318 0.964182 0.893614 0.095649 1 0 1.000000
c_spy_watch
  0 0.998071 -0.806987 -0.607878 -0.007397 0.245259 -0.969429 0.617447 0.198562 1 0 1.000000
  0 0.989611 -0.747741 0.656104 0.096758 0.240638 -0.965780 0.911660 0.238301 1 0 1.000000
  0 0.993761 -0.617866 -0.656336 0.096758 0.240638 -0.965780 0.617447 0.238301 1 0 1.000000
c_spy_watch
  0 0.998071 -0.806987 -0.607878 -0.007397 0.245259 -0.969429 0.617447 0.198562 1 0 1.000000
  0 0.994341 -0.923701 0.571547 -0.007397 0.245259 -0.969429 0.911660 0.198562 1 0 1.000000
  0 0.989611 -0.747741 0.656104 0.096758 0.240638 -0.965780 0.911660 0.238301 1 0 1.000000
c_spy_watch
  0 0.994341 -0.923701 0.571547 -0.007397 0.245259 -0.969429 0.911660 0.198562 1 0 1.000000
  0 0.998071 -0.806987 -0.607878 -0.007397 0.245259 -0.969429 0.617447 0.198562 1 0 1.000000
  0 1.024776 -0.968208 -0.562983 -0.082738 0.229317 -0.969829 0.617043 0.163998 1 0 1.000000
c_spy_watch
  0 0.994341 -0.923701 0.571547 -0.007397 0.245259 -0.969429 0.911660 0.198562 1 0 1.000000
  0 1.024776 -0.968208 -0.562983 -0.082738 0.229317 -0.969829 0.617043 0.163998 1 0 1.000000
  0 1.021428 -1.073014 0.496093 -0.082738 0.229317 -0.969829 0.911684 0.163479 1 0 1.000000
c_spy_watch
  0 0.436503 -1.515819 0.371629 0.387878 0.450659 0.804025 0.537487 0.327089 1 0 1.000000
  0 0.416280 -1.494324 0.374027 0.387878 0.450659 0.804025 0.544877 0.335051 1 0 1.000000
  0 0.416578 -1.517003 0.393118 0.387878 0.450659 0.804025 0.537022 0.336606 1 0 1.000000
c_spy_watch
  0 0.484335 -1.653683 -0.575063 -0.474902 -0.512459 -0.715440 0.467168 0.414716 1 0 1.000000
  0 0.460786 -1.635849 -0.572915 -0.474902 -0.512459 -0.715440 0.472099 0.423580 1 0 1.000000
  0 0.480827 -1.630944 -0.593759 -0.474902 -0.512459 -0.715440 0.476090 0.414716 1 0 1.000000
c_spy_watch
  0 0.374586 -1.447296 -0.586377 0.598154 -0.652974 0.464582 0.537022 0.336606 1 0 1.000000
  0 0.376051 -1.427545 -0.564316 0.598154 -0.652974 0.464582 0.544877 0.335051 1 0 1.000000
  0 0.396276 -1.449049 -0.566714 0.598154 -0.652974 0.464582 0.537487 0.327089 1 0 1.000000
c_spy_watch
  0 1.253899 -0.008835 0.673759 -0.953504 -0.293823 -0.067060 0.985285 0.995444 1 0 1.000000
  0 1.234445 -0.010857 0.674039 -0.953504 -0.293823 -0.067060 0.977322 0.995444 1 0 1.000000
  0 1.238245 0.108037 -0.527429 -0.994878 -0.099540 -0.017593 0.977322 0.503471 1 0 1.000000
c_spy_watch
  0 1.253899 -0.008835 0.673759 -0.953504 -0.293823 -0.067060 0.985285 0.995444 1 0 1.000000
  0 1.238245 0.108037 -0.527429 -0.994878 -0.099540 -0.017593 0.977322 0.503471 1 0 1.000000
  0 1.257695 0.110006 -0.527172 -0.994878 -0.099540 -0.017593 0.985285 0.503471 1 0 1.000000
c_spy_watch
  0 1.238245 0.108037 -0.527429 -0.994878 -0.099540 -0.017593 0.977322 0.503471 1 0 1.000000
  0 1.258614 0.105499 -0.562337 -0.932483 0.348426 0.095264 0.985285 0.488522 1 0 1.000000
  0 1.257695 0.110006 -0.527172 -0.994878 -0.099540 -0.017593 0.985285 0.503471 1 0 1.000000
c_spy_watch
  0 1.238245 0.108037 -0.527429 -0.994878 -0.099540 -0.017593 0.977322 0.503471 1 0 1.000000
  0 1.239162 0.103531 -0.562593 -0.932483 0.348426 0.095264 0.977322 0.488522 1 0 1.000000
  0 1.258614 0.105499 -0.562337 -0.932483 0.348426 0.095264 0.985285 0.488522 1 0 1.000000
c_spy_watch
  0 1.241980 0.078696 -0.585526 -0.556133 0.804690 0.207824 0.977322 0.476988 1 0 1.000000
  0 1.258614 0.105499 -0.562337 -0.932483 0.348426 0.095264 0.985285 0.488522 1 0 1.000000
  0 1.239162 0.103531 -0.562593 -0.932483 0.348426 0.095264 0.977322 0.488522 1 0 1.000000
c_spy_watch
  0 1.241980 0.078696 -0.585526 -0.556133 0.804690 0.207824 0.977322 0.476988 1 0 1.000000
  0 1.261428 0.080664 -0.585271 -0.556133 0.804690 0.207824 0.985285 0.476988 1 0 1.000000
  0 1.258614 0.105499 -0.562337 -0.932483 0.348426 0.095264 0.985285 0.488522 1 0 1.000000
c_spy_watch
  0 1.245707 0.042939 -0.593776 -0.243596 0.939809 0.239624 0.977322 0.461691 1 0 1.000000
  0 1.261428 0.080664 -0.585271 -0.556133 0.804690 0.207824 0.985285 0.476988 1 0 1.000000
  0 1.241980 0.078696 -0.585526 -0.556133 0.804690 0.207824 0.977322 0.476988 1 0 1.000000
c_spy_watch
  0 1.245707 0.042939 -0.593776 -0.243596 0.939809 0.239624 0.977322 0.461691 1 0 1.000000
  0 1.265158 0.044907 -0.593520 -0.243596 0.939809 0.239624 0.985285 0.461691 1 0 1.000000
  0 1.261428 0.080664 -0.585271 -0.556133 0.804690 0.207824 0.985285 0.476988 1 0 1.000000
c_spy_watch
  0 1.245707 0.042939 -0.593776 -0.243596 0.939809 0.239624 0.977322 0.461691 1 0 1.000000
  0 1.289409 -0.193005 -0.606726 -0.106718 0.963726 0.244630 0.985285 0.363965 1 0 1.000000
  0 1.265158 0.044907 -0.593520 -0.243596 0.939809 0.239624 0.985285 0.461691 1 0 1.000000
c_spy_watch
  0 1.245707 0.042939 -0.593776 -0.243596 0.939809 0.239624 0.977322 0.461691 1 0 1.000000
  0 1.269958 -0.194975 -0.606983 -0.106718 0.963726 0.244630 0.977322 0.363965 1 0 1.000000
  0 1.289409 -0.193005 -0.606726 -0.106718 0.963726 0.244630 0.985285 0.363965 1 0 1.000000
c_spy_watch
  0 1.313751 -0.434779 -0.597160 0.131556 0.961268 0.242190 0.985285 0.265847 1 0 1.000000
  0 1.289409 -0.193005 -0.606726 -0.106718 0.963726 0.244630 0.985285 0.363965 1 0 1.000000
  0 1.269958 -0.194975 -0.606983 -0.106718 0.963726 0.244630 0.977322 0.363965 1 0 1.000000
c_spy_watch
  0 1.313751 -0.434779 -0.597160 0.131556 0.961268 0.242190 0.985285 0.265847 1 0 1.000000
  0 1.269958 -0.194975 -0.606983 -0.106718 0.963726 0.244630 0.977322 0.363965 1 0 1.000000
  0 1.294302 -0.436747 -0.597416 0.131556 0.961268 0.242190 0.977322 0.265847 1 0 1.000000
c_spy_watch
  0 1.299619 -0.492637 -0.571726 0.557281 0.805963 0.199652 0.977322 0.243269 1 0 1.000000
  0 1.313751 -0.434779 -0.597160 0.131556 0.961268 0.242190 0.985285 0.265847 1 0 1.000000
  0 1.294302 -0.436747 -0.597416 0.131556 0.961268 0.242190 0.977322 0.265847 1 0 1.000000
c_spy_watch
  0 1.299619 -0.492637 -0.571726 0.557281 0.805963 0.199652 0.977322 0.243269 1 0 1.000000
  0 1.319069 -0.490669 -0.571469 0.557281 0.805963 0.199652 0.985285 0.243269 1 0 1.000000
  0 1.313751 -0.434779 -0.597160 0.131556 0.961268 0.242190 0.985285 0.265847 1 0 1.000000
c_spy_watch
  0 1.302554 -0.528437 -0.519511 0.860004 0.496223 0.118979 0.977322 0.219912 1 0 1.000000
  0 1.319069 -0.490669 -0.571469 0.557281 0.805963 0.199652 0.985285 0.243269 1 0 1.000000
  0 1.299619 -0.492637 -0.571726 0.557281 0.805963 0.199652 0.977322 0.243269 1 0 1.000000
c_spy_watch
  0 1.302554 -0.528437 -0.519511 0.860004 0.496223 0.118979 0.977322 0.219912 1 0 1.000000
  0 1.322004 -0.526469 -0.519254 0.860004 0.496223 0.118979 0.985285 0.219912 1 0 1.000000
  0 1.319069 -0.490669 -0.571469 0.557281 0.805963 0.199652 0.985285 0.243269 1 0 1.000000
c_spy_watch
  0 1.322004 -0.526469 -0.519254 0.860004 0.496223 0.118979 0.985285 0.219912 1 0 1.000000
  0 1.302554 -0.528437 -0.519511 0.860004 0.496223 0.118979 0.977322 0.219912 1 0 1.000000
  0 1.305461 -0.586892 -0.291003 0.953713 0.293262 0.066553 0.977322 0.125062 1 0 1.000000
c_spy_watch
  0 1.322004 -0.526469 -0.519254 0.860004 0.496223 0.118979 0.985285 0.219912 1 0 1.000000
  0 1.305461 -0.586892 -0.291003 0.953713 0.293262 0.066553 0.977322 0.125062 1 0 1.000000
  0 1.324909 -0.584923 -0.290747 0.953713 0.293262 0.066553 0.985285 0.125062 1 0 1.000000
c_spy_watch
  0 1.324909 -0.584923 -0.290747 0.953713 0.293262 0.066553 0.985285 0.125062 1 0 1.000000
  0 1.305461 -0.586892 -0.291003 0.953713 0.293262 0.066553 0.977322 0.125062 1 0 1.000000
  0 1.306075 -0.631617 0.005944 0.979334 0.197720 0.042550 0.977322 0.002731 1 0 1.000000
c_spy_watch
  0 1.324909 -0.584923 -0.290747 0.953713 0.293262 0.066553 0.985285 0.125062 1 0 1.000000
  0 1.306075 -0.631617 0.005944 0.979334 0.197720 0.042550 0.977322 0.002731 1 0 1.000000
  0 1.325521 -0.629701 0.006736 0.979334 0.197720 0.042550 0.985285 0.002731 1 0 1.000000
c_spy_watch
  0 1.325521 -0.629701 0.006736 0.979334 0.197720 0.042550 0.985285 0.002731 1 0 1.000000
  0 1.306075 -0.631617 0.005944 0.979334 0.197720 0.042550 0.977322 0.002731 1 0 1.000000
  0 1.303571 -0.646010 0.306422 0.994809 0.100131 0.018106 0.977322 0.125062 1 0 1.000000
c_spy_watch
  0 1.325521 -0.629701 0.006736 0.979334 0.197720 0.042550 0.985285 0.002731 1 0 1.000000
  0 1.303571 -0.646010 0.306422 0.994809 0.100131 0.018106 0.977322 0.125062 1 0 1.000000
  0 1.323021 -0.644042 0.306678 0.994809 0.100131 0.018106 0.985285 0.125062 1 0 1.000000
c_spy_watch
  0 1.318649 -0.631507 0.542188 0.991736 -0.122371 -0.038526 0.985285 0.219912 1 0 1.000000
  0 1.323021 -0.644042 0.306678 0.994809 0.100131 0.018106 0.985285 0.125062 1 0 1.000000
  0 1.303571 -0.646010 0.306422 0.994809 0.100131 0.018106 0.977322 0.125062 1 0 1.000000
c_spy_watch
  0 1.318649 -0.631507 0.542188 0.991736 -0.122371 -0.038526 0.985285 0.219912 1 0 1.000000
  0 1.303571 -0.646010 0.306422 0.994809 0.100131 0.018106 0.977322 0.125062 1 0 1.000000
  0 1.299198 -0.633474 0.541933 0.991736 -0.122371 -0.038526 0.977322 0.219912 1 0 1.000000
c_spy_watch
  0 1.315364 -0.606632 0.600387 0.840454 -0.523771 -0.138923 0.985285 0.243269 1 0 1.000000
  0 1.318649 -0.631507 0.542188 0.991736 -0.122371 -0.038526 0.985285 0.219912 1 0 1.000000
  0 1.299198 -0.633474 0.541933 0.991736 -0.122371 -0.038526 0.977322 0.219912 1 0 1.000000
c_spy_watch
  0 1.315364 -0.606632 0.600387 0.840454 -0.523771 -0.138923 0.985285 0.243269 1 0 1.000000
  0 1.299198 -0.633474 0.541933 0.991736 -0.122371 -0.038526 0.977322 0.219912 1 0 1.000000
  0 1.295916 -0.608600 0.600131 0.840454 -0.523771 -0.138923 0.977322 0.243269 1 0 1.000000
c_spy_watch
  0 1.315364 -0.606632 0.600387 0.840454 -0.523771 -0.138923 0.985285 0.243269 1 0 1.000000
  0 1.295916 -0.608600 0.600131 0.840454 -0.523771 -0.138923 0.977322 0.243269 1 0 1.000000
  0 1.290401 -0.558827 0.636244 0.513247 -0.831087 -0.214175 0.977322 0.265847 1 0 1.000000
c_spy_watch
  0 1.315364 -0.606632 0.600387 0.840454 -0.523771 -0.138923 0.985285 0.243269 1 0 1.000000
  0 1.290401 -0.558827 0.636244 0.513247 -0.831087 -0.214175 0.977322 0.265847 1 0 1.000000
  0 1.309852 -0.556858 0.636500 0.513247 -0.831087 -0.214175 0.985285 0.265847 1 0 1.000000
c_spy_watch
  0 1.309852 -0.556858 0.636500 0.513247 -0.831087 -0.214175 0.985285 0.265847 1 0 1.000000
  0 1.290401 -0.558827 0.636244 0.513247 -0.831087 -0.214175 0.977322 0.265847 1 0 1.000000
  0 1.265850 -0.323602 0.692859 0.289223 -0.927496 -0.236856 0.977322 0.363965 1 0 1.000000
c_spy_watch
  0 1.309852 -0.556858 0.636500 0.513247 -0.831087 -0.214175 0.985285 0.265847 1 0 1.000000
  0 1.265850 -0.323602 0.692859 0.289223 -0.927496 -0.236856 0.977322 0.363965 1 0 1.000000
  0 1.285299 -0.321634 0.693115 0.289223 -0.927496 -0.236856 0.985285 0.363965 1 0 1.000000
c_spy_watch
  0 1.241533 -0.087702 0.726386 0.160261 -0.956634 -0.243245 0.977322 0.461691 1 0 1.000000
  0 1.285299 -0.321634 0.693115 0.289223 -0.927496 -0.236856 0.985285 0.363965 1 0 1.000000
  0 1.265850 -0.323602 0.692859 0.289223 -0.927496 -0.236856 0.977322 0.363965 1 0 1.000000
c_spy_watch
  0 1.241533 -0.087702 0.726386 0.160261 -0.956634 -0.243245 0.977322 0.461691 1 0 1.000000
  0 1.260984 -0.085732 0.726641 0.160261 -0.956634 -0.243245 0.985285 0.461691 1 0 1.000000
  0 1.285299 -0.321634 0.693115 0.289223 -0.927496 -0.236856 0.985285 0.363965 1 0 1.000000
c_spy_watch
  0 1.260984 -0.085732 0.726641 0.160261 -0.956634 -0.243245 0.985285 0.461691 1 0 1.000000
  0 1.241533 -0.087702 0.726386 0.160261 -0.956634 -0.243245 0.977322 0.461691 1 0 1.000000
  0 1.237836 -0.051018 0.725282 -0.181686 -0.953649 -0.239881 0.977322 0.476988 1 0 1.000000
c_spy_watch
  0 1.260984 -0.085732 0.726641 0.160261 -0.956634 -0.243245 0.985285 0.461691 1 0 1.000000
  0 1.237836 -0.051018 0.725282 -0.181686 -0.953649 -0.239881 0.977322 0.476988 1 0 1.000000
  0 1.257285 -0.049050 0.725537 -0.181686 -0.953649 -0.239881 0.985285 0.476988 1 0 1.000000
c_spy_watch
  0 1.237836 -0.051018 0.725282 -0.181686 -0.953649 -0.239881 0.977322 0.476988 1 0 1.000000
  0 1.254598 -0.020200 0.707899 -0.711378 -0.682222 -0.168864 0.985285 0.488522 1 0 1.000000
  0 1.257285 -0.049050 0.725537 -0.181686 -0.953649 -0.239881 0.985285 0.476988 1 0 1.000000
c_spy_watch
  0 1.237836 -0.051018 0.725282 -0.181686 -0.953649 -0.239881 0.977322 0.476988 1 0 1.000000
  0 1.235146 -0.022168 0.707642 -0.711378 -0.682222 -0.168864 0.977322 0.488522 1 0 1.000000
  0 1.254598 -0.020200 0.707899 -0.711378 -0.682222 -0.168864 0.985285 0.488522 1 0 1.000000
c_spy_watch
  0 1.254598 -0.020200 0.707899 -0.711378 -0.682222 -0.168864 0.985285 0.488522 1 0 1.000000
  0 1.235146 -0.022168 0.707642 -0.711378 -0.682222 -0.168864 0.977322 0.488522 1 0 1.000000
  0 1.234445 -0.010857 0.674039 -0.953504 -0.293823 -0.067060 0.977322 0.503471 1 0 1.000000
c_spy_watch
  0 1.254598 -0.020200 0.707899 -0.711378 -0.682222 -0.168864 0.985285 0.488522 1 0 1.000000
  0 1.234445 -0.010857 0.674039 -0.953504 -0.293823 -0.067060 0.977322 0.503471 1 0 1.000000
  0 1.253899 -0.008835 0.673759 -0.953504 -0.293823 -0.067060 0.985285 0.503471 1 0 1.000000
c_spy_watch
  0 0.506889 -1.714503 0.385206 -0.699756 0.594362 -0.396327 0.213268 0.415602 1 0 1.000000
  0 0.485753 -1.715906 0.364920 -0.699756 0.594362 -0.396327 0.221052 0.423580 1 0 1.000000
  0 0.509302 -1.733729 0.362770 -0.699756 0.594362 -0.396327 0.221052 0.414716 1 0 1.000000
c_spy_watch
  0 0.975837 1.289106 -0.316604 0.576618 -0.713788 0.397515 0.226551 0.262834 1 0 1.000000
  0 0.866336 1.383045 -0.305566 0.651336 -0.685823 0.324667 0.225202 0.224095 1 0 1.000000
  0 0.883865 1.393461 -0.283411 0.651336 -0.685823 0.324667 0.233050 0.225985 1 0 1.000000
c_spy_watch
  0 0.975837 1.289106 -0.316604 0.576618 -0.713788 0.397515 0.226551 0.262834 1 0 1.000000
  0 0.957916 1.278940 -0.338869 0.576618 -0.713788 0.397515 0.218058 0.262356 1 0 1.000000
  0 0.866336 1.383045 -0.305566 0.651336 -0.685823 0.324667 0.225202 0.224095 1 0 1.000000
c_spy_watch
  0 1.038491 1.165324 -0.350770 0.487310 -0.762923 0.424826 0.220258 0.299669 1 0 1.000000
  0 0.957916 1.278940 -0.338869 0.576618 -0.713788 0.397515 0.218058 0.262356 1 0 1.000000
  0 0.975837 1.289106 -0.316604 0.576618 -0.713788 0.397515 0.226551 0.262834 1 0 1.000000
c_spy_watch
  0 1.038491 1.165324 -0.350770 0.487310 -0.762923 0.424826 0.220258 0.299669 1 0 1.000000
  0 1.018208 1.158295 -0.372626 0.487310 -0.762923 0.424826 0.212087 0.299999 1 0 1.000000
  0 0.957916 1.278940 -0.338869 0.576618 -0.713788 0.397515 0.218058 0.262356 1 0 1.000000
c_spy_watch
  0 0.844169 0.798632 0.768209 0.101944 0.857660 -0.504010 0.579321 0.106446 1 0 1.000000
  0 0.850201 0.612291 0.790248 0.060112 0.870502 -0.488480 0.545995 0.058267 1 0 1.000000
  0 0.877450 0.612104 0.820466 0.060112 0.870502 -0.488480 0.554047 0.052284 1 0 1.000000
c_spy_watch
  0 0.844169 0.798632 0.768209 0.101944 0.857660 -0.504010 0.579321 0.106446 1 0 1.000000
  0 0.817799 0.798571 0.741420 0.101944 0.857660 -0.504010 0.571557 0.112057 1 0 1.000000
  0 0.850201 0.612291 0.790248 0.060112 0.870502 -0.488480 0.545995 0.058267 1 0 1.000000
c_spy_watch
  0 0.838590 0.966568 0.723647 0.152449 0.857278 -0.491766 0.617312 0.154392 1 0 1.000000
  0 0.817799 0.798571 0.741420 0.101944 0.857660 -0.504010 0.571557 0.112057 1 0 1.000000
  0 0.844169 0.798632 0.768209 0.101944 0.857660 -0.504010 0.579321 0.106446 1 0 1.000000
c_spy_watch
  0 0.838590 0.966568 0.723647 0.152449 0.857278 -0.491766 0.617312 0.154392 1 0 1.000000
  0 0.812829 0.961988 0.696812 0.152449 0.857278 -0.491766 0.617043 0.163998 1 0 1.000000
  0 0.817799 0.798571 0.741420 0.101944 0.857660 -0.504010 0.571557 0.112057 1 0 1.000000
c_spy_watch
  0 0.568971 -1.432947 0.386855 0.967951 0.222151 -0.117135 0.221052 0.528039 1 0 1.000000
  0 0.414192 -1.413457 -0.552692 0.932376 0.249718 -0.261372 0.472099 0.488428 1 0 1.000000
  0 0.439158 -1.493503 0.385143 0.932376 0.249718 -0.261372 0.221052 0.488428 1 0 1.000000
c_spy_watch
  0 0.568971 -1.432947 0.386855 0.967951 0.222151 -0.117135 0.221052 0.528039 1 0 1.000000
  0 0.544006 -1.352901 -0.550979 0.967951 0.222151 -0.117135 0.472099 0.528039 1 0 1.000000
  0 0.414192 -1.413457 -0.552692 0.932376 0.249718 -0.261372 0.472099 0.488428 1 0 1.000000
c_spy_watch
  0 0.568971 -1.432947 0.386855 0.967951 0.222151 -0.117135 0.221052 0.528039 1 0 1.000000
  0 0.685996 -1.334050 -0.553150 0.979334 0.197720 0.042550 0.472099 0.567651 1 0 1.000000
  0 0.544006 -1.352901 -0.550979 0.967951 0.222151 -0.117135 0.472099 0.528039 1 0 1.000000
c_spy_watch
  0 0.568971 -1.432947 0.386855 0.967951 0.222151 -0.117135 0.221052 0.528039 1 0 1.000000
  0 0.710963 -1.414097 0.384684 0.979334 0.197720 0.042550 0.221052 0.567651 1 0 1.000000
  0 0.685996 -1.334050 -0.553150 0.979334 0.197720 0.042550 0.472099 0.567651 1 0 1.000000
c_spy_watch
  0 0.672807 1.253251 -0.292956 0.437414 -0.238725 -0.866994 0.552723 0.222162 1 0 1.000000
  0 0.681537 1.282351 -0.288770 0.437414 -0.238725 -0.866994 0.545224 0.215724 1 0 1.000000
  0 0.690551 1.266256 -0.313517 0.437414 -0.238725 -0.866994 0.544879 0.224152 1 0 1.000000
c_spy_watch
  0 0.440745 -1.724150 0.377342 -0.558931 0.277187 0.781514 0.213269 0.335271 1 0 1.000000
  0 0.445313 -1.743173 0.355073 -0.558931 0.277187 0.781514 0.221052 0.336399 1 0 1.000000
  0 0.460033 -1.717507 0.356268 -0.558931 0.277187 0.781514 0.218935 0.327089 1 0 1.000000
c_spy_watch
  0 0.696559 1.190070 0.672858 0.246006 0.761017 -0.600278 0.544879 0.224152 1 0 1.000000
  0 0.687263 1.209762 0.650987 0.246006 0.761017 -0.600278 0.545224 0.215724 1 0 1.000000
  0 0.678555 1.180356 0.650758 0.246006 0.761017 -0.600278 0.552724 0.222162 1 0 1.000000
c_spy_watch
  0 0.419806 -1.650738 -0.582075 -0.348655 -0.826446 0.442071 0.471029 0.327089 1 0 1.000000
  0 0.405086 -1.676404 -0.583270 -0.348655 -0.826446 0.442071 0.467169 0.336399 1 0 1.000000
  0 0.398753 -1.654442 -0.602155 -0.348655 -0.826446 0.442071 0.476090 0.335824 1 0 1.000000
c_spy_watch
  0 0.859173 1.323966 0.658762 0.729979 0.612767 0.302732 0.485137 0.216000 1 0 1.000000
  0 0.872346 1.306849 0.680807 0.729979 0.612767 0.302732 0.490112 0.224193 1 0 1.000000
  0 0.889613 1.320566 0.660304 0.729979 0.612767 0.302732 0.481941 0.225985 1 0 1.000000
c_spy_watch
  0 0.123781 -1.687250 -0.592701 -0.387878 -0.450659 -0.804025 0.476090 0.414716 1 0 1.000000
  0 0.124078 -1.709919 -0.573607 -0.387878 -0.450659 -0.804025 0.467168 0.414716 1 0 1.000000
  0 0.103858 -1.688425 -0.571212 -0.387878 -0.450659 -0.804025 0.472099 0.423580 1 0 1.000000
c_spy_watch
  0 0.838391 0.990134 0.694104 0.609861 0.685272 -0.398085 0.627751 0.154066 1 0 1.000000
  0 0.812829 0.961988 0.696812 0.609861 0.685272 -0.398085 0.617043 0.163998 1 0 1.000000
  0 0.838590 0.966568 0.723647 0.609861 0.685272 -0.398085 0.617312 0.154392 1 0 1.000000
c_spy_watch
  0 0.165774 -1.756948 0.386796 -0.598154 0.652974 -0.464582 0.213268 0.415602 1 0 1.000000
  0 0.144081 -1.755195 0.367132 -0.598154 0.652974 -0.464582 0.221052 0.423580 1 0 1.000000
  0 0.164305 -1.776699 0.364734 -0.598154 0.652974 -0.464582 0.221052 0.414716 1 0 1.000000
c_spy_watch
  0 0.842103 1.076527 -0.387521 0.784049 -0.132685 -0.606351 0.919942 0.155494 1 0 1.000000
  0 0.816177 1.066792 -0.362264 0.784049 -0.132685 -0.606351 0.911684 0.163479 1 0 1.000000
  0 0.841703 1.093841 -0.353935 0.784049 -0.132685 -0.606351 0.909929 0.154066 1 0 1.000000
c_spy_watch
  0 -0.051589 -1.749748 0.391171 -0.801523 0.596913 0.035422 0.212842 0.375437 1 0 1.000000
  0 0.088088 -1.763736 0.363469 -0.818350 0.558631 0.135036 0.221052 0.336399 1 0 1.000000
  0 0.088449 -1.743996 0.385577 -0.818350 0.558631 0.135036 0.213269 0.335271 1 0 1.000000
c_spy_watch
  0 -0.051589 -1.749748 0.391171 -0.801523 0.596913 0.035422 0.212842 0.375437 1 0 1.000000
  0 -0.054922 -1.768819 0.369238 -0.801523 0.596913 0.035422 0.221052 0.375437 1 0 1.000000
  0 0.088088 -1.763736 0.363469 -0.818350 0.558631 0.135036 0.221052 0.336399 1 0 1.000000
c_spy_watch
  0 -0.051589 -1.749748 0.391171 -0.801523 0.596913 0.035422 0.212842 0.375437 1 0 1.000000
  0 -0.192823 -1.731134 0.377832 -0.775341 0.628229 -0.064606 0.221052 0.414716 1 0 1.000000
  0 -0.054922 -1.768819 0.369238 -0.801523 0.596913 0.035422 0.221052 0.375437 1 0 1.000000
c_spy_watch
  0 -0.051589 -1.749748 0.391171 -0.801523 0.596913 0.035422 0.212842 0.375437 1 0 1.000000
  0 -0.186436 -1.712083 0.399632 -0.775341 0.628229 -0.064606 0.213268 0.415602 1 0 1.000000
  0 -0.192823 -1.731134 0.377832 -0.775341 0.628229 -0.064606 0.221052 0.414716 1 0 1.000000
c_spy_watch
  0 0.883865 1.393461 -0.283411 0.921387 -0.386974 0.036017 0.233050 0.225985 1 0 1.000000
  0 0.866336 1.383045 -0.305566 0.921387 -0.386974 0.036017 0.225202 0.224095 1 0 1.000000
  0 0.853449 1.396555 -0.280995 0.921387 -0.386974 0.036017 0.233718 0.216686 1 0 1.000000
c_spy_watch
  0 -0.393976 -1.352799 0.429225 0.671605 0.739855 0.039523 0.537022 0.414716 1 0 1.000000
  0 -0.385012 -1.332504 0.409568 0.671605 0.739855 0.039523 0.544877 0.416013 1 0 1.000000
  0 -0.413199 -1.341578 0.410130 0.671605 0.739855 0.039523 0.537487 0.423570 1 0 1.000000
c_spy_watch
  0 -0.396149 1.594529 -0.311908 -0.372097 -0.501615 -0.780978 0.544877 0.335051 1 0 1.000000
  0 -0.416371 1.616096 -0.310335 -0.372097 -0.501615 -0.780978 0.537487 0.327089 1 0 1.000000
  0 -0.395192 1.617535 -0.330575 -0.372097 -0.501615 -0.780978 0.537022 0.336606 1 0 1.000000
c_spy_watch
  0 -0.453428 -1.274799 -0.528213 0.881880 -0.363778 -0.299920 0.537487 0.423570 1 0 1.000000
  0 -0.425241 -1.265724 -0.528776 0.881880 -0.363778 -0.299920 0.544877 0.416013 1 0 1.000000
  0 -0.435965 -1.283101 -0.550270 0.881880 -0.363778 -0.299920 0.537022 0.414716 1 0 1.000000
c_spy_watch
  0 0.856129 1.460210 -0.281791 0.039558 -0.755311 0.654171 0.221052 0.336399 1 0 1.000000
  0 0.856135 1.430743 -0.284740 0.039558 -0.755311 0.654171 0.218935 0.327089 1 0 1.000000
  0 0.841746 1.447255 -0.304246 0.039558 -0.755311 0.654171 0.213269 0.335271 1 0 1.000000
c_spy_watch
  0 -0.268779 -1.415359 0.419406 0.393202 0.629308 0.670346 0.542124 0.375532 1 0 1.000000
  0 -0.385012 -1.332504 0.409568 0.460796 0.662031 0.591086 0.544877 0.416013 1 0 1.000000
  0 -0.393976 -1.352799 0.429225 0.460796 0.662031 0.591086 0.537022 0.414716 1 0 1.000000
c_spy_watch
  0 -0.268779 -1.415359 0.419406 0.393202 0.629308 0.670346 0.542124 0.375532 1 0 1.000000
  0 -0.257546 -1.397094 0.399506 0.393202 0.629308 0.670346 0.550224 0.375532 1 0 1.000000
  0 -0.385012 -1.332504 0.409568 0.460796 0.662031 0.591086 0.544877 0.416013 1 0 1.000000
c_spy_watch
  0 -0.268779 -1.415359 0.419406 0.393202 0.629308 0.670346 0.542124 0.375532 1 0 1.000000
  0 -0.155580 -1.497059 0.388021 0.320921 0.589082 0.741614 0.544877 0.335051 1 0 1.000000
  0 -0.257546 -1.397094 0.399506 0.393202 0.629308 0.670346 0.550224 0.375532 1 0 1.000000
c_spy_watch
  0 -0.268779 -1.415359 0.419406 0.393202 0.629308 0.670346 0.542124 0.375532 1 0 1.000000
  0 -0.169469 -1.513828 0.408142 0.320921 0.589082 0.741614 0.537022 0.336606 1 0 1.000000
  0 -0.155580 -1.497059 0.388021 0.320921 0.589082 0.741614 0.544877 0.335051 1 0 1.000000
c_spy_watch
  0 0.830049 1.366435 0.654742 -0.196251 0.365613 0.909842 0.467169 0.336399 1 0 1.000000
  0 0.814523 1.349373 0.673359 -0.196251 0.365613 0.909842 0.476090 0.335824 1 0 1.000000
  0 0.830056 1.336968 0.651791 -0.196251 0.365613 0.909842 0.471029 0.327089 1 0 1.000000
c_spy_watch
  0 -0.257546 -1.397094 0.399506 0.745920 -0.061845 0.663158 0.221052 0.528039 1 0 1.000000
  0 -0.425241 -1.265724 -0.528776 0.834900 -0.010183 0.550307 0.472099 0.488428 1 0 1.000000
  0 -0.385012 -1.332504 0.409568 0.834900 -0.010183 0.550307 0.221052 0.488428 1 0 1.000000
c_spy_watch
  0 -0.257546 -1.397094 0.399506 0.745920 -0.061845 0.663158 0.221052 0.528039 1 0 1.000000
  0 -0.297774 -1.330325 -0.538838 0.745920 -0.061845 0.663158 0.472099 0.528039 1 0 1.000000
  0 -0.425241 -1.265724 -0.528776 0.834900 -0.010183 0.550307 0.472099 0.488428 1 0 1.000000
c_spy_watch
  0 -0.155580 -1.497059 0.388021 0.639544 -0.112067 0.760542 0.221052 0.567651 1 0 1.000000
  0 -0.297774 -1.330325 -0.538838 0.745920 -0.061845 0.663158 0.472099 0.528039 1 0 1.000000
  0 -0.257546 -1.397094 0.399506 0.745920 -0.061845 0.663158 0.221052 0.528039 1 0 1.000000
c_spy_watch
  0 -0.155580 -1.497059 0.388021 0.639544 -0.112067 0.760542 0.221052 0.567651 1 0 1.000000
  0 -0.195808 -1.430290 -0.550322 0.639544 -0.112067 0.760542 0.472099 0.567651 1 0 1.000000
  0 -0.297774 -1.330325 -0.538838 0.745920 -0.061845 0.663158 0.472099 0.528039 1 0 1.000000
c_spy_watch
  0 -0.835271 1.706508 -0.319953 0.807284 -0.511887 -0.293707 0.467168 0.414716 1 0 1.000000
  0 -0.827489 1.687853 -0.341645 0.807284 -0.511887 -0.293707 0.476090 0.414716 1 0 1.000000
  0 -0.960107 1.642700 -0.348533 0.757061 -0.522475 -0.392274 0.476090 0.375500 1 0 1.000000
c_spy_watch
  0 -0.835271 1.706508 -0.319953 0.807284 -0.511887 -0.293707 0.467168 0.414716 1 0 1.000000
  0 -0.960107 1.642700 -0.348533 0.757061 -0.522475 -0.392274 0.476090 0.375500 1 0 1.000000
  0 -0.970411 1.659641 -0.327028 0.757061 -0.522475 -0.392274 0.467229 0.375437 1 0 1.000000
c_spy_watch
  0 -0.960107 1.642700 -0.348533 0.757061 -0.522475 -0.392274 0.476090 0.375500 1 0 1.000000
  0 -1.085363 1.574687 -0.335998 0.712267 -0.503751 -0.488786 0.467169 0.336399 1 0 1.000000
  0 -0.970411 1.659641 -0.327028 0.757061 -0.522475 -0.392274 0.467229 0.375437 1 0 1.000000
c_spy_watch
  0 -0.960107 1.642700 -0.348533 0.757061 -0.522475 -0.392274 0.476090 0.375500 1 0 1.000000
  0 -1.072211 1.558861 -0.357346 0.712267 -0.503751 -0.488786 0.476090 0.335824 1 0 1.000000
  0 -1.085363 1.574687 -0.335998 0.712267 -0.503751 -0.488786 0.467169 0.336399 1 0 1.000000
c_spy_watch
  0 -0.637908 1.785146 -0.323182 0.788467 -0.507943 -0.346862 0.476090 0.375500 1 0 1.000000
  0 -0.508344 1.839127 -0.295413 0.816958 -0.522676 -0.243698 0.467168 0.414716 1 0 1.000000
  0 -0.502289 1.820534 -0.317697 0.816958 -0.522676 -0.243698 0.476090 0.414716 1 0 1.000000
c_spy_watch
  0 -0.637908 1.785146 -0.323182 0.788467 -0.507943 -0.346862 0.476090 0.375500 1 0 1.000000
  0 -0.646608 1.802223 -0.301080 0.788467 -0.507943 -0.346862 0.467229 0.375437 1 0 1.000000
  0 -0.508344 1.839127 -0.295413 0.816958 -0.522676 -0.243698 0.467168 0.414716 1 0 1.000000
c_spy_watch
  0 -0.637908 1.785146 -0.323182 0.788467 -0.507943 -0.346862 0.476090 0.375500 1 0 1.000000
  0 -0.767492 1.725941 -0.309955 0.750773 -0.487281 -0.445978 0.467169 0.336399 1 0 1.000000
  0 -0.646608 1.802223 -0.301080 0.788467 -0.507943 -0.346862 0.467229 0.375437 1 0 1.000000
c_spy_watch
  0 -0.637908 1.785146 -0.323182 0.788467 -0.507943 -0.346862 0.476090 0.375500 1 0 1.000000
  0 -0.755873 1.709776 -0.331926 0.750773 -0.487281 -0.445978 0.476090 0.335824 1 0 1.000000
  0 -0.767492 1.725941 -0.309955 0.750773 -0.487281 -0.445978 0.467169 0.336399 1 0 1.000000
c_spy_watch
  0 0.741531 1.052764 0.665091 -0.352140 0.790809 -0.500618 0.570431 0.261638 1 0 1.000000
  0 0.696559 1.190070 0.672858 -0.269419 0.812365 -0.517180 0.544879 0.224152 1 0 1.000000
  0 0.678555 1.180356 0.650758 -0.269419 0.812365 -0.517180 0.552724 0.222162 1 0 1.000000
c_spy_watch
  0 0.741531 1.052764 0.665091 -0.352140 0.790809 -0.500618 0.570431 0.261638 1 0 1.000000
  0 0.759452 1.062919 0.687356 -0.352140 0.790809 -0.500618 0.562164 0.262640 1 0 1.000000
  0 0.696559 1.190070 0.672858 -0.269419 0.812365 -0.517180 0.544879 0.224152 1 0 1.000000
c_spy_watch
  0 0.759452 1.062919 0.687356 -0.352140 0.790809 -0.500618 0.562164 0.262640 1 0 1.000000
  0 0.741531 1.052764 0.665091 -0.352140 0.790809 -0.500618 0.570431 0.261638 1 0 1.000000
  0 0.833748 0.944704 0.680405 -0.439568 0.788942 -0.429360 0.566000 0.300561 1 0 1.000000
c_spy_watch
  0 0.759452 1.062919 0.687356 -0.352140 0.790809 -0.500618 0.562164 0.262640 1 0 1.000000
  0 0.833748 0.944704 0.680405 -0.439568 0.788942 -0.429360 0.566000 0.300561 1 0 1.000000
  0 0.849672 0.958261 0.702793 -0.439568 0.788942 -0.429360 0.557811 0.299454 1 0 1.000000
c_spy_watch
  0 0.903476 -1.200317 -0.536177 -0.245890 -0.346684 -0.905178 0.552724 0.222162 1 0 1.000000
  0 0.922439 -1.205580 -0.558969 -0.245890 -0.346684 -0.905178 0.544879 0.224152 1 0 1.000000
  0 0.917921 -1.227338 -0.537545 -0.245890 -0.346684 -0.905178 0.545224 0.215724 1 0 1.000000
c_spy_watch
  0 -0.774024 1.697182 -0.312628 0.361368 -0.332992 -0.870936 0.471029 0.327089 1 0 1.000000
  0 -0.767492 1.725941 -0.309955 0.361368 -0.332992 -0.870936 0.467169 0.336399 1 0 1.000000
  0 -0.755873 1.709776 -0.331926 0.361368 -0.332992 -0.870936 0.476090 0.335824 1 0 1.000000
c_spy_watch
  0 0.276532 -1.511472 0.399516 0.557281 0.805963 0.199652 0.542124 0.375532 1 0 1.000000
  0 0.135271 -1.527850 0.383688 0.552535 0.825162 0.117527 0.544877 0.416013 1 0 1.000000
  0 0.141605 -1.549802 0.402572 0.552535 0.825162 0.117527 0.537022 0.414716 1 0 1.000000
c_spy_watch
  0 0.276532 -1.511472 0.399516 0.557281 0.805963 0.199652 0.542124 0.375532 1 0 1.000000
  0 0.273255 -1.489478 0.380503 0.557281 0.805963 0.199652 0.550224 0.375532 1 0 1.000000
  0 0.135271 -1.527850 0.383688 0.552535 0.825162 0.117527 0.544877 0.416013 1 0 1.000000
c_spy_watch
  0 0.276532 -1.511472 0.399516 0.557281 0.805963 0.199652 0.542124 0.375532 1 0 1.000000
  0 0.416280 -1.494324 0.374027 0.559103 0.762234 0.326195 0.544877 0.335051 1 0 1.000000
  0 0.273255 -1.489478 0.380503 0.557281 0.805963 0.199652 0.550224 0.375532 1 0 1.000000
c_spy_watch
  0 0.276532 -1.511472 0.399516 0.557281 0.805963 0.199652 0.542124 0.375532 1 0 1.000000
  0 0.416578 -1.517003 0.393118 0.559103 0.762234 0.326195 0.537022 0.336606 1 0 1.000000
  0 0.416280 -1.494324 0.374027 0.559103 0.762234 0.326195 0.544877 0.335051 1 0 1.000000
c_spy_watch
  0 -0.159912 1.791645 0.655157 0.972918 0.153370 0.172937 0.221052 0.414716 1 0 1.000000
  0 -0.143774 1.875167 -0.282568 0.972918 0.153370 0.172937 0.467168 0.414716 1 0 1.000000
  0 -0.286874 1.880530 -0.284553 0.979334 0.197720 0.042550 0.467229 0.375437 1 0 1.000000
c_spy_watch
  0 -0.159912 1.791645 0.655157 0.972918 0.153370 0.172937 0.221052 0.414716 1 0 1.000000
  0 -0.286874 1.880530 -0.284553 0.979334 0.197720 0.042550 0.467229 0.375437 1 0 1.000000
  0 -0.303012 1.796997 0.653172 0.979334 0.197720 0.042550 0.221052 0.375437 1 0 1.000000
c_spy_watch
  0 -0.286874 1.880530 -0.284553 0.979334 0.197720 0.042550 0.467229 0.375437 1 0 1.000000
  0 -0.441158 1.759655 0.647467 0.967951 0.222151 -0.117135 0.221052 0.336399 1 0 1.000000
  0 -0.303012 1.796997 0.653172 0.979334 0.197720 0.042550 0.221052 0.375437 1 0 1.000000
c_spy_watch
  0 -0.286874 1.880530 -0.284553 0.979334 0.197720 0.042550 0.467229 0.375437 1 0 1.000000
  0 -0.425020 1.843177 -0.290258 0.967951 0.222151 -0.117135 0.467169 0.336399 1 0 1.000000
  0 -0.441158 1.759655 0.647467 0.967951 0.222151 -0.117135 0.221052 0.336399 1 0 1.000000
c_spy_watch
  0 0.574116 1.525959 0.663587 0.659731 0.751462 0.007665 0.472099 0.423580 1 0 1.000000
  0 0.591777 1.513854 0.683625 0.659731 0.751462 0.007665 0.476090 0.414716 1 0 1.000000
  0 0.602415 1.534528 0.665233 0.659731 0.751462 0.007665 0.467168 0.414716 1 0 1.000000
c_spy_watch
  0 -0.211458 -1.444120 -0.571353 0.046592 -0.799402 0.598987 0.537022 0.336606 1 0 1.000000
  0 -0.195808 -1.430290 -0.550322 0.046592 -0.799402 0.598987 0.544877 0.335051 1 0 1.000000
  0 -0.195460 -1.459825 -0.552438 0.046592 -0.799402 0.598987 0.537487 0.327089 1 0 1.000000
c_spy_watch
  0 0.628494 1.628293 -0.271300 0.895540 -0.369461 -0.248006 0.221052 0.414716 1 0 1.000000
  0 0.619002 1.611736 -0.293981 0.895540 -0.369461 -0.248006 0.213268 0.415602 1 0 1.000000
  0 0.600195 1.619734 -0.272945 0.895540 -0.369461 -0.248006 0.221052 0.423580 1 0 1.000000
c_spy_watch
  0 -0.155232 -1.526594 0.385905 -0.163685 0.304231 0.938430 0.537487 0.327089 1 0 1.000000
  0 -0.155580 -1.497059 0.388021 -0.163685 0.304231 0.938430 0.544877 0.335051 1 0 1.000000
  0 -0.169469 -1.513828 0.408142 -0.163685 0.304231 0.938430 0.537022 0.336606 1 0 1.000000
c_spy_watch
  0 0.706851 1.259567 -0.306036 -0.659731 -0.751462 -0.007665 0.544877 0.335051 1 0 1.000000
  0 0.717489 1.280241 -0.324429 -0.659731 -0.751462 -0.007665 0.537022 0.336606 1 0 1.000000
  0 0.735151 1.268126 -0.304392 -0.659731 -0.751462 -0.007665 0.537487 0.327089 1 0 1.000000
c_spy_watch
  0 -0.458778 -1.550931 -0.568352 -0.393242 -0.629265 -0.670363 0.476090 0.375500 1 0 1.000000
  0 -0.572108 -1.469426 -0.536975 -0.321745 -0.589503 -0.740923 0.467168 0.414716 1 0 1.000000
  0 -0.558219 -1.452657 -0.557096 -0.321745 -0.589503 -0.740923 0.476090 0.414716 1 0 1.000000
c_spy_watch
  0 -0.458778 -1.550931 -0.568352 -0.393242 -0.629265 -0.670363 0.476090 0.375500 1 0 1.000000
  0 -0.470011 -1.569197 -0.548451 -0.393242 -0.629265 -0.670363 0.467229 0.375437 1 0 1.000000
  0 -0.572108 -1.469426 -0.536975 -0.321745 -0.589503 -0.740923 0.467168 0.414716 1 0 1.000000
c_spy_watch
  0 -0.458778 -1.550931 -0.568352 -0.393242 -0.629265 -0.670363 0.476090 0.375500 1 0 1.000000
  0 -0.342676 -1.633982 -0.558521 -0.460149 -0.661684 -0.591977 0.467169 0.336399 1 0 1.000000
  0 -0.470011 -1.569197 -0.548451 -0.393242 -0.629265 -0.670363 0.467229 0.375437 1 0 1.000000
c_spy_watch
  0 -0.458778 -1.550931 -0.568352 -0.393242 -0.629265 -0.670363 0.476090 0.375500 1 0 1.000000
  0 -0.333713 -1.613676 -0.578178 -0.460149 -0.661684 -0.591977 0.476090 0.335824 1 0 1.000000
  0 -0.342676 -1.633982 -0.558521 -0.460149 -0.661684 -0.591977 0.467169 0.336399 1 0 1.000000
c_spy_watch
  0 1.044831 1.084934 0.689952 -0.363742 0.342206 0.866364 0.494733 0.299669 1 0 1.000000
  0 1.024808 1.074607 0.710713 -0.363742 0.342206 0.866364 0.503266 0.299560 1 0 1.000000
  0 1.036149 1.055475 0.689547 -0.363742 0.342206 0.866364 0.500030 0.307918 1 0 1.000000
c_spy_watch
  0 -0.161685 -1.504862 0.413317 0.488446 0.813890 -0.314649 0.537022 0.414716 1 0 1.000000
  0 -0.163086 -1.482182 0.394273 0.488446 0.813890 -0.314649 0.544877 0.416013 1 0 1.000000
  0 -0.183380 -1.503750 0.393607 0.488446 0.813890 -0.314649 0.537487 0.423570 1 0 1.000000
c_spy_watch
  0 1.038491 1.165324 -0.350770 -0.129546 -0.843143 0.521850 0.220258 0.299669 1 0 1.000000
  0 1.029788 1.136141 -0.354790 -0.129546 -0.843143 0.521850 0.219400 0.307595 1 0 1.000000
  0 1.018208 1.158295 -0.372626 -0.129546 -0.843143 0.521850 0.212087 0.299999 1 0 1.000000
c_spy_watch
  0 0.141605 -1.549802 0.402572 0.348655 0.826446 -0.442071 0.537022 0.414716 1 0 1.000000
  0 0.135271 -1.527850 0.383688 0.348655 0.826446 -0.442071 0.544877 0.416013 1 0 1.000000
  0 0.120551 -1.553516 0.382492 0.348655 0.826446 -0.442071 0.537487 0.423570 1 0 1.000000
c_spy_watch
  0 0.690265 1.182349 0.653176 -0.895540 0.369461 0.248006 0.537022 0.336606 1 0 1.000000
  0 0.680770 1.165792 0.630495 -0.895540 0.369461 0.248006 0.544877 0.335051 1 0 1.000000
  0 0.709071 1.174351 0.632140 -0.895540 0.369461 0.248006 0.537487 0.327089 1 0 1.000000
c_spy_watch
  0 0.261543 1.749147 -0.274742 0.799455 -0.344284 -0.492281 0.221052 0.423580 1 0 1.000000
  0 0.285881 1.765944 -0.273166 0.799455 -0.344284 -0.492281 0.221052 0.414716 1 0 1.000000
  0 0.282247 1.746633 -0.295363 0.799455 -0.344284 -0.492281 0.213268 0.415602 1 0 1.000000
c_spy_watch
  0 0.132473 -1.540416 0.377457 0.228884 0.393855 0.890219 0.537487 0.327089 1 0 1.000000
  0 0.117823 -1.514794 0.379909 0.228884 0.393855 0.890219 0.544877 0.335051 1 0 1.000000
  0 0.113197 -1.536765 0.399262 0.228884 0.393855 0.890219 0.537022 0.336606 1 0 1.000000
c_spy_watch
  0 0.414442 1.670571 0.665690 0.897143 0.058941 0.437791 0.467229 0.375437 1 0 1.000000
  0 0.285881 1.765944 -0.273166 0.947840 0.101791 0.302056 0.221052 0.414716 1 0 1.000000
  0 0.273471 1.695847 0.665715 0.947840 0.101791 0.302056 0.467168 0.414716 1 0 1.000000
c_spy_watch
  0 0.414442 1.670571 0.665690 0.897143 0.058941 0.437791 0.467229 0.375437 1 0 1.000000
  0 0.426850 1.740678 -0.273189 0.897143 0.058941 0.437791 0.221052 0.375437 1 0 1.000000
  0 0.285881 1.765944 -0.273166 0.947840 0.101791 0.302056 0.221052 0.414716 1 0 1.000000
c_spy_watch
  0 0.414442 1.670571 0.665690 0.897143 0.058941 0.437791 0.467229 0.375437 1 0 1.000000
  0 0.553912 1.674677 -0.276438 0.822486 0.030539 0.567965 0.221052 0.336399 1 0 1.000000
  0 0.426850 1.740678 -0.273189 0.897143 0.058941 0.437791 0.221052 0.375437 1 0 1.000000
c_spy_watch
  0 0.414442 1.670571 0.665690 0.897143 0.058941 0.437791 0.467229 0.375437 1 0 1.000000
  0 0.541505 1.604580 0.662443 0.822486 0.030539 0.567965 0.467169 0.336399 1 0 1.000000
  0 0.553912 1.674677 -0.276438 0.822486 0.030539 0.567965 0.221052 0.336399 1 0 1.000000
c_spy_watch
  0 0.024827 1.478631 0.633752 -0.948268 -0.102240 -0.300557 0.221052 0.528039 1 0 1.000000
  0 0.184103 1.556834 -0.301982 -0.976671 -0.134630 -0.167297 0.472099 0.488428 1 0 1.000000
  0 0.167966 1.473302 0.635741 -0.976671 -0.134630 -0.167297 0.221052 0.488428 1 0 1.000000
c_spy_watch
  0 0.024827 1.478631 0.633752 -0.948268 -0.102240 -0.300557 0.221052 0.528039 1 0 1.000000
  0 0.040964 1.562163 -0.303971 -0.948268 -0.102240 -0.300557 0.472099 0.528039 1 0 1.000000
  0 0.184103 1.556834 -0.301982 -0.976671 -0.134630 -0.167297 0.472099 0.488428 1 0 1.000000
c_spy_watch
  0 -0.110131 1.526630 0.635706 -0.897143 -0.058941 -0.437791 0.221052 0.567651 1 0 1.000000
  0 0.040964 1.562163 -0.303971 -0.948268 -0.102240 -0.300557 0.472099 0.528039 1 0 1.000000
  0 0.024827 1.478631 0.633752 -0.948268 -0.102240 -0.300557 0.221052 0.528039 1 0 1.000000
c_spy_watch
  0 -0.110131 1.526630 0.635706 -0.897143 -0.058941 -0.437791 0.221052 0.567651 1 0 1.000000
  0 -0.093994 1.610162 -0.302018 -0.897143 -0.058941 -0.437791 0.472099 0.567651 1 0 1.000000
  0 0.040964 1.562163 -0.303971 -0.948268 -0.102240 -0.300557 0.472099 0.528039 1 0 1.000000
c_spy_watch
  0 0.453128 1.363352 0.643936 -0.039558 0.755311 -0.654171 0.537487 0.423570 1 0 1.000000
  0 0.453135 1.333885 0.640987 -0.039558 0.755311 -0.654171 0.544877 0.416013 1 0 1.000000
  0 0.467517 1.346839 0.663442 -0.039558 0.755311 -0.654171 0.537022 0.414716 1 0 1.000000
c_spy_watch
  0 0.541505 1.604580 0.662443 0.064344 0.401034 0.913800 0.467169 0.336399 1 0 1.000000
  0 0.531568 1.584154 0.681492 0.064344 0.401034 0.913800 0.476090 0.335824 1 0 1.000000
  0 0.550496 1.576431 0.660460 0.064344 0.401034 0.913800 0.471029 0.327089 1 0 1.000000
c_spy_watch
  0 0.479209 1.457116 -0.292596 0.196251 -0.365613 -0.909842 0.537487 0.423570 1 0 1.000000
  0 0.494743 1.444721 -0.314163 0.196251 -0.365613 -0.909842 0.537022 0.414716 1 0 1.000000
  0 0.479218 1.427650 -0.295546 0.196251 -0.365613 -0.909842 0.544877 0.416013 1 0 1.000000
c_spy_watch
  0 -0.436075 1.737323 0.666298 0.348350 0.801600 -0.485890 0.213269 0.335271 1 0 1.000000
  0 -0.441158 1.759655 0.647467 0.348350 0.801600 -0.485890 0.221052 0.336399 1 0 1.000000
  0 -0.455909 1.734093 0.644938 0.348350 0.801600 -0.485890 0.218935 0.327089 1 0 1.000000
c_spy_watch
  0 -0.423315 1.526376 0.623634 -0.363742 0.342206 0.866364 0.544877 0.416013 1 0 1.000000
  0 -0.416783 1.555135 0.626309 -0.363742 0.342206 0.866364 0.537487 0.423570 1 0 1.000000
  0 -0.434923 1.542532 0.645605 -0.363742 0.342206 0.866364 0.537022 0.414716 1 0 1.000000
c_spy_watch
  0 -0.439772 1.817625 -0.292787 0.572801 -0.318434 -0.755313 0.471029 0.327089 1 0 1.000000
  0 -0.425020 1.843177 -0.290258 0.572801 -0.318434 -0.755313 0.467169 0.336399 1 0 1.000000
  0 -0.419229 1.824517 -0.312552 0.572801 -0.318434 -0.755313 0.476090 0.335824 1 0 1.000000
c_spy_watch
  0 -0.418077 1.629726 -0.333244 -0.136918 -0.787042 0.601513 0.537022 0.414716 1 0 1.000000
  0 -0.400655 1.638656 -0.311417 -0.136918 -0.787042 0.601513 0.537487 0.423570 1 0 1.000000
  0 -0.407176 1.609899 -0.314090 -0.136918 -0.787042 0.601513 0.544877 0.416013 1 0 1.000000
c_spy_watch
  0 0.849672 0.958261 0.702793 -0.852308 0.519752 -0.058554 0.557811 0.299454 1 0 1.000000
  0 0.833748 0.944704 0.680405 -0.852308 0.519752 -0.058554 0.566000 0.300561 1 0 1.000000
  0 0.864239 0.941268 0.681772 -0.852308 0.519752 -0.058554 0.558559 0.308098 1 0 1.000000
c_spy_watch
  0 0.071209 -1.467067 -0.580234 0.439159 -0.709778 0.550776 0.537022 0.336606 1 0 1.000000
  0 0.077596 -1.448015 -0.558433 0.439159 -0.709778 0.550776 0.544877 0.335051 1 0 1.000000
  0 0.092249 -1.473636 -0.560884 0.439159 -0.709778 0.550776 0.537487 0.327089 1 0 1.000000
c_spy_watch
  0 0.553912 1.674677 -0.276438 0.272800 -0.720442 0.637608 0.221052 0.336399 1 0 1.000000
  0 0.562906 1.646529 -0.278421 0.272800 -0.720442 0.637608 0.218935 0.327089 1 0 1.000000
  0 0.544522 1.657326 -0.298565 0.272800 -0.720442 0.637608 0.213269 0.335271 1 0 1.000000
c_spy_watch
  0 -0.093578 -1.680050 -0.588326 -0.541120 -0.751776 -0.376857 0.476090 0.375500 1 0 1.000000
  0 -0.233051 -1.664365 -0.560512 -0.500004 -0.724601 -0.474288 0.467168 0.414716 1 0 1.000000
  0 -0.228424 -1.642385 -0.579864 -0.500004 -0.724601 -0.474288 0.476090 0.414716 1 0 1.000000
c_spy_watch
  0 -0.093578 -1.680050 -0.588326 -0.541120 -0.751776 -0.376857 0.476090 0.375500 1 0 1.000000
  0 -0.095151 -1.702040 -0.569105 -0.541120 -0.751776 -0.376857 0.467229 0.375437 1 0 1.000000
  0 -0.233051 -1.664365 -0.560512 -0.500004 -0.724601 -0.474288 0.467168 0.414716 1 0 1.000000
c_spy_watch
  0 -0.093578 -1.680050 -0.588326 -0.541120 -0.751776 -0.376857 0.476090 0.375500 1 0 1.000000
  0 0.047859 -1.696967 -0.574875 -0.547843 -0.785521 -0.287794 0.467169 0.336399 1 0 1.000000
  0 -0.095151 -1.702040 -0.569105 -0.541120 -0.751776 -0.376857 0.467229 0.375437 1 0 1.000000
c_spy_watch
  0 -0.093578 -1.680050 -0.588326 -0.541120 -0.751776 -0.376857 0.476090 0.375500 1 0 1.000000
  0 0.046449 -1.674289 -0.593920 -0.547843 -0.785521 -0.287794 0.476090 0.335824 1 0 1.000000
  0 0.047859 -1.696967 -0.574875 -0.547843 -0.785521 -0.287794 0.467169 0.336399 1 0 1.000000
c_spy_watch
  0 0.269292 1.673462 0.684694 0.590998 0.777192 -0.216089 0.476090 0.414716 1 0 1.000000
  0 0.273471 1.695847 0.665715 0.590998 0.777192 -0.216089 0.467168 0.414716 1 0 1.000000
  0 0.249132 1.679050 0.664138 0.590998 0.777192 -0.216089 0.472099 0.423580 1 0 1.000000
c_spy_watch
  0 -0.666324 1.496713 -0.328632 -0.536354 -0.573428 -0.619277 0.544877 0.335051 1 0 1.000000
  0 -0.692031 1.511393 -0.327766 -0.536354 -0.573428 -0.619277 0.537487 0.327089 1 0 1.000000
  0 -0.671672 1.518967 -0.347474 -0.536354 -0.573428 -0.619277 0.537022 0.336606 1 0 1.000000
c_spy_watch
  0 0.420444 1.722654 -0.295328 0.202112 -0.949081 -0.241653 0.476090 0.375500 1 0 1.000000
  0 0.214847 1.549259 -0.310990 0.202112 -0.949081 -0.241653 0.537022 0.414716 1 0 1.000000
  0 0.282247 1.746633 -0.295363 0.202112 -0.949081 -0.241653 0.476090 0.414716 1 0 1.000000
c_spy_watch
  0 0.420444 1.722654 -0.295328 0.202112 -0.949081 -0.241653 0.476090 0.375500 1 0 1.000000
  0 0.338848 1.483713 -0.314245 0.202112 -0.949081 -0.241653 0.542124 0.375532 1 0 1.000000
  0 0.214847 1.549259 -0.310990 0.202112 -0.949081 -0.241653 0.537022 0.414716 1 0 1.000000
c_spy_watch
  0 0.477123 1.459952 -0.314192 0.202112 -0.949081 -0.241653 0.537022 0.336606 1 0 1.000000
  0 0.338848 1.483713 -0.314245 0.202112 -0.949081 -0.241653 0.542124 0.375532 1 0 1.000000
  0 0.420444 1.722654 -0.295328 0.202112 -0.949081 -0.241653 0.476090 0.375500 1 0 1.000000
c_spy_watch
  0 0.477123 1.459952 -0.314192 0.202112 -0.949081 -0.241653 0.537022 0.336606 1 0 1.000000
  0 0.420444 1.722654 -0.295328 0.202112 -0.949081 -0.241653 0.476090 0.375500 1 0 1.000000
  0 0.544522 1.657326 -0.298565 0.202112 -0.949081 -0.241653 0.476090 0.335824 1 0 1.000000
c_spy_watch
  0 -0.682463 1.413190 0.609093 -0.760805 0.546606 -0.349855 0.544877 0.335051 1 0 1.000000
  0 -0.688518 1.431783 0.631377 -0.760805 0.546606 -0.349855 0.537022 0.336606 1 0 1.000000
  0 -0.708160 1.427872 0.609959 -0.760805 0.546606 -0.349855 0.537487 0.327089 1 0 1.000000
c_spy_watch
  0 0.716167 1.449105 0.680606 0.363958 0.680236 0.636250 0.476090 0.375500 1 0 1.000000
  0 0.602415 1.534528 0.665233 0.453500 0.689170 0.565139 0.467168 0.414716 1 0 1.000000
  0 0.591777 1.513854 0.683625 0.453500 0.689170 0.565139 0.476090 0.414716 1 0 1.000000
c_spy_watch
  0 0.716167 1.449105 0.680606 0.363958 0.680236 0.636250 0.476090 0.375500 1 0 1.000000
  0 0.729053 1.467708 0.662068 0.363958 0.680236 0.636250 0.467229 0.375437 1 0 1.000000
  0 0.602415 1.534528 0.665233 0.453500 0.689170 0.565139 0.467168 0.414716 1 0 1.000000
c_spy_watch
  0 0.716167 1.449105 0.680606 0.363958 0.680236 0.636250 0.476090 0.375500 1 0 1.000000
  0 0.830049 1.366435 0.654742 0.290917 0.644300 0.707280 0.467169 0.336399 1 0 1.000000
  0 0.729053 1.467708 0.662068 0.363958 0.680236 0.636250 0.467229 0.375437 1 0 1.000000
c_spy_watch
  0 0.716167 1.449105 0.680606 0.363958 0.680236 0.636250 0.476090 0.375500 1 0 1.000000
  0 0.814523 1.349373 0.673359 0.290917 0.644300 0.707280 0.476090 0.335824 1 0 1.000000
  0 0.830049 1.366435 0.654742 0.290917 0.644300 0.707280 0.467169 0.336399 1 0 1.000000
c_spy_watch
  0 0.047859 -1.696967 -0.574875 -0.469394 -0.822911 0.320135 0.467169 0.336399 1 0 1.000000
  0 0.046449 -1.674289 -0.593920 -0.469394 -0.822911 0.320135 0.476090 0.335824 1 0 1.000000
  0 0.068144 -1.675400 -0.574209 -0.469394 -0.822911 0.320135 0.471029 0.327089 1 0 1.000000
c_spy_watch
  0 -0.960107 1.642700 -0.348533 0.160261 -0.956634 -0.243245 0.476090 0.375500 1 0 1.000000
  0 -0.974332 1.374267 -0.366535 0.160261 -0.956634 -0.243245 0.537022 0.336606 1 0 1.000000
  0 -1.072211 1.558861 -0.357346 0.160261 -0.956634 -0.243245 0.476090 0.335824 1 0 1.000000
c_spy_watch
  0 -0.960107 1.642700 -0.348533 0.160261 -0.956634 -0.243245 0.476090 0.375500 1 0 1.000000
  0 -0.841603 1.419221 -0.359657 0.160261 -0.956634 -0.243245 0.542124 0.375532 1 0 1.000000
  0 -0.974332 1.374267 -0.366535 0.160261 -0.956634 -0.243245 0.537022 0.336606 1 0 1.000000
c_spy_watch
  0 -0.729600 1.503260 -0.350832 0.160261 -0.956634 -0.243245 0.537022 0.414716 1 0 1.000000
  0 -0.841603 1.419221 -0.359657 0.160261 -0.956634 -0.243245 0.542124 0.375532 1 0 1.000000
  0 -0.960107 1.642700 -0.348533 0.160261 -0.956634 -0.243245 0.476090 0.375500 1 0 1.000000
c_spy_watch
  0 -0.729600 1.503260 -0.350832 0.160261 -0.956634 -0.243245 0.537022 0.414716 1 0 1.000000
  0 -0.960107 1.642700 -0.348533 0.160261 -0.956634 -0.243245 0.476090 0.375500 1 0 1.000000
  0 -0.827489 1.687853 -0.341645 0.160261 -0.956634 -0.243245 0.476090 0.414716 1 0 1.000000
c_spy_watch
  0 0.080325 -1.486737 -0.555850 0.558931 -0.277187 -0.781514 0.537487 0.423570 1 0 1.000000
  0 0.095043 -1.461071 -0.554655 0.558931 -0.277187 -0.781514 0.544877 0.416013 1 0 1.000000
  0 0.099614 -1.480104 -0.576924 0.558931 -0.277187 -0.781514 0.537022 0.414716 1 0 1.000000
c_spy_watch
  0 0.742930 -1.414178 0.423332 -0.220804 0.931158 0.290156 0.537022 0.414716 1 0 1.000000
  0 0.844199 -1.595366 0.397658 -0.220804 0.931158 0.290156 0.476090 0.414716 1 0 1.000000
  0 0.975829 -1.546926 0.396544 -0.220804 0.931158 0.290156 0.476090 0.375500 1 0 1.000000
c_spy_watch
  0 0.742930 -1.414178 0.423332 -0.220804 0.931158 0.290156 0.537022 0.414716 1 0 1.000000
  0 0.975829 -1.546926 0.396544 -0.220804 0.931158 0.290156 0.476090 0.375500 1 0 1.000000
  0 0.853229 -1.327578 0.427629 -0.220804 0.931158 0.290156 0.542124 0.375532 1 0 1.000000
c_spy_watch
  0 0.975829 -1.546926 0.396544 -0.220804 0.931158 0.290156 0.476090 0.375500 1 0 1.000000
  0 0.984972 -1.279346 0.426487 -0.220804 0.931158 0.290156 0.537022 0.336606 1 0 1.000000
  0 0.853229 -1.327578 0.427629 -0.220804 0.931158 0.290156 0.542124 0.375532 1 0 1.000000
c_spy_watch
  0 0.975829 -1.546926 0.396544 -0.220804 0.931158 0.290156 0.476090 0.375500 1 0 1.000000
  0 1.086240 -1.460523 0.400812 -0.220804 0.931158 0.290156 0.476090 0.335824 1 0 1.000000
  0 0.984972 -1.279346 0.426487 -0.220804 0.931158 0.290156 0.537022 0.336606 1 0 1.000000
c_spy_watch
  0 0.088088 -1.763736 0.363469 -0.694083 0.309302 0.650062 0.221052 0.336399 1 0 1.000000
  0 0.108374 -1.742179 0.364134 -0.694083 0.309302 0.650062 0.218935 0.327089 1 0 1.000000
  0 0.088449 -1.743996 0.385577 -0.694083 0.309302 0.650062 0.213269 0.335271 1 0 1.000000
c_spy_watch
  0 1.256928 0.191895 0.049969 0.554483 -0.533974 0.638295 0.713915 0.688952 1 0 1.000000
  0 1.259341 0.175249 -0.005348 0.649049 -0.054975 0.758757 0.695177 0.696714 1 0 1.000000
  0 1.241589 0.191786 -0.003767 0.649049 -0.054975 0.758757 0.695177 0.690284 1 0 1.000000
c_spy_watch
  0 1.240016 0.212361 -0.042391 0.366678 0.347924 0.862842 0.680985 0.684406 1 0 1.000000
  0 1.241589 0.191786 -0.003767 0.649049 -0.054975 0.758757 0.695177 0.690284 1 0 1.000000
  0 1.259341 0.175249 -0.005348 0.649049 -0.054975 0.758757 0.695177 0.696714 1 0 1.000000
c_spy_watch
  0 1.240016 0.212361 -0.042391 0.366678 0.347924 0.862842 0.680985 0.684406 1 0 1.000000
  0 1.259341 0.175249 -0.005348 0.649049 -0.054975 0.758757 0.695177 0.696714 1 0 1.000000
  0 1.257264 0.202414 -0.056344 0.366678 0.347924 0.862842 0.676439 0.688952 1 0 1.000000
c_spy_watch
  0 1.251913 0.257478 -0.073146 -0.127222 0.438708 0.889578 0.668678 0.670215 1 0 1.000000
  0 1.240016 0.212361 -0.042391 0.366678 0.347924 0.862842 0.680985 0.684406 1 0 1.000000
  0 1.257264 0.202414 -0.056344 0.366678 0.347924 0.862842 0.676439 0.688952 1 0 1.000000
c_spy_watch
  0 1.251913 0.257478 -0.073146 -0.127222 0.438708 0.889578 0.668678 0.670215 1 0 1.000000
  0 1.235963 0.254065 -0.055117 -0.127222 0.438708 0.889578 0.675107 0.670215 1 0 1.000000
  0 1.240016 0.212361 -0.042391 0.366678 0.347924 0.862842 0.680985 0.684406 1 0 1.000000
c_spy_watch
  0 1.246422 0.308182 -0.045912 -0.543331 0.164199 0.823304 0.676439 0.651477 1 0 1.000000
  0 1.235963 0.254065 -0.055117 -0.127222 0.438708 0.889578 0.675107 0.670215 1 0 1.000000
  0 1.251913 0.257478 -0.073146 -0.127222 0.438708 0.889578 0.668678 0.670215 1 0 1.000000
c_spy_watch
  0 1.246422 0.308182 -0.045912 -0.543331 0.164199 0.823304 0.676439 0.651477 1 0 1.000000
  0 1.231805 0.292467 -0.034490 -0.543331 0.164199 0.823304 0.680985 0.656023 1 0 1.000000
  0 1.235963 0.254065 -0.055117 -0.127222 0.438708 0.889578 0.675107 0.670215 1 0 1.000000
c_spy_watch
  0 1.244009 0.324827 0.009406 -0.637898 -0.314800 0.702842 0.695177 0.643715 1 0 1.000000
  0 1.231805 0.292467 -0.034490 -0.543331 0.164199 0.823304 0.680985 0.656023 1 0 1.000000
  0 1.246422 0.308182 -0.045912 -0.543331 0.164199 0.823304 0.676439 0.651477 1 0 1.000000
c_spy_watch
  0 1.244009 0.324827 0.009406 -0.637898 -0.314800 0.702842 0.695177 0.643715 1 0 1.000000
  0 1.229977 0.305074 0.007406 -0.637898 -0.314800 0.702842 0.695177 0.650145 1 0 1.000000
  0 1.231805 0.292467 -0.034490 -0.543331 0.164199 0.823304 0.680985 0.656023 1 0 1.000000
c_spy_watch
  0 1.231549 0.284499 0.046030 -0.355526 -0.717698 0.598757 0.709368 0.656023 1 0 1.000000
  0 1.229977 0.305074 0.007406 -0.637898 -0.314800 0.702842 0.695177 0.650145 1 0 1.000000
  0 1.244009 0.324827 0.009406 -0.637898 -0.314800 0.702842 0.695177 0.643715 1 0 1.000000
c_spy_watch
  0 1.231549 0.284499 0.046030 -0.355526 -0.717698 0.598757 0.709368 0.656023 1 0 1.000000
  0 1.244009 0.324827 0.009406 -0.637898 -0.314800 0.702842 0.695177 0.643715 1 0 1.000000
  0 1.246087 0.297662 0.060401 -0.355526 -0.717698 0.598757 0.713915 0.651477 1 0 1.000000
c_spy_watch
  0 1.251437 0.242600 0.077203 0.138373 -0.808483 0.572021 0.721676 0.670215 1 0 1.000000
  0 1.231549 0.284499 0.046030 -0.355526 -0.717698 0.598757 0.709368 0.656023 1 0 1.000000
  0 1.246087 0.297662 0.060401 -0.355526 -0.717698 0.598757 0.713915 0.651477 1 0 1.000000
c_spy_watch
  0 1.251437 0.242600 0.077203 0.138373 -0.808483 0.572021 0.721676 0.670215 1 0 1.000000
  0 1.235603 0.242795 0.058755 0.138373 -0.808483 0.572021 0.715247 0.670215 1 0 1.000000
  0 1.231549 0.284499 0.046030 -0.355526 -0.717698 0.598757 0.709368 0.656023 1 0 1.000000
c_spy_watch
  0 1.256928 0.191895 0.049969 0.554483 -0.533974 0.638295 0.713915 0.688952 1 0 1.000000
  0 1.235603 0.242795 0.058755 0.138373 -0.808483 0.572021 0.715247 0.670215 1 0 1.000000
  0 1.251437 0.242600 0.077203 0.138373 -0.808483 0.572021 0.721676 0.670215 1 0 1.000000
c_spy_watch
  0 1.256928 0.191895 0.049969 0.554483 -0.533974 0.638295 0.713915 0.688952 1 0 1.000000
  0 1.239761 0.204392 0.038128 0.554483 -0.533974 0.638295 0.709368 0.684406 1 0 1.000000
  0 1.235603 0.242795 0.058755 0.138373 -0.808483 0.572021 0.715247 0.670215 1 0 1.000000
c_spy_watch
  0 1.256928 0.191895 0.049969 0.554483 -0.533974 0.638295 0.713915 0.688952 1 0 1.000000
  0 1.241589 0.191786 -0.003767 0.649049 -0.054975 0.758757 0.695177 0.690284 1 0 1.000000
  0 1.239761 0.204392 0.038128 0.554483 -0.533974 0.638295 0.709368 0.684406 1 0 1.000000
c_spy_watch
  0 -0.535960 1.554145 -0.342005 -0.512372 -0.858759 0.002642 0.542124 0.375532 1 0 1.000000
  0 -0.666324 1.496713 -0.328632 -0.536010 -0.838179 -0.100748 0.544877 0.335051 1 0 1.000000
  0 -0.671672 1.518967 -0.347474 -0.536010 -0.838179 -0.100748 0.537022 0.336606 1 0 1.000000
c_spy_watch
  0 -0.535960 1.554145 -0.342005 -0.512372 -0.858759 0.002642 0.542124 0.375532 1 0 1.000000
  0 -0.527968 1.533406 -0.322981 -0.512372 -0.858759 0.002642 0.550224 0.375532 1 0 1.000000
  0 -0.666324 1.496713 -0.328632 -0.536010 -0.838179 -0.100748 0.544877 0.335051 1 0 1.000000
c_spy_watch
  0 -0.535960 1.554145 -0.342005 -0.512372 -0.858759 0.002642 0.542124 0.375532 1 0 1.000000
  0 -0.407176 1.609899 -0.314090 -0.478369 -0.869838 0.120602 0.544877 0.416013 1 0 1.000000
  0 -0.527968 1.533406 -0.322981 -0.512372 -0.858759 0.002642 0.550224 0.375532 1 0 1.000000
c_spy_watch
  0 -0.535960 1.554145 -0.342005 -0.512372 -0.858759 0.002642 0.542124 0.375532 1 0 1.000000
  0 -0.418077 1.629726 -0.333244 -0.478369 -0.869838 0.120602 0.537022 0.414716 1 0 1.000000
  0 -0.407176 1.609899 -0.314090 -0.478369 -0.869838 0.120602 0.544877 0.416013 1 0 1.000000
c_spy_watch
  0 -0.144020 1.855823 -0.305027 0.596548 -0.618419 0.511555 0.476090 0.414716 1 0 1.000000
  0 -0.143774 1.875167 -0.282568 0.596548 -0.618419 0.511555 0.467168 0.414716 1 0 1.000000
  0 -0.123549 1.853590 -0.284142 0.596548 -0.618419 0.511555 0.472099 0.423580 1 0 1.000000
c_spy_watch
  0 -0.122958 1.553238 0.637855 -0.385797 0.685995 -0.616905 0.537487 0.327089 1 0 1.000000
  0 -0.110131 1.526630 0.635706 -0.385797 0.685995 -0.616905 0.544877 0.335051 1 0 1.000000
  0 -0.103550 1.544826 0.658172 -0.385797 0.685995 -0.616905 0.537022 0.336606 1 0 1.000000
c_spy_watch
  0 -0.758653 1.439052 0.629508 -0.293505 0.355826 0.887267 0.537022 0.414716 1 0 1.000000
  0 -0.745502 1.423236 0.608160 -0.293505 0.355826 0.887267 0.544877 0.416013 1 0 1.000000
  0 -0.741097 1.452442 0.610204 -0.293505 0.355826 0.887267 0.537487 0.423570 1 0 1.000000
c_spy_watch
  0 -0.086705 1.632010 -0.320679 -0.161346 -0.434039 -0.886328 0.537022 0.336606 1 0 1.000000
  0 -0.093994 1.610162 -0.302018 -0.161346 -0.434039 -0.886328 0.544877 0.335051 1 0 1.000000
  0 -0.106820 1.636761 -0.299870 -0.161346 -0.434039 -0.886328 0.537487 0.327089 1 0 1.000000
c_spy_watch
  0 1.219493 -1.025134 -0.600303 0.395456 -0.747376 0.533895 0.503266 0.299560 1 0 1.000000
  0 1.227338 -1.004682 -0.578785 0.395456 -0.747376 0.533895 0.500030 0.307918 1 0 1.000000
  0 1.241762 -1.031760 -0.580331 0.395456 -0.747376 0.533895 0.494733 0.299669 1 0 1.000000
c_spy_watch
  0 -0.021622 -1.498875 0.407739 0.540764 0.751498 0.377921 0.542124 0.375532 1 0 1.000000
  0 -0.163086 -1.482182 0.394273 0.547940 0.785855 0.286694 0.544877 0.416013 1 0 1.000000
  0 -0.161685 -1.504862 0.413317 0.547940 0.785855 0.286694 0.537022 0.414716 1 0 1.000000
c_spy_watch
  0 -0.021622 -1.498875 0.407739 0.540764 0.751498 0.377921 0.542124 0.375532 1 0 1.000000
  0 -0.020050 -1.476876 0.388517 0.540764 0.751498 0.377921 0.550224 0.375532 1 0 1.000000
  0 -0.163086 -1.482182 0.394273 0.547940 0.785855 0.286694 0.544877 0.416013 1 0 1.000000
c_spy_watch
  0 -0.021622 -1.498875 0.407739 0.540764 0.751498 0.377921 0.542124 0.375532 1 0 1.000000
  0 0.117823 -1.514794 0.379909 0.500051 0.724563 0.474297 0.544877 0.335051 1 0 1.000000
  0 -0.020050 -1.476876 0.388517 0.540764 0.751498 0.377921 0.550224 0.375532 1 0 1.000000
c_spy_watch
  0 -0.021622 -1.498875 0.407739 0.540764 0.751498 0.377921 0.542124 0.375532 1 0 1.000000
  0 0.113197 -1.536765 0.399262 0.500051 0.724563 0.474297 0.537022 0.336606 1 0 1.000000
  0 0.117823 -1.514794 0.379909 0.500051 0.724563 0.474297 0.544877 0.335051 1 0 1.000000
c_spy_watch
  0 0.857877 1.021939 -0.362565 -0.621656 -0.684967 -0.379954 0.558559 0.308098 1 0 1.000000
  0 0.827408 1.025095 -0.360316 -0.621656 -0.684967 -0.379954 0.566000 0.300561 1 0 1.000000
  0 0.843072 1.041945 -0.380548 -0.621656 -0.684967 -0.379954 0.557811 0.299454 1 0 1.000000
c_spy_watch
  0 -0.223598 -1.436980 -0.544736 0.698722 -0.289743 -0.654092 0.537487 0.423570 1 0 1.000000
  0 -0.203324 -1.415414 -0.544071 0.698722 -0.289743 -0.654092 0.544877 0.416013 1 0 1.000000
  0 -0.203674 -1.435163 -0.566179 0.698722 -0.289743 -0.654092 0.537022 0.414716 1 0 1.000000
c_spy_watch
  0 -0.139686 1.770068 0.653582 0.372097 0.501615 0.780978 0.221052 0.423580 1 0 1.000000
  0 -0.159912 1.791645 0.655157 0.372097 0.501615 0.780978 0.221052 0.414716 1 0 1.000000
  0 -0.160864 1.768629 0.673822 0.372097 0.501615 0.780978 0.213268 0.415602 1 0 1.000000
c_spy_watch
  0 -0.086705 1.632010 -0.320679 0.202112 -0.949081 -0.241653 0.537022 0.336606 1 0 1.000000
  0 -0.047481 1.836576 -0.301783 0.202112 -0.949081 -0.241653 0.476090 0.335824 1 0 1.000000
  0 0.092692 1.831913 -0.299786 0.202112 -0.949081 -0.241653 0.476090 0.375500 1 0 1.000000
c_spy_watch
  0 -0.086705 1.632010 -0.320679 0.202112 -0.949081 -0.241653 0.537022 0.336606 1 0 1.000000
  0 0.092692 1.831913 -0.299786 0.202112 -0.949081 -0.241653 0.476090 0.375500 1 0 1.000000
  0 0.045206 1.584257 -0.322662 0.202112 -0.949081 -0.241653 0.542124 0.375532 1 0 1.000000
c_spy_watch
  0 0.092692 1.831913 -0.299786 0.202112 -0.949081 -0.241653 0.476090 0.375500 1 0 1.000000
  0 0.185421 1.579828 -0.320644 0.202112 -0.949081 -0.241653 0.537022 0.414716 1 0 1.000000
  0 0.045206 1.584257 -0.322662 0.202112 -0.949081 -0.241653 0.542124 0.375532 1 0 1.000000
c_spy_watch
  0 0.092692 1.831913 -0.299786 0.202112 -0.949081 -0.241653 0.476090 0.375500 1 0 1.000000
  0 0.224645 1.784394 -0.301747 0.202112 -0.949081 -0.241653 0.476090 0.414716 1 0 1.000000
  0 0.185421 1.579828 -0.320644 0.202112 -0.949081 -0.241653 0.537022 0.414716 1 0 1.000000
c_spy_watch
  0 0.957990 -1.068004 -0.570739 0.056192 -0.930941 -0.360820 0.562164 0.262640 1 0 1.000000
  0 1.117858 -1.284133 -0.574554 0.056192 -0.930941 -0.360820 0.490112 0.224193 1 0 1.000000
  0 0.922439 -1.205580 -0.558969 0.056192 -0.930941 -0.360820 0.544879 0.224152 1 0 1.000000
c_spy_watch
  0 0.957990 -1.068004 -0.570739 0.056192 -0.930941 -0.360820 0.562164 0.262640 1 0 1.000000
  0 1.185630 -1.159501 -0.588896 0.056192 -0.930941 -0.360820 0.497264 0.262523 1 0 1.000000
  0 1.117858 -1.284133 -0.574554 0.056192 -0.930941 -0.360820 0.490112 0.224193 1 0 1.000000
c_spy_watch
  0 1.024801 -0.946872 -0.584775 0.056192 -0.930941 -0.360820 0.557811 0.299454 1 0 1.000000
  0 1.185630 -1.159501 -0.588896 0.056192 -0.930941 -0.360820 0.497264 0.262523 1 0 1.000000
  0 0.957990 -1.068004 -0.570739 0.056192 -0.930941 -0.360820 0.562164 0.262640 1 0 1.000000
c_spy_watch
  0 1.024801 -0.946872 -0.584775 0.056192 -0.930941 -0.360820 0.557811 0.299454 1 0 1.000000
  0 1.219493 -1.025134 -0.600303 0.056192 -0.930941 -0.360820 0.503266 0.299560 1 0 1.000000
  0 1.185630 -1.159501 -0.588896 0.056192 -0.930941 -0.360820 0.497264 0.262523 1 0 1.000000
c_spy_watch
  0 0.028359 1.497072 0.656189 -0.775341 0.628229 -0.064606 0.542124 0.375532 1 0 1.000000
  0 0.167966 1.473302 0.635741 -0.801523 0.596913 0.035422 0.544877 0.416013 1 0 1.000000
  0 0.168575 1.492643 0.658207 -0.801523 0.596913 0.035422 0.537022 0.414716 1 0 1.000000
c_spy_watch
  0 0.028359 1.497072 0.656189 -0.775341 0.628229 -0.064606 0.542124 0.375532 1 0 1.000000
  0 0.024827 1.478631 0.633752 -0.775341 0.628229 -0.064606 0.550224 0.375532 1 0 1.000000
  0 0.167966 1.473302 0.635741 -0.801523 0.596913 0.035422 0.544877 0.416013 1 0 1.000000
c_spy_watch
  0 0.028359 1.497072 0.656189 -0.775341 0.628229 -0.064606 0.542124 0.375532 1 0 1.000000
  0 -0.110131 1.526630 0.635706 -0.754063 0.642211 -0.137675 0.544877 0.335051 1 0 1.000000
  0 0.024827 1.478631 0.633752 -0.775341 0.628229 -0.064606 0.550224 0.375532 1 0 1.000000
c_spy_watch
  0 0.028359 1.497072 0.656189 -0.775341 0.628229 -0.064606 0.542124 0.375532 1 0 1.000000
  0 -0.103550 1.544826 0.658172 -0.754063 0.642211 -0.137675 0.537022 0.336606 1 0 1.000000
  0 -0.110131 1.526630 0.635706 -0.754063 0.642211 -0.137675 0.544877 0.335051 1 0 1.000000
c_spy_watch
  0 -0.713265 1.513947 -0.328948 -0.097378 -0.771941 0.628192 0.537487 0.423570 1 0 1.000000
  0 -0.717671 1.484742 -0.330992 -0.097378 -0.771941 0.628192 0.544877 0.416013 1 0 1.000000
  0 -0.729600 1.503260 -0.350832 -0.097378 -0.771941 0.628192 0.537022 0.414716 1 0 1.000000
c_spy_watch
  0 0.205862 1.576801 -0.299829 -0.521062 -0.794407 0.312108 0.537487 0.423570 1 0 1.000000
  0 0.184103 1.556834 -0.301982 -0.521062 -0.794407 0.312108 0.544877 0.416013 1 0 1.000000
  0 0.185421 1.579828 -0.320644 -0.521062 -0.794407 0.312108 0.537022 0.414716 1 0 1.000000
c_spy_watch
  0 -0.870656 1.355013 0.620684 -0.757028 0.522526 0.392269 0.542124 0.375532 1 0 1.000000
  0 -0.745502 1.423236 0.608160 -0.711711 0.503569 0.489781 0.544877 0.416013 1 0 1.000000
  0 -0.758653 1.439052 0.629508 -0.711711 0.503569 0.489781 0.537022 0.414716 1 0 1.000000
c_spy_watch
  0 -0.870656 1.355013 0.620684 -0.757028 0.522526 0.392269 0.542124 0.375532 1 0 1.000000
  0 -0.860342 1.338073 0.599180 -0.757028 0.522526 0.392269 0.550224 0.375532 1 0 1.000000
  0 -0.745502 1.423236 0.608160 -0.711711 0.503569 0.489781 0.544877 0.416013 1 0 1.000000
c_spy_watch
  0 -0.995605 1.291414 0.592115 -0.807456 0.512238 0.292620 0.544877 0.335051 1 0 1.000000
  0 -0.860342 1.338073 0.599180 -0.757028 0.522526 0.392269 0.550224 0.375532 1 0 1.000000
  0 -0.870656 1.355013 0.620684 -0.757028 0.522526 0.392269 0.542124 0.375532 1 0 1.000000
c_spy_watch
  0 -0.995605 1.291414 0.592115 -0.807456 0.512238 0.292620 0.544877 0.335051 1 0 1.000000
  0 -0.870656 1.355013 0.620684 -0.757028 0.522526 0.392269 0.542124 0.375532 1 0 1.000000
  0 -1.003386 1.310068 0.613807 -0.807456 0.512238 0.292620 0.537022 0.336606 1 0 1.000000
c_spy_watch
  0 0.168575 1.492643 0.658207 -0.745512 0.325626 0.581532 0.537022 0.414716 1 0 1.000000
  0 0.167966 1.473302 0.635741 -0.745512 0.325626 0.581532 0.544877 0.416013 1 0 1.000000
  0 0.189723 1.493278 0.637895 -0.745512 0.325626 0.581532 0.537487 0.423570 1 0 1.000000
c_spy_watch
  0 1.007106 -0.937430 -0.561616 0.861908 -0.383893 -0.331272 0.566000 0.300561 1 0 1.000000
  0 1.036227 -0.927863 -0.563543 0.861908 -0.383893 -0.331272 0.558559 0.308098 1 0 1.000000
  0 1.024801 -0.946872 -0.584775 0.861908 -0.383893 -0.331272 0.557811 0.299454 1 0 1.000000
c_spy_watch
  0 -0.269152 1.505407 0.627781 -0.983358 -0.180169 -0.023381 0.221052 0.528039 1 0 1.000000
  0 -0.114898 1.626519 -0.304219 -0.967594 -0.221593 0.121069 0.472099 0.488428 1 0 1.000000
  0 -0.131034 1.542987 0.633505 -0.967594 -0.221593 0.121069 0.221052 0.488428 1 0 1.000000
c_spy_watch
  0 -0.269152 1.505407 0.627781 -0.983358 -0.180169 -0.023381 0.221052 0.528039 1 0 1.000000
  0 -0.253014 1.588939 -0.309944 -0.983358 -0.180169 -0.023381 0.472099 0.528039 1 0 1.000000
  0 -0.114898 1.626519 -0.304219 -0.967594 -0.221593 0.121069 0.472099 0.488428 1 0 1.000000
c_spy_watch
  0 -0.269152 1.505407 0.627781 -0.983358 -0.180169 -0.023381 0.221052 0.528039 1 0 1.000000
  0 -0.396149 1.594529 -0.311908 -0.976671 -0.134630 -0.167297 0.472099 0.567651 1 0 1.000000
  0 -0.253014 1.588939 -0.309944 -0.983358 -0.180169 -0.023381 0.472099 0.528039 1 0 1.000000
c_spy_watch
  0 -0.269152 1.505407 0.627781 -0.983358 -0.180169 -0.023381 0.221052 0.528039 1 0 1.000000
  0 -0.412286 1.510997 0.625815 -0.976671 -0.134630 -0.167297 0.221052 0.567651 1 0 1.000000
  0 -0.396149 1.594529 -0.311908 -0.976671 -0.134630 -0.167297 0.472099 0.567651 1 0 1.000000
c_spy_watch
  0 1.065642 -1.059550 0.495184 0.594519 0.803737 0.023525 0.557811 0.299454 1 0 1.000000
  0 1.075600 -1.036480 0.477533 0.594519 0.803737 0.023525 0.558559 0.308098 1 0 1.000000
  0 1.046341 -1.045673 0.475856 0.594519 0.803737 0.023525 0.566000 0.300561 1 0 1.000000
c_spy_watch
  0 0.428905 -1.521203 0.383052 0.227341 0.819919 -0.525403 0.537487 0.423570 1 0 1.000000
  0 0.448503 -1.514534 0.403829 0.227341 0.819919 -0.525403 0.537022 0.414716 1 0 1.000000
  0 0.439158 -1.493503 0.385143 0.227341 0.819919 -0.525403 0.544877 0.416013 1 0 1.000000
c_spy_watch
  0 -0.974332 1.374267 -0.366535 -0.584729 -0.582735 -0.564368 0.537022 0.336606 1 0 1.000000
  0 -0.967773 1.352920 -0.347037 -0.584729 -0.582735 -0.564368 0.544877 0.335051 1 0 1.000000
  0 -0.994468 1.365741 -0.346989 -0.584729 -0.582735 -0.564368 0.537487 0.327089 1 0 1.000000
c_spy_watch
  0 0.207800 1.697209 0.677104 0.161346 0.434039 0.886328 0.213268 0.415602 1 0 1.000000
  0 0.227914 1.692449 0.656292 0.161346 0.434039 0.886328 0.221052 0.423580 1 0 1.000000
  0 0.215088 1.719057 0.658442 0.161346 0.434039 0.886328 0.221052 0.414716 1 0 1.000000
c_spy_watch
  0 -1.022300 1.304235 0.592164 -0.780856 0.545031 -0.305293 0.537487 0.327089 1 0 1.000000
  0 -0.995605 1.291414 0.592115 -0.780856 0.545031 -0.305293 0.544877 0.335051 1 0 1.000000
  0 -1.003386 1.310068 0.613807 -0.780856 0.545031 -0.305293 0.537022 0.336606 1 0 1.000000
c_spy_watch
  0 0.231227 1.802580 -0.279282 0.385797 -0.685995 0.616905 0.467168 0.414716 1 0 1.000000
  0 0.244050 1.775981 -0.281431 0.385797 -0.685995 0.616905 0.472099 0.423580 1 0 1.000000
  0 0.224645 1.784394 -0.301747 0.385797 -0.685995 0.616905 0.476090 0.414716 1 0 1.000000
c_spy_watch
  0 0.214847 1.549259 -0.310990 -0.064344 -0.401034 -0.913800 0.537022 0.414716 1 0 1.000000
  0 0.204911 1.528833 -0.291939 -0.064344 -0.401034 -0.913800 0.544877 0.416013 1 0 1.000000
  0 0.195918 1.556982 -0.289957 -0.064344 -0.401034 -0.913800 0.537487 0.423570 1 0 1.000000
c_spy_watch
  0 -0.046872 1.855907 -0.279318 0.745512 -0.325626 -0.581532 0.467169 0.336399 1 0 1.000000
  0 -0.047481 1.836576 -0.301783 0.745512 -0.325626 -0.581532 0.476090 0.335824 1 0 1.000000
  0 -0.068629 1.835941 -0.281471 0.745512 -0.325626 -0.581532 0.471029 0.327089 1 0 1.000000
c_spy_watch
  0 -0.772730 1.622591 0.646925 0.136918 0.787042 -0.601513 0.213269 0.335271 1 0 1.000000
  0 -0.783631 1.642419 0.627770 0.136918 0.787042 -0.601513 0.221052 0.336399 1 0 1.000000
  0 -0.790161 1.613650 0.625095 0.136918 0.787042 -0.601513 0.218935 0.327089 1 0 1.000000
c_spy_watch
  0 0.231227 1.802580 -0.279282 0.754094 -0.642168 0.137704 0.467168 0.414716 1 0 1.000000
  0 0.224645 1.784394 -0.301747 0.754094 -0.642168 0.137704 0.476090 0.414716 1 0 1.000000
  0 0.092692 1.831913 -0.299786 0.793325 -0.607256 0.043292 0.476090 0.375500 1 0 1.000000
c_spy_watch
  0 0.231227 1.802580 -0.279282 0.754094 -0.642168 0.137704 0.467168 0.414716 1 0 1.000000
  0 0.092692 1.831913 -0.299786 0.793325 -0.607256 0.043292 0.476090 0.375500 1 0 1.000000
  0 0.096224 1.850354 -0.277351 0.793325 -0.607256 0.043292 0.467229 0.375437 1 0 1.000000
c_spy_watch
  0 0.092692 1.831913 -0.299786 0.793325 -0.607256 0.043292 0.476090 0.375500 1 0 1.000000
  0 -0.046872 1.855907 -0.279318 0.819881 -0.571154 -0.039734 0.467169 0.336399 1 0 1.000000
  0 0.096224 1.850354 -0.277351 0.793325 -0.607256 0.043292 0.467229 0.375437 1 0 1.000000
c_spy_watch
  0 0.092692 1.831913 -0.299786 0.793325 -0.607256 0.043292 0.476090 0.375500 1 0 1.000000
  0 -0.047481 1.836576 -0.301783 0.819881 -0.571154 -0.039734 0.476090 0.335824 1 0 1.000000
  0 -0.046872 1.855907 -0.279318 0.819881 -0.571154 -0.039734 0.467169 0.336399 1 0 1.000000
c_spy_watch
  0 0.183509 1.486884 0.648923 -0.272800 0.720442 -0.637608 0.537487 0.423570 1 0 1.000000
  0 0.192501 1.458736 0.646940 -0.272800 0.720442 -0.637608 0.544877 0.416013 1 0 1.000000
  0 0.201893 1.476088 0.669067 -0.272800 0.720442 -0.637608 0.537022 0.414716 1 0 1.000000
c_spy_watch
  0 -0.084767 1.752409 0.656253 0.521062 0.794407 -0.312108 0.218935 0.327089 1 0 1.000000
  0 -0.064326 1.749382 0.677067 0.521062 0.794407 -0.312108 0.213269 0.335271 1 0 1.000000
  0 -0.063010 1.772385 0.658407 0.521062 0.794407 -0.312108 0.221052 0.336399 1 0 1.000000
c_spy_watch
  0 0.338848 1.483713 -0.314245 -0.500004 -0.724601 -0.474288 0.542124 0.375532 1 0 1.000000
  0 0.204911 1.528833 -0.291939 -0.433419 -0.708528 -0.556899 0.544877 0.416013 1 0 1.000000
  0 0.214847 1.549259 -0.310990 -0.433419 -0.708528 -0.556899 0.537022 0.414716 1 0 1.000000
c_spy_watch
  0 0.338848 1.483713 -0.314245 -0.500004 -0.724601 -0.474288 0.542124 0.375532 1 0 1.000000
  0 0.331898 1.462614 -0.295206 -0.500004 -0.724601 -0.474288 0.550224 0.375532 1 0 1.000000
  0 0.204911 1.528833 -0.291939 -0.433419 -0.708528 -0.556899 0.544877 0.416013 1 0 1.000000
c_spy_watch
  0 0.338848 1.483713 -0.314245 -0.500004 -0.724601 -0.474288 0.542124 0.375532 1 0 1.000000
  0 0.472943 1.437566 -0.295212 -0.541120 -0.751776 -0.376857 0.544877 0.335051 1 0 1.000000
  0 0.331898 1.462614 -0.295206 -0.500004 -0.724601 -0.474288 0.550224 0.375532 1 0 1.000000
c_spy_watch
  0 0.338848 1.483713 -0.314245 -0.500004 -0.724601 -0.474288 0.542124 0.375532 1 0 1.000000
  0 0.477123 1.459952 -0.314192 -0.541120 -0.751776 -0.376857 0.537022 0.336606 1 0 1.000000
  0 0.472943 1.437566 -0.295212 -0.541120 -0.751776 -0.376857 0.544877 0.335051 1 0 1.000000
c_spy_watch
  0 0.075846 1.744728 0.679065 0.540764 0.751498 0.377921 0.212842 0.375437 1 0 1.000000
  0 -0.063010 1.772385 0.658407 0.547940 0.785855 0.286694 0.221052 0.336399 1 0 1.000000
  0 -0.064326 1.749382 0.677067 0.547940 0.785855 0.286694 0.213269 0.335271 1 0 1.000000
c_spy_watch
  0 0.075846 1.744728 0.679065 0.540764 0.751498 0.377921 0.212842 0.375437 1 0 1.000000
  0 0.080086 1.766822 0.660373 0.540764 0.751498 0.377921 0.221052 0.375437 1 0 1.000000
  0 -0.063010 1.772385 0.658407 0.547940 0.785855 0.286694 0.221052 0.336399 1 0 1.000000
c_spy_watch
  0 0.075846 1.744728 0.679065 0.540764 0.751498 0.377921 0.212842 0.375437 1 0 1.000000
  0 0.215088 1.719057 0.658442 0.500051 0.724563 0.474297 0.221052 0.414716 1 0 1.000000
  0 0.080086 1.766822 0.660373 0.540764 0.751498 0.377921 0.221052 0.375437 1 0 1.000000
c_spy_watch
  0 0.075846 1.744728 0.679065 0.540764 0.751498 0.377921 0.212842 0.375437 1 0 1.000000
  0 0.207800 1.697209 0.677104 0.500051 0.724563 0.474297 0.213268 0.415602 1 0 1.000000
  0 0.215088 1.719057 0.658442 0.500051 0.724563 0.474297 0.221052 0.414716 1 0 1.000000
c_spy_watch
  0 0.422441 -1.430975 -0.575138 0.452196 -0.286900 -0.844516 0.537022 0.414716 1 0 1.000000
  0 0.403939 -1.441156 -0.554783 0.452196 -0.286900 -0.844516 0.537487 0.423570 1 0 1.000000
  0 0.414192 -1.413457 -0.552692 0.452196 -0.286900 -0.844516 0.544877 0.416013 1 0 1.000000
c_spy_watch
  0 -0.412286 1.510997 0.625815 -0.596548 0.618419 -0.511555 0.544877 0.335051 1 0 1.000000
  0 -0.412039 1.530351 0.648276 -0.596548 0.618419 -0.511555 0.537022 0.336606 1 0 1.000000
  0 -0.432509 1.532574 0.627390 -0.596548 0.618419 -0.511555 0.537487 0.327089 1 0 1.000000
c_spy_watch
  0 1.260693 0.208689 -0.357821 0.649049 -0.054975 0.758757 0.570978 0.697222 1 0 1.000000
  0 1.259801 0.224148 -0.408880 0.549800 0.174287 0.816911 0.552622 0.693570 1 0 1.000000
  0 1.227832 0.250327 -0.393632 0.549800 0.174287 0.816911 0.557075 0.682818 1 0 1.000000
c_spy_watch
  0 1.256933 0.257865 -0.450131 0.366678 0.347924 0.862842 0.537060 0.683172 1 0 1.000000
  0 1.227832 0.250327 -0.393632 0.549800 0.174287 0.816911 0.557075 0.682818 1 0 1.000000
  0 1.259801 0.224148 -0.408880 0.549800 0.174287 0.816911 0.552622 0.693570 1 0 1.000000
c_spy_watch
  0 1.256933 0.257865 -0.450131 0.366678 0.347924 0.862842 0.537060 0.683172 1 0 1.000000
  0 1.225659 0.275863 -0.424876 0.366678 0.347924 0.862842 0.545289 0.674943 1 0 1.000000
  0 1.227832 0.250327 -0.393632 0.549800 0.174287 0.816911 0.557075 0.682818 1 0 1.000000
c_spy_watch
  0 1.252523 0.304704 -0.475297 0.161346 0.434039 0.886328 0.526662 0.667611 1 0 1.000000
  0 1.225659 0.275863 -0.424876 0.366678 0.347924 0.862842 0.545289 0.674943 1 0 1.000000
  0 1.256933 0.257865 -0.450131 0.366678 0.347924 0.862842 0.537060 0.683172 1 0 1.000000
c_spy_watch
  0 1.252523 0.304704 -0.475297 0.161346 0.434039 0.886328 0.526662 0.667611 1 0 1.000000
  0 1.222319 0.311338 -0.443936 0.161346 0.434039 0.886328 0.537414 0.663157 1 0 1.000000
  0 1.225659 0.275863 -0.424876 0.366678 0.347924 0.862842 0.545289 0.674943 1 0 1.000000
c_spy_watch
  0 1.252523 0.304704 -0.475297 0.161346 0.434039 0.886328 0.526662 0.667611 1 0 1.000000
  0 1.218323 0.351352 -0.447910 -0.127222 0.438708 0.889578 0.534649 0.649254 1 0 1.000000
  0 1.222319 0.311338 -0.443936 0.161346 0.434039 0.886328 0.537414 0.663157 1 0 1.000000
c_spy_watch
  0 1.252523 0.304704 -0.475297 0.161346 0.434039 0.886328 0.526662 0.667611 1 0 1.000000
  0 1.247245 0.357536 -0.480546 -0.127222 0.438708 0.889578 0.523010 0.649254 1 0 1.000000
  0 1.218323 0.351352 -0.447910 -0.127222 0.438708 0.889578 0.534649 0.649254 1 0 1.000000
c_spy_watch
  0 1.241902 0.408319 -0.465078 -0.363742 0.342206 0.866364 0.526662 0.630898 1 0 1.000000
  0 1.218323 0.351352 -0.447910 -0.127222 0.438708 0.889578 0.534649 0.649254 1 0 1.000000
  0 1.247245 0.357536 -0.480546 -0.127222 0.438708 0.889578 0.523010 0.649254 1 0 1.000000
c_spy_watch
  0 1.241902 0.408319 -0.465078 -0.363742 0.342206 0.866364 0.526662 0.630898 1 0 1.000000
  0 1.214275 0.389815 -0.436194 -0.363742 0.342206 0.866364 0.537414 0.635351 1 0 1.000000
  0 1.218323 0.351352 -0.447910 -0.127222 0.438708 0.889578 0.534649 0.649254 1 0 1.000000
c_spy_watch
  0 1.210795 0.420867 -0.410573 -0.543331 0.164199 0.823304 0.545289 0.623565 1 0 1.000000
  0 1.214275 0.389815 -0.436194 -0.363742 0.342206 0.866364 0.537414 0.635351 1 0 1.000000
  0 1.241902 0.408319 -0.465078 -0.363742 0.342206 0.866364 0.526662 0.630898 1 0 1.000000
c_spy_watch
  0 1.210795 0.420867 -0.410573 -0.543331 0.164199 0.823304 0.545289 0.623565 1 0 1.000000
  0 1.241902 0.408319 -0.465078 -0.363742 0.342206 0.866364 0.526662 0.630898 1 0 1.000000
  0 1.237308 0.449320 -0.431248 -0.543331 0.164199 0.823304 0.537060 0.615336 1 0 1.000000
c_spy_watch
  0 1.234160 0.474299 -0.384207 -0.640400 -0.066006 0.765200 0.552622 0.604938 1 0 1.000000
  0 1.210795 0.420867 -0.410573 -0.543331 0.164199 0.823304 0.545289 0.623565 1 0 1.000000
  0 1.237308 0.449320 -0.431248 -0.543331 0.164199 0.823304 0.537060 0.615336 1 0 1.000000
c_spy_watch
  0 1.234160 0.474299 -0.384207 -0.640400 -0.066006 0.765200 0.552622 0.604938 1 0 1.000000
  0 1.208412 0.439785 -0.374944 -0.640400 -0.066006 0.765200 0.557075 0.615690 1 0 1.000000
  0 1.210795 0.420867 -0.410573 -0.543331 0.164199 0.823304 0.545289 0.623565 1 0 1.000000
c_spy_watch
  0 1.232939 0.479450 -0.331115 -0.637898 -0.314800 0.702842 0.570978 0.601286 1 0 1.000000
  0 1.208412 0.439785 -0.374944 -0.640400 -0.066006 0.765200 0.557075 0.615690 1 0 1.000000
  0 1.234160 0.474299 -0.384207 -0.640400 -0.066006 0.765200 0.552622 0.604938 1 0 1.000000
c_spy_watch
  0 1.232939 0.479450 -0.331115 -0.637898 -0.314800 0.702842 0.570978 0.601286 1 0 1.000000
  0 1.207486 0.443688 -0.334735 -0.637898 -0.314800 0.702842 0.570978 0.612924 1 0 1.000000
  0 1.208412 0.439785 -0.374944 -0.640400 -0.066006 0.765200 0.557075 0.615690 1 0 1.000000
c_spy_watch
  0 1.233829 0.463992 -0.280058 -0.538657 -0.543773 0.643552 0.589335 0.604938 1 0 1.000000
  0 1.207486 0.443688 -0.334735 -0.637898 -0.314800 0.702842 0.570978 0.612924 1 0 1.000000
  0 1.232939 0.479450 -0.331115 -0.637898 -0.314800 0.702842 0.570978 0.601286 1 0 1.000000
c_spy_watch
  0 1.233829 0.463992 -0.280058 -0.538657 -0.543773 0.643552 0.589335 0.604938 1 0 1.000000
  0 1.208161 0.431980 -0.296064 -0.538657 -0.543773 0.643552 0.584881 0.615690 1 0 1.000000
  0 1.207486 0.443688 -0.334735 -0.637898 -0.314800 0.702842 0.570978 0.612924 1 0 1.000000
c_spy_watch
  0 1.210335 0.406445 -0.264820 -0.355526 -0.717698 0.598757 0.596667 0.623565 1 0 1.000000
  0 1.208161 0.431980 -0.296064 -0.538657 -0.543773 0.643552 0.584881 0.615690 1 0 1.000000
  0 1.233829 0.463992 -0.280058 -0.538657 -0.543773 0.643552 0.589335 0.604938 1 0 1.000000
c_spy_watch
  0 1.210335 0.406445 -0.264820 -0.355526 -0.717698 0.598757 0.596667 0.623565 1 0 1.000000
  0 1.233829 0.463992 -0.280058 -0.538657 -0.543773 0.643552 0.589335 0.604938 1 0 1.000000
  0 1.236699 0.430276 -0.238805 -0.355526 -0.717698 0.598757 0.604897 0.615336 1 0 1.000000
c_spy_watch
  0 1.236699 0.430276 -0.238805 -0.355526 -0.717698 0.598757 0.604897 0.615336 1 0 1.000000
  0 1.213674 0.370970 -0.245760 -0.118112 -0.811226 0.572680 0.604543 0.635351 1 0 1.000000
  0 1.210335 0.406445 -0.264820 -0.355526 -0.717698 0.598757 0.596667 0.623565 1 0 1.000000
c_spy_watch
  0 1.236699 0.430276 -0.238805 -0.355526 -0.717698 0.598757 0.604897 0.615336 1 0 1.000000
  0 1.241107 0.383438 -0.213638 -0.118112 -0.811226 0.572680 0.615295 0.630898 1 0 1.000000
  0 1.213674 0.370970 -0.245760 -0.118112 -0.811226 0.572680 0.604543 0.635351 1 0 1.000000
c_spy_watch
  0 1.246385 0.330604 -0.208391 0.138373 -0.808483 0.572021 0.618946 0.649254 1 0 1.000000
  0 1.213674 0.370970 -0.245760 -0.118112 -0.811226 0.572680 0.604543 0.635351 1 0 1.000000
  0 1.241107 0.383438 -0.213638 -0.118112 -0.811226 0.572680 0.615295 0.630898 1 0 1.000000
c_spy_watch
  0 1.246385 0.330604 -0.208391 0.138373 -0.808483 0.572021 0.618946 0.649254 1 0 1.000000
  0 1.217671 0.330955 -0.241785 0.138373 -0.808483 0.572021 0.607308 0.649254 1 0 1.000000
  0 1.213674 0.370970 -0.245760 -0.118112 -0.811226 0.572680 0.604543 0.635351 1 0 1.000000
c_spy_watch
  0 1.246385 0.330604 -0.208391 0.138373 -0.808483 0.572021 0.618946 0.649254 1 0 1.000000
  0 1.221718 0.292493 -0.253501 0.374885 -0.711693 0.594099 0.604543 0.663157 1 0 1.000000
  0 1.217671 0.330955 -0.241785 0.138373 -0.808483 0.572021 0.607308 0.649254 1 0 1.000000
c_spy_watch
  0 1.246385 0.330604 -0.208391 0.138373 -0.808483 0.572021 0.618946 0.649254 1 0 1.000000
  0 1.251728 0.279821 -0.223858 0.374885 -0.711693 0.594099 0.615295 0.667611 1 0 1.000000
  0 1.221718 0.292493 -0.253501 0.374885 -0.711693 0.594099 0.604543 0.663157 1 0 1.000000
c_spy_watch
  0 1.256324 0.238820 -0.257689 0.554483 -0.533974 0.638295 0.604897 0.683172 1 0 1.000000
  0 1.221718 0.292493 -0.253501 0.374885 -0.711693 0.594099 0.604543 0.663157 1 0 1.000000
  0 1.251728 0.279821 -0.223858 0.374885 -0.711693 0.594099 0.615295 0.667611 1 0 1.000000
c_spy_watch
  0 1.256324 0.238820 -0.257689 0.554483 -0.533974 0.638295 0.604897 0.683172 1 0 1.000000
  0 1.225198 0.261440 -0.279123 0.554483 -0.533974 0.638295 0.596667 0.674943 1 0 1.000000
  0 1.221718 0.292493 -0.253501 0.374885 -0.711693 0.594099 0.604543 0.663157 1 0 1.000000
c_spy_watch
  0 1.259471 0.213842 -0.304730 0.651543 -0.303481 0.695263 0.589335 0.693570 1 0 1.000000
  0 1.225198 0.261440 -0.279123 0.554483 -0.533974 0.638295 0.596667 0.674943 1 0 1.000000
  0 1.256324 0.238820 -0.257689 0.554483 -0.533974 0.638295 0.604897 0.683172 1 0 1.000000
c_spy_watch
  0 1.259471 0.213842 -0.304730 0.651543 -0.303481 0.695263 0.589335 0.693570 1 0 1.000000
  0 1.227582 0.242521 -0.314751 0.651543 -0.303481 0.695263 0.584881 0.682818 1 0 1.000000
  0 1.225198 0.261440 -0.279123 0.554483 -0.533974 0.638295 0.596667 0.674943 1 0 1.000000
c_spy_watch
  0 1.259471 0.213842 -0.304730 0.651543 -0.303481 0.695263 0.589335 0.693570 1 0 1.000000
  0 1.228507 0.238620 -0.354961 0.649049 -0.054975 0.758757 0.570978 0.685584 1 0 1.000000
  0 1.227582 0.242521 -0.314751 0.651543 -0.303481 0.695263 0.584881 0.682818 1 0 1.000000
c_spy_watch
  0 1.259471 0.213842 -0.304730 0.651543 -0.303481 0.695263 0.589335 0.693570 1 0 1.000000
  0 1.260693 0.208689 -0.357821 0.649049 -0.054975 0.758757 0.570978 0.697222 1 0 1.000000
  0 1.228507 0.238620 -0.354961 0.649049 -0.054975 0.758757 0.570978 0.685584 1 0 1.000000
c_spy_watch
  0 1.260693 0.208689 -0.357821 0.649049 -0.054975 0.758757 0.570978 0.697222 1 0 1.000000
  0 1.227832 0.250327 -0.393632 0.549800 0.174287 0.816911 0.557075 0.682818 1 0 1.000000
  0 1.228507 0.238620 -0.354961 0.649049 -0.054975 0.758757 0.570978 0.685584 1 0 1.000000
c_spy_watch
  0 0.472943 1.437566 -0.295212 -0.948268 -0.102240 -0.300557 0.221052 0.567651 1 0 1.000000
  0 0.460535 1.367469 0.643670 -0.948268 -0.102240 -0.300557 0.472099 0.567651 1 0 1.000000
  0 0.319489 1.392517 0.643674 -0.897143 -0.058941 -0.437791 0.472099 0.528039 1 0 1.000000
c_spy_watch
  0 0.472943 1.437566 -0.295212 -0.948268 -0.102240 -0.300557 0.221052 0.567651 1 0 1.000000
  0 0.319489 1.392517 0.643674 -0.897143 -0.058941 -0.437791 0.472099 0.528039 1 0 1.000000
  0 0.331898 1.462614 -0.295206 -0.897143 -0.058941 -0.437791 0.221052 0.528039 1 0 1.000000
c_spy_watch
  0 0.319489 1.392517 0.643674 -0.897143 -0.058941 -0.437791 0.472099 0.528039 1 0 1.000000
  0 0.204911 1.528833 -0.291939 -0.834055 0.010735 -0.551577 0.221052 0.488428 1 0 1.000000
  0 0.331898 1.462614 -0.295206 -0.897143 -0.058941 -0.437791 0.221052 0.528039 1 0 1.000000
c_spy_watch
  0 0.319489 1.392517 0.643674 -0.897143 -0.058941 -0.437791 0.472099 0.528039 1 0 1.000000
  0 0.192501 1.458736 0.646940 -0.834055 0.010735 -0.551577 0.472099 0.488428 1 0 1.000000
  0 0.204911 1.528833 -0.291939 -0.834055 0.010735 -0.551577 0.221052 0.488428 1 0 1.000000
c_spy_watch
  0 -0.255043 1.611277 -0.328720 -0.553391 -0.807815 -0.202962 0.542124 0.375532 1 0 1.000000
  0 -0.396149 1.594529 -0.311908 -0.547843 -0.785521 -0.287794 0.544877 0.335051 1 0 1.000000
  0 -0.395192 1.617535 -0.330575 -0.547843 -0.785521 -0.287794 0.537022 0.336606 1 0 1.000000
c_spy_watch
  0 -0.255043 1.611277 -0.328720 -0.553391 -0.807815 -0.202962 0.542124 0.375532 1 0 1.000000
  0 -0.253014 1.588939 -0.309944 -0.553391 -0.807815 -0.202962 0.550224 0.375532 1 0 1.000000
  0 -0.396149 1.594529 -0.311908 -0.547843 -0.785521 -0.287794 0.544877 0.335051 1 0 1.000000
c_spy_watch
  0 -0.255043 1.611277 -0.328720 -0.553391 -0.807815 -0.202962 0.542124 0.375532 1 0 1.000000
  0 -0.114898 1.626519 -0.304219 -0.536010 -0.838179 -0.100748 0.544877 0.416013 1 0 1.000000
  0 -0.253014 1.588939 -0.309944 -0.553391 -0.807815 -0.202962 0.550224 0.375532 1 0 1.000000
c_spy_watch
  0 -0.255043 1.611277 -0.328720 -0.553391 -0.807815 -0.202962 0.542124 0.375532 1 0 1.000000
  0 -0.119983 1.648841 -0.323050 -0.536010 -0.838179 -0.100748 0.537022 0.414716 1 0 1.000000
  0 -0.114898 1.626519 -0.304219 -0.536010 -0.838179 -0.100748 0.544877 0.416013 1 0 1.000000
c_spy_watch
  0 0.464169 1.386780 0.665865 -0.799455 0.344284 0.492281 0.537022 0.336606 1 0 1.000000
  0 0.460535 1.367469 0.643670 -0.799455 0.344284 0.492281 0.544877 0.335051 1 0 1.000000
  0 0.484874 1.384266 0.645245 -0.799455 0.344284 0.492281 0.537487 0.327089 1 0 1.000000
c_spy_watch
  0 -0.131034 1.542987 0.633505 -0.572801 0.318434 0.755313 0.544877 0.416013 1 0 1.000000
  0 -0.116284 1.568549 0.636036 -0.572801 0.318434 0.755313 0.537487 0.423570 1 0 1.000000
  0 -0.136830 1.561656 0.655800 -0.572801 0.318434 0.755313 0.537022 0.414716 1 0 1.000000
c_spy_watch
  0 0.497281 1.454363 -0.293635 -0.590998 -0.777192 0.216089 0.537487 0.327089 1 0 1.000000
  0 0.472943 1.437566 -0.295212 -0.590998 -0.777192 0.216089 0.544877 0.335051 1 0 1.000000
  0 0.477123 1.459952 -0.314192 -0.590998 -0.777192 0.216089 0.537022 0.336606 1 0 1.000000
c_spy_watch
  0 -0.508344 1.839127 -0.295413 0.760805 -0.546606 0.349855 0.467168 0.414716 1 0 1.000000
  0 -0.482647 1.824446 -0.296278 0.760805 -0.546606 0.349855 0.472099 0.423580 1 0 1.000000
  0 -0.502289 1.820534 -0.317697 0.760805 -0.546606 0.349855 0.476090 0.414716 1 0 1.000000
c_spy_watch
  0 0.939055 -1.298468 0.404591 -0.467785 0.638878 -0.610748 0.552723 0.222162 1 0 1.000000
  0 0.953349 -1.325076 0.399278 -0.467785 0.638878 -0.610748 0.545224 0.215724 1 0 1.000000
  0 0.959626 -1.308169 0.424327 -0.467785 0.638878 -0.610748 0.544879 0.224152 1 0 1.000000
c_spy_watch
  0 -0.119983 1.648841 -0.323050 -0.348350 -0.801600 0.485890 0.537022 0.414716 1 0 1.000000
  0 -0.100148 1.652071 -0.301689 -0.348350 -0.801600 0.485890 0.537487 0.423570 1 0 1.000000
  0 -0.114898 1.626519 -0.304219 -0.348350 -0.801600 0.485890 0.544877 0.416013 1 0 1.000000
c_spy_watch
  0 -0.519136 1.733350 0.661155 0.536354 0.573428 0.619277 0.213268 0.415602 1 0 1.000000
  0 -0.498775 1.740914 0.641445 0.536354 0.573428 0.619277 0.221052 0.423580 1 0 1.000000
  0 -0.524483 1.755605 0.642312 0.536354 0.573428 0.619277 0.221052 0.414716 1 0 1.000000
end
